policy_id,agent_id,product_id,issue_date_key,renewal_due_date_key,renewal_status,premium_usd
1,2,6,20231202,20241201,renewed,5229.99
2,2,5,20240128,20250127,lapsed,1056.94
3,2,3,20231001,20240930,renewed,2006.16
4,2,4,20240106,20250105,renewed,1888.7
5,2,6,20240612,20250612,grace,6797.62
6,2,4,20230603,20240602,lapsed,2973.55
7,2,4,20230405,20240404,lapsed,595.76
8,2,1,20240402,20250402,renewed,2911.37
9,2,5,20230221,20240221,renewed,989.44
10,2,3,20240713,20250713,lapsed,2938.35
11,2,1,20230717,20240716,lapsed,467.51
12,2,1,20240317,20250317,lapsed,1215.83
13,2,3,20230418,20240417,lapsed,586.2
14,2,1,20230708,20240707,lapsed,3011.71
15,2,6,20240211,20250210,renewed,6338.1
16,2,6,20240710,20250710,lapsed,6222.36
17,2,1,20240811,20250811,renewed,1056.07
18,2,4,20231203,20241202,renewed,288.45
19,2,5,20230828,20240827,lapsed,754.9
20,2,6,20240715,20250715,lapsed,4578.23
21,2,2,20230128,20240128,renewed,864.71
22,2,4,20230517,20240516,renewed,2663.23
23,2,2,20231031,20241030,renewed,1092.26
24,2,2,20240816,20250816,renewed,4056.5
25,2,5,20241002,20251002,renewed,195.99
26,2,5,20240703,20250703,lapsed,602.74
27,2,4,20231203,20241202,renewed,784.08
28,2,2,20240226,20250225,renewed,2185.92
29,2,4,20230202,20240202,renewed,2590.5
30,2,3,20230725,20240724,renewed,2325.64
31,2,6,20230611,20240610,renewed,1324.46
32,2,1,20230423,20240422,renewed,603.96
33,2,1,20240907,20250907,grace,4420.18
34,2,4,20230731,20240730,renewed,383.71
35,2,5,20241106,20251106,grace,834.99
36,2,1,20241122,20251122,lapsed,3929.7
37,2,2,20230512,20240511,grace,4570.88
38,2,2,20240711,20250711,renewed,1002.72
39,2,5,20240816,20250816,lapsed,374.72
40,2,1,20240515,20250515,renewed,1191.11
41,2,4,20230125,20240125,renewed,813.19
42,2,4,20240929,20250929,renewed,1139.86
43,2,5,20240422,20250422,renewed,337.33
44,2,4,20240910,20250910,lapsed,1241.71
45,2,6,20240126,20250125,renewed,3908.63
46,2,4,20230830,20240829,grace,799.54
47,2,3,20230719,20240718,lapsed,2901.94
48,2,6,20240421,20250421,renewed,2588.77
49,2,1,20230309,20240308,renewed,2060.0
50,2,5,20240925,20250925,renewed,855.03
51,2,6,20240301,20250301,grace,4509.64
52,2,1,20240612,20250612,renewed,1916.49
53,2,2,20240115,20250114,renewed,1853.64
54,2,2,20230319,20240318,grace,1888.23
55,2,1,20240807,20250807,renewed,2516.53
56,2,5,20240229,20250228,renewed,862.77
57,2,4,20241001,20251001,lapsed,1646.99
58,2,4,20230517,20240516,lapsed,1154.03
59,2,6,20240725,20250725,lapsed,5233.92
60,2,2,20240207,20250206,renewed,1797.63
61,2,2,20240904,20250904,renewed,4967.94
62,2,4,20240416,20250416,renewed,2612.91
63,2,1,20240617,20250617,renewed,2013.95
64,2,1,20230131,20240131,renewed,680.32
65,2,2,20230318,20240317,renewed,4116.22
66,2,4,20230527,20240526,renewed,1101.2
67,2,5,20230407,20240406,renewed,803.62
68,2,2,20231128,20241127,renewed,799.87
69,3,2,20240218,20250217,renewed,624.11
70,3,1,20230112,20240112,renewed,4865.26
71,3,6,20240705,20250705,renewed,4540.44
72,3,5,20240905,20250905,renewed,979.93
73,3,3,20240916,20250916,lapsed,1490.99
74,3,6,20240624,20250624,lapsed,6504.08
75,3,1,20230122,20240122,renewed,1492.44
76,3,1,20240114,20250113,renewed,1605.43
77,3,5,20230922,20240921,renewed,648.24
78,3,1,20230714,20240713,grace,4333.9
79,3,5,20240219,20250218,renewed,973.13
80,3,4,20240922,20250922,renewed,1033.93
81,3,3,20230525,20240524,renewed,349.33
82,3,6,20240805,20250805,renewed,5181.33
83,3,2,20241030,20251030,lapsed,4071.03
84,3,6,20230811,20240810,grace,6606.96
85,3,4,20230312,20240311,renewed,1525.48
86,3,1,20230808,20240807,lapsed,2252.18
87,3,4,20230114,20240114,lapsed,678.95
88,3,6,20240106,20250105,grace,5302.89
89,3,5,20240707,20250707,renewed,578.54
90,3,5,20240824,20250824,renewed,453.99
91,3,2,20230904,20240903,grace,4136.03
92,3,3,20240529,20250529,lapsed,544.48
93,3,5,20230205,20240205,renewed,793.54
94,3,2,20240814,20250814,lapsed,3218.13
95,3,6,20240314,20250314,renewed,4540.21
96,3,1,20240708,20250708,renewed,4699.47
97,3,1,20231228,20241227,lapsed,3296.02
98,3,3,20230418,20240417,renewed,1595.66
99,3,3,20231127,20241126,lapsed,2163.52
100,3,5,20230624,20240623,lapsed,283.01
101,3,5,20240619,20250619,renewed,313.64
102,3,5,20230110,20240110,renewed,349.13
103,3,2,20241121,20251121,lapsed,4861.26
104,3,3,20241025,20251025,renewed,1804.88
105,3,4,20240415,20250415,renewed,2718.49
106,3,6,20241025,20251025,lapsed,6058.36
107,3,2,20240505,20250505,renewed,3485.07
108,3,4,20231119,20241118,renewed,2653.63
109,3,5,20231231,20241230,renewed,1052.53
110,3,3,20240131,20250130,renewed,2442.77
111,3,5,20240119,20250118,lapsed,124.13
112,3,3,20240529,20250529,lapsed,376.85
113,3,6,20241011,20251011,renewed,1261.27
114,3,6,20230326,20240325,lapsed,1815.96
115,3,4,20240421,20250421,renewed,2872.98
116,3,5,20240809,20250809,lapsed,1187.08
117,3,2,20230429,20240428,renewed,2196.04
118,3,6,20230612,20240611,lapsed,5901.76
119,3,4,20230409,20240408,lapsed,1197.09
120,3,2,20230613,20240612,lapsed,3013.06
121,3,3,20231101,20241031,renewed,1425.78
122,3,3,20241022,20251022,renewed,2194.05
123,3,6,20230209,20240209,renewed,6453.44
124,3,4,20231219,20241218,lapsed,460.3
125,3,2,20240602,20250602,renewed,1971.09
126,3,3,20241030,20251030,lapsed,2779.36
127,3,6,20240925,20250925,lapsed,4279.7
128,3,3,20240626,20250626,lapsed,815.15
129,3,6,20240322,20250322,lapsed,7062.44
130,3,6,20231230,20241229,lapsed,4663.04
131,4,2,20240203,20250202,renewed,2644.99
132,4,1,20230329,20240328,renewed,448.45
133,4,3,20230219,20240219,renewed,922.93
134,4,1,20230510,20240509,lapsed,655.78
135,4,1,20240319,20250319,renewed,4369.22
136,4,1,20230502,20240501,grace,2235.31
137,4,3,20231001,20240930,renewed,575.17
138,4,3,20230703,20240702,lapsed,444.46
139,4,6,20230808,20240807,lapsed,6276.45
140,4,6,20241022,20251022,renewed,4180.29
141,4,2,20230131,20240131,renewed,2620.78
142,4,1,20240711,20250711,renewed,957.39
143,4,2,20240811,20250811,renewed,4704.01
144,4,2,20240909,20250909,grace,2991.18
145,4,5,20241102,20251102,renewed,161.66
146,4,3,20230819,20240818,renewed,420.94
147,4,6,20230129,20240129,renewed,7877.07
148,4,1,20241112,20251112,renewed,2784.97
149,4,6,20240407,20250407,renewed,7762.09
150,4,2,20231126,20241125,renewed,2600.66
151,4,3,20230629,20240628,renewed,1142.87
152,4,4,20240409,20250409,renewed,791.7
153,5,3,20240803,20250803,lapsed,2347.7
154,5,4,20230820,20240819,renewed,1781.72
155,5,5,20230129,20240129,renewed,505.36
156,5,2,20240406,20250406,renewed,3817.85
157,5,2,20240206,20250205,lapsed,1775.68
158,5,5,20230504,20240503,lapsed,280.63
159,5,2,20240413,20250413,renewed,3005.01
160,5,3,20241108,20251108,renewed,338.51
161,5,3,20230501,20240430,lapsed,900.6
162,5,4,20230403,20240402,renewed,1067.57
163,5,4,20240427,20250427,grace,2432.1
164,5,3,20241015,20251015,renewed,797.44
165,5,4,20230418,20240417,renewed,443.6
166,5,5,20240111,20250110,renewed,288.89
167,5,1,20231011,20241010,lapsed,2820.18
168,5,3,20230826,20240825,renewed,457.35
169,5,5,20240730,20250730,renewed,1184.33
170,5,1,20240707,20250707,lapsed,3190.88
171,5,4,20230626,20240625,renewed,2390.0
172,5,2,20230708,20240707,renewed,1037.57
173,5,5,20240729,20250729,renewed,558.05
174,5,5,20231216,20241215,renewed,734.75
175,5,6,20230809,20240808,lapsed,6692.18
176,5,1,20231204,20241203,renewed,3300.77
177,5,3,20241117,20251117,renewed,1494.54
178,5,5,20231201,20241130,lapsed,538.5
179,5,3,20230803,20240802,lapsed,805.31
180,5,6,20231008,20241007,renewed,6454.79
181,5,3,20230403,20240402,lapsed,872.8
182,5,2,20230815,20240814,renewed,2111.47
183,5,4,20240222,20250221,renewed,2105.97
184,5,3,20231015,20241014,renewed,1415.85
185,5,4,20240727,20250727,lapsed,590.82
186,5,5,20231010,20241009,grace,838.58
187,5,2,20231129,20241128,lapsed,3217.11
188,5,1,20240710,20250710,renewed,2646.22
189,5,3,20240927,20250927,renewed,813.56
190,5,1,20230307,20240306,renewed,3112.06
191,5,4,20230421,20240420,renewed,2031.86
192,5,6,20240713,20250713,renewed,2665.78
193,5,4,20240208,20250207,renewed,2281.39
194,5,5,20240618,20250618,lapsed,960.27
195,5,1,20231106,20241105,grace,3499.25
196,5,3,20240521,20250521,renewed,1471.24
197,5,5,20230915,20240914,renewed,833.24
198,5,6,20230612,20240611,renewed,2072.26
199,5,1,20240212,20250211,grace,992.11
200,5,5,20240116,20250115,lapsed,443.99
201,5,2,20231203,20241202,lapsed,2015.84
202,5,5,20240226,20250225,renewed,1022.1
203,5,1,20231125,20241124,lapsed,807.67
204,5,3,20240913,20250913,lapsed,2778.28
205,5,6,20240617,20250617,lapsed,5044.42
206,5,2,20230903,20240902,renewed,2607.15
207,5,1,20230624,20240623,renewed,605.57
208,5,2,20230622,20240621,renewed,2077.02
209,5,2,20240228,20250227,lapsed,672.54
210,5,4,20230824,20240823,lapsed,2854.59
211,5,4,20230501,20240430,renewed,2675.45
212,6,4,20230914,20240913,lapsed,1515.07
213,6,1,20230130,20240130,grace,1256.13
214,6,5,20230220,20240220,renewed,220.29
215,6,4,20230710,20240709,lapsed,393.44
216,6,5,20240401,20250401,lapsed,875.13
217,6,6,20230715,20240714,renewed,618.55
218,6,2,20230515,20240514,lapsed,2363.2
219,6,2,20230730,20240729,lapsed,4564.83
220,6,5,20240212,20250211,renewed,406.58
221,6,1,20240322,20250322,lapsed,2153.86
222,6,1,20241105,20251105,renewed,3578.76
223,6,5,20241113,20251113,renewed,342.69
224,6,6,20231121,20241120,lapsed,2024.64
225,6,4,20231013,20241012,renewed,856.0
226,6,2,20230128,20240128,renewed,2982.84
227,6,1,20230407,20240406,lapsed,2781.81
228,6,3,20230108,20240108,lapsed,1868.77
229,6,2,20241123,20251123,lapsed,2575.61
230,6,4,20230212,20240212,lapsed,2927.69
231,6,1,20230130,20240130,lapsed,3963.68
232,6,3,20230106,20240106,renewed,1759.71
233,6,5,20240820,20250820,grace,1150.57
234,6,6,20230624,20240623,lapsed,1725.57
235,6,4,20240221,20250220,lapsed,2568.71
236,7,5,20231019,20241018,lapsed,493.78
237,7,6,20230726,20240725,renewed,3266.25
238,7,1,20230819,20240818,renewed,2497.62
239,7,3,20231123,20241122,renewed,1555.78
240,7,2,20240613,20250613,renewed,3414.97
241,7,5,20231030,20241029,lapsed,805.07
242,7,6,20241102,20251102,lapsed,6441.13
243,7,2,20230419,20240418,renewed,512.11
244,7,1,20230827,20240826,lapsed,554.6
245,7,2,20230322,20240321,lapsed,2529.51
246,7,3,20240521,20250521,renewed,1046.66
247,7,5,20241117,20251117,grace,458.89
248,7,4,20240208,20250207,renewed,2273.27
249,7,3,20230328,20240327,renewed,1329.18
250,7,4,20231028,20241027,lapsed,1917.85
251,7,4,20240422,20250422,lapsed,541.03
252,7,3,20231121,20241120,renewed,915.14
253,7,2,20240322,20250322,renewed,2047.33
254,7,5,20230625,20240624,lapsed,407.93
255,7,6,20231127,20241126,renewed,6180.41
256,7,2,20240531,20250531,renewed,2766.88
257,7,2,20241031,20251031,renewed,2982.72
258,8,1,20230725,20240724,renewed,1643.77
259,8,6,20230104,20240104,renewed,3088.22
260,8,5,20240626,20250626,renewed,1035.67
261,8,6,20241123,20251123,renewed,5149.93
262,8,6,20240425,20250425,renewed,2264.15
263,8,3,20230223,20240223,renewed,1691.44
264,8,2,20230617,20240616,renewed,812.19
265,8,2,20231224,20241223,renewed,3115.06
266,8,6,20240319,20250319,grace,703.84
267,8,2,20230313,20240312,renewed,749.01
268,8,4,20240409,20250409,renewed,2276.22
269,8,6,20230921,20240920,renewed,1766.0
270,8,3,20240407,20250407,renewed,2060.67
271,8,2,20240114,20250113,renewed,573.71
272,8,5,20241029,20251029,lapsed,377.12
273,8,1,20231017,20241016,lapsed,1290.35
274,8,5,20230314,20240313,lapsed,991.09
275,8,6,20231009,20241008,renewed,4443.46
276,8,4,20231113,20241112,grace,2675.13
277,8,6,20241124,20251124,lapsed,815.34
278,8,4,20240426,20250426,renewed,911.55
279,8,1,20230119,20240119,renewed,2039.47
280,8,2,20230131,20240131,lapsed,3816.08
281,8,6,20240827,20250827,renewed,4043.26
282,8,3,20231213,20241212,renewed,1213.39
283,8,6,20240215,20250214,renewed,5195.9
284,8,1,20241031,20251031,renewed,2391.68
285,8,6,20230504,20240503,lapsed,3640.08
286,8,5,20240307,20250307,renewed,996.99
287,8,6,20230907,20240906,renewed,5393.14
288,8,4,20230819,20240818,renewed,2598.46
289,8,1,20230406,20240405,lapsed,3699.94
290,8,4,20230823,20240822,renewed,2141.29
291,8,2,20231015,20241014,renewed,3456.58
292,8,2,20230221,20240221,lapsed,4014.85
293,8,1,20240709,20250709,lapsed,3383.08
294,8,2,20240803,20250803,lapsed,2449.04
295,8,5,20240801,20250801,lapsed,227.39
296,8,2,20240517,20250517,renewed,4379.04
297,8,1,20241030,20251030,renewed,2813.56
298,8,6,20230331,20240330,lapsed,2590.14
299,8,5,20230926,20240925,renewed,1005.17
300,8,5,20230123,20240123,renewed,1144.23
301,8,4,20231006,20241005,renewed,2342.44
302,8,5,20241112,20251112,renewed,415.8
303,8,2,20230904,20240903,renewed,2475.38
304,8,2,20240501,20250501,renewed,2016.55
305,8,2,20240131,20250130,renewed,1462.72
306,8,6,20240521,20250521,renewed,2096.41
307,8,3,20230309,20240308,renewed,1442.03
308,8,6,20240204,20250203,renewed,2642.87
309,8,5,20240205,20250204,lapsed,1083.06
310,8,2,20240205,20250204,renewed,4914.16
311,8,6,20240206,20250205,lapsed,5979.25
312,8,3,20241020,20251020,renewed,880.92
313,8,1,20240804,20250804,renewed,1355.42
314,8,5,20230105,20240105,renewed,1170.79
315,8,5,20240703,20250703,renewed,545.0
316,8,4,20230427,20240426,lapsed,1104.22
317,8,2,20230817,20240816,grace,2937.75
318,8,6,20230407,20240406,lapsed,6712.94
319,8,4,20230507,20240506,renewed,2508.94
320,8,6,20230704,20240703,renewed,5967.28
321,8,1,20230629,20240628,renewed,4428.62
322,8,5,20230509,20240508,renewed,611.92
323,8,3,20230323,20240322,lapsed,2961.97
324,8,4,20240612,20250612,renewed,1761.8
325,8,2,20240913,20250913,renewed,1439.85
326,8,2,20240513,20250513,renewed,543.12
327,8,3,20230705,20240704,renewed,885.49
328,8,6,20240229,20250228,renewed,7317.5
329,8,4,20230107,20240107,renewed,2709.3
330,8,3,20240226,20250225,lapsed,2122.83
331,8,3,20240302,20250302,renewed,453.31
332,8,1,20240702,20250702,lapsed,3310.33
333,8,4,20230824,20240823,lapsed,1799.19
334,8,5,20231008,20241007,renewed,990.98
335,8,2,20231212,20241211,renewed,2831.81
336,8,6,20230823,20240822,lapsed,6539.06
337,9,1,20231217,20241216,lapsed,3299.83
338,9,5,20230114,20240114,lapsed,467.51
339,9,3,20241009,20251009,renewed,1787.22
340,9,6,20240629,20250629,renewed,1059.69
341,9,2,20230806,20240805,renewed,1730.82
342,9,6,20230902,20240901,renewed,4082.71
343,9,3,20230323,20240322,renewed,1072.33
344,9,6,20240801,20250801,renewed,6324.09
345,9,4,20230806,20240805,renewed,1621.99
346,9,3,20230828,20240827,renewed,2828.76
347,9,3,20231109,20241108,renewed,752.15
348,9,1,20240315,20250315,grace,4371.92
349,9,2,20241016,20251016,renewed,3912.04
350,9,4,20240721,20250721,renewed,2312.74
351,9,1,20240218,20250217,renewed,1818.38
352,9,5,20231127,20241126,renewed,373.54
353,9,5,20230223,20240223,renewed,1041.54
354,9,4,20240227,20250226,renewed,868.67
355,9,2,20230708,20240707,renewed,2855.58
356,9,6,20241101,20251101,lapsed,7942.06
357,9,1,20230102,20240102,grace,3374.3
358,9,3,20240825,20250825,renewed,2909.26
359,9,3,20230524,20240523,lapsed,2124.49
360,9,2,20240916,20250916,renewed,3312.61
361,9,5,20241125,20251125,renewed,1131.91
362,9,1,20230213,20240213,renewed,3081.43
363,9,3,20230908,20240907,grace,2915.2
364,9,2,20230317,20240316,lapsed,4337.05
365,9,4,20230220,20240220,renewed,2710.57
366,9,4,20230623,20240622,lapsed,2247.77
367,9,6,20230114,20240114,renewed,7587.74
368,9,5,20230416,20240415,lapsed,493.41
369,9,3,20230716,20240715,lapsed,2087.91
370,9,2,20230127,20240127,lapsed,4317.9
371,9,3,20230814,20240813,renewed,1659.56
372,9,1,20240109,20250108,renewed,3901.99
373,9,2,20230703,20240702,lapsed,3776.55
374,9,1,20230204,20240204,renewed,4173.51
375,9,6,20230908,20240907,renewed,2393.91
376,9,1,20240729,20250729,renewed,4083.08
377,9,3,20230219,20240219,renewed,588.72
378,9,4,20240201,20250131,lapsed,985.85
379,9,6,20240506,20250506,lapsed,2541.94
380,9,4,20241123,20251123,lapsed,2243.88
381,9,2,20230429,20240428,renewed,2072.06
382,9,3,20240804,20250804,renewed,681.19
383,9,6,20240329,20250329,lapsed,5292.91
384,9,5,20230422,20240421,renewed,179.5
385,9,1,20230802,20240801,renewed,2118.52
386,9,2,20240830,20250830,renewed,3116.49
387,9,3,20230629,20240628,renewed,1596.77
388,10,1,20240201,20250131,lapsed,738.8
389,10,5,20230211,20240211,renewed,491.01
390,10,6,20240812,20250812,renewed,1277.66
391,10,2,20230302,20240301,renewed,3069.13
392,10,2,20240828,20250828,renewed,3306.06
393,10,5,20230502,20240501,renewed,316.79
394,10,4,20230811,20240810,renewed,1262.8
395,10,2,20230819,20240818,lapsed,3743.53
396,10,4,20240115,20250114,lapsed,2163.81
397,10,3,20230710,20240709,lapsed,1635.01
398,10,2,20240912,20250912,renewed,3439.17
399,10,3,20240523,20250523,renewed,2382.2
400,10,2,20240304,20250304,renewed,3994.55
401,10,4,20241120,20251120,lapsed,1703.08
402,10,1,20230623,20240622,renewed,3086.31
403,10,2,20231204,20241203,renewed,2966.76
404,10,2,20231013,20241012,renewed,4822.9
405,10,2,20230921,20240920,renewed,2072.39
406,10,2,20230131,20240131,renewed,2341.74
407,10,5,20240222,20250221,renewed,1059.16
408,10,2,20230508,20240507,renewed,1352.51
409,10,1,20240831,20250831,renewed,2691.43
410,10,6,20241012,20251012,lapsed,3410.7
411,10,6,20240902,20250902,renewed,577.61
412,10,2,20240420,20250420,renewed,1583.36
413,10,5,20230517,20240516,grace,885.77
414,10,5,20240124,20250123,renewed,1012.32
415,11,2,20240408,20250408,renewed,4017.67
416,11,2,20230817,20240816,renewed,3344.66
417,11,4,20230501,20240430,renewed,2392.34
418,11,1,20241123,20251123,renewed,4417.6
419,11,1,20231016,20241015,renewed,2643.99
420,11,6,20240805,20250805,renewed,1022.96
421,11,1,20230215,20240215,renewed,3810.45
422,11,3,20240426,20250426,grace,1186.27
423,11,5,20240720,20250720,renewed,617.63
424,11,3,20230328,20240327,lapsed,2287.54
425,11,1,20230629,20240628,renewed,1973.48
426,11,1,20231219,20241218,renewed,3221.45
427,11,4,20230510,20240509,lapsed,404.96
428,11,1,20230530,20240529,renewed,3738.87
429,11,6,20240826,20250826,renewed,3988.8
430,11,5,20240610,20250610,renewed,1107.88
431,11,4,20230206,20240206,renewed,1494.66
432,11,4,20230117,20240117,lapsed,812.96
433,11,6,20231213,20241212,lapsed,6173.43
434,11,5,20230818,20240817,grace,205.87
435,11,6,20230620,20240619,lapsed,6453.95
436,11,1,20240709,20250709,renewed,912.69
437,11,5,20240212,20250211,grace,1144.08
438,11,2,20240922,20250922,lapsed,3555.95
439,11,3,20240402,20250402,renewed,1297.22
440,11,2,20230814,20240813,renewed,2293.76
441,11,3,20240729,20250729,renewed,2743.81
442,11,2,20240706,20250706,renewed,803.47
443,11,1,20241123,20251123,renewed,782.0
444,11,5,20230604,20240603,renewed,1133.06
445,11,6,20240826,20250826,grace,5752.53
446,11,6,20230517,20240516,lapsed,582.31
447,11,3,20231123,20241122,renewed,2947.33
448,11,5,20231024,20241023,renewed,930.46
449,11,1,20230503,20240502,renewed,3129.21
450,11,3,20230602,20240601,grace,402.44
451,11,2,20231011,20241010,grace,4694.83
452,11,4,20241121,20251121,renewed,510.18
453,11,5,20230815,20240814,renewed,298.69
454,11,5,20230329,20240328,renewed,313.59
455,11,1,20240814,20250814,renewed,820.01
456,11,4,20240226,20250225,renewed,2826.92
457,11,6,20240918,20250918,lapsed,5040.58
458,11,5,20230127,20240127,renewed,1036.69
459,11,6,20230320,20240319,renewed,883.2
460,11,1,20231103,20241102,renewed,4868.47
461,11,2,20240919,20250919,renewed,4932.34
462,11,4,20240407,20250407,renewed,2918.84
463,11,3,20230913,20240912,lapsed,1219.58
464,11,1,20241016,20251016,renewed,442.62
465,11,2,20231009,20241008,renewed,4035.36
466,12,1,20240807,20250807,renewed,2150.06
467,12,2,20231006,20241005,renewed,1446.43
468,12,3,20231201,20241130,renewed,762.04
469,12,1,20240317,20250317,renewed,4071.12
470,12,6,20240717,20250717,lapsed,2850.02
471,12,2,20231009,20241008,renewed,4608.57
472,12,3,20230312,20240311,renewed,1340.54
473,12,5,20240812,20250812,grace,192.53
474,12,4,20230112,20240112,grace,2010.71
475,12,2,20240705,20250705,lapsed,3934.62
476,12,3,20240606,20250606,lapsed,2163.93
477,12,4,20240428,20250428,renewed,1633.57
478,12,3,20230412,20240411,renewed,1975.21
479,12,5,20230811,20240810,renewed,1036.79
480,12,4,20230317,20240316,lapsed,1049.29
481,12,4,20231222,20241221,renewed,1934.55
482,12,3,20240223,20250222,renewed,1993.85
483,12,1,20240419,20250419,renewed,4230.62
484,12,2,20230703,20240702,renewed,4403.85
485,12,2,20240604,20250604,renewed,1059.23
486,12,4,20240808,20250808,renewed,2401.19
487,12,5,20240903,20250903,renewed,818.75
488,12,3,20241003,20251003,renewed,1279.92
489,12,5,20240621,20250621,renewed,209.7
490,12,2,20240317,20250317,renewed,2424.36
491,12,2,20240310,20250310,renewed,2457.21
492,12,6,20240811,20250811,renewed,3031.54
493,12,2,20230921,20240920,renewed,4459.77
494,12,6,20230430,20240429,renewed,2619.51
495,12,5,20240315,20250315,renewed,365.61
496,12,4,20240222,20250221,renewed,1839.22
497,12,4,20230103,20240103,renewed,853.26
498,12,1,20231114,20241113,renewed,1049.43
499,12,4,20231026,20241025,renewed,935.73
500,12,3,20231204,20241203,renewed,2956.47
501,12,6,20240218,20250217,lapsed,3398.69
502,12,4,20230528,20240527,renewed,303.99
503,12,1,20240529,20250529,renewed,2451.67
504,12,3,20240208,20250207,renewed,523.04
505,12,4,20230804,20240803,renewed,2754.6
506,12,6,20230929,20240928,renewed,3286.18
507,12,5,20230503,20240502,lapsed,304.95
508,12,5,20230404,20240403,grace,144.33
509,12,1,20240803,20250803,renewed,4937.41
510,12,2,20230310,20240309,renewed,4389.52
511,12,6,20240520,20250520,renewed,6284.15
512,12,1,20240407,20250407,renewed,4589.96
513,12,2,20230414,20240413,lapsed,2372.22
514,12,1,20230827,20240826,lapsed,519.55
515,12,6,20230320,20240319,renewed,1732.13
516,12,5,20240726,20250726,lapsed,146.96
517,12,6,20230527,20240526,renewed,6947.93
518,12,3,20230513,20240512,renewed,1152.93
519,12,4,20240710,20250710,renewed,1937.04
520,12,6,20240527,20250527,renewed,5578.15
521,12,3,20240918,20250918,renewed,1289.96
522,12,2,20240302,20250302,renewed,1083.13
523,12,2,20240321,20250321,lapsed,2844.12
524,12,4,20241122,20251122,renewed,738.83
525,12,1,20240428,20250428,renewed,417.59
526,12,2,20240409,20250409,renewed,1719.28
527,12,3,20240323,20250323,renewed,921.9
528,12,4,20231010,20241009,renewed,1438.35
529,12,3,20230531,20240530,grace,541.64
530,12,5,20230630,20240629,renewed,120.06
531,13,4,20230203,20240203,renewed,2330.01
532,13,1,20240917,20250917,renewed,4445.67
533,13,2,20240421,20250421,renewed,1344.78
534,13,1,20240802,20250802,lapsed,2586.31
535,13,6,20241025,20251025,renewed,985.69
536,13,2,20230728,20240727,renewed,4031.62
537,13,5,20230604,20240603,renewed,1184.7
538,13,2,20230424,20240423,renewed,3977.8
539,13,3,20231019,20241018,grace,1689.68
540,13,3,20240315,20250315,renewed,2062.74
541,13,5,20240622,20250622,renewed,795.2
542,13,4,20240606,20250606,grace,1543.63
543,13,3,20230410,20240409,renewed,589.56
544,13,1,20230216,20240216,lapsed,2807.59
545,13,4,20230826,20240825,renewed,2145.39
546,13,2,20230602,20240601,renewed,1682.01
547,13,6,20240812,20250812,lapsed,4512.4
548,13,3,20240101,20241231,renewed,1362.92
549,13,6,20230325,20240324,renewed,2013.94
550,13,6,20240415,20250415,lapsed,5111.69
551,13,4,20240122,20250121,renewed,1475.22
552,13,2,20231002,20241001,renewed,4433.33
553,13,3,20240216,20250215,renewed,2600.01
554,13,5,20240606,20250606,grace,177.89
555,13,2,20240831,20250831,renewed,2038.99
556,13,3,20240430,20250430,lapsed,1384.55
557,13,1,20230907,20240906,renewed,601.79
558,13,2,20230604,20240603,renewed,1297.76
559,13,5,20230306,20240305,grace,530.79
560,13,6,20230711,20240710,lapsed,2020.58
561,13,6,20230821,20240820,renewed,6298.26
562,13,3,20241124,20251124,renewed,1583.7
563,13,6,20240401,20250401,renewed,3387.43
564,13,6,20230801,20240731,renewed,3127.0
565,13,5,20241103,20251103,grace,756.43
566,14,4,20230101,20240101,renewed,2258.36
567,14,6,20230812,20240811,renewed,3167.11
568,14,2,20240416,20250416,renewed,1725.0
569,14,6,20240406,20250406,grace,1935.71
570,14,5,20240121,20250120,renewed,756.8
571,14,5,20240816,20250816,renewed,1098.63
572,14,6,20240107,20250106,lapsed,2947.83
573,14,2,20240104,20250103,lapsed,3530.0
574,14,2,20230212,20240212,renewed,1534.45
575,14,4,20230303,20240302,renewed,1947.53
576,14,2,20230429,20240428,renewed,2974.14
577,14,4,20231130,20241129,lapsed,1946.53
578,14,6,20240722,20250722,renewed,7210.67
579,14,4,20230503,20240502,lapsed,658.55
580,14,1,20240729,20250729,renewed,3998.13
581,14,6,20240629,20250629,lapsed,7118.68
582,14,5,20240111,20250110,renewed,713.96
583,14,2,20230331,20240330,renewed,966.18
584,14,4,20230622,20240621,renewed,969.17
585,14,3,20240212,20250211,renewed,2155.57
586,14,3,20240720,20250720,grace,930.33
587,14,6,20230605,20240604,renewed,7170.51
588,14,5,20230820,20240819,renewed,988.23
589,14,6,20240624,20250624,renewed,1344.3
590,14,5,20231013,20241012,renewed,646.03
591,14,3,20241026,20251026,renewed,2387.43
592,14,2,20230814,20240813,renewed,579.22
593,14,2,20240101,20241231,lapsed,4392.6
594,14,4,20231119,20241118,lapsed,1406.52
595,14,2,20240113,20250112,lapsed,2358.97
596,14,3,20230710,20240709,lapsed,2345.16
597,14,3,20230624,20240623,renewed,1729.4
598,14,2,20240808,20250808,lapsed,3436.82
599,14,1,20231204,20241203,renewed,2741.98
600,14,4,20230105,20240105,grace,2498.59
601,14,1,20240721,20250721,lapsed,443.97
602,14,5,20231227,20241226,lapsed,912.17
603,14,1,20240821,20250821,renewed,3149.49
604,14,4,20240209,20250208,lapsed,2088.08
605,14,2,20231023,20241022,lapsed,997.33
606,14,3,20230106,20240106,renewed,1790.9
607,14,3,20230914,20240913,lapsed,2272.48
608,14,4,20240829,20250829,lapsed,2729.11
609,14,5,20231003,20241002,grace,960.1
610,14,3,20230920,20240919,lapsed,407.34
611,14,1,20240420,20250420,lapsed,1584.62
612,14,3,20240321,20250321,lapsed,2554.6
613,15,5,20231029,20241028,renewed,754.33
614,15,3,20230926,20240925,renewed,1887.43
615,15,1,20241118,20251118,lapsed,4519.73
616,15,3,20240321,20250321,renewed,2071.03
617,15,4,20231015,20241014,renewed,1311.24
618,15,5,20230417,20240416,renewed,906.59
619,15,1,20240626,20250626,lapsed,4856.45
620,15,4,20230218,20240218,renewed,2613.1
621,15,5,20230316,20240315,renewed,1160.65
622,15,3,20240607,20250607,lapsed,546.16
623,15,6,20240802,20250802,renewed,6128.18
624,15,2,20230709,20240708,lapsed,2016.48
625,15,3,20240211,20250210,renewed,724.61
626,15,1,20241123,20251123,renewed,3579.38
627,15,3,20230814,20240813,lapsed,485.63
628,15,1,20230828,20240827,renewed,2704.33
629,15,6,20230708,20240707,renewed,2763.53
630,15,2,20240215,20250214,renewed,1471.96
631,15,1,20240708,20250708,renewed,4716.2
632,15,5,20240614,20250614,lapsed,276.82
633,15,2,20230218,20240218,renewed,1265.02
634,15,3,20240831,20250831,grace,1899.92
635,15,2,20240418,20250418,renewed,4289.55
636,15,5,20240105,20250104,grace,522.38
637,15,3,20240818,20250818,renewed,1906.48
638,15,4,20240416,20250416,renewed,1235.0
639,15,1,20240424,20250424,grace,3242.71
640,15,6,20240202,20250201,lapsed,526.5
641,15,1,20231108,20241107,renewed,800.76
642,15,2,20240324,20250324,renewed,1866.31
643,15,4,20240204,20250203,renewed,1090.95
644,15,2,20240224,20250223,grace,2761.88
645,15,3,20230731,20240730,renewed,1577.17
646,15,4,20240430,20250430,lapsed,1386.16
647,15,1,20240429,20250429,renewed,580.84
648,15,1,20231203,20241202,renewed,4456.35
649,15,4,20230625,20240624,renewed,1447.69
650,15,4,20230420,20240419,renewed,2380.38
651,15,2,20230527,20240526,renewed,3327.91
652,15,2,20241031,20251031,grace,3527.54
653,15,4,20241113,20251113,renewed,1191.81
654,15,2,20240705,20250705,grace,4511.4
655,15,6,20230930,20240929,renewed,2956.2
656,15,3,20231210,20241209,renewed,1438.55
657,15,6,20240117,20250116,lapsed,2185.24
658,15,4,20230105,20240105,renewed,1688.24
659,15,1,20230816,20240815,renewed,753.88
660,15,6,20241010,20251010,renewed,2795.25
661,15,4,20240830,20250830,renewed,2359.86
662,15,4,20230321,20240320,grace,2504.5
663,15,5,20230427,20240426,lapsed,310.26
664,15,1,20240205,20250204,renewed,4627.55
665,15,3,20240530,20250530,lapsed,1633.64
666,15,5,20231225,20241224,renewed,673.83
667,15,2,20240618,20250618,renewed,2795.29
668,15,6,20240315,20250315,grace,4487.05
669,15,2,20241109,20251109,renewed,3014.24
670,16,3,20230427,20240426,grace,2933.0
671,16,4,20230103,20240103,lapsed,1773.2
672,16,1,20231205,20241204,renewed,1908.08
673,16,3,20240410,20250410,lapsed,344.23
674,16,5,20231005,20241004,renewed,115.45
675,16,2,20230107,20240107,renewed,938.9
676,16,2,20240209,20250208,grace,3724.52
677,16,4,20240813,20250813,lapsed,1753.9
678,16,5,20240508,20250508,lapsed,330.78
679,16,6,20230911,20240910,lapsed,7084.47
680,16,5,20240506,20250506,renewed,162.7
681,16,6,20241103,20251103,renewed,4425.6
682,16,2,20240727,20250727,renewed,4261.83
683,16,3,20230226,20240226,lapsed,650.86
684,16,2,20230829,20240828,renewed,4543.66
685,16,6,20230316,20240315,lapsed,1704.64
686,16,4,20240117,20250116,lapsed,785.65
687,16,4,20230917,20240916,renewed,2553.17
688,16,5,20240319,20250319,renewed,429.68
689,16,4,20230215,20240215,lapsed,2530.32
690,16,5,20230218,20240218,lapsed,901.62
691,16,4,20241115,20251115,lapsed,435.75
692,16,3,20240127,20250126,renewed,577.62
693,16,2,20240109,20250108,lapsed,2459.66
694,16,4,20230119,20240119,lapsed,1648.65
695,16,1,20230807,20240806,renewed,3537.79
696,16,1,20240818,20250818,renewed,2327.17
697,16,4,20240626,20250626,renewed,1180.36
698,16,2,20240630,20250630,renewed,3203.84
699,16,4,20231004,20241003,lapsed,703.31
700,16,4,20230116,20240116,renewed,402.99
701,16,2,20240204,20250203,renewed,1229.92
702,16,5,20240609,20250609,lapsed,591.0
703,16,5,20240711,20250711,lapsed,901.39
704,16,1,20231213,20241212,renewed,3280.34
705,16,6,20241124,20251124,grace,4339.44
706,16,6,20230419,20240418,lapsed,6317.42
707,16,6,20240926,20250926,lapsed,841.7
708,16,5,20230405,20240404,lapsed,593.92
709,16,5,20230401,20240331,renewed,226.1
710,16,6,20241010,20251010,renewed,3791.86
711,16,5,20230316,20240315,lapsed,227.92
712,16,6,20230619,20240618,renewed,1932.25
713,16,2,20230330,20240329,renewed,852.35
714,16,5,20230730,20240729,grace,787.59
715,16,6,20230317,20240316,renewed,7711.82
716,16,3,20231125,20241124,lapsed,565.94
717,16,6,20230808,20240807,renewed,4226.92
718,16,2,20230101,20240101,renewed,4677.54
719,16,6,20230318,20240317,lapsed,5138.81
720,16,6,20240718,20250718,lapsed,5321.09
721,16,1,20240920,20250920,renewed,3752.69
722,16,4,20230813,20240812,lapsed,783.63
723,16,5,20230125,20240125,lapsed,411.98
724,16,2,20230225,20240225,renewed,586.66
725,16,4,20240901,20250901,grace,2366.67
726,16,5,20241111,20251111,renewed,474.46
727,16,3,20240828,20250828,renewed,2500.57
728,16,3,20240325,20250325,renewed,1724.16
729,16,6,20241115,20251115,renewed,4503.35
730,16,5,20230913,20240912,lapsed,271.27
731,16,6,20230725,20240724,renewed,4319.24
732,17,2,20241028,20251028,renewed,1959.16
733,17,6,20240805,20250805,lapsed,539.61
734,17,4,20230421,20240420,renewed,517.84
735,17,2,20240310,20250310,renewed,1413.05
736,17,5,20240801,20250801,renewed,1196.12
737,17,3,20230115,20240115,lapsed,2099.38
738,17,3,20240527,20250527,renewed,1400.93
739,17,1,20231207,20241206,renewed,1031.52
740,17,4,20231030,20241029,renewed,1562.81
741,17,1,20231214,20241213,lapsed,4172.75
742,17,6,20230920,20240919,lapsed,6723.2
743,17,4,20231002,20241001,renewed,1801.93
744,17,4,20240806,20250806,renewed,2346.47
745,17,2,20230322,20240321,renewed,943.45
746,17,1,20240325,20250325,renewed,4368.42
747,17,3,20230523,20240522,lapsed,2570.18
748,17,6,20240601,20250601,renewed,6992.01
749,17,4,20230729,20240728,lapsed,758.71
750,17,6,20230601,20240531,renewed,819.56
751,17,3,20230405,20240404,lapsed,1249.09
752,17,6,20230206,20240206,lapsed,2916.65
753,17,1,20240518,20250518,renewed,1447.72
754,17,4,20240724,20250724,renewed,1456.04
755,17,2,20241112,20251112,lapsed,4863.99
756,17,1,20230126,20240126,lapsed,3253.3
757,17,6,20231004,20241003,grace,7304.91
758,17,2,20230410,20240409,renewed,3637.98
759,17,2,20240304,20250304,grace,3896.69
760,17,6,20230219,20240219,grace,2068.94
761,17,2,20230803,20240802,renewed,1380.09
762,17,3,20240208,20250207,renewed,1394.56
763,17,1,20240408,20250408,renewed,2196.17
764,17,5,20230318,20240317,lapsed,936.25
765,17,4,20240713,20250713,lapsed,2873.34
766,17,2,20230428,20240427,lapsed,1511.05
767,17,4,20240811,20250811,renewed,661.0
768,17,6,20240904,20250904,renewed,4392.45
769,17,6,20240504,20250504,lapsed,5156.23
770,17,3,20231211,20241210,renewed,1939.06
771,17,6,20241022,20251022,lapsed,6189.48
772,17,6,20241115,20251115,renewed,1855.76
773,17,1,20231231,20241230,renewed,2156.4
774,17,4,20240201,20250131,lapsed,2338.29
775,17,2,20240529,20250529,renewed,3019.04
776,17,3,20230329,20240328,renewed,1126.31
777,17,3,20230312,20240311,lapsed,1704.43
778,17,6,20230321,20240320,renewed,5551.16
779,18,2,20240419,20250419,renewed,1361.87
780,18,4,20231021,20241020,lapsed,1738.89
781,18,6,20240330,20250330,renewed,4924.04
782,18,3,20230529,20240528,renewed,2663.57
783,18,2,20240108,20250107,lapsed,2657.53
784,18,6,20240820,20250820,renewed,5283.95
785,18,6,20230727,20240726,renewed,2016.53
786,18,2,20230311,20240310,renewed,913.71
787,18,2,20230909,20240908,renewed,3726.41
788,18,1,20230826,20240825,grace,3102.38
789,18,6,20230811,20240810,lapsed,2244.43
790,18,1,20240316,20250316,lapsed,3704.66
791,18,5,20230811,20240810,renewed,686.15
792,18,1,20230620,20240619,renewed,862.75
793,18,3,20240718,20250718,lapsed,673.77
794,18,4,20240409,20250409,lapsed,2097.95
795,18,2,20240528,20250528,renewed,4151.24
796,18,4,20230205,20240205,renewed,2124.8
797,18,2,20240311,20250311,renewed,1172.68
798,18,3,20240301,20250301,grace,890.91
799,18,3,20230322,20240321,lapsed,1886.44
800,18,1,20230115,20240115,lapsed,1636.07
801,18,5,20240422,20250422,lapsed,369.79
802,18,1,20230719,20240718,renewed,2104.68
803,18,6,20230911,20240910,lapsed,5289.16
804,18,6,20230120,20240120,renewed,6957.86
805,18,2,20240112,20250111,renewed,1600.87
806,18,6,20230305,20240304,lapsed,1585.92
807,18,6,20230623,20240622,renewed,1106.96
808,18,1,20240131,20250130,renewed,3754.29
809,18,3,20240221,20250220,renewed,2086.26
810,18,6,20230901,20240831,lapsed,5180.89
811,18,1,20240925,20250925,renewed,1286.11
812,18,2,20230411,20240410,renewed,1931.83
813,18,6,20230728,20240727,renewed,1362.22
814,18,6,20230305,20240304,renewed,7248.47
815,18,2,20241029,20251029,renewed,4335.78
816,18,6,20231012,20241011,renewed,3775.67
817,18,1,20230305,20240304,lapsed,4322.87
818,18,1,20230102,20240102,lapsed,2861.65
819,18,3,20230818,20240817,renewed,1866.0
820,18,2,20240921,20250921,renewed,2687.32
821,18,6,20230528,20240527,renewed,4443.37
822,18,5,20240914,20250914,renewed,212.3
823,18,4,20240115,20250114,grace,2522.04
824,18,1,20240910,20250910,lapsed,4392.95
825,18,3,20240710,20250710,lapsed,968.38
826,19,6,20240210,20250209,renewed,5963.32
827,19,5,20240129,20250128,renewed,214.29
828,19,6,20230727,20240726,renewed,3331.9
829,19,6,20231207,20241206,renewed,7397.48
830,19,4,20240414,20250414,renewed,2136.93
831,19,1,20240713,20250713,grace,1676.31
832,19,1,20230622,20240621,renewed,3256.15
833,19,3,20240212,20250211,renewed,1658.59
834,19,1,20230407,20240406,renewed,1291.1
835,19,1,20230309,20240308,renewed,4154.31
836,19,6,20230213,20240213,renewed,3223.82
837,19,3,20230419,20240418,lapsed,2701.32
838,19,3,20240107,20250106,renewed,2885.67
839,19,6,20230813,20240812,renewed,5317.26
840,19,4,20240829,20250829,renewed,325.1
841,19,2,20240420,20250420,renewed,4485.17
842,19,3,20230422,20240421,renewed,2054.73
843,19,2,20230328,20240327,renewed,4504.56
844,19,4,20230721,20240720,renewed,2448.92
845,19,5,20230325,20240324,renewed,985.48
846,19,5,20230202,20240202,grace,458.59
847,20,3,20231110,20241109,renewed,284.56
848,20,1,20230328,20240327,grace,3420.45
849,20,3,20240518,20250518,lapsed,2425.0
850,20,6,20240704,20250704,lapsed,594.02
851,20,4,20240601,20250601,lapsed,1756.92
852,20,5,20230609,20240608,renewed,1091.18
853,20,4,20230122,20240122,grace,866.29
854,20,6,20241112,20251112,lapsed,6470.45
855,20,5,20230902,20240901,renewed,827.46
856,20,2,20240501,20250501,renewed,1240.69
857,20,2,20240802,20250802,renewed,3604.43
858,20,2,20230826,20240825,renewed,1961.7
859,20,1,20230806,20240805,lapsed,1766.97
860,20,5,20230312,20240311,renewed,1088.13
861,20,3,20230426,20240425,renewed,1651.66
862,20,1,20230610,20240609,lapsed,3486.59
863,20,1,20240716,20250716,renewed,2173.96
864,20,2,20230603,20240602,renewed,2119.86
865,20,1,20231012,20241011,renewed,1732.12
866,20,4,20230415,20240414,renewed,315.58
867,20,6,20230621,20240620,lapsed,1559.73
868,20,6,20241126,20251126,renewed,6460.36
869,20,5,20241024,20251024,lapsed,514.38
870,20,2,20231209,20241208,grace,4970.07
871,20,1,20240211,20250210,lapsed,4496.99
872,20,5,20241026,20251026,lapsed,457.8
873,20,6,20230305,20240304,grace,6569.35
874,20,4,20240618,20250618,grace,2786.87
875,20,3,20240606,20250606,renewed,2940.21
876,20,5,20240112,20250111,renewed,667.28
877,20,2,20230307,20240306,renewed,3581.51
878,20,5,20230721,20240720,renewed,271.38
879,20,6,20230331,20240330,lapsed,1080.81
880,20,4,20240425,20250425,renewed,782.44
881,20,6,20231117,20241116,lapsed,3308.27
882,20,2,20230421,20240420,lapsed,3077.46
883,20,3,20230329,20240328,renewed,2455.83
884,20,6,20231004,20241003,renewed,1946.19
885,20,2,20240412,20250412,lapsed,4354.07
886,20,5,20231226,20241225,renewed,846.18
887,20,4,20230528,20240527,renewed,2999.08
888,21,4,20230227,20240227,renewed,853.84
889,21,2,20230722,20240721,lapsed,1209.79
890,21,2,20241125,20251125,grace,999.68
891,21,5,20230205,20240205,renewed,155.92
892,21,4,20240627,20250627,renewed,1298.29
893,21,3,20240403,20250403,renewed,1026.2
894,21,5,20241122,20251122,renewed,215.92
895,21,2,20240326,20250326,grace,1028.3
896,21,6,20230303,20240302,renewed,1301.36
897,21,5,20231014,20241013,renewed,534.78
898,21,3,20231016,20241015,renewed,2304.41
899,21,4,20230923,20240922,renewed,2421.13
900,21,2,20240303,20250303,renewed,3645.18
901,21,6,20241020,20251020,renewed,3693.09
902,21,5,20230901,20240831,renewed,240.61
903,21,3,20240328,20250328,renewed,490.12
904,21,6,20230929,20240928,renewed,3724.86
905,21,5,20230923,20240922,renewed,535.3
906,21,3,20241103,20251103,renewed,620.78
907,21,5,20230922,20240921,renewed,550.09
908,21,4,20230903,20240902,renewed,324.34
909,21,1,20240728,20250728,renewed,1598.74
910,21,3,20241005,20251005,grace,2395.44
911,21,4,20240108,20250107,lapsed,2098.17
912,21,2,20230823,20240822,lapsed,1185.13
913,21,6,20241120,20251120,renewed,7020.78
914,21,4,20230708,20240707,renewed,1306.44
915,21,2,20230426,20240425,renewed,546.59
916,21,3,20240313,20250313,renewed,1567.92
917,21,6,20230703,20240702,renewed,2858.45
918,21,4,20240516,20250516,renewed,2188.69
919,21,1,20240722,20250722,grace,3433.73
920,21,3,20231018,20241017,renewed,752.53
921,21,3,20230505,20240504,renewed,2774.91
922,21,5,20240505,20250505,grace,313.79
923,21,6,20230615,20240614,renewed,6688.88
924,21,5,20230914,20240913,renewed,247.23
925,21,5,20240707,20250707,renewed,1146.42
926,21,4,20240611,20250611,renewed,1010.22
927,21,6,20230614,20240613,renewed,7029.3
928,21,1,20230504,20240503,grace,728.86
929,21,2,20240928,20250928,renewed,4511.53
930,21,3,20230106,20240106,renewed,1976.31
931,21,6,20240328,20250328,renewed,4966.3
932,21,5,20240222,20250221,renewed,986.25
933,21,4,20240117,20250116,renewed,2504.55
934,21,6,20230720,20240719,renewed,1652.05
935,21,5,20231202,20241201,renewed,847.56
936,21,1,20231017,20241016,renewed,4455.65
937,21,5,20231214,20241213,renewed,644.53
938,21,3,20230118,20240118,renewed,2232.74
939,21,2,20240719,20250719,renewed,1700.03
940,21,6,20241030,20251030,grace,6085.93
941,21,2,20230119,20240119,renewed,712.15
942,21,5,20241103,20251103,renewed,887.31
943,21,2,20230125,20240125,renewed,4900.64
944,21,5,20240523,20250523,renewed,237.66
945,21,6,20240910,20250910,renewed,772.57
946,21,6,20230212,20240212,renewed,6052.73
947,21,2,20240915,20250915,renewed,2356.37
948,21,3,20241027,20251027,grace,594.05
949,21,4,20231108,20241107,renewed,534.8
950,21,2,20241102,20251102,renewed,4064.76
951,22,5,20230911,20240910,grace,807.56
952,22,3,20230920,20240919,renewed,403.56
953,22,4,20240530,20250530,renewed,2132.06
954,22,3,20240917,20250917,renewed,759.94
955,22,2,20230104,20240104,renewed,4156.53
956,22,2,20240120,20250119,lapsed,4567.0
957,22,6,20230723,20240722,lapsed,581.63
958,22,1,20230717,20240716,lapsed,2339.06
959,22,6,20230404,20240403,renewed,7601.39
960,22,5,20230226,20240226,lapsed,1012.74
961,22,4,20241015,20251015,lapsed,1325.64
962,22,1,20230618,20240617,lapsed,2309.34
963,22,4,20241116,20251116,renewed,2177.14
964,22,2,20230502,20240501,lapsed,2246.94
965,22,6,20231225,20241224,renewed,7041.18
966,22,3,20240502,20250502,lapsed,755.52
967,22,5,20240321,20250321,renewed,1193.68
968,22,4,20240806,20250806,renewed,431.51
969,22,6,20230819,20240818,renewed,6639.73
970,22,4,20241122,20251122,lapsed,1179.34
971,22,6,20230903,20240902,lapsed,2223.2
972,22,4,20240511,20250511,renewed,2545.5
973,22,1,20230218,20240218,renewed,2862.39
974,22,3,20231103,20241102,lapsed,379.24
975,22,2,20240616,20250616,renewed,2012.14
976,22,6,20230208,20240208,grace,4655.87
977,22,3,20241114,20251114,renewed,1761.3
978,22,6,20240112,20250111,renewed,5032.62
979,22,1,20230123,20240123,renewed,601.85
980,22,5,20231209,20241208,lapsed,466.8
981,22,5,20240911,20250911,renewed,676.19
982,22,1,20240321,20250321,lapsed,3151.26
983,22,5,20240120,20250119,renewed,1125.38
984,22,6,20230807,20240806,lapsed,4779.68
985,22,4,20240924,20250924,lapsed,1399.81
986,22,2,20240228,20250227,renewed,1695.05
987,22,3,20240707,20250707,renewed,2057.88
988,22,6,20241112,20251112,renewed,7292.81
989,22,3,20240402,20250402,renewed,2004.88
990,22,5,20230128,20240128,lapsed,357.13
991,22,3,20231109,20241108,lapsed,1780.9
992,23,3,20230803,20240802,lapsed,2304.51
993,23,2,20240622,20250622,renewed,2435.17
994,23,6,20230623,20240622,renewed,4694.42
995,23,6,20231021,20241020,renewed,6799.7
996,23,6,20230903,20240902,lapsed,7615.79
997,23,3,20240514,20250514,grace,2970.85
998,23,6,20230303,20240302,renewed,6336.37
999,23,6,20230516,20240515,renewed,7300.32
1000,23,5,20230209,20240209,renewed,1087.8
1001,23,5,20231109,20241108,renewed,367.28
1002,23,6,20241002,20251002,renewed,1931.67
1003,23,6,20230323,20240322,lapsed,1196.32
1004,23,6,20230312,20240311,lapsed,7788.18
1005,23,6,20240423,20250423,renewed,7383.91
1006,23,4,20240727,20250727,renewed,2946.68
1007,23,4,20240625,20250625,renewed,1640.17
1008,23,3,20230506,20240505,renewed,2800.15
1009,23,5,20240827,20250827,lapsed,485.9
1010,23,1,20230915,20240914,renewed,2629.21
1011,23,6,20241002,20251002,renewed,5201.19
1012,23,2,20240608,20250608,renewed,3292.57
1013,23,5,20240915,20250915,renewed,984.04
1014,23,2,20230616,20240615,renewed,957.82
1015,23,5,20230109,20240109,renewed,416.7
1016,23,6,20240323,20250323,grace,3059.23
1017,23,6,20230415,20240414,lapsed,1163.72
1018,23,2,20230616,20240615,renewed,2679.32
1019,23,2,20240714,20250714,renewed,3412.95
1020,23,6,20240730,20250730,renewed,6540.74
1021,23,5,20231008,20241007,renewed,817.27
1022,23,1,20240325,20250325,renewed,3298.54
1023,23,1,20240525,20250525,lapsed,2129.52
1024,23,3,20231130,20241129,renewed,1824.46
1025,23,5,20230207,20240207,renewed,445.75
1026,23,2,20231026,20241025,renewed,922.31
1027,23,3,20230611,20240610,renewed,1010.58
1028,23,1,20231221,20241220,renewed,2408.29
1029,23,6,20230331,20240330,renewed,4233.77
1030,23,1,20240630,20250630,renewed,3133.51
1031,23,4,20240917,20250917,renewed,2699.66
1032,23,6,20230228,20240228,grace,3162.24
1033,23,4,20231231,20241230,renewed,924.77
1034,23,6,20241115,20251115,grace,4038.93
1035,23,4,20230312,20240311,renewed,2343.41
1036,23,4,20240630,20250630,grace,2146.66
1037,23,6,20240718,20250718,renewed,7852.78
1038,23,2,20230208,20240208,renewed,4954.13
1039,23,6,20230812,20240811,lapsed,4563.53
1040,23,2,20230903,20240902,renewed,3994.67
1041,23,6,20240122,20250121,lapsed,3222.12
1042,23,4,20230722,20240721,renewed,2556.67
1043,23,5,20231217,20241216,renewed,735.34
1044,23,2,20241124,20251124,renewed,4674.44
1045,24,6,20240830,20250830,renewed,5181.38
1046,24,3,20230317,20240316,renewed,2506.32
1047,24,1,20240709,20250709,renewed,636.21
1048,24,1,20230823,20240822,renewed,2074.64
1049,24,4,20231008,20241007,renewed,405.33
1050,24,6,20240321,20250321,renewed,5587.09
1051,24,6,20231213,20241212,renewed,982.82
1052,24,6,20230906,20240905,renewed,853.81
1053,24,3,20230825,20240824,renewed,1511.32
1054,24,1,20240204,20250203,renewed,4865.78
1055,24,2,20230808,20240807,renewed,2738.24
1056,24,5,20230405,20240404,renewed,826.98
1057,24,1,20240708,20250708,renewed,3984.38
1058,24,5,20240823,20250823,renewed,270.87
1059,24,3,20240718,20250718,renewed,2792.54
1060,24,3,20230925,20240924,renewed,2363.96
1061,24,3,20240827,20250827,renewed,1516.04
1062,24,5,20230904,20240903,renewed,166.16
1063,24,3,20230707,20240706,renewed,995.42
1064,24,5,20240707,20250707,renewed,199.41
1065,24,4,20240909,20250909,renewed,2608.45
1066,24,6,20231224,20241223,renewed,7277.53
1067,25,5,20240507,20250507,lapsed,378.33
1068,25,5,20230201,20240201,lapsed,1130.04
1069,25,5,20240821,20250821,renewed,507.44
1070,25,3,20231025,20241024,lapsed,1090.27
1071,25,3,20230305,20240304,renewed,1253.31
1072,25,5,20231223,20241222,lapsed,642.58
1073,25,1,20230425,20240424,lapsed,2875.56
1074,25,6,20230521,20240520,renewed,1426.54
1075,25,4,20241116,20251116,renewed,1715.05
1076,25,3,20230508,20240507,lapsed,2173.61
1077,25,5,20240514,20250514,renewed,995.07
1078,25,2,20240511,20250511,lapsed,975.57
1079,25,6,20241020,20251020,lapsed,7534.05
1080,25,1,20241029,20251029,renewed,4529.52
1081,25,2,20240511,20250511,renewed,1442.98
1082,25,5,20231002,20241001,renewed,898.91
1083,25,2,20230526,20240525,renewed,886.45
1084,25,5,20230317,20240316,lapsed,751.51
1085,25,6,20231103,20241102,lapsed,4069.95
1086,25,3,20240706,20250706,renewed,2100.96
1087,25,6,20240721,20250721,lapsed,2265.55
1088,25,5,20240305,20250305,renewed,831.59
1089,25,3,20240929,20250929,renewed,2731.01
1090,25,4,20240313,20250313,renewed,301.42
1091,25,3,20240930,20250930,renewed,1551.73
1092,25,6,20230602,20240601,lapsed,7299.95
1093,25,1,20230511,20240510,lapsed,3875.47
1094,25,3,20230508,20240507,lapsed,1163.21
1095,25,2,20240802,20250802,renewed,3881.0
1096,25,6,20230101,20240101,renewed,3154.84
1097,25,6,20230104,20240104,lapsed,5024.94
1098,25,2,20240227,20250226,renewed,2374.47
1099,25,6,20230915,20240914,renewed,5120.97
1100,25,4,20240921,20250921,lapsed,1233.75
1101,25,3,20230901,20240831,lapsed,1808.05
1102,25,3,20240922,20250922,lapsed,2156.14
1103,25,3,20230616,20240615,renewed,2433.17
1104,25,4,20230222,20240222,lapsed,2513.86
1105,25,3,20230803,20240802,renewed,2361.43
1106,25,3,20231103,20241102,renewed,414.68
1107,25,5,20230225,20240225,renewed,1001.3
1108,25,2,20241110,20251110,renewed,2845.95
1109,25,3,20240217,20250216,renewed,1358.85
1110,25,2,20230322,20240321,lapsed,3248.16
1111,26,3,20241007,20251007,renewed,2502.9
1112,26,6,20231130,20241129,renewed,7472.55
1113,26,5,20240724,20250724,renewed,980.33
1114,26,5,20230103,20240103,renewed,545.6
1115,26,4,20240913,20250913,renewed,472.04
1116,26,3,20230511,20240510,lapsed,833.15
1117,26,5,20230106,20240106,renewed,909.84
1118,26,4,20230806,20240805,renewed,1977.81
1119,26,6,20241011,20251011,renewed,1741.5
1120,26,1,20230829,20240828,renewed,1009.76
1121,26,3,20240418,20250418,renewed,844.08
1122,26,2,20241003,20251003,renewed,4921.83
1123,26,1,20231006,20241005,renewed,1454.71
1124,26,4,20240910,20250910,renewed,1874.71
1125,26,6,20241105,20251105,renewed,2795.48
1126,26,4,20231026,20241025,renewed,2295.55
1127,26,6,20240625,20250625,renewed,7280.91
1128,26,3,20240219,20250218,renewed,1608.32
1129,26,4,20231110,20241109,renewed,1737.96
1130,26,3,20231203,20241202,lapsed,2424.54
1131,26,6,20230410,20240409,renewed,7275.85
1132,26,4,20231026,20241025,grace,1226.46
1133,26,4,20230108,20240108,renewed,1754.56
1134,26,6,20230423,20240422,renewed,1325.56
1135,26,2,20231208,20241207,lapsed,4057.93
1136,26,2,20240130,20250129,grace,4497.66
1137,26,6,20240919,20250919,renewed,5463.39
1138,26,5,20231024,20241023,renewed,622.62
1139,26,1,20240704,20250704,renewed,2873.68
1140,26,1,20240526,20250526,renewed,3587.16
1141,26,6,20240218,20250217,renewed,4256.55
1142,26,3,20230819,20240818,renewed,2465.09
1143,26,6,20230331,20240330,renewed,6175.89
1144,26,4,20240805,20250805,renewed,1471.34
1145,26,5,20230517,20240516,renewed,1020.64
1146,26,3,20240620,20250620,lapsed,782.33
1147,26,4,20240328,20250328,lapsed,2329.69
1148,26,5,20240417,20250417,renewed,529.62
1149,26,5,20230122,20240122,renewed,333.85
1150,26,3,20230531,20240530,renewed,1950.52
1151,26,5,20230525,20240524,grace,1186.68
1152,26,3,20230812,20240811,renewed,2442.77
1153,26,6,20230422,20240421,lapsed,5448.21
1154,26,3,20230813,20240812,renewed,2907.28
1155,26,4,20241013,20251013,renewed,2469.6
1156,26,5,20240624,20250624,renewed,712.07
1157,26,4,20240314,20250314,renewed,1070.6
1158,26,5,20231030,20241029,renewed,1144.08
1159,26,2,20231230,20241229,renewed,680.78
1160,26,5,20240322,20250322,renewed,676.36
1161,26,5,20231211,20241210,renewed,896.62
1162,26,2,20240324,20250324,renewed,2799.69
1163,26,5,20230422,20240421,lapsed,421.47
1164,26,2,20240907,20250907,renewed,1307.32
1165,26,3,20240314,20250314,renewed,2773.93
1166,26,3,20230206,20240206,renewed,936.17
1167,26,6,20230501,20240430,renewed,1280.59
1168,27,4,20230624,20240623,renewed,2923.39
1169,27,2,20230819,20240818,lapsed,735.51
1170,27,4,20240619,20250619,lapsed,1136.91
1171,27,3,20230408,20240407,lapsed,2252.27
1172,27,5,20230530,20240529,renewed,648.97
1173,27,1,20240507,20250507,lapsed,1385.53
1174,27,2,20240320,20250320,grace,3508.29
1175,27,5,20230930,20240929,lapsed,920.41
1176,27,5,20240404,20250404,lapsed,1065.17
1177,27,1,20241114,20251114,renewed,920.02
1178,27,1,20240614,20250614,renewed,4523.92
1179,27,3,20230911,20240910,renewed,2907.81
1180,27,4,20240106,20250105,renewed,734.78
1181,27,5,20230621,20240620,grace,333.09
1182,27,3,20240109,20250108,lapsed,515.87
1183,27,5,20230111,20240111,renewed,798.02
1184,27,3,20241106,20251106,renewed,985.13
1185,27,4,20240819,20250819,renewed,2811.52
1186,27,6,20230901,20240831,renewed,7166.43
1187,27,2,20241005,20251005,lapsed,4059.07
1188,27,2,20231121,20241120,lapsed,4832.86
1189,27,5,20230503,20240502,grace,778.85
1190,27,6,20230101,20240101,renewed,5914.67
1191,27,1,20241013,20251013,lapsed,1025.56
1192,27,4,20230404,20240403,renewed,2645.95
1193,27,5,20240711,20250711,renewed,717.1
1194,27,6,20230611,20240610,lapsed,6451.92
1195,27,3,20241111,20251111,lapsed,1849.58
1196,27,2,20240117,20250116,renewed,3128.16
1197,27,6,20230929,20240928,lapsed,5980.37
1198,27,4,20230701,20240630,lapsed,1395.27
1199,27,1,20240811,20250811,lapsed,3063.99
1200,27,4,20240529,20250529,renewed,956.58
1201,27,5,20231206,20241205,lapsed,250.01
1202,27,3,20230623,20240622,renewed,2292.87
1203,27,6,20230215,20240215,lapsed,7812.79
1204,27,3,20240801,20250801,renewed,1671.48
1205,27,1,20240621,20250621,renewed,2730.47
1206,27,1,20240220,20250219,grace,4484.52
1207,27,2,20241106,20251106,renewed,4203.09
1208,27,3,20240512,20250512,renewed,403.54
1209,27,1,20230318,20240317,renewed,2397.68
1210,27,1,20230110,20240110,lapsed,3521.31
1211,27,5,20231217,20241216,renewed,848.48
1212,27,3,20240607,20250607,lapsed,2788.41
1213,27,6,20240128,20250127,grace,6461.55
1214,27,1,20230609,20240608,lapsed,2855.33
1215,27,1,20230322,20240321,renewed,4851.63
1216,28,5,20240904,20250904,renewed,681.12
1217,28,4,20230625,20240624,renewed,759.82
1218,28,2,20241117,20251117,renewed,4509.3
1219,28,4,20240320,20250320,renewed,2035.22
1220,28,5,20230131,20240131,grace,642.32
1221,28,1,20240616,20250616,renewed,2982.92
1222,28,6,20230804,20240803,renewed,5182.21
1223,28,6,20231028,20241027,renewed,7564.35
1224,28,2,20240504,20250504,renewed,3159.68
1225,28,2,20240813,20250813,renewed,1322.88
1226,28,3,20231206,20241205,renewed,897.46
1227,28,1,20240228,20250227,renewed,3647.74
1228,28,2,20230616,20240615,lapsed,1896.07
1229,28,6,20231030,20241029,renewed,2034.89
1230,28,4,20240627,20250627,renewed,2815.29
1231,28,4,20240314,20250314,renewed,2051.55
1232,28,3,20230510,20240509,renewed,565.21
1233,28,1,20231228,20241227,renewed,2549.68
1234,28,3,20240509,20250509,renewed,1599.77
1235,28,3,20230526,20240525,renewed,554.03
1236,28,4,20240321,20250321,renewed,428.1
1237,28,6,20230604,20240603,renewed,4554.76
1238,28,2,20230109,20240109,renewed,2369.8
1239,28,2,20230712,20240711,renewed,3156.17
1240,28,2,20230520,20240519,renewed,1791.4
1241,28,5,20230610,20240609,renewed,229.94
1242,28,6,20230417,20240416,renewed,7086.53
1243,28,5,20230411,20240410,renewed,197.68
1244,28,5,20230125,20240125,lapsed,508.58
1245,28,2,20241016,20251016,renewed,3669.19
1246,28,1,20240727,20250727,renewed,1009.65
1247,28,5,20240622,20250622,renewed,634.81
1248,28,6,20240510,20250510,renewed,3523.6
1249,28,6,20240107,20250106,renewed,2989.6
1250,28,2,20240521,20250521,renewed,3337.17
1251,28,4,20240115,20250114,grace,1045.63
1252,28,2,20230104,20240104,renewed,3665.23
1253,28,3,20230720,20240719,grace,808.36
1254,28,1,20230925,20240924,renewed,837.42
1255,28,4,20240129,20250128,grace,2036.37
1256,29,2,20241025,20251025,grace,3042.02
1257,29,5,20231223,20241222,renewed,317.67
1258,29,3,20230701,20240630,lapsed,1818.58
1259,29,4,20230605,20240604,renewed,1479.82
1260,29,2,20230110,20240110,lapsed,862.3
1261,29,5,20230705,20240704,renewed,324.84
1262,29,3,20230915,20240914,renewed,1302.34
1263,29,1,20230601,20240531,renewed,1168.67
1264,29,2,20230101,20240101,renewed,4827.68
1265,29,6,20230121,20240121,lapsed,3523.04
1266,29,1,20230830,20240829,renewed,2671.27
1267,29,1,20240709,20250709,renewed,4063.84
1268,29,3,20230406,20240405,renewed,2336.1
1269,29,5,20230321,20240320,renewed,1142.57
1270,29,4,20240312,20250312,renewed,2872.78
1271,29,1,20240919,20250919,renewed,4904.83
1272,29,6,20230823,20240822,renewed,3161.05
1273,29,5,20240215,20250214,renewed,260.08
1274,29,2,20240622,20250622,renewed,1503.28
1275,29,1,20240511,20250511,renewed,2209.35
1276,29,6,20230813,20240812,renewed,7717.9
1277,29,3,20231025,20241024,renewed,1773.11
1278,29,1,20240813,20250813,renewed,2630.09
1279,30,5,20230517,20240516,renewed,763.81
1280,30,4,20230131,20240131,lapsed,471.94
1281,30,5,20230914,20240913,lapsed,1157.54
1282,30,6,20241104,20251104,renewed,3605.01
1283,30,2,20230123,20240123,renewed,1648.47
1284,30,5,20230131,20240131,renewed,613.6
1285,30,4,20230127,20240127,grace,1097.86
1286,30,4,20230731,20240730,lapsed,2747.78
1287,30,6,20230921,20240920,lapsed,5486.83
1288,30,5,20230813,20240812,lapsed,513.44
1289,30,5,20240926,20250926,lapsed,476.0
1290,30,3,20241025,20251025,renewed,751.2
1291,30,6,20231116,20241115,lapsed,7385.77
1292,30,3,20240604,20250604,lapsed,586.04
1293,30,1,20230608,20240607,renewed,597.65
1294,30,1,20240505,20250505,lapsed,3141.57
1295,30,3,20240525,20250525,renewed,470.3
1296,30,5,20230824,20240823,renewed,1031.35
1297,30,6,20231214,20241213,renewed,6559.54
1298,30,5,20230526,20240525,renewed,145.49
1299,30,1,20231025,20241024,renewed,2596.69
1300,30,5,20241007,20251007,renewed,531.74
1301,30,4,20240709,20250709,renewed,2875.15
1302,30,1,20240301,20250301,lapsed,1682.73
1303,30,1,20230827,20240826,grace,4175.02
1304,30,3,20230805,20240804,lapsed,2421.03
1305,30,4,20240312,20250312,renewed,2537.07
1306,30,4,20240603,20250603,renewed,1843.49
1307,30,5,20231021,20241020,renewed,448.62
1308,30,5,20231219,20241218,grace,977.85
1309,30,6,20240919,20250919,lapsed,2976.68
1310,30,6,20230403,20240402,renewed,6790.55
1311,30,4,20230522,20240521,lapsed,1793.2
1312,30,5,20240404,20250404,lapsed,496.36
1313,30,2,20240203,20250202,lapsed,3278.09
1314,30,1,20240504,20250504,renewed,1720.6
1315,30,1,20230414,20240413,renewed,2767.31
1316,30,2,20231008,20241007,renewed,1895.88
1317,30,4,20230202,20240202,lapsed,1781.75
1318,30,4,20240307,20250307,lapsed,1678.06
1319,30,5,20240320,20250320,renewed,483.5
1320,30,3,20241005,20251005,renewed,2611.15
1321,30,3,20230122,20240122,lapsed,2825.75
1322,30,2,20230828,20240827,renewed,443.35
1323,30,4,20230712,20240711,renewed,317.24
1324,30,2,20240707,20250707,lapsed,2392.54
1325,30,5,20240716,20250716,lapsed,991.43
1326,30,4,20230127,20240127,lapsed,2130.67
1327,30,6,20240718,20250718,lapsed,7774.66
1328,30,6,20230812,20240811,renewed,7030.68
1329,30,4,20230416,20240415,renewed,872.98
1330,30,6,20230204,20240204,grace,1165.51
1331,30,5,20230613,20240612,lapsed,546.13
1332,30,3,20240513,20250513,renewed,1220.91
1333,30,2,20240330,20250330,lapsed,3467.89
1334,30,3,20230418,20240417,grace,467.41
1335,30,2,20230527,20240526,renewed,1561.07
1336,30,3,20230804,20240803,lapsed,2413.84
1337,30,6,20240510,20250510,renewed,5787.71
1338,30,6,20230608,20240607,lapsed,5927.07
1339,30,3,20230909,20240908,renewed,899.28
1340,30,5,20230810,20240809,lapsed,116.24
1341,30,4,20230611,20240610,grace,2746.96
1342,30,4,20241122,20251122,renewed,756.61
1343,30,2,20230504,20240503,renewed,2178.21
1344,30,4,20230614,20240613,renewed,2342.26
1345,30,3,20240804,20250804,renewed,1126.08
1346,30,1,20240209,20250208,renewed,4140.6
1347,30,6,20230815,20240814,lapsed,2655.78
1348,30,3,20230607,20240606,renewed,2457.39
1349,30,1,20230630,20240629,renewed,4120.1
1350,30,2,20231214,20241213,lapsed,3621.61
1351,30,6,20240516,20250516,renewed,4101.72
1352,30,1,20231129,20241128,renewed,4945.73
1353,30,3,20240929,20250929,renewed,706.89
1354,30,5,20240421,20250421,renewed,660.21
1355,31,1,20230904,20240903,lapsed,2490.31
1356,31,5,20240510,20250510,renewed,395.28
1357,31,4,20240301,20250301,lapsed,2526.63
1358,31,1,20240104,20250103,renewed,4112.64
1359,31,4,20230425,20240424,renewed,2092.92
1360,31,6,20240519,20250519,grace,5250.84
1361,31,3,20240221,20250220,renewed,259.17
1362,31,5,20241029,20251029,renewed,753.64
1363,31,5,20230911,20240910,renewed,962.15
1364,31,1,20230813,20240812,grace,890.9
1365,31,4,20231015,20241014,renewed,1382.48
1366,31,3,20240315,20250315,renewed,1191.09
1367,31,6,20230923,20240922,lapsed,1817.33
1368,31,2,20240424,20250424,lapsed,3661.46
1369,31,3,20230326,20240325,renewed,2435.82
1370,31,3,20230729,20240728,renewed,1600.43
1371,31,4,20241113,20251113,lapsed,2576.87
1372,31,4,20230701,20240630,renewed,2004.64
1373,31,5,20230530,20240529,grace,328.3
1374,31,5,20240703,20250703,grace,699.41
1375,31,3,20230412,20240411,renewed,2147.62
1376,31,4,20240911,20250911,renewed,528.94
1377,31,1,20240209,20250208,lapsed,3726.49
1378,31,5,20230508,20240507,renewed,918.64
1379,31,4,20230420,20240419,renewed,362.37
1380,31,5,20230131,20240131,renewed,929.67
1381,31,3,20230611,20240610,renewed,1202.07
1382,31,3,20240606,20250606,lapsed,423.79
1383,31,6,20230110,20240110,renewed,5889.14
1384,31,2,20240521,20250521,renewed,4106.04
1385,31,4,20230515,20240514,renewed,1442.01
1386,31,5,20231024,20241023,renewed,546.36
1387,31,3,20231006,20241005,grace,2778.24
1388,31,3,20240708,20250708,renewed,1941.38
1389,31,5,20240131,20250130,renewed,413.57
1390,31,6,20230610,20240609,renewed,3280.34
1391,31,3,20230624,20240623,renewed,1530.71
1392,31,6,20240407,20250407,lapsed,5634.83
1393,31,6,20240801,20250801,lapsed,4263.29
1394,31,3,20231127,20241126,lapsed,1530.49
1395,31,4,20240826,20250826,renewed,2095.91
1396,31,5,20230624,20240623,renewed,1130.18
1397,31,6,20231205,20241204,renewed,1146.9
1398,31,5,20230920,20240919,renewed,918.61
1399,31,3,20240131,20250130,grace,507.4
1400,31,6,20231008,20241007,lapsed,1569.37
1401,31,6,20240809,20250809,renewed,1763.43
1402,31,6,20230416,20240415,grace,3596.67
1403,31,4,20230706,20240705,lapsed,1777.91
1404,31,3,20230701,20240630,grace,2707.41
1405,31,1,20240706,20250706,lapsed,1729.93
1406,31,4,20231107,20241106,renewed,928.25
1407,31,4,20230920,20240919,renewed,1218.65
1408,31,1,20230728,20240727,renewed,836.58
1409,31,1,20230113,20240113,lapsed,653.07
1410,31,4,20240429,20250429,lapsed,851.97
1411,31,2,20230822,20240821,renewed,2001.87
1412,31,4,20240302,20250302,renewed,422.11
1413,31,6,20230823,20240822,renewed,1495.63
1414,31,5,20230301,20240229,renewed,586.07
1415,32,6,20240808,20250808,renewed,6737.13
1416,32,4,20230911,20240910,renewed,1378.65
1417,32,3,20230119,20240119,renewed,1294.06
1418,32,5,20230511,20240510,lapsed,1077.74
1419,32,3,20240212,20250211,renewed,2724.08
1420,32,2,20241029,20251029,renewed,2754.85
1421,32,3,20240306,20250306,renewed,1819.89
1422,32,4,20230419,20240418,renewed,1389.5
1423,32,6,20230511,20240510,renewed,3284.78
1424,32,3,20230301,20240229,renewed,353.59
1425,32,5,20230605,20240604,renewed,768.99
1426,32,3,20240623,20250623,renewed,2748.22
1427,32,3,20230204,20240204,renewed,664.78
1428,32,4,20230420,20240419,renewed,979.75
1429,32,5,20230801,20240731,renewed,600.36
1430,32,4,20230824,20240823,renewed,1028.06
1431,32,2,20231206,20241205,grace,2113.83
1432,32,4,20241029,20251029,lapsed,285.3
1433,32,6,20240608,20250608,renewed,5442.24
1434,32,1,20240512,20250512,renewed,2532.07
1435,32,2,20240208,20250207,renewed,2392.48
1436,32,6,20240123,20250122,renewed,5390.25
1437,32,5,20240112,20250111,renewed,1107.09
1438,32,3,20240504,20250504,renewed,2690.15
1439,32,3,20230704,20240703,renewed,2977.22
1440,32,6,20240612,20250612,renewed,2069.22
1441,32,5,20230124,20240124,renewed,330.8
1442,32,4,20230713,20240712,grace,2717.69
1443,32,3,20230129,20240129,grace,1658.97
1444,32,3,20231102,20241101,renewed,2349.09
1445,32,1,20240223,20250222,renewed,778.48
1446,32,5,20240922,20250922,renewed,917.55
1447,32,2,20240620,20250620,renewed,3634.84
1448,32,1,20240408,20250408,lapsed,2011.25
1449,33,4,20231222,20241221,renewed,559.9
1450,33,6,20231218,20241217,renewed,3798.0
1451,33,4,20230318,20240317,grace,1698.71
1452,33,1,20240716,20250716,renewed,3061.82
1453,33,6,20240907,20250907,renewed,2796.1
1454,33,4,20230912,20240911,renewed,2774.47
1455,33,4,20240918,20250918,lapsed,1740.82
1456,33,2,20230708,20240707,grace,3364.02
1457,33,4,20240412,20250412,renewed,1955.44
1458,33,2,20230831,20240830,lapsed,2214.4
1459,33,6,20240316,20250316,renewed,4248.88
1460,33,6,20240304,20250304,renewed,5941.85
1461,33,6,20240316,20250316,renewed,1289.87
1462,33,4,20240101,20241231,lapsed,542.52
1463,33,5,20240615,20250615,renewed,968.98
1464,33,5,20230216,20240216,renewed,1026.91
1465,33,4,20240609,20250609,lapsed,1175.36
1466,33,3,20240516,20250516,renewed,1874.65
1467,33,6,20240120,20250119,renewed,4730.84
1468,33,5,20230611,20240610,renewed,370.56
1469,33,3,20240311,20250311,renewed,1681.85
1470,33,5,20240627,20250627,renewed,660.88
1471,33,4,20230331,20240330,renewed,859.36
1472,33,4,20230615,20240614,renewed,1949.33
1473,33,1,20240917,20250917,renewed,845.04
1474,33,3,20240505,20250505,lapsed,2948.81
1475,33,2,20231222,20241221,lapsed,2150.5
1476,33,4,20230802,20240801,lapsed,2192.61
1477,33,3,20240808,20250808,lapsed,937.7
1478,33,4,20230718,20240717,renewed,2683.2
1479,33,1,20230211,20240211,renewed,3617.23
1480,33,1,20240526,20250526,renewed,4417.94
1481,33,6,20231126,20241125,renewed,7239.94
1482,33,4,20230325,20240324,grace,2177.23
1483,33,1,20240828,20250828,renewed,4678.58
1484,33,2,20230913,20240912,lapsed,4790.43
1485,33,5,20240610,20250610,grace,124.9
1486,33,1,20240501,20250501,renewed,425.84
1487,33,5,20240713,20250713,renewed,865.56
1488,33,1,20230528,20240527,renewed,3492.73
1489,33,5,20240720,20250720,renewed,472.47
1490,33,5,20240826,20250826,lapsed,503.8
1491,33,4,20240613,20250613,lapsed,2336.22
1492,33,3,20240218,20250217,lapsed,1820.41
1493,33,3,20231208,20241207,renewed,2312.26
1494,33,5,20240727,20250727,renewed,688.23
1495,33,6,20230521,20240520,renewed,2158.58
1496,33,4,20230801,20240731,renewed,2118.58
1497,33,2,20240716,20250716,lapsed,3566.05
1498,33,4,20240704,20250704,grace,722.68
1499,33,3,20240812,20250812,lapsed,1308.29
1500,33,6,20230307,20240306,renewed,6393.73
1501,33,6,20230110,20240110,lapsed,4531.41
1502,33,4,20230703,20240702,renewed,713.23
1503,33,4,20240210,20250209,grace,2713.77
1504,33,4,20240428,20250428,renewed,1133.02
1505,33,5,20240531,20250531,lapsed,720.88
1506,33,6,20230103,20240103,renewed,5394.13
1507,33,3,20231222,20241221,renewed,1765.33
1508,33,5,20240330,20250330,lapsed,903.88
1509,33,4,20230620,20240619,renewed,1877.81
1510,33,6,20240913,20250913,renewed,1199.24
1511,33,2,20231016,20241015,renewed,4944.52
1512,33,1,20231212,20241211,renewed,2664.32
1513,33,4,20240414,20250414,renewed,2735.15
1514,33,3,20240921,20250921,renewed,2489.08
1515,33,1,20230704,20240703,renewed,1967.24
1516,34,5,20230425,20240424,renewed,652.21
1517,34,2,20230205,20240205,renewed,2665.67
1518,34,6,20230531,20240530,lapsed,6822.18
1519,34,5,20230827,20240826,renewed,328.74
1520,34,2,20230320,20240319,renewed,2161.77
1521,34,1,20230915,20240914,renewed,2625.75
1522,34,6,20241104,20251104,renewed,4497.49
1523,34,3,20230528,20240527,grace,2718.97
1524,34,5,20230528,20240527,renewed,722.5
1525,34,6,20230427,20240426,lapsed,6322.93
1526,34,1,20231003,20241002,lapsed,4112.69
1527,34,4,20240104,20250103,renewed,984.26
1528,34,4,20230716,20240715,grace,996.66
1529,34,5,20240702,20250702,renewed,546.56
1530,34,2,20240623,20250623,lapsed,4292.11
1531,34,2,20240102,20250101,renewed,2446.88
1532,34,4,20240818,20250818,lapsed,2313.5
1533,34,1,20230830,20240829,renewed,4304.39
1534,34,3,20231230,20241229,renewed,2655.23
1535,34,4,20240922,20250922,grace,1206.87
1536,34,1,20240706,20250706,renewed,2899.59
1537,34,6,20230120,20240120,lapsed,5701.52
1538,34,2,20240328,20250328,lapsed,4345.79
1539,34,4,20230813,20240812,renewed,2994.37
1540,34,2,20240308,20250308,lapsed,3111.63
1541,34,4,20240928,20250928,renewed,1677.33
1542,34,3,20230309,20240308,renewed,2836.41
1543,34,4,20230318,20240317,lapsed,263.95
1544,34,6,20230505,20240504,renewed,2132.99
1545,34,5,20240202,20250201,lapsed,802.69
1546,34,5,20240419,20250419,renewed,493.35
1547,34,1,20240425,20250425,renewed,4138.33
1548,34,6,20241030,20251030,renewed,4889.78
1549,34,3,20230921,20240920,grace,1608.96
1550,34,5,20230528,20240527,lapsed,563.23
1551,34,5,20240922,20250922,renewed,1109.54
1552,34,2,20241118,20251118,renewed,958.37
1553,34,5,20230617,20240616,renewed,450.15
1554,34,6,20230615,20240614,lapsed,7227.0
1555,34,5,20240502,20250502,renewed,993.45
1556,34,4,20240727,20250727,renewed,1516.2
1557,34,4,20231006,20241005,renewed,2822.16
1558,34,6,20230324,20240323,renewed,5021.65
1559,34,3,20240603,20250603,lapsed,2593.3
1560,34,2,20240418,20250418,renewed,1171.77
1561,34,6,20241114,20251114,grace,7797.94
1562,35,5,20230322,20240321,renewed,344.19
1563,35,1,20240427,20250427,renewed,947.09
1564,35,3,20230722,20240721,grace,1521.9
1565,35,2,20241024,20251024,renewed,4102.49
1566,35,3,20240304,20250304,lapsed,688.57
1567,35,6,20230218,20240218,grace,2342.66
1568,35,3,20230208,20240208,renewed,2076.71
1569,35,4,20240602,20250602,renewed,327.92
1570,35,5,20230613,20240612,lapsed,1063.96
1571,35,5,20230804,20240803,renewed,1176.39
1572,35,5,20240329,20250329,renewed,492.18
1573,35,1,20241004,20251004,renewed,3961.38
1574,35,6,20240527,20250527,renewed,4865.51
1575,35,1,20230607,20240606,lapsed,4183.5
1576,35,1,20240106,20250105,renewed,488.03
1577,35,4,20230329,20240328,renewed,1630.54
1578,35,3,20230205,20240205,renewed,1343.23
1579,35,3,20240218,20250217,grace,2058.09
1580,35,6,20230502,20240501,renewed,4581.37
1581,35,1,20240530,20250530,renewed,1321.23
1582,35,6,20240603,20250603,renewed,2633.46
1583,35,5,20230510,20240509,renewed,187.17
1584,35,4,20240527,20250527,renewed,1734.59
1585,35,3,20230916,20240915,renewed,547.7
1586,35,6,20240128,20250127,renewed,1259.88
1587,35,4,20240714,20250714,renewed,1197.87
1588,35,6,20241126,20251126,renewed,1869.36
1589,35,3,20230630,20240629,renewed,2733.52
1590,35,1,20231128,20241127,lapsed,3647.35
1591,35,3,20240913,20250913,renewed,2402.93
1592,35,2,20240114,20250113,grace,1259.13
1593,35,5,20230525,20240524,renewed,1040.84
1594,35,6,20230526,20240525,renewed,4638.6
1595,35,3,20230725,20240724,lapsed,1807.56
1596,35,1,20241028,20251028,renewed,677.57
1597,35,1,20230403,20240402,renewed,966.66
1598,35,4,20240319,20250319,renewed,2856.65
1599,35,4,20240426,20250426,renewed,736.45
1600,35,4,20230417,20240416,renewed,2585.87
1601,35,3,20240511,20250511,renewed,1945.51
1602,35,6,20230110,20240110,renewed,7188.68
1603,35,4,20240902,20250902,renewed,1042.43
1604,35,1,20240125,20250124,renewed,925.89
1605,35,1,20240505,20250505,renewed,3002.71
1606,35,2,20240121,20250120,renewed,1548.0
1607,35,6,20240301,20250301,renewed,5636.56
1608,35,1,20240901,20250901,renewed,3668.16
1609,35,5,20230926,20240925,renewed,911.74
1610,35,4,20240523,20250523,grace,2730.04
1611,35,6,20240717,20250717,lapsed,7276.39
1612,35,1,20240301,20250301,lapsed,430.53
1613,35,6,20230802,20240801,renewed,3700.13
1614,35,4,20240522,20250522,renewed,538.78
1615,35,5,20240303,20250303,grace,493.83
1616,36,2,20230326,20240325,renewed,4135.14
1617,36,1,20230726,20240725,renewed,4386.73
1618,36,6,20230518,20240517,renewed,5606.44
1619,36,6,20230225,20240225,renewed,1236.49
1620,36,1,20230227,20240227,lapsed,863.48
1621,36,2,20231115,20241114,lapsed,2816.75
1622,36,2,20230811,20240810,renewed,3594.85
1623,36,4,20230504,20240503,renewed,2019.55
1624,36,1,20241003,20251003,renewed,2678.11
1625,36,4,20230103,20240103,renewed,2199.89
1626,36,3,20240505,20250505,renewed,786.87
1627,36,4,20241118,20251118,renewed,2764.79
1628,36,3,20240225,20250224,renewed,400.5
1629,36,2,20230330,20240329,renewed,2080.7
1630,36,6,20240903,20250903,renewed,6097.99
1631,36,5,20230714,20240713,grace,945.84
1632,36,1,20241117,20251117,grace,3852.17
1633,36,3,20231105,20241104,renewed,2857.36
1634,36,5,20230809,20240808,grace,162.81
1635,36,1,20231016,20241015,lapsed,1984.98
1636,36,6,20240927,20250927,renewed,2977.17
1637,36,1,20241105,20251105,renewed,2533.25
1638,36,6,20240824,20250824,renewed,7639.92
1639,36,4,20230413,20240412,renewed,653.5
1640,36,4,20230624,20240623,renewed,1363.24
1641,36,4,20231215,20241214,lapsed,512.07
1642,36,6,20240225,20250224,renewed,5007.52
1643,36,4,20230717,20240716,renewed,897.38
1644,36,3,20230117,20240117,renewed,1691.58
1645,36,2,20230308,20240307,lapsed,1407.76
1646,36,5,20240627,20250627,renewed,758.75
1647,36,2,20230405,20240404,renewed,3296.98
1648,36,4,20240512,20250512,renewed,1881.09
1649,36,4,20241030,20251030,lapsed,268.29
1650,36,1,20230717,20240716,grace,3008.77
1651,36,2,20230402,20240401,lapsed,765.48
1652,36,4,20240812,20250812,lapsed,977.53
1653,37,5,20230207,20240207,grace,1007.46
1654,37,3,20230526,20240525,renewed,1218.65
1655,37,6,20230716,20240715,renewed,6656.6
1656,37,4,20230617,20240616,renewed,951.89
1657,37,3,20241103,20251103,renewed,2761.17
1658,37,6,20240720,20250720,renewed,7499.46
1659,37,3,20240217,20250216,renewed,2420.54
1660,37,1,20230125,20240125,renewed,2880.26
1661,37,4,20241023,20251023,lapsed,2189.19
1662,37,2,20240124,20250123,renewed,2928.57
1663,37,2,20240902,20250902,renewed,2417.9
1664,37,1,20231116,20241115,renewed,2906.48
1665,37,1,20231027,20241026,renewed,4410.58
1666,37,5,20230821,20240820,renewed,373.09
1667,37,6,20230304,20240303,renewed,871.58
1668,37,6,20240708,20250708,renewed,3068.17
1669,37,5,20240311,20250311,renewed,784.48
1670,37,3,20230916,20240915,renewed,2166.91
1671,37,5,20231129,20241128,renewed,150.37
1672,37,5,20231223,20241222,renewed,689.91
1673,37,3,20240527,20250527,lapsed,927.83
1674,37,6,20231113,20241112,renewed,2683.46
1675,37,5,20240117,20250116,renewed,127.47
1676,37,4,20230127,20240127,renewed,2783.64
1677,37,3,20231009,20241008,lapsed,2970.02
1678,37,4,20230317,20240316,renewed,278.81
1679,37,1,20240603,20250603,renewed,868.41
1680,37,6,20231101,20241031,renewed,908.17
1681,37,3,20240502,20250502,renewed,726.75
1682,37,2,20230603,20240602,renewed,2047.42
1683,37,2,20230319,20240318,renewed,3997.25
1684,37,2,20230111,20240111,renewed,3426.07
1685,37,6,20240422,20250422,renewed,4810.45
1686,37,3,20231025,20241024,renewed,1163.27
1687,37,2,20230601,20240531,renewed,1071.96
1688,37,2,20240313,20250313,renewed,3801.91
1689,37,1,20240414,20250414,renewed,1243.42
1690,37,5,20231124,20241123,renewed,910.78
1691,37,2,20240928,20250928,renewed,2384.49
1692,37,3,20240103,20250102,renewed,2977.97
1693,37,3,20240309,20250309,renewed,1837.51
1694,37,3,20240506,20250506,grace,2504.01
1695,37,1,20240218,20250217,renewed,600.04
1696,37,2,20230114,20240114,renewed,1042.96
1697,37,5,20240726,20250726,renewed,584.72
1698,37,4,20240921,20250921,renewed,1009.18
1699,37,6,20240702,20250702,renewed,6339.4
1700,37,1,20240128,20250127,renewed,545.64
1701,37,3,20230711,20240710,grace,1563.35
1702,37,3,20230404,20240403,renewed,1354.47
1703,37,1,20240702,20250702,renewed,4898.33
1704,37,2,20240719,20250719,renewed,1942.94
1705,37,1,20230427,20240426,renewed,3113.98
1706,37,4,20230616,20240615,renewed,1471.61
1707,37,3,20230824,20240823,renewed,2668.3
1708,37,1,20240906,20250906,lapsed,2230.69
1709,37,2,20240908,20250908,renewed,4531.0
1710,37,5,20240525,20250525,grace,344.91
1711,37,5,20230731,20240730,renewed,122.91
1712,37,5,20240630,20250630,renewed,1013.4
1713,37,5,20230508,20240507,renewed,593.58
1714,37,2,20230109,20240109,renewed,4347.98
1715,37,4,20240326,20250326,renewed,538.72
1716,37,6,20230915,20240914,renewed,1764.93
1717,37,5,20230110,20240110,renewed,1132.47
1718,37,6,20230405,20240404,renewed,3328.14
1719,37,1,20231113,20241112,renewed,4998.12
1720,37,5,20230508,20240507,renewed,384.21
1721,37,4,20231119,20241118,renewed,1350.34
1722,37,4,20230726,20240725,renewed,1271.41
1723,37,1,20230206,20240206,lapsed,890.92
1724,37,5,20240321,20250321,renewed,1143.84
1725,37,5,20240405,20250405,renewed,596.57
1726,37,2,20240616,20250616,grace,3103.07
1727,37,4,20230506,20240505,renewed,485.39
1728,37,2,20230606,20240605,renewed,3299.95
1729,37,3,20231005,20241004,renewed,2800.32
1730,37,1,20230830,20240829,lapsed,4708.02
1731,37,4,20240612,20250612,renewed,871.41
1732,37,3,20230421,20240420,renewed,316.93
1733,38,4,20231203,20241202,renewed,2234.48
1734,38,2,20230421,20240420,renewed,1906.27
1735,38,1,20241004,20251004,renewed,964.86
1736,38,4,20240811,20250811,renewed,840.12
1737,38,6,20240326,20250326,renewed,3820.22
1738,38,3,20230522,20240521,renewed,2012.43
1739,38,6,20231226,20241225,lapsed,5179.97
1740,38,4,20231031,20241030,renewed,827.25
1741,38,2,20240223,20250222,renewed,3647.51
1742,38,2,20230612,20240611,renewed,4162.65
1743,38,6,20240213,20250212,renewed,7639.45
1744,38,3,20230530,20240529,lapsed,748.46
1745,38,1,20240713,20250713,lapsed,3768.45
1746,38,6,20240330,20250330,lapsed,735.45
1747,38,6,20231021,20241020,renewed,1966.26
1748,38,3,20240524,20250524,grace,2379.57
1749,38,3,20230225,20240225,renewed,1564.97
1750,38,3,20230813,20240812,renewed,1501.4
1751,38,5,20231226,20241225,grace,825.95
1752,38,2,20240903,20250903,renewed,708.53
1753,38,3,20240321,20250321,renewed,319.77
1754,38,2,20230823,20240822,renewed,3437.83
1755,38,1,20231121,20241120,renewed,440.55
1756,38,4,20241115,20251115,renewed,1524.86
1757,38,4,20231113,20241112,renewed,1960.25
1758,38,6,20231010,20241009,grace,6101.05
1759,38,5,20240626,20250626,renewed,1090.16
1760,38,5,20231222,20241221,renewed,217.53
1761,38,5,20230321,20240320,renewed,1062.01
1762,38,1,20240808,20250808,grace,591.26
1763,38,2,20231204,20241203,lapsed,616.22
1764,38,2,20240426,20250426,renewed,3604.99
1765,38,5,20230422,20240421,renewed,662.7
1766,38,4,20231202,20241201,grace,1007.13
1767,38,1,20240703,20250703,grace,4282.49
1768,38,3,20240418,20250418,renewed,1710.46
1769,38,3,20231114,20241113,renewed,1797.06
1770,38,1,20230711,20240710,grace,1500.35
1771,38,6,20240422,20250422,renewed,6998.32
1772,38,6,20240117,20250116,lapsed,7346.68
1773,38,6,20240704,20250704,renewed,5004.82
1774,38,2,20240330,20250330,renewed,3517.45
1775,38,5,20230808,20240807,renewed,235.27
1776,38,6,20230216,20240216,renewed,5212.01
1777,38,6,20231220,20241219,renewed,5103.56
1778,38,2,20230126,20240126,renewed,4670.53
1779,38,4,20231218,20241217,grace,2012.86
1780,38,2,20230131,20240131,renewed,4437.97
1781,39,4,20230118,20240118,renewed,2237.21
1782,39,4,20231211,20241210,renewed,1767.89
1783,39,3,20241001,20251001,grace,1055.48
1784,39,6,20231102,20241101,renewed,670.76
1785,39,6,20230908,20240907,lapsed,1815.03
1786,39,2,20240227,20250226,lapsed,3064.98
1787,39,5,20231218,20241217,lapsed,690.89
1788,39,6,20230908,20240907,renewed,964.89
1789,39,4,20240721,20250721,renewed,1886.37
1790,39,1,20240627,20250627,renewed,4763.42
1791,39,4,20240702,20250702,renewed,821.98
1792,39,3,20231115,20241114,renewed,2401.5
1793,39,6,20230429,20240428,renewed,6959.77
1794,39,5,20230531,20240530,renewed,1114.97
1795,39,4,20231012,20241011,renewed,2214.23
1796,39,3,20240706,20250706,grace,1971.85
1797,39,6,20240329,20250329,renewed,4890.18
1798,39,1,20230602,20240601,renewed,4438.61
1799,39,1,20240712,20250712,renewed,2156.68
1800,39,4,20240312,20250312,renewed,2681.6
1801,39,4,20241102,20251102,renewed,1550.58
1802,39,3,20240805,20250805,renewed,1246.75
1803,39,6,20240606,20250606,renewed,4481.11
1804,39,6,20230630,20240629,lapsed,3717.02
1805,39,3,20230820,20240819,grace,2310.47
1806,39,5,20240222,20250221,renewed,400.07
1807,39,3,20240522,20250522,lapsed,315.29
1808,39,3,20240612,20250612,renewed,1288.8
1809,39,3,20230711,20240710,renewed,1979.91
1810,39,5,20230203,20240203,renewed,329.46
1811,39,6,20230307,20240306,renewed,2217.24
1812,39,2,20240430,20250430,renewed,4556.21
1813,39,6,20240428,20250428,renewed,5782.29
1814,39,5,20230426,20240425,renewed,288.28
1815,39,6,20240216,20250215,lapsed,3819.8
1816,39,5,20240320,20250320,lapsed,802.64
1817,39,4,20231102,20241101,lapsed,2965.38
1818,39,5,20240506,20250506,lapsed,570.33
1819,39,4,20230810,20240809,renewed,1389.69
1820,39,2,20230109,20240109,renewed,3501.37
1821,39,4,20240830,20250830,lapsed,2710.68
1822,39,2,20240419,20250419,lapsed,3333.56
1823,39,3,20230212,20240212,renewed,370.92
1824,39,6,20230528,20240527,renewed,1073.62
1825,39,2,20240707,20250707,renewed,4145.51
1826,39,4,20240630,20250630,lapsed,2167.92
1827,39,5,20240313,20250313,lapsed,549.41
1828,39,2,20231220,20241219,lapsed,4841.08
1829,39,6,20230130,20240130,renewed,2816.86
1830,39,1,20230719,20240718,lapsed,2961.84
1831,39,6,20240718,20250718,renewed,1368.54
1832,39,5,20240216,20250215,renewed,1161.49
1833,39,3,20240920,20250920,renewed,2520.78
1834,39,6,20240617,20250617,renewed,7374.9
1835,39,2,20240923,20250923,renewed,1093.74
1836,39,4,20231106,20241105,renewed,2188.18
1837,39,5,20240406,20250406,lapsed,114.09
1838,40,4,20230913,20240912,renewed,363.41
1839,40,3,20240624,20250624,renewed,2431.36
1840,40,1,20240917,20250917,renewed,1239.17
1841,40,5,20230911,20240910,lapsed,374.83
1842,40,6,20230707,20240706,renewed,2085.26
1843,40,5,20231126,20241125,grace,903.53
1844,40,1,20230507,20240506,renewed,669.43
1845,40,1,20230706,20240705,renewed,4064.84
1846,40,5,20230829,20240828,renewed,1090.12
1847,40,4,20240527,20250527,lapsed,1909.53
1848,40,3,20240915,20250915,renewed,1858.39
1849,40,2,20230822,20240821,lapsed,3844.11
1850,40,6,20231108,20241107,renewed,1473.6
1851,40,3,20230303,20240302,renewed,1582.1
1852,40,1,20240919,20250919,renewed,3364.61
1853,40,2,20240305,20250305,renewed,4118.31
1854,40,4,20230401,20240331,lapsed,1606.83
1855,40,2,20231130,20241129,renewed,2258.74
1856,40,4,20231112,20241111,renewed,1629.02
1857,40,4,20231001,20240930,renewed,589.56
1858,40,3,20230612,20240611,renewed,1854.83
1859,40,4,20230402,20240401,renewed,2679.62
1860,40,3,20240322,20250322,renewed,2400.24
1861,40,1,20230922,20240921,renewed,921.68
1862,40,5,20241111,20251111,renewed,768.39
1863,40,1,20230404,20240403,renewed,799.32
1864,40,5,20230507,20240506,renewed,323.23
1865,40,2,20230430,20240429,lapsed,4756.39
1866,40,2,20230621,20240620,lapsed,942.13
1867,40,1,20230806,20240805,renewed,410.49
1868,40,2,20231002,20241001,renewed,3966.47
1869,40,6,20230612,20240611,renewed,1333.86
1870,40,1,20241115,20251115,renewed,1787.27
1871,40,2,20240624,20250624,renewed,2015.89
1872,40,2,20231017,20241016,lapsed,2124.24
1873,40,6,20240922,20250922,renewed,2601.62
1874,40,3,20230118,20240118,renewed,532.82
1875,40,6,20241011,20251011,renewed,2096.38
1876,40,2,20240212,20250211,renewed,1991.77
1877,40,3,20230310,20240309,renewed,302.87
1878,40,2,20230904,20240903,renewed,597.95
1879,40,6,20230504,20240503,renewed,3116.24
1880,40,5,20240218,20250217,renewed,692.22
1881,40,3,20240513,20250513,renewed,1435.37
1882,40,6,20231010,20241009,renewed,4991.63
1883,40,2,20230221,20240221,renewed,2117.78
1884,40,5,20230315,20240314,renewed,338.74
1885,40,5,20230129,20240129,renewed,1130.2
1886,40,6,20231017,20241016,lapsed,7490.8
1887,40,2,20240611,20250611,renewed,702.36
1888,40,1,20230124,20240124,renewed,1013.7
1889,40,1,20240619,20250619,renewed,3750.38
1890,40,2,20231122,20241121,renewed,1436.04
1891,40,6,20240120,20250119,renewed,2469.8
1892,40,5,20231120,20241119,lapsed,248.22
1893,40,6,20230729,20240728,renewed,4514.9
1894,40,3,20240716,20250716,renewed,1973.18
1895,40,4,20241126,20251126,renewed,762.37
1896,40,1,20230309,20240308,renewed,1128.34
1897,40,3,20240423,20250423,lapsed,511.61
1898,40,2,20231017,20241016,renewed,1156.22
1899,40,5,20230415,20240414,renewed,219.14
1900,40,6,20230504,20240503,renewed,1362.48
1901,40,1,20230602,20240601,renewed,3106.68
1902,40,4,20230427,20240426,grace,1202.15
1903,40,3,20240309,20250309,grace,971.42
1904,40,2,20240124,20250123,grace,1809.65
1905,40,6,20240428,20250428,renewed,4997.72
1906,40,4,20240428,20250428,renewed,2624.16
1907,42,4,20240211,20250210,renewed,428.93
1908,42,4,20230202,20240202,grace,1666.28
1909,42,4,20240530,20250530,renewed,1388.18
1910,42,1,20230712,20240711,lapsed,2189.4
1911,42,4,20240601,20250601,renewed,2587.58
1912,42,6,20230707,20240706,renewed,3565.63
1913,42,4,20230731,20240730,lapsed,1524.19
1914,42,6,20231123,20241122,lapsed,1601.0
1915,42,6,20230128,20240128,grace,7286.72
1916,42,4,20230701,20240630,renewed,2290.99
1917,42,4,20231120,20241119,renewed,1741.72
1918,42,4,20240214,20250213,renewed,2232.57
1919,42,1,20230415,20240414,renewed,2893.94
1920,42,1,20230611,20240610,renewed,520.83
1921,42,1,20230119,20240119,renewed,1469.24
1922,42,6,20240320,20250320,lapsed,779.42
1923,42,4,20231212,20241211,lapsed,1644.93
1924,42,6,20240613,20250613,renewed,7227.55
1925,42,1,20240723,20250723,lapsed,1103.5
1926,42,1,20231106,20241105,lapsed,3028.85
1927,42,4,20231103,20241102,renewed,675.56
1928,42,4,20231113,20241112,renewed,2222.8
1929,42,5,20240105,20250104,lapsed,120.01
1930,42,5,20240729,20250729,lapsed,296.78
1931,42,1,20230226,20240226,renewed,3944.26
1932,42,4,20240906,20250906,renewed,2581.65
1933,42,2,20240709,20250709,lapsed,2233.28
1934,42,4,20230304,20240303,renewed,2330.98
1935,42,1,20240827,20250827,renewed,4140.7
1936,42,3,20240330,20250330,lapsed,2515.76
1937,42,2,20240109,20250108,renewed,3570.68
1938,42,1,20240110,20250109,renewed,1699.05
1939,42,3,20230811,20240810,lapsed,435.67
1940,42,2,20240112,20250111,lapsed,2837.2
1941,42,3,20230629,20240628,renewed,1517.57
1942,42,5,20240329,20250329,renewed,1092.76
1943,42,2,20240121,20250120,renewed,4461.4
1944,42,2,20240916,20250916,renewed,4286.47
1945,42,3,20231011,20241010,renewed,2447.63
1946,42,5,20240921,20250921,renewed,718.41
1947,42,4,20240417,20250417,lapsed,781.59
1948,42,2,20230102,20240102,renewed,1720.98
1949,42,2,20240111,20250110,lapsed,1577.43
1950,42,5,20241001,20251001,renewed,266.85
1951,42,3,20241022,20251022,grace,1396.27
1952,42,2,20230927,20240926,renewed,1425.31
1953,42,1,20240819,20250819,renewed,1311.8
1954,42,5,20230415,20240414,renewed,203.84
1955,42,1,20231214,20241213,grace,4669.33
1956,42,5,20240225,20250224,renewed,198.18
1957,42,1,20231029,20241028,renewed,2663.5
1958,42,5,20230316,20240315,renewed,505.15
1959,42,1,20240103,20250102,lapsed,4468.38
1960,42,4,20241118,20251118,lapsed,999.26
1961,42,4,20231027,20241026,renewed,1935.48
1962,42,4,20240725,20250725,renewed,935.43
1963,42,3,20241030,20251030,lapsed,2556.75
1964,42,4,20240213,20250212,renewed,2160.07
1965,42,4,20230708,20240707,renewed,2570.23
1966,42,1,20240816,20250816,grace,3337.25
1967,42,4,20240211,20250210,lapsed,488.6
1968,43,5,20241113,20251113,renewed,358.73
1969,43,6,20230405,20240404,renewed,2558.03
1970,43,6,20230125,20240125,renewed,2801.29
1971,43,5,20230722,20240721,renewed,243.77
1972,43,2,20230128,20240128,renewed,1102.4
1973,43,5,20241103,20251103,renewed,997.66
1974,43,1,20230109,20240109,renewed,3674.33
1975,43,4,20230208,20240208,renewed,2378.59
1976,43,4,20230911,20240910,lapsed,342.84
1977,43,3,20230123,20240123,renewed,1986.44
1978,43,5,20240809,20250809,lapsed,317.15
1979,43,2,20230218,20240218,renewed,2707.89
1980,43,5,20230404,20240403,lapsed,909.19
1981,43,1,20230623,20240622,renewed,677.15
1982,43,2,20230502,20240501,lapsed,1171.73
1983,43,3,20241126,20251126,lapsed,1139.5
1984,43,2,20241004,20251004,lapsed,4028.0
1985,43,6,20240907,20250907,lapsed,5237.83
1986,43,1,20230225,20240225,grace,1690.55
1987,43,5,20231204,20241203,grace,947.5
1988,43,4,20230701,20240630,renewed,363.65
1989,43,3,20240829,20250829,renewed,415.3
1990,43,6,20240707,20250707,renewed,4155.23
1991,43,1,20230417,20240416,lapsed,942.74
1992,43,3,20231229,20241228,renewed,1939.04
1993,43,3,20240817,20250817,renewed,1806.48
1994,43,2,20230301,20240229,grace,2554.26
1995,43,6,20230506,20240505,renewed,2546.7
1996,43,5,20240615,20250615,lapsed,493.42
1997,43,4,20240907,20250907,lapsed,286.94
1998,43,5,20231016,20241015,lapsed,1117.27
1999,43,4,20230904,20240903,lapsed,2301.36
2000,43,3,20231209,20241208,renewed,1273.89
2001,43,4,20241029,20251029,lapsed,2951.19
2002,43,5,20230425,20240424,renewed,805.12
2003,43,5,20240505,20250505,renewed,399.04
2004,43,3,20231123,20241122,renewed,2942.81
2005,43,2,20230816,20240815,renewed,1393.93
2006,43,2,20240708,20250708,renewed,4907.23
2007,43,5,20240928,20250928,renewed,856.56
2008,43,1,20241113,20251113,renewed,3923.47
2009,43,4,20230919,20240918,renewed,431.58
2010,43,4,20240117,20250116,lapsed,842.59
2011,43,4,20230301,20240229,renewed,360.56
2012,43,1,20231129,20241128,renewed,4366.16
2013,43,5,20230613,20240612,renewed,602.89
2014,43,3,20230418,20240417,lapsed,1559.08
2015,43,6,20231027,20241026,renewed,6963.93
2016,43,3,20240324,20250324,renewed,325.74
2017,43,4,20241008,20251008,renewed,2848.36
2018,43,1,20240915,20250915,renewed,1186.74
2019,43,4,20230212,20240212,lapsed,1412.67
2020,44,2,20230507,20240506,lapsed,2832.51
2021,44,4,20230219,20240219,lapsed,2132.83
2022,44,2,20240412,20250412,renewed,789.99
2023,44,3,20230511,20240510,renewed,665.4
2024,44,2,20230322,20240321,renewed,2361.15
2025,44,6,20230909,20240908,grace,2399.65
2026,44,6,20230424,20240423,renewed,1382.32
2027,44,4,20230519,20240518,lapsed,513.18
2028,44,6,20231022,20241021,lapsed,5091.3
2029,44,4,20240315,20250315,renewed,291.54
2030,44,4,20231206,20241205,renewed,1364.73
2031,44,2,20231212,20241211,renewed,1158.93
2032,44,1,20240630,20250630,renewed,1811.41
2033,44,2,20230407,20240406,lapsed,3190.04
2034,44,3,20230609,20240608,renewed,1297.3
2035,44,1,20240329,20250329,renewed,3254.81
2036,44,5,20240913,20250913,lapsed,1074.37
2037,44,1,20241114,20251114,grace,4893.21
2038,44,6,20230721,20240720,lapsed,917.37
2039,44,4,20240425,20250425,renewed,1008.07
2040,44,2,20241111,20251111,lapsed,1287.92
2041,44,2,20231226,20241225,grace,3690.51
2042,45,4,20240328,20250328,renewed,446.58
2043,45,5,20231107,20241106,renewed,1037.59
2044,45,1,20230815,20240814,renewed,1867.97
2045,45,5,20231005,20241004,renewed,846.85
2046,45,3,20240909,20250909,renewed,1210.01
2047,45,6,20241103,20251103,renewed,1136.05
2048,45,2,20230129,20240129,renewed,2910.15
2049,45,3,20230130,20240130,renewed,2226.65
2050,45,2,20230425,20240424,renewed,1828.62
2051,45,3,20241007,20251007,renewed,578.82
2052,45,2,20230724,20240723,grace,4103.11
2053,45,6,20240811,20250811,lapsed,3660.22
2054,45,2,20230617,20240616,renewed,941.41
2055,45,4,20231207,20241206,renewed,309.37
2056,45,3,20231217,20241216,renewed,492.63
2057,45,2,20240106,20250105,renewed,1433.27
2058,45,5,20241101,20251101,lapsed,472.16
2059,45,4,20231026,20241025,renewed,1149.87
2060,45,6,20240529,20250529,renewed,7785.65
2061,45,6,20230910,20240909,grace,6568.69
2062,45,2,20231023,20241022,lapsed,3923.27
2063,45,6,20230203,20240203,renewed,1100.38
2064,45,3,20230910,20240909,renewed,671.87
2065,45,2,20230203,20240203,renewed,3961.5
2066,45,1,20230203,20240203,renewed,1892.54
2067,45,4,20240906,20250906,renewed,2530.42
2068,45,5,20241016,20251016,renewed,411.09
2069,45,1,20231226,20241225,renewed,4407.76
2070,45,6,20231117,20241116,renewed,5130.78
2071,45,3,20241008,20251008,renewed,454.19
2072,45,1,20240418,20250418,renewed,1714.24
2073,45,1,20231230,20241229,lapsed,2145.46
2074,45,4,20240120,20250119,renewed,831.18
2075,45,2,20231003,20241002,grace,3488.99
2076,45,6,20231031,20241030,renewed,6576.3
2077,45,6,20240708,20250708,renewed,6018.48
2078,45,3,20230619,20240618,lapsed,287.67
2079,45,1,20230120,20240120,renewed,1789.06
2080,45,4,20230807,20240806,renewed,467.44
2081,45,6,20231007,20241006,renewed,6615.28
2082,45,4,20240604,20250604,renewed,877.08
2083,45,4,20230221,20240221,renewed,517.31
2084,45,1,20230121,20240121,renewed,2321.25
2085,45,2,20230520,20240519,renewed,4570.77
2086,45,3,20230615,20240614,grace,767.38
2087,46,1,20240611,20250611,renewed,3499.93
2088,46,1,20231226,20241225,renewed,2557.53
2089,46,6,20241006,20251006,renewed,5973.46
2090,46,2,20240128,20250127,renewed,520.93
2091,46,5,20230707,20240706,renewed,484.33
2092,46,3,20240411,20250411,renewed,2928.61
2093,46,3,20240206,20250205,renewed,1376.93
2094,46,1,20240217,20250216,renewed,3684.33
2095,46,1,20230306,20240305,renewed,1070.14
2096,46,6,20230102,20240102,renewed,1075.62
2097,46,2,20230613,20240612,renewed,4186.06
2098,46,5,20240417,20250417,grace,507.85
2099,46,1,20230720,20240719,renewed,3034.07
2100,46,6,20231004,20241003,renewed,892.47
2101,46,5,20230606,20240605,grace,880.49
2102,46,1,20240426,20250426,renewed,1071.28
2103,46,5,20230506,20240505,renewed,1067.31
2104,46,4,20230409,20240408,grace,1232.9
2105,46,4,20240201,20250131,lapsed,2221.62
2106,46,1,20230130,20240130,renewed,2227.87
2107,46,2,20240707,20250707,renewed,3262.33
2108,46,6,20241103,20251103,renewed,1808.88
2109,46,5,20230909,20240908,renewed,850.99
2110,46,1,20240101,20241231,renewed,4371.18
2111,46,5,20241109,20251109,renewed,607.71
2112,46,1,20240501,20250501,lapsed,2655.63
2113,46,1,20231123,20241122,renewed,2733.4
2114,46,4,20240911,20250911,renewed,2920.13
2115,46,5,20230830,20240829,renewed,673.0
2116,46,3,20241114,20251114,renewed,2010.58
2117,46,4,20241022,20251022,renewed,2301.41
2118,46,5,20240827,20250827,renewed,857.13
2119,46,5,20230821,20240820,grace,396.11
2120,46,4,20231209,20241208,renewed,749.28
2121,46,3,20231127,20241126,renewed,2758.88
2122,46,3,20230724,20240723,renewed,2456.18
2123,46,1,20240602,20250602,lapsed,2031.26
2124,46,6,20230622,20240621,renewed,7445.04
2125,46,1,20230918,20240917,grace,4135.15
2126,46,4,20240410,20250410,lapsed,1121.12
2127,46,1,20240423,20250423,renewed,4849.72
2128,46,5,20230318,20240317,renewed,502.66
2129,46,6,20240710,20250710,renewed,6436.38
2130,46,5,20240130,20250129,renewed,438.81
2131,46,6,20230526,20240525,grace,3346.92
2132,46,2,20230315,20240314,renewed,4180.39
2133,46,5,20240427,20250427,lapsed,1191.63
2134,46,5,20230706,20240705,renewed,814.77
2135,46,5,20230531,20240530,lapsed,568.6
2136,46,4,20241122,20251122,renewed,568.13
2137,46,1,20240211,20250210,renewed,3849.44
2138,46,1,20240615,20250615,lapsed,1938.0
2139,46,6,20240531,20250531,renewed,3186.12
2140,46,4,20230521,20240520,renewed,1108.73
2141,46,2,20240915,20250915,renewed,4035.42
2142,46,4,20240919,20250919,renewed,1966.07
2143,46,4,20231020,20241019,renewed,1946.93
2144,46,4,20240108,20250107,renewed,2937.97
2145,46,4,20230325,20240324,renewed,2788.85
2146,47,1,20240707,20250707,lapsed,3432.45
2147,47,5,20240319,20250319,grace,818.72
2148,47,1,20230608,20240607,renewed,4666.31
2149,47,4,20231220,20241219,renewed,1797.3
2150,47,2,20240109,20250108,renewed,4689.41
2151,47,4,20230607,20240606,renewed,2008.14
2152,47,6,20240509,20250509,lapsed,2649.68
2153,47,1,20240610,20250610,renewed,3521.42
2154,47,1,20240119,20250118,renewed,4195.0
2155,47,5,20240131,20250130,lapsed,123.63
2156,47,6,20230417,20240416,renewed,4653.22
2157,47,4,20230801,20240731,renewed,1693.73
2158,47,5,20230712,20240711,renewed,789.66
2159,47,5,20240209,20250208,renewed,246.85
2160,47,1,20230917,20240916,grace,3196.6
2161,47,6,20240225,20250224,renewed,1648.82
2162,47,1,20230530,20240529,renewed,4170.84
2163,47,3,20230624,20240623,renewed,1367.09
2164,47,3,20230228,20240228,renewed,2077.67
2165,47,4,20240105,20250104,renewed,1882.06
2166,47,5,20240207,20250206,lapsed,919.45
2167,47,4,20240217,20250216,grace,883.56
2168,47,5,20240809,20250809,renewed,666.6
2169,47,2,20230720,20240719,renewed,1795.28
2170,47,6,20241020,20251020,lapsed,7689.33
2171,47,5,20230529,20240528,renewed,674.16
2172,47,5,20230731,20240730,renewed,655.67
2173,47,5,20241114,20251114,grace,999.08
2174,47,2,20240622,20250622,renewed,456.69
2175,47,1,20230925,20240924,lapsed,2771.94
2176,47,3,20230731,20240730,lapsed,1587.58
2177,47,5,20230920,20240919,renewed,770.98
2178,47,5,20240308,20250308,renewed,1114.29
2179,47,2,20230625,20240624,renewed,2193.75
2180,47,2,20240518,20250518,renewed,4207.18
2181,47,5,20230925,20240924,lapsed,212.59
2182,47,5,20231114,20241113,grace,880.3
2183,47,2,20231031,20241030,renewed,1613.98
2184,47,6,20230620,20240619,lapsed,2111.41
2185,47,4,20240827,20250827,renewed,418.9
2186,47,5,20230104,20240104,renewed,122.96
2187,47,3,20230623,20240622,renewed,352.55
2188,47,1,20240425,20250425,renewed,4030.41
2189,47,4,20240528,20250528,renewed,2059.28
2190,47,3,20230319,20240318,lapsed,2671.02
2191,47,3,20240724,20250724,lapsed,1622.55
2192,47,4,20230225,20240225,renewed,919.65
2193,47,4,20230201,20240201,renewed,1056.51
2194,47,1,20231229,20241228,renewed,3560.89
2195,48,4,20230413,20240412,grace,1875.1
2196,48,3,20230221,20240221,renewed,1648.55
2197,48,2,20241008,20251008,renewed,4088.51
2198,48,5,20230524,20240523,renewed,285.99
2199,48,4,20230616,20240615,grace,473.0
2200,48,2,20230622,20240621,renewed,1023.67
2201,48,2,20230512,20240511,renewed,2096.88
2202,48,4,20241008,20251008,renewed,1825.24
2203,48,3,20240130,20250129,renewed,2752.64
2204,48,1,20230715,20240714,renewed,2070.47
2205,48,6,20241104,20251104,renewed,921.56
2206,48,6,20230713,20240712,renewed,6194.41
2207,48,5,20241106,20251106,renewed,247.36
2208,48,1,20240814,20250814,lapsed,404.09
2209,48,4,20231207,20241206,renewed,2138.88
2210,48,1,20240412,20250412,renewed,2392.4
2211,48,5,20231118,20241117,lapsed,198.58
2212,48,2,20240330,20250330,renewed,1616.6
2213,48,2,20230525,20240524,lapsed,2606.13
2214,48,5,20230207,20240207,renewed,494.0
2215,48,6,20240502,20250502,lapsed,4055.15
2216,48,6,20240225,20250224,renewed,7631.52
2217,48,4,20231226,20241225,renewed,1528.22
2218,48,2,20231116,20241115,renewed,4576.73
2219,48,4,20230407,20240406,renewed,775.65
2220,48,2,20230913,20240912,lapsed,3489.48
2221,48,4,20230309,20240308,renewed,2710.16
2222,48,5,20230603,20240602,renewed,143.52
2223,48,2,20230622,20240621,renewed,4319.79
2224,48,6,20230429,20240428,lapsed,3672.86
2225,48,6,20230508,20240507,renewed,2830.91
2226,48,6,20230914,20240913,renewed,6314.88
2227,48,6,20230930,20240929,renewed,1571.26
2228,48,6,20241030,20251030,renewed,6808.48
2229,48,6,20230717,20240716,renewed,3722.14
2230,48,4,20231110,20241109,lapsed,1775.4
2231,48,4,20230420,20240419,renewed,575.94
2232,48,4,20231224,20241223,lapsed,2524.96
2233,48,4,20240119,20250118,lapsed,1207.6
2234,48,3,20231106,20241105,lapsed,972.34
2235,48,2,20230215,20240215,renewed,450.89
2236,48,2,20230501,20240430,grace,3638.6
2237,48,5,20240516,20250516,lapsed,901.84
2238,48,6,20241011,20251011,renewed,843.01
2239,48,3,20230324,20240323,renewed,1091.41
2240,48,4,20241106,20251106,renewed,519.47
2241,48,3,20240421,20250421,renewed,1129.26
2242,48,6,20240305,20250305,renewed,6058.76
2243,48,4,20230921,20240920,renewed,398.4
2244,48,2,20240217,20250216,renewed,434.63
2245,48,1,20240623,20250623,lapsed,4655.52
2246,48,4,20230717,20240716,renewed,262.25
2247,48,3,20231017,20241016,lapsed,2821.39
2248,48,5,20230906,20240905,lapsed,224.66
2249,48,3,20240605,20250605,renewed,2244.22
2250,48,3,20231010,20241009,lapsed,2508.61
2251,48,4,20230626,20240625,renewed,555.21
2252,48,1,20230906,20240905,renewed,2817.45
2253,48,1,20240713,20250713,grace,4261.44
2254,48,6,20240104,20250103,renewed,7927.64
2255,49,3,20230815,20240814,renewed,495.33
2256,49,3,20230216,20240216,lapsed,1760.37
2257,49,2,20240709,20250709,lapsed,4365.8
2258,49,2,20240718,20250718,lapsed,1592.24
2259,49,6,20230119,20240119,lapsed,7193.67
2260,49,4,20240206,20250205,renewed,2535.83
2261,49,6,20240716,20250716,lapsed,696.77
2262,49,1,20230813,20240812,renewed,3517.74
2263,49,1,20230705,20240704,renewed,3844.06
2264,49,3,20240601,20250601,renewed,412.66
2265,49,3,20230726,20240725,renewed,441.0
2266,49,1,20240108,20250107,renewed,1019.03
2267,49,3,20240906,20250906,renewed,1025.73
2268,49,1,20230917,20240916,renewed,2506.49
2269,49,1,20230418,20240417,renewed,1002.67
2270,49,6,20240404,20250404,renewed,7594.76
2271,49,1,20240503,20250503,renewed,558.67
2272,49,2,20230225,20240225,grace,409.5
2273,49,1,20230610,20240609,renewed,4918.03
2274,49,3,20230903,20240902,renewed,920.43
2275,49,1,20230603,20240602,renewed,4906.94
2276,49,1,20240821,20250821,renewed,847.54
2277,49,5,20230329,20240328,renewed,629.14
2278,49,4,20240308,20250308,renewed,605.64
2279,49,1,20230214,20240214,renewed,4911.02
2280,49,2,20240701,20250701,renewed,4307.01
2281,49,1,20241123,20251123,renewed,3008.99
2282,49,5,20231022,20241021,renewed,927.17
2283,49,2,20240710,20250710,lapsed,4387.76
2284,49,5,20230416,20240415,renewed,346.26
2285,49,5,20240625,20250625,lapsed,758.76
2286,49,2,20240801,20250801,renewed,2281.96
2287,49,1,20241014,20251014,lapsed,4972.45
2288,49,1,20240226,20250225,lapsed,2377.15
2289,49,3,20230526,20240525,renewed,1836.06
2290,49,4,20240319,20250319,lapsed,678.61
2291,49,5,20230801,20240731,renewed,1149.7
2292,49,3,20241002,20251002,renewed,2658.73
2293,49,1,20241013,20251013,lapsed,992.91
2294,49,3,20230216,20240216,renewed,2927.27
2295,49,3,20230630,20240629,renewed,2589.58
2296,49,5,20240624,20250624,renewed,1185.07
2297,49,2,20230407,20240406,grace,2535.07
2298,49,2,20240612,20250612,grace,3981.97
2299,49,3,20240410,20250410,lapsed,456.32
2300,49,6,20240819,20250819,renewed,3918.58
2301,49,2,20240122,20250121,renewed,4560.28
2302,49,2,20231214,20241213,renewed,1806.09
2303,49,4,20230324,20240323,renewed,1561.71
2304,49,6,20231019,20241018,grace,3789.43
2305,49,3,20230316,20240315,renewed,1570.76
2306,49,5,20230903,20240902,renewed,805.4
2307,49,3,20240111,20250110,renewed,2435.93
2308,49,6,20230216,20240216,renewed,7655.66
2309,49,1,20240530,20250530,lapsed,2776.88
2310,49,3,20230717,20240716,renewed,1024.37
2311,49,5,20240209,20250208,lapsed,628.24
2312,49,3,20230425,20240424,renewed,1314.38
2313,49,2,20240210,20250209,renewed,2181.97
2314,49,2,20240726,20250726,lapsed,520.4
2315,49,6,20230527,20240526,renewed,1168.73
2316,49,4,20240314,20250314,renewed,2087.79
2317,49,2,20240410,20250410,renewed,2601.95
2318,49,6,20230515,20240514,renewed,1501.11
2319,49,2,20231202,20241201,renewed,3982.44
2320,49,1,20230614,20240613,renewed,1592.35
2321,49,3,20240224,20250223,renewed,1015.1
2322,49,5,20240410,20250410,renewed,274.15
2323,49,4,20230427,20240426,lapsed,1553.39
2324,49,2,20240218,20250217,renewed,2659.04
2325,49,5,20231219,20241218,renewed,411.72
2326,50,4,20240125,20250124,renewed,1555.01
2327,50,6,20241102,20251102,grace,6682.83
2328,50,6,20240321,20250321,renewed,1429.26
2329,50,4,20240401,20250401,renewed,1616.53
2330,50,5,20241029,20251029,lapsed,694.84
2331,50,5,20231118,20241117,renewed,318.29
2332,50,1,20240706,20250706,renewed,1670.16
2333,50,5,20230612,20240611,renewed,1163.46
2334,50,1,20231022,20241021,lapsed,2604.33
2335,50,5,20231224,20241223,renewed,197.78
2336,50,2,20230416,20240415,renewed,2375.77
2337,50,1,20240909,20250909,renewed,2510.48
2338,50,5,20240224,20250223,renewed,318.08
2339,50,4,20240321,20250321,lapsed,2260.22
2340,50,6,20230725,20240724,renewed,4028.2
2341,50,6,20231106,20241105,renewed,2082.69
2342,50,6,20230327,20240326,renewed,6625.7
2343,50,3,20240417,20250417,renewed,446.89
2344,50,4,20231125,20241124,lapsed,2703.39
2345,50,4,20240315,20250315,renewed,2399.22
2346,50,6,20230929,20240928,lapsed,5075.61
2347,50,4,20230815,20240814,grace,1807.81
2348,50,3,20230315,20240314,renewed,1083.72
2349,50,4,20240923,20250923,renewed,320.22
2350,50,6,20231212,20241211,lapsed,2568.6
2351,50,3,20230629,20240628,renewed,2799.93
2352,50,5,20231017,20241016,renewed,1184.21
2353,50,3,20240502,20250502,lapsed,1801.11
2354,50,3,20240817,20250817,lapsed,793.92
2355,50,4,20231112,20241111,renewed,2334.81
2356,50,6,20230628,20240627,grace,6056.33
2357,50,6,20231218,20241217,renewed,5045.36
2358,50,6,20230703,20240702,renewed,2757.86
2359,50,6,20230723,20240722,renewed,1493.65
2360,50,5,20240703,20250703,renewed,864.62
2361,50,4,20230507,20240506,lapsed,607.17
2362,50,5,20241013,20251013,lapsed,812.86
2363,50,5,20241028,20251028,grace,213.67
2364,50,2,20231223,20241222,renewed,1120.5
2365,50,2,20241018,20251018,renewed,1448.26
2366,50,6,20231203,20241202,renewed,3581.4
2367,50,1,20240131,20250130,renewed,651.77
2368,50,3,20231020,20241019,renewed,830.56
2369,50,1,20240929,20250929,grace,4277.76
2370,50,1,20240313,20250313,renewed,4943.93
2371,50,6,20231003,20241002,lapsed,5704.39
2372,50,5,20240220,20250219,renewed,296.92
2373,50,4,20231118,20241117,renewed,1568.2
2374,50,1,20231201,20241130,renewed,2767.53
2375,50,3,20241123,20251123,renewed,1189.31
2376,50,2,20230210,20240210,renewed,1152.89
2377,50,5,20231025,20241024,renewed,611.84
2378,50,3,20230610,20240609,renewed,2021.61
2379,50,4,20240112,20250111,renewed,2503.99
2380,50,1,20230304,20240303,renewed,3098.64
2381,51,4,20241020,20251020,renewed,363.02
2382,51,6,20240629,20250629,lapsed,2573.55
2383,51,3,20240321,20250321,renewed,2903.4
2384,51,3,20231222,20241221,renewed,1779.74
2385,51,3,20241023,20251023,renewed,2706.47
2386,51,1,20230812,20240811,renewed,1327.89
2387,51,5,20240904,20250904,lapsed,145.22
2388,51,6,20241124,20251124,renewed,5951.97
2389,51,2,20230316,20240315,lapsed,1109.06
2390,51,6,20230428,20240427,renewed,1483.37
2391,51,1,20231007,20241006,renewed,2139.16
2392,51,5,20231026,20241025,lapsed,999.59
2393,51,1,20241013,20251013,renewed,3384.73
2394,51,6,20230307,20240306,renewed,1552.08
2395,51,1,20230405,20240404,renewed,1047.89
2396,51,1,20231013,20241012,lapsed,1268.94
2397,51,4,20240207,20250206,grace,1537.41
2398,51,4,20240317,20250317,renewed,1543.02
2399,51,6,20230706,20240705,lapsed,4216.53
2400,51,6,20240728,20250728,lapsed,1461.8
2401,51,4,20240707,20250707,renewed,2473.88
2402,51,6,20230413,20240412,lapsed,5680.4
2403,51,2,20230505,20240504,renewed,3382.08
2404,51,1,20240423,20250423,lapsed,2997.12
2405,51,2,20240612,20250612,lapsed,2728.06
2406,51,2,20240422,20250422,renewed,1187.42
2407,51,4,20240606,20250606,renewed,2456.8
2408,51,1,20240406,20250406,renewed,2231.34
2409,51,6,20230718,20240717,renewed,1390.69
2410,51,4,20240730,20250730,renewed,273.71
2411,51,2,20231112,20241111,renewed,4592.22
2412,51,3,20240511,20250511,lapsed,745.25
2413,51,2,20241009,20251009,grace,3952.67
2414,51,5,20240830,20250830,renewed,1104.31
2415,51,5,20231110,20241109,lapsed,866.93
2416,51,1,20230105,20240105,renewed,3009.86
2417,51,6,20241005,20251005,renewed,3959.32
2418,51,5,20240901,20250901,lapsed,940.36
2419,51,5,20241005,20251005,renewed,709.1
2420,51,3,20230918,20240917,renewed,2549.98
2421,51,6,20231011,20241010,renewed,4151.54
2422,51,5,20230603,20240602,renewed,299.68
2423,51,3,20230416,20240415,renewed,840.41
2424,51,1,20241126,20251126,renewed,1205.88
2425,51,4,20240628,20250628,renewed,1575.91
2426,51,1,20230427,20240426,lapsed,3952.09
2427,51,4,20240828,20250828,grace,386.38
2428,51,2,20240827,20250827,renewed,2184.56
2429,51,3,20240811,20250811,renewed,911.94
2430,51,2,20241122,20251122,renewed,4304.65
2431,51,1,20230623,20240622,lapsed,3749.44
2432,51,5,20240319,20250319,lapsed,287.84
2433,51,6,20230325,20240324,grace,2275.96
2434,51,5,20240228,20250227,renewed,500.72
2435,51,5,20230508,20240507,renewed,1176.15
2436,51,5,20240810,20250810,lapsed,562.19
2437,51,1,20231030,20241029,renewed,3989.93
2438,51,3,20230501,20240430,renewed,1907.64
2439,51,5,20240519,20250519,renewed,189.13
2440,51,5,20230916,20240915,renewed,778.64
2441,51,1,20230803,20240802,renewed,2508.0
2442,51,5,20230105,20240105,renewed,290.88
2443,51,4,20230427,20240426,renewed,1164.61
2444,51,2,20240820,20250820,renewed,3757.76
2445,51,6,20230914,20240913,renewed,7157.86
2446,52,2,20240316,20250316,renewed,815.91
2447,52,6,20231109,20241108,renewed,6509.94
2448,52,6,20240928,20250928,lapsed,1867.5
2449,52,5,20230205,20240205,renewed,687.51
2450,52,3,20230306,20240305,renewed,1524.27
2451,52,2,20240602,20250602,renewed,4199.53
2452,52,4,20230422,20240421,renewed,2858.98
2453,52,5,20240507,20250507,grace,1184.0
2454,52,5,20240322,20250322,lapsed,664.61
2455,52,4,20240728,20250728,renewed,2303.31
2456,52,6,20230402,20240401,renewed,525.72
2457,52,1,20240801,20250801,renewed,2428.44
2458,52,1,20231102,20241101,renewed,4135.4
2459,52,6,20230202,20240202,renewed,7252.84
2460,52,4,20230420,20240419,lapsed,1304.27
2461,52,3,20241104,20251104,renewed,2365.92
2462,52,6,20240124,20250123,lapsed,6603.38
2463,52,5,20230103,20240103,renewed,192.94
2464,52,3,20230224,20240224,renewed,2879.1
2465,52,1,20230402,20240401,renewed,4356.8
2466,52,5,20240607,20250607,renewed,1129.39
2467,52,1,20240225,20250224,renewed,4643.48
2468,52,1,20230529,20240528,renewed,1602.76
2469,52,3,20231020,20241019,grace,1665.96
2470,52,3,20241017,20251017,renewed,1328.23
2471,52,1,20240318,20250318,renewed,3387.19
2472,52,2,20240827,20250827,renewed,1519.16
2473,52,4,20240517,20250517,renewed,623.08
2474,52,5,20230203,20240203,renewed,907.52
2475,52,6,20231221,20241220,renewed,6533.94
2476,52,5,20230105,20240105,renewed,338.56
2477,52,5,20231113,20241112,renewed,888.6
2478,52,3,20230214,20240214,renewed,1617.17
2479,52,3,20240228,20250227,renewed,1946.41
2480,52,3,20241015,20251015,renewed,285.95
2481,52,2,20240718,20250718,renewed,3780.12
2482,52,2,20240204,20250203,renewed,743.35
2483,52,1,20241125,20251125,renewed,4348.09
2484,52,3,20240215,20250214,renewed,2095.29
2485,52,1,20240309,20250309,renewed,1292.26
2486,52,3,20240120,20250119,renewed,881.7
2487,52,6,20240619,20250619,lapsed,6870.23
2488,52,4,20231213,20241212,renewed,2235.74
2489,52,1,20241022,20251022,lapsed,1608.07
2490,52,2,20230201,20240201,renewed,1905.48
2491,52,3,20240527,20250527,renewed,978.34
2492,52,4,20230507,20240506,renewed,509.08
2493,52,5,20231129,20241128,renewed,686.68
2494,52,1,20240502,20250502,renewed,2822.22
2495,52,2,20230624,20240623,renewed,950.42
2496,52,2,20240716,20250716,renewed,2058.3
2497,52,1,20240709,20250709,renewed,492.6
2498,53,1,20230818,20240817,lapsed,4369.2
2499,53,1,20240811,20250811,renewed,3689.49
2500,53,3,20230624,20240623,lapsed,2693.05
2501,53,6,20230619,20240618,renewed,2747.45
2502,53,5,20230929,20240928,renewed,981.85
2503,53,4,20231030,20241029,lapsed,2067.5
2504,53,6,20241116,20251116,lapsed,1172.14
2505,53,5,20231031,20241030,renewed,465.03
2506,53,2,20240919,20250919,lapsed,1793.3
2507,53,3,20230224,20240224,grace,504.47
2508,53,6,20230526,20240525,renewed,6809.62
2509,53,3,20240913,20250913,renewed,1163.7
2510,53,2,20240825,20250825,renewed,682.09
2511,53,3,20230330,20240329,lapsed,716.28
2512,53,3,20230522,20240521,renewed,2999.64
2513,53,4,20230531,20240530,lapsed,527.21
2514,53,4,20230621,20240620,renewed,922.14
2515,53,5,20240131,20250130,renewed,999.31
2516,53,5,20230126,20240126,grace,111.82
2517,53,2,20231230,20241229,renewed,4133.03
2518,53,4,20240927,20250927,lapsed,746.25
2519,53,5,20230225,20240225,renewed,501.21
2520,53,4,20230724,20240723,lapsed,1741.46
2521,53,2,20240921,20250921,renewed,2828.0
2522,53,2,20240603,20250603,renewed,4008.86
2523,53,4,20240128,20250127,lapsed,371.09
2524,53,6,20240220,20250219,renewed,4260.53
2525,53,3,20230307,20240306,renewed,724.42
2526,53,3,20240716,20250716,lapsed,1953.25
2527,53,5,20240509,20250509,renewed,935.96
2528,53,5,20231231,20241230,renewed,162.93
2529,53,5,20240829,20250829,renewed,878.97
2530,53,4,20231028,20241027,lapsed,273.42
2531,53,6,20240429,20250429,lapsed,2160.19
2532,53,2,20231016,20241015,renewed,3551.23
2533,53,1,20240818,20250818,lapsed,3073.78
2534,53,5,20231017,20241016,lapsed,986.96
2535,53,1,20230628,20240627,grace,3359.49
2536,53,6,20230622,20240621,lapsed,745.24
2537,53,5,20240221,20250220,lapsed,138.29
2538,53,2,20240220,20250219,lapsed,2197.39
2539,53,6,20240313,20250313,renewed,1408.88
2540,53,4,20230421,20240420,renewed,463.4
2541,53,2,20240221,20250220,grace,723.62
2542,53,3,20240212,20250211,lapsed,1299.4
2543,53,3,20240701,20250701,renewed,2080.09
2544,53,1,20240224,20250223,grace,3003.98
2545,53,5,20230212,20240212,renewed,781.15
2546,53,3,20241011,20251011,renewed,1065.53
2547,53,5,20231012,20241011,renewed,728.98
2548,53,4,20240516,20250516,renewed,2731.06
2549,53,4,20230901,20240831,renewed,1868.12
2550,53,3,20230810,20240809,renewed,1364.35
2551,53,6,20240818,20250818,lapsed,6166.83
2552,53,4,20240410,20250410,renewed,666.12
2553,53,4,20240224,20250223,renewed,2845.92
2554,53,1,20240901,20250901,renewed,4992.91
2555,53,4,20230521,20240520,renewed,2968.12
2556,53,5,20231031,20241030,renewed,1099.79
2557,53,1,20240125,20250124,renewed,1553.75
2558,53,4,20231004,20241003,lapsed,1670.42
2559,53,5,20230524,20240523,renewed,590.15
2560,53,5,20231127,20241126,lapsed,848.66
2561,54,2,20240720,20250720,lapsed,1364.59
2562,54,1,20240121,20250120,lapsed,4647.76
2563,54,4,20240301,20250301,renewed,1497.1
2564,54,5,20241008,20251008,lapsed,299.79
2565,54,1,20230720,20240719,grace,1105.46
2566,54,4,20240702,20250702,lapsed,632.67
2567,54,4,20230412,20240411,lapsed,1275.12
2568,54,3,20240317,20250317,lapsed,402.53
2569,54,4,20230513,20240512,lapsed,1802.3
2570,54,5,20241005,20251005,lapsed,967.42
2571,54,4,20240405,20250405,grace,2265.31
2572,54,4,20230926,20240925,lapsed,1904.54
2573,54,1,20240704,20250704,renewed,804.08
2574,54,4,20231128,20241127,renewed,899.89
2575,54,4,20240711,20250711,renewed,1582.21
2576,54,4,20230714,20240713,renewed,1444.5
2577,54,6,20240922,20250922,renewed,5252.75
2578,54,5,20230605,20240604,renewed,348.89
2579,54,2,20240909,20250909,lapsed,3803.57
2580,54,6,20240815,20250815,renewed,1287.41
2581,54,4,20230403,20240402,lapsed,1393.9
2582,54,2,20230330,20240329,renewed,3204.6
2583,54,4,20230921,20240920,renewed,1070.33
2584,54,6,20240820,20250820,renewed,5217.63
2585,54,1,20230707,20240706,grace,4392.03
2586,54,2,20240130,20250129,renewed,4361.49
2587,54,3,20240112,20250111,renewed,2315.01
2588,54,1,20241030,20251030,lapsed,1862.79
2589,54,6,20240730,20250730,lapsed,7303.79
2590,54,3,20240313,20250313,lapsed,1177.0
2591,54,1,20230115,20240115,lapsed,734.64
2592,54,3,20230901,20240831,grace,2513.88
2593,54,3,20231003,20241002,grace,569.42
2594,54,2,20241027,20251027,renewed,1724.59
2595,54,4,20240908,20250908,lapsed,2155.56
2596,54,6,20240310,20250310,renewed,4681.46
2597,54,2,20241112,20251112,renewed,2623.4
2598,54,6,20231128,20241127,renewed,5494.36
2599,54,4,20240228,20250227,lapsed,2635.31
2600,54,3,20230711,20240710,renewed,1445.93
2601,54,4,20230218,20240218,lapsed,1343.96
2602,54,6,20240419,20250419,renewed,7685.42
2603,55,3,20241009,20251009,lapsed,1200.89
2604,55,4,20240617,20250617,renewed,777.68
2605,55,2,20240707,20250707,renewed,579.66
2606,55,1,20230404,20240403,renewed,1635.93
2607,55,3,20241115,20251115,renewed,2454.74
2608,55,6,20241117,20251117,lapsed,4133.16
2609,55,6,20240110,20250109,renewed,7916.83
2610,55,2,20240929,20250929,renewed,1619.84
2611,55,2,20230914,20240913,renewed,1456.58
2612,55,6,20241009,20251009,renewed,2955.11
2613,55,2,20240509,20250509,lapsed,1373.67
2614,55,4,20240511,20250511,grace,259.86
2615,55,6,20240212,20250211,renewed,1557.27
2616,55,3,20240709,20250709,renewed,2835.18
2617,55,4,20231016,20241015,lapsed,2539.13
2618,55,1,20230701,20240630,renewed,1333.42
2619,55,1,20230628,20240627,renewed,4861.94
2620,55,5,20230916,20240915,renewed,930.4
2621,55,1,20230121,20240121,renewed,4081.89
2622,55,4,20240316,20250316,renewed,1736.1
2623,55,3,20240504,20250504,renewed,1430.3
2624,55,5,20230401,20240331,renewed,927.72
2625,55,2,20231113,20241112,lapsed,3693.91
2626,55,3,20240420,20250420,lapsed,2341.14
2627,55,1,20231009,20241008,renewed,3661.22
2628,55,6,20230219,20240219,renewed,1508.17
2629,55,2,20231213,20241212,renewed,2210.39
2630,55,1,20240110,20250109,lapsed,4447.42
2631,56,4,20230627,20240626,renewed,1877.37
2632,56,5,20230902,20240901,lapsed,1042.16
2633,56,4,20240411,20250411,renewed,898.87
2634,56,1,20230820,20240819,renewed,2812.88
2635,56,6,20230916,20240915,renewed,2321.32
2636,56,1,20240411,20250411,renewed,3546.82
2637,56,4,20241027,20251027,renewed,295.35
2638,56,5,20231020,20241019,lapsed,607.49
2639,56,3,20230106,20240106,lapsed,1410.95
2640,56,2,20241108,20251108,renewed,2899.03
2641,56,3,20230729,20240728,renewed,2748.49
2642,56,2,20241028,20251028,renewed,839.55
2643,56,6,20231229,20241228,renewed,5093.97
2644,56,1,20230715,20240714,renewed,3988.0
2645,56,1,20240129,20250128,renewed,4145.1
2646,56,4,20241102,20251102,lapsed,1521.09
2647,56,6,20240604,20250604,renewed,6983.28
2648,56,3,20231210,20241209,renewed,2448.7
2649,56,4,20240722,20250722,renewed,441.43
2650,56,1,20241126,20251126,renewed,3648.51
2651,56,3,20240120,20250119,renewed,2013.04
2652,56,2,20240802,20250802,renewed,3063.14
2653,56,4,20230527,20240526,renewed,1615.07
2654,56,2,20231225,20241224,grace,2792.19
2655,56,6,20241017,20251017,renewed,6952.43
2656,56,2,20231022,20241021,renewed,3274.54
2657,56,3,20230828,20240827,renewed,969.89
2658,56,4,20240222,20250221,renewed,2109.09
2659,56,4,20240222,20250221,lapsed,1120.57
2660,56,2,20230112,20240112,renewed,601.67
2661,56,2,20231113,20241112,renewed,620.92
2662,56,3,20230123,20240123,renewed,1906.12
2663,56,3,20230521,20240520,grace,541.18
2664,56,6,20240229,20250228,renewed,4852.23
2665,56,1,20230820,20240819,renewed,4880.13
2666,56,1,20230506,20240505,renewed,3745.39
2667,56,2,20240207,20250206,renewed,4202.03
2668,56,2,20230606,20240605,renewed,1148.01
2669,56,2,20230115,20240115,renewed,1807.79
2670,56,1,20230314,20240313,renewed,2483.19
2671,56,6,20240522,20250522,renewed,2020.99
2672,56,2,20241028,20251028,renewed,3229.09
2673,56,3,20230515,20240514,renewed,802.86
2674,56,1,20240716,20250716,renewed,4148.27
2675,56,2,20230621,20240620,grace,2327.62
2676,56,1,20240725,20250725,lapsed,3806.24
2677,56,3,20230227,20240227,lapsed,608.85
2678,56,6,20241001,20251001,renewed,6720.92
2679,56,2,20241019,20251019,renewed,2257.96
2680,56,6,20230424,20240423,renewed,2151.44
2681,56,2,20230618,20240617,renewed,3700.35
2682,56,5,20240312,20250312,renewed,503.75
2683,56,2,20241123,20251123,renewed,1077.81
2684,56,6,20230412,20240411,renewed,5158.05
2685,56,3,20240503,20250503,renewed,563.67
2686,56,1,20230211,20240211,renewed,662.24
2687,56,3,20240215,20250214,renewed,1068.6
2688,56,3,20230520,20240519,renewed,776.3
2689,56,3,20230202,20240202,renewed,2946.26
2690,58,3,20241112,20251112,lapsed,303.48
2691,58,2,20240327,20250327,renewed,1707.42
2692,58,5,20230402,20240401,renewed,656.94
2693,58,4,20241026,20251026,renewed,442.66
2694,58,2,20240915,20250915,lapsed,721.23
2695,58,5,20240407,20250407,renewed,183.89
2696,58,2,20240710,20250710,renewed,4624.17
2697,58,6,20240229,20250228,renewed,6982.34
2698,58,1,20230608,20240607,renewed,4619.05
2699,58,1,20240807,20250807,renewed,2312.01
2700,58,3,20240915,20250915,renewed,1609.29
2701,58,1,20230829,20240828,renewed,2148.84
2702,58,1,20240320,20250320,renewed,4278.75
2703,58,6,20240606,20250606,renewed,3932.68
2704,58,4,20230819,20240818,renewed,1500.02
2705,58,5,20241015,20251015,renewed,494.7
2706,58,2,20230524,20240523,grace,1209.55
2707,58,4,20230313,20240312,renewed,2796.54
2708,58,4,20240921,20250921,renewed,1168.02
2709,58,4,20230908,20240907,grace,1545.03
2710,58,2,20240427,20250427,renewed,665.37
2711,58,2,20240816,20250816,renewed,4590.02
2712,58,4,20230111,20240111,lapsed,2807.49
2713,58,6,20230418,20240417,renewed,6828.21
2714,58,4,20240513,20250513,lapsed,2238.26
2715,58,2,20230905,20240904,lapsed,3964.85
2716,58,4,20231104,20241103,renewed,609.06
2717,58,4,20230205,20240205,renewed,1736.7
2718,58,4,20230220,20240220,renewed,2195.34
2719,58,3,20230412,20240411,lapsed,1213.58
2720,58,6,20230204,20240204,renewed,6567.02
2721,58,2,20231127,20241126,lapsed,2746.32
2722,58,6,20231117,20241116,renewed,5117.81
2723,60,3,20240606,20250606,renewed,2810.25
2724,60,6,20240518,20250518,renewed,5134.01
2725,60,3,20230907,20240906,lapsed,2186.68
2726,60,5,20240329,20250329,renewed,180.84
2727,60,5,20240630,20250630,renewed,299.34
2728,60,5,20230106,20240106,renewed,1003.31
2729,60,4,20240528,20250528,renewed,941.88
2730,60,1,20240907,20250907,grace,3062.87
2731,60,6,20231111,20241110,renewed,1810.9
2732,60,1,20240408,20250408,lapsed,3855.03
2733,60,4,20230315,20240314,renewed,531.27
2734,60,1,20240118,20250117,renewed,4285.57
2735,60,4,20230725,20240724,renewed,1844.61
2736,60,1,20231118,20241117,renewed,2265.52
2737,60,2,20241028,20251028,lapsed,3922.02
2738,60,6,20230311,20240310,grace,3576.88
2739,60,1,20240824,20250824,lapsed,600.31
2740,60,6,20240724,20250724,renewed,1124.88
2741,60,4,20240329,20250329,lapsed,2035.99
2742,60,4,20231015,20241014,lapsed,1566.09
2743,60,1,20230326,20240325,renewed,1755.4
2744,60,4,20230220,20240220,renewed,1643.59
2745,60,6,20230403,20240402,renewed,2736.97
2746,60,4,20230824,20240823,renewed,2922.92
2747,60,2,20241103,20251103,renewed,2779.2
2748,60,4,20230730,20240729,renewed,1031.27
2749,60,5,20230610,20240609,renewed,268.46
2750,60,3,20240127,20250126,lapsed,261.01
2751,60,1,20240901,20250901,renewed,2601.97
2752,60,6,20230629,20240628,renewed,7846.57
2753,60,5,20230609,20240608,renewed,119.24
2754,60,6,20240816,20250816,renewed,7973.42
2755,60,4,20231203,20241202,lapsed,1596.46
2756,60,5,20240106,20250105,renewed,971.88
2757,60,3,20240219,20250218,renewed,2957.14
2758,60,2,20240905,20250905,grace,3189.0
2759,60,3,20240321,20250321,renewed,1160.5
2760,60,3,20231019,20241018,lapsed,2957.69
2761,60,1,20230516,20240515,renewed,3473.16
2762,61,6,20230110,20240110,grace,1106.04
2763,61,3,20240727,20250727,renewed,868.74
2764,61,2,20241012,20251012,renewed,452.97
2765,61,6,20240601,20250601,renewed,794.94
2766,61,4,20230710,20240709,renewed,2311.97
2767,61,1,20240105,20250104,grace,2919.8
2768,61,5,20240925,20250925,grace,161.78
2769,61,6,20241118,20251118,renewed,7537.31
2770,61,4,20231128,20241127,renewed,2867.82
2771,61,3,20241030,20251030,renewed,2453.75
2772,61,2,20240622,20250622,renewed,838.17
2773,61,1,20240410,20250410,renewed,541.04
2774,61,6,20240603,20250603,renewed,3561.89
2775,61,1,20230808,20240807,renewed,414.94
2776,61,6,20230729,20240728,renewed,6442.77
2777,61,4,20230917,20240916,renewed,1647.43
2778,61,2,20230320,20240319,renewed,2647.53
2779,61,4,20241029,20251029,renewed,1414.54
2780,61,2,20231117,20241116,renewed,579.72
2781,61,1,20240511,20250511,renewed,4691.26
2782,61,2,20240903,20250903,renewed,1625.79
2783,61,4,20240427,20250427,renewed,1123.92
2784,61,2,20230906,20240905,renewed,561.94
2785,61,3,20230205,20240205,renewed,1444.67
2786,61,2,20230820,20240819,renewed,3835.53
2787,61,4,20240114,20250113,renewed,464.17
2788,61,6,20231008,20241007,grace,6114.12
2789,61,3,20240706,20250706,renewed,2054.16
2790,61,2,20230815,20240814,renewed,1311.52
2791,61,5,20230321,20240320,renewed,578.84
2792,61,2,20240401,20250401,renewed,1578.17
2793,61,3,20240816,20250816,renewed,1340.08
2794,61,4,20241005,20251005,renewed,2361.77
2795,61,4,20231119,20241118,renewed,431.46
2796,62,3,20230817,20240816,lapsed,1667.43
2797,62,6,20230714,20240713,renewed,6866.54
2798,62,2,20231008,20241007,lapsed,2748.14
2799,62,5,20230102,20240102,renewed,433.57
2800,62,6,20240124,20250123,renewed,599.32
2801,62,6,20230114,20240114,lapsed,3904.72
2802,62,4,20240723,20250723,renewed,1674.99
2803,62,3,20230604,20240603,renewed,2817.15
2804,62,1,20240908,20250908,lapsed,2657.63
2805,62,3,20230619,20240618,lapsed,617.4
2806,62,4,20230203,20240203,renewed,1427.92
2807,62,2,20240827,20250827,renewed,1063.95
2808,62,4,20240531,20250531,lapsed,2736.36
2809,62,5,20240903,20250903,lapsed,289.12
2810,62,6,20240308,20250308,renewed,7492.39
2811,62,2,20241120,20251120,renewed,4457.69
2812,62,1,20240511,20250511,lapsed,2569.64
2813,62,1,20241116,20251116,grace,1194.92
2814,62,3,20230903,20240902,renewed,1528.23
2815,62,3,20230613,20240612,renewed,794.29
2816,62,5,20230818,20240817,grace,274.81
2817,62,2,20241126,20251126,renewed,2809.62
2818,62,5,20240630,20250630,renewed,453.4
2819,62,4,20230715,20240714,renewed,2918.95
2820,62,5,20230901,20240831,renewed,740.35
2821,62,1,20230920,20240919,renewed,1077.35
2822,62,6,20231013,20241012,lapsed,5574.01
2823,62,2,20240927,20250927,lapsed,2707.05
2824,62,5,20240125,20250124,renewed,775.55
2825,62,5,20231121,20241120,grace,1142.16
2826,62,3,20230419,20240418,renewed,2487.7
2827,62,6,20230821,20240820,renewed,3428.14
2828,62,4,20231211,20241210,renewed,2173.08
2829,62,2,20230806,20240805,renewed,1182.22
2830,62,4,20230823,20240822,renewed,2836.45
2831,62,1,20231016,20241015,grace,3868.67
2832,62,4,20240708,20250708,lapsed,301.32
2833,62,5,20241026,20251026,renewed,874.67
2834,62,1,20230816,20240815,renewed,1379.01
2835,63,5,20240710,20250710,grace,760.53
2836,63,5,20231204,20241203,renewed,598.31
2837,63,5,20240330,20250330,lapsed,236.42
2838,63,2,20240128,20250127,lapsed,4094.05
2839,63,3,20230909,20240908,grace,1348.67
2840,63,5,20230203,20240203,renewed,888.53
2841,63,2,20240419,20250419,renewed,3561.4
2842,63,3,20240101,20241231,renewed,2856.98
2843,63,5,20240726,20250726,renewed,593.18
2844,63,5,20241009,20251009,renewed,770.46
2845,63,4,20240528,20250528,renewed,404.65
2846,63,6,20240809,20250809,renewed,3831.7
2847,63,6,20240924,20250924,renewed,6299.41
2848,63,6,20241126,20251126,renewed,2449.06
2849,63,1,20240219,20250218,renewed,4069.96
2850,63,5,20240318,20250318,lapsed,1053.48
2851,63,3,20240504,20250504,lapsed,2935.57
2852,63,6,20240119,20250118,renewed,7109.62
2853,63,1,20230228,20240228,renewed,3114.48
2854,63,2,20240526,20250526,renewed,2518.02
2855,63,2,20230910,20240909,renewed,2031.07
2856,63,3,20230301,20240229,renewed,2413.01
2857,63,3,20240719,20250719,renewed,1730.38
2858,63,4,20230126,20240126,renewed,2083.74
2859,63,6,20240223,20250222,lapsed,4639.51
2860,63,1,20240826,20250826,renewed,1974.68
2861,63,3,20240410,20250410,renewed,1749.86
2862,63,1,20230924,20240923,renewed,933.84
2863,63,2,20231010,20241009,grace,1478.72
2864,63,5,20240323,20250323,renewed,884.39
2865,63,4,20240822,20250822,renewed,618.22
2866,63,5,20230523,20240522,renewed,630.26
2867,63,2,20230615,20240614,renewed,3153.28
2868,63,1,20240724,20250724,renewed,4537.43
2869,63,3,20230317,20240316,grace,2860.29
2870,63,1,20230518,20240517,renewed,2762.91
2871,63,4,20231024,20241023,renewed,1489.58
2872,63,3,20240110,20250109,renewed,2435.27
2873,63,1,20231029,20241028,renewed,4335.22
2874,63,3,20230622,20240621,renewed,376.16
2875,63,4,20240730,20250730,lapsed,1874.12
2876,63,1,20231003,20241002,renewed,4325.22
2877,63,6,20231021,20241020,renewed,4734.89
2878,63,3,20241110,20251110,renewed,1286.37
2879,63,5,20240511,20250511,renewed,947.62
2880,63,2,20231116,20241115,lapsed,4591.18
2881,63,6,20230728,20240727,renewed,7978.12
2882,63,3,20240719,20250719,renewed,773.33
2883,63,1,20240106,20250105,renewed,3104.78
2884,63,3,20231207,20241206,renewed,1078.28
2885,63,6,20240824,20250824,renewed,7880.16
2886,63,3,20240815,20250815,renewed,2228.65
2887,63,2,20240822,20250822,renewed,1680.0
2888,63,6,20240905,20250905,renewed,5056.1
2889,63,5,20230513,20240512,renewed,340.55
2890,63,4,20240425,20250425,renewed,2609.36
2891,63,6,20230924,20240923,renewed,3830.68
2892,63,2,20230209,20240209,renewed,2086.51
2893,63,3,20231114,20241113,renewed,366.23
2894,63,5,20231222,20241221,renewed,951.86
2895,63,3,20240820,20250820,renewed,1884.32
2896,63,1,20231222,20241221,renewed,1191.67
2897,63,1,20240626,20250626,renewed,4678.91
2898,63,1,20231225,20241224,renewed,1851.12
2899,63,2,20240627,20250627,renewed,2213.07
2900,63,4,20230723,20240722,renewed,2428.52
2901,63,4,20240429,20250429,renewed,1008.38
2902,63,2,20241012,20251012,renewed,1607.61
2903,63,1,20231229,20241228,renewed,1898.09
2904,63,2,20240531,20250531,renewed,1057.55
2905,63,5,20230625,20240624,renewed,167.72
2906,63,1,20231217,20241216,renewed,1175.18
2907,63,1,20240406,20250406,renewed,3179.48
2908,63,4,20240517,20250517,renewed,2020.98
2909,63,2,20230114,20240114,renewed,2483.7
2910,63,5,20230911,20240910,lapsed,550.35
2911,63,4,20240326,20250326,renewed,727.95
2912,64,1,20241024,20251024,renewed,4617.02
2913,64,3,20240531,20250531,renewed,2332.64
2914,64,2,20231218,20241217,renewed,1495.49
2915,64,5,20240426,20250426,renewed,618.3
2916,64,4,20230708,20240707,renewed,994.14
2917,64,2,20230426,20240425,renewed,4656.21
2918,64,1,20240210,20250209,lapsed,3844.77
2919,64,2,20231023,20241022,renewed,3707.68
2920,64,4,20240704,20250704,lapsed,967.88
2921,64,5,20230423,20240422,renewed,776.73
2922,64,3,20240817,20250817,grace,1005.69
2923,64,3,20230222,20240222,renewed,2283.7
2924,64,1,20240415,20250415,lapsed,4238.49
2925,64,1,20240309,20250309,renewed,1702.53
2926,64,4,20240111,20250110,renewed,2721.73
2927,64,4,20230820,20240819,renewed,384.31
2928,64,3,20230205,20240205,renewed,251.58
2929,64,2,20230509,20240508,renewed,1640.86
2930,64,5,20231219,20241218,renewed,989.8
2931,64,5,20231013,20241012,renewed,613.66
2932,64,5,20240926,20250926,renewed,983.85
2933,64,1,20230423,20240422,lapsed,4835.43
2934,64,3,20230404,20240403,grace,289.38
2935,64,6,20230326,20240325,renewed,5403.23
2936,64,2,20231206,20241205,renewed,4775.4
2937,64,5,20240806,20250806,renewed,561.86
2938,64,1,20241019,20251019,lapsed,1640.06
2939,64,6,20231026,20241025,renewed,4355.42
2940,64,4,20230530,20240529,renewed,1516.16
2941,64,1,20230916,20240915,renewed,4160.35
2942,64,3,20240815,20250815,renewed,1690.72
2943,64,3,20230607,20240606,renewed,2645.33
2944,64,3,20230504,20240503,lapsed,2610.77
2945,64,6,20230312,20240311,lapsed,7670.95
2946,64,2,20240903,20250903,renewed,3686.75
2947,64,5,20230311,20240310,renewed,841.75
2948,64,1,20231207,20241206,renewed,2173.15
2949,64,1,20230821,20240820,lapsed,1423.78
2950,64,2,20230407,20240406,renewed,1293.05
2951,64,6,20240730,20250730,lapsed,6274.46
2952,64,3,20240514,20250514,renewed,2342.99
2953,64,5,20240118,20250117,renewed,973.99
2954,64,4,20230827,20240826,renewed,973.76
2955,64,6,20230604,20240603,lapsed,2060.58
2956,64,1,20240513,20250513,renewed,3746.48
2957,64,5,20231120,20241119,renewed,765.49
2958,64,3,20240405,20250405,lapsed,2820.46
2959,64,3,20230205,20240205,lapsed,342.41
2960,64,5,20240221,20250220,renewed,613.22
2961,64,4,20230421,20240420,lapsed,1710.86
2962,64,6,20240324,20250324,renewed,6442.59
2963,64,6,20230906,20240905,renewed,6615.59
2964,64,4,20230103,20240103,renewed,2985.45
2965,64,2,20240420,20250420,renewed,682.1
2966,64,3,20240423,20250423,renewed,2682.18
2967,64,1,20240121,20250120,lapsed,2288.05
2968,65,6,20230409,20240408,renewed,7988.56
2969,65,2,20230610,20240609,renewed,1239.28
2970,65,5,20230117,20240117,renewed,615.26
2971,65,5,20240527,20250527,grace,410.12
2972,65,6,20240801,20250801,renewed,4992.82
2973,65,5,20230228,20240228,renewed,1057.23
2974,65,4,20240216,20250215,lapsed,1570.16
2975,65,4,20230705,20240704,renewed,1124.4
2976,65,1,20230704,20240703,lapsed,3635.84
2977,65,4,20230626,20240625,lapsed,1815.92
2978,65,4,20240625,20250625,renewed,1996.63
2979,65,2,20230812,20240811,renewed,1641.76
2980,65,2,20230824,20240823,renewed,4897.66
2981,65,3,20230426,20240425,renewed,2981.45
2982,65,5,20231011,20241010,renewed,203.3
2983,65,3,20231201,20241130,renewed,382.24
2984,65,6,20240710,20250710,renewed,5789.66
2985,65,3,20240531,20250531,renewed,830.4
2986,65,2,20241125,20251125,grace,4412.43
2987,65,4,20240511,20250511,renewed,475.1
2988,66,4,20240715,20250715,lapsed,2553.34
2989,66,5,20240520,20250520,lapsed,1083.23
2990,66,6,20230407,20240406,renewed,2715.03
2991,66,6,20230331,20240330,renewed,7846.87
2992,66,3,20241124,20251124,lapsed,848.98
2993,66,5,20230810,20240809,renewed,717.49
2994,66,1,20230414,20240413,renewed,1784.47
2995,66,2,20230425,20240424,renewed,1692.78
2996,66,6,20240106,20250105,renewed,7557.01
2997,66,2,20240205,20250204,renewed,1502.76
2998,66,4,20241013,20251013,renewed,1772.35
2999,66,1,20230202,20240202,renewed,737.83
3000,66,6,20240514,20250514,renewed,5559.43
3001,66,2,20230206,20240206,lapsed,470.22
3002,66,5,20240901,20250901,renewed,295.39
3003,66,4,20240207,20250206,renewed,749.38
3004,66,2,20240313,20250313,renewed,2466.6
3005,66,6,20240803,20250803,lapsed,3085.49
3006,66,3,20230504,20240503,renewed,896.69
3007,66,1,20230908,20240907,renewed,1516.76
3008,66,2,20230220,20240220,renewed,592.67
3009,66,1,20240114,20250113,renewed,3505.8
3010,66,5,20241115,20251115,renewed,357.79
3011,66,4,20230330,20240329,renewed,410.04
3012,66,5,20230511,20240510,renewed,565.32
3013,66,3,20240310,20250310,renewed,1537.28
3014,66,2,20230608,20240607,renewed,3638.76
3015,66,6,20240430,20250430,renewed,7750.19
3016,66,5,20230325,20240324,lapsed,962.38
3017,66,3,20240615,20250615,renewed,2382.46
3018,66,1,20240613,20250613,renewed,3368.29
3019,66,1,20230201,20240201,lapsed,633.13
3020,66,4,20230611,20240610,renewed,924.0
3021,66,1,20240201,20250131,renewed,3083.09
3022,66,4,20240523,20250523,renewed,836.69
3023,66,1,20230123,20240123,renewed,1314.08
3024,66,3,20230117,20240117,lapsed,1651.23
3025,66,6,20240531,20250531,renewed,4502.94
3026,66,6,20241029,20251029,grace,3798.1
3027,66,5,20230324,20240323,renewed,660.58
3028,66,3,20240416,20250416,renewed,825.59
3029,66,5,20240731,20250731,renewed,302.97
3030,66,6,20240403,20250403,renewed,6429.22
3031,66,6,20240506,20250506,renewed,4075.61
3032,66,3,20230813,20240812,renewed,829.38
3033,66,1,20230604,20240603,grace,1843.8
3034,66,2,20241016,20251016,grace,558.47
3035,66,3,20230528,20240527,lapsed,2267.49
3036,66,5,20240205,20250204,renewed,709.54
3037,66,3,20231201,20241130,renewed,1401.26
3038,66,1,20240609,20250609,renewed,1607.35
3039,66,6,20231014,20241013,renewed,3743.9
3040,66,5,20240303,20250303,lapsed,270.12
3041,66,2,20230426,20240425,renewed,4103.48
3042,66,4,20240820,20250820,grace,624.01
3043,66,3,20240919,20250919,renewed,806.1
3044,66,6,20230727,20240726,grace,605.73
3045,66,4,20241103,20251103,renewed,1971.33
3046,66,5,20240910,20250910,lapsed,1187.58
3047,66,3,20240526,20250526,lapsed,920.06
3048,66,6,20241026,20251026,renewed,6150.27
3049,66,3,20240726,20250726,renewed,1126.97
3050,66,5,20231109,20241108,renewed,1001.39
3051,66,6,20230422,20240421,renewed,4764.57
3052,66,1,20241120,20251120,lapsed,2347.14
3053,66,1,20230102,20240102,lapsed,3004.12
3054,66,6,20230223,20240223,renewed,2095.71
3055,66,1,20240525,20250525,renewed,2929.57
3056,66,1,20230310,20240309,renewed,4533.88
3057,66,5,20240104,20250103,renewed,331.46
3058,66,4,20241119,20251119,renewed,2254.58
3059,66,2,20240110,20250109,renewed,1532.7
3060,66,5,20231127,20241126,lapsed,1087.4
3061,66,3,20230521,20240520,renewed,769.25
3062,66,5,20230902,20240901,renewed,344.98
3063,66,2,20241104,20251104,renewed,3201.74
3064,66,1,20240811,20250811,renewed,2096.14
3065,66,6,20241025,20251025,lapsed,3807.21
3066,67,1,20230929,20240928,renewed,2704.35
3067,67,2,20230129,20240129,lapsed,1742.28
3068,67,2,20240727,20250727,renewed,2638.18
3069,67,6,20230201,20240201,renewed,6480.26
3070,67,2,20240523,20250523,renewed,3465.8
3071,67,3,20230131,20240131,renewed,1045.87
3072,67,4,20230202,20240202,renewed,484.18
3073,67,5,20230816,20240815,grace,1104.13
3074,67,4,20231214,20241213,renewed,2532.61
3075,67,5,20241106,20251106,grace,268.67
3076,67,3,20240427,20250427,lapsed,767.28
3077,67,3,20230927,20240926,lapsed,2522.81
3078,67,1,20240625,20250625,lapsed,4156.03
3079,67,3,20240229,20250228,grace,2483.87
3080,67,2,20240410,20250410,renewed,2630.64
3081,67,4,20240628,20250628,renewed,1082.89
3082,67,5,20230825,20240824,renewed,1045.77
3083,67,2,20230417,20240416,renewed,2287.01
3084,67,3,20230619,20240618,renewed,403.23
3085,67,5,20230204,20240204,grace,812.64
3086,67,6,20231128,20241127,renewed,3910.52
3087,67,6,20240101,20241231,renewed,3957.18
3088,67,6,20240422,20250422,renewed,5645.86
3089,67,2,20240120,20250119,lapsed,1983.79
3090,67,1,20240416,20250416,renewed,1224.75
3091,67,5,20240712,20250712,renewed,789.25
3092,67,2,20230711,20240710,lapsed,3518.61
3093,67,2,20240730,20250730,renewed,3675.13
3094,67,2,20230812,20240811,grace,779.54
3095,67,4,20231118,20241117,renewed,2931.72
3096,67,3,20230315,20240314,grace,1051.39
3097,67,6,20230730,20240729,renewed,5452.24
3098,67,5,20230921,20240920,grace,398.46
3099,67,1,20240103,20250102,renewed,2684.79
3100,68,3,20230322,20240321,renewed,281.24
3101,68,1,20230213,20240213,lapsed,4423.48
3102,68,1,20241025,20251025,renewed,3241.88
3103,68,2,20240509,20250509,renewed,3526.6
3104,68,2,20241012,20251012,renewed,3978.24
3105,68,4,20231225,20241224,renewed,1491.51
3106,68,4,20231118,20241117,lapsed,804.02
3107,68,2,20230904,20240903,renewed,1929.92
3108,68,2,20230716,20240715,renewed,1292.89
3109,68,1,20231121,20241120,renewed,1249.38
3110,68,3,20240603,20250603,renewed,2374.48
3111,68,2,20240807,20250807,renewed,2284.32
3112,68,2,20230503,20240502,lapsed,2649.24
3113,68,1,20240816,20250816,renewed,881.1
3114,68,1,20230120,20240120,renewed,1767.13
3115,68,3,20230820,20240819,renewed,1212.25
3116,68,2,20240401,20250401,renewed,1338.7
3117,68,2,20230513,20240512,renewed,2184.84
3118,68,4,20230131,20240131,renewed,907.65
3119,68,1,20230427,20240426,lapsed,4923.56
3120,68,3,20240623,20250623,renewed,2996.9
3121,68,3,20230304,20240303,renewed,2991.69
3122,68,5,20230618,20240617,lapsed,1042.91
3123,68,4,20240425,20250425,renewed,1981.8
3124,68,6,20240119,20250118,renewed,5718.75
3125,68,1,20240329,20250329,renewed,673.08
3126,68,6,20230109,20240109,renewed,5457.18
3127,68,3,20230409,20240408,renewed,2283.12
3128,68,2,20240910,20250910,grace,4020.93
3129,68,3,20240424,20250424,renewed,1919.4
3130,68,5,20240514,20250514,grace,558.34
3131,68,3,20230726,20240725,grace,1030.79
3132,68,4,20241118,20251118,renewed,761.56
3133,68,4,20230209,20240209,renewed,2725.81
3134,69,2,20230612,20240611,renewed,4041.21
3135,69,6,20230331,20240330,lapsed,2556.8
3136,69,1,20230907,20240906,renewed,2739.02
3137,69,1,20230604,20240603,renewed,1191.05
3138,69,5,20231214,20241213,lapsed,202.55
3139,69,6,20240816,20250816,renewed,7623.92
3140,69,3,20240627,20250627,renewed,468.63
3141,69,2,20240907,20250907,grace,4943.83
3142,69,3,20240708,20250708,renewed,2961.36
3143,69,5,20230331,20240330,renewed,1194.1
3144,69,6,20240506,20250506,grace,6421.63
3145,69,3,20230630,20240629,renewed,891.65
3146,69,3,20240726,20250726,renewed,1025.34
3147,69,4,20240714,20250714,renewed,757.82
3148,69,5,20230318,20240317,renewed,270.23
3149,69,1,20240911,20250911,renewed,3891.94
3150,69,1,20230403,20240402,renewed,1257.28
3151,69,1,20240421,20250421,lapsed,3617.55
3152,69,3,20230820,20240819,renewed,940.52
3153,69,3,20231226,20241225,renewed,293.04
3154,69,1,20231022,20241021,lapsed,1044.04
3155,69,3,20240720,20250720,renewed,1026.1
3156,69,1,20230923,20240922,renewed,4802.18
3157,69,6,20231019,20241018,lapsed,2781.92
3158,69,2,20230507,20240506,renewed,3899.23
3159,69,4,20231114,20241113,renewed,1331.15
3160,69,6,20230522,20240521,renewed,3367.11
3161,69,6,20240517,20250517,renewed,6893.42
3162,69,1,20241103,20251103,lapsed,1867.16
3163,69,3,20230126,20240126,lapsed,1458.33
3164,69,2,20240818,20250818,renewed,3088.8
3165,69,5,20240527,20250527,renewed,245.43
3166,69,6,20231203,20241202,lapsed,7469.98
3167,69,1,20240621,20250621,renewed,1401.12
3168,69,6,20231119,20241118,renewed,6954.61
3169,69,4,20240507,20250507,renewed,2770.44
3170,69,5,20240816,20250816,renewed,651.82
3171,69,1,20230410,20240409,renewed,931.21
3172,69,2,20240325,20250325,lapsed,3554.79
3173,69,4,20241019,20251019,renewed,2765.45
3174,69,1,20240927,20250927,renewed,584.06
3175,69,5,20241122,20251122,renewed,201.03
3176,69,5,20240815,20250815,renewed,954.8
3177,69,5,20240228,20250227,grace,459.39
3178,69,5,20230903,20240902,renewed,279.09
3179,69,2,20230725,20240724,renewed,3295.81
3180,69,4,20241123,20251123,renewed,2449.86
3181,69,6,20230928,20240927,renewed,4939.72
3182,69,5,20231006,20241005,renewed,890.35
3183,69,4,20240909,20250909,lapsed,2758.74
3184,69,5,20230204,20240204,lapsed,1073.21
3185,69,1,20230111,20240111,renewed,4655.35
3186,69,4,20240310,20250310,renewed,888.18
3187,69,5,20230921,20240920,renewed,780.54
3188,69,3,20240223,20250222,renewed,2723.72
3189,69,6,20240108,20250107,renewed,2178.11
3190,69,4,20241012,20251012,lapsed,553.13
3191,69,1,20240523,20250523,renewed,2596.71
3192,69,1,20230302,20240301,renewed,3748.12
3193,69,3,20230820,20240819,renewed,2101.28
3194,69,5,20240127,20250126,renewed,173.18
3195,69,4,20230725,20240724,renewed,2947.41
3196,69,4,20240828,20250828,renewed,1342.59
3197,69,4,20240915,20250915,renewed,2346.44
3198,69,6,20231015,20241014,lapsed,1648.53
3199,69,3,20230913,20240912,renewed,1281.66
3200,69,6,20230311,20240310,renewed,2190.13
3201,69,3,20231014,20241013,lapsed,1347.05
3202,69,6,20240405,20250405,renewed,806.11
3203,70,3,20230926,20240925,grace,2349.36
3204,70,5,20230408,20240407,lapsed,1044.87
3205,70,1,20241108,20251108,lapsed,2833.0
3206,70,4,20230314,20240313,lapsed,2611.45
3207,70,6,20230831,20240830,lapsed,1763.6
3208,70,1,20230418,20240417,renewed,1352.0
3209,70,5,20230303,20240302,renewed,862.34
3210,70,4,20240131,20250130,renewed,954.82
3211,70,1,20240527,20250527,grace,1333.98
3212,70,6,20240913,20250913,renewed,7323.43
3213,70,1,20240223,20250222,lapsed,820.93
3214,70,6,20240611,20250611,renewed,5206.39
3215,70,6,20230212,20240212,renewed,2794.63
3216,70,4,20230302,20240301,renewed,2858.95
3217,70,1,20231106,20241105,grace,2435.07
3218,70,4,20240107,20250106,renewed,1665.25
3219,70,3,20231213,20241212,renewed,2961.15
3220,70,2,20240211,20250210,renewed,2023.34
3221,70,4,20240121,20250120,renewed,782.07
3222,70,5,20230204,20240204,renewed,575.66
3223,70,5,20240130,20250129,grace,796.41
3224,70,2,20230301,20240229,renewed,4651.76
3225,70,1,20231230,20241229,renewed,2164.97
3226,70,5,20231111,20241110,renewed,476.99
3227,70,1,20240413,20250413,renewed,3859.63
3228,70,5,20240604,20250604,renewed,336.88
3229,70,3,20230530,20240529,grace,2817.9
3230,70,4,20240630,20250630,lapsed,1406.27
3231,70,2,20240131,20250130,renewed,1152.22
3232,70,2,20240807,20250807,renewed,1337.56
3233,70,4,20240312,20250312,lapsed,1465.3
3234,70,4,20240825,20250825,renewed,2857.56
3235,70,1,20241004,20251004,grace,3795.47
3236,70,3,20240505,20250505,renewed,2522.74
3237,70,6,20230128,20240128,lapsed,1284.42
3238,70,3,20240622,20250622,grace,733.64
3239,70,2,20240805,20250805,renewed,2848.54
3240,70,3,20240222,20250221,renewed,2437.4
3241,70,5,20230725,20240724,renewed,857.54
3242,70,4,20230401,20240331,renewed,1902.12
3243,70,1,20230817,20240816,renewed,554.28
3244,70,1,20230422,20240421,lapsed,486.81
3245,70,5,20240204,20250203,renewed,321.04
3246,70,6,20240419,20250419,renewed,5552.89
3247,70,2,20240320,20250320,lapsed,772.04
3248,70,4,20241125,20251125,renewed,448.35
3249,70,6,20240619,20250619,renewed,4778.8
3250,70,6,20230304,20240303,lapsed,3337.9
3251,70,3,20230430,20240429,renewed,697.79
3252,70,4,20230211,20240211,lapsed,607.18
3253,70,3,20240701,20250701,renewed,505.17
3254,70,2,20231122,20241121,renewed,1993.29
3255,70,5,20241109,20251109,renewed,132.45
3256,70,1,20241015,20251015,renewed,727.57
3257,70,5,20240529,20250529,renewed,124.86
3258,70,5,20230418,20240417,renewed,127.52
3259,70,1,20240828,20250828,grace,1029.53
3260,70,4,20231204,20241203,renewed,1163.54
3261,70,5,20231207,20241206,renewed,149.11
3262,70,3,20240727,20250727,renewed,1266.34
3263,70,1,20231117,20241116,renewed,1554.24
3264,70,3,20230218,20240218,renewed,1598.27
3265,70,3,20240802,20250802,lapsed,1556.95
3266,70,4,20240121,20250120,renewed,857.79
3267,71,3,20230601,20240531,renewed,1127.37
3268,71,4,20230327,20240326,renewed,1495.54
3269,71,3,20230904,20240903,lapsed,1916.02
3270,71,3,20230307,20240306,lapsed,784.56
3271,71,2,20230329,20240328,renewed,3378.22
3272,71,6,20230829,20240828,renewed,2103.03
3273,71,6,20241011,20251011,renewed,2706.3
3274,71,5,20230510,20240509,renewed,1189.35
3275,71,3,20231202,20241201,lapsed,2408.99
3276,71,6,20231121,20241120,renewed,918.84
3277,71,6,20240311,20250311,renewed,4073.26
3278,71,5,20230902,20240901,lapsed,109.95
3279,71,2,20240808,20250808,renewed,4782.37
3280,71,6,20230606,20240605,renewed,2175.43
3281,71,2,20231107,20241106,lapsed,2980.34
3282,71,3,20240310,20250310,renewed,2063.49
3283,71,5,20230403,20240402,renewed,112.64
3284,71,4,20240621,20250621,lapsed,2882.56
3285,71,4,20240515,20250515,renewed,2005.73
3286,71,2,20231103,20241102,renewed,3387.82
3287,71,5,20240129,20250128,renewed,149.64
3288,71,1,20230324,20240323,renewed,4160.17
3289,71,3,20240925,20250925,renewed,1743.59
3290,71,1,20240115,20250114,renewed,3654.0
3291,71,2,20231130,20241129,lapsed,1095.53
3292,71,6,20230525,20240524,renewed,5476.97
3293,71,5,20230213,20240213,renewed,396.89
3294,71,5,20240627,20250627,grace,152.58
3295,71,2,20230113,20240113,renewed,3484.94
3296,71,3,20230921,20240920,lapsed,1569.46
3297,71,4,20230629,20240628,renewed,1534.76
3298,71,6,20240624,20250624,renewed,7324.5
3299,71,5,20230624,20240623,renewed,159.09
3300,71,4,20231222,20241221,lapsed,1289.85
3301,71,5,20240718,20250718,renewed,598.8
3302,71,6,20240710,20250710,renewed,3209.45
3303,71,6,20230801,20240731,lapsed,3478.46
3304,71,5,20230327,20240326,renewed,986.55
3305,71,4,20231018,20241017,lapsed,2781.81
3306,71,1,20240607,20250607,renewed,2029.71
3307,71,6,20230705,20240704,lapsed,3040.78
3308,71,6,20240823,20250823,renewed,6723.28
3309,71,6,20230408,20240407,renewed,2496.08
3310,71,4,20230723,20240722,renewed,802.6
3311,71,4,20230919,20240918,renewed,1292.65
3312,71,5,20230210,20240210,lapsed,1072.15
3313,71,6,20240703,20250703,lapsed,2293.76
3314,71,5,20240111,20250110,renewed,703.16
3315,71,2,20241106,20251106,grace,2473.76
3316,71,5,20230507,20240506,renewed,888.61
3317,72,4,20230608,20240607,lapsed,2780.3
3318,72,4,20230318,20240317,lapsed,2382.43
3319,72,3,20240826,20250826,renewed,682.72
3320,72,4,20230804,20240803,renewed,2453.98
3321,72,2,20241107,20251107,renewed,1417.41
3322,72,1,20230520,20240519,renewed,3395.96
3323,72,5,20240404,20250404,lapsed,779.88
3324,72,6,20240122,20250121,lapsed,1165.95
3325,72,3,20230322,20240321,renewed,1030.71
3326,72,3,20240318,20250318,renewed,2956.52
3327,72,6,20241017,20251017,renewed,4141.4
3328,72,5,20230621,20240620,renewed,486.34
3329,72,2,20240811,20250811,renewed,490.73
3330,72,4,20240124,20250123,renewed,324.34
3331,72,4,20230616,20240615,renewed,2484.23
3332,72,5,20230322,20240321,renewed,1173.39
3333,72,5,20241025,20251025,renewed,197.95
3334,72,5,20240911,20250911,lapsed,737.23
3335,72,6,20240823,20250823,renewed,4293.51
3336,72,5,20230905,20240904,renewed,161.11
3337,72,6,20240305,20250305,renewed,7007.37
3338,72,2,20240321,20250321,grace,2675.85
3339,72,1,20240227,20250226,lapsed,3089.92
3340,72,1,20240401,20250401,renewed,2191.2
3341,72,1,20230308,20240307,renewed,698.87
3342,72,6,20231124,20241123,renewed,594.34
3343,72,3,20230330,20240329,grace,2577.49
3344,72,2,20240911,20250911,lapsed,3573.3
3345,72,2,20240802,20250802,lapsed,759.58
3346,72,5,20230328,20240327,renewed,431.66
3347,72,3,20241107,20251107,renewed,794.58
3348,72,4,20241122,20251122,renewed,2672.42
3349,72,5,20241115,20251115,renewed,821.91
3350,72,3,20230124,20240124,renewed,2630.04
3351,72,3,20231113,20241112,renewed,2796.59
3352,72,3,20231021,20241020,lapsed,2623.7
3353,72,1,20231008,20241007,renewed,1805.01
3354,72,2,20230514,20240513,renewed,862.03
3355,72,5,20230630,20240629,renewed,846.1
3356,72,4,20240506,20250506,grace,526.46
3357,72,6,20230625,20240624,renewed,3930.09
3358,72,2,20230315,20240314,renewed,3159.5
3359,72,6,20230216,20240216,lapsed,4019.13
3360,72,2,20241026,20251026,renewed,4149.01
3361,72,3,20240617,20250617,lapsed,2002.85
3362,72,2,20230517,20240516,lapsed,1447.9
3363,72,4,20231214,20241213,lapsed,402.25
3364,72,1,20230426,20240425,renewed,1533.2
3365,72,4,20230901,20240831,renewed,500.11
3366,72,4,20240331,20250331,lapsed,2405.58
3367,72,1,20240315,20250315,renewed,4783.77
3368,72,2,20230803,20240802,renewed,545.68
3369,72,1,20240907,20250907,renewed,4794.49
3370,72,3,20240815,20250815,grace,1233.4
3371,72,1,20231005,20241004,renewed,2887.27
3372,72,4,20240507,20250507,renewed,432.2
3373,72,1,20241008,20251008,renewed,1220.9
3374,72,5,20240218,20250217,lapsed,681.43
3375,72,3,20230722,20240721,renewed,2525.41
3376,72,4,20240908,20250908,renewed,1474.96
3377,72,6,20240314,20250314,renewed,7125.16
3378,72,2,20240704,20250704,renewed,2408.04
3379,72,4,20240223,20250222,renewed,439.59
3380,72,2,20230501,20240430,renewed,1418.84
3381,72,1,20230308,20240307,renewed,804.48
3382,72,2,20241011,20251011,renewed,3005.72
3383,72,6,20240820,20250820,renewed,7984.14
3384,73,5,20230606,20240605,renewed,971.23
3385,73,4,20240304,20250304,renewed,2466.26
3386,73,6,20241021,20251021,renewed,7894.64
3387,73,2,20230428,20240427,renewed,2704.46
3388,73,1,20230616,20240615,renewed,2694.2
3389,73,1,20240605,20250605,renewed,3273.04
3390,73,2,20230323,20240322,renewed,4330.54
3391,73,6,20231025,20241024,lapsed,2999.29
3392,73,5,20230314,20240313,renewed,220.49
3393,73,2,20230825,20240824,lapsed,716.34
3394,73,6,20240813,20250813,renewed,5856.76
3395,73,6,20241103,20251103,renewed,1780.0
3396,73,5,20240807,20250807,renewed,592.52
3397,73,5,20241117,20251117,renewed,934.86
3398,73,6,20230401,20240331,grace,1766.91
3399,73,5,20231026,20241025,lapsed,788.73
3400,73,6,20240131,20250130,renewed,3017.08
3401,73,2,20230901,20240831,lapsed,3714.49
3402,73,6,20230124,20240124,renewed,7579.79
3403,73,4,20240924,20250924,renewed,745.45
3404,73,4,20240305,20250305,grace,1019.12
3405,73,5,20240124,20250123,renewed,501.28
3406,73,2,20230412,20240411,lapsed,3400.8
3407,73,3,20230310,20240309,renewed,2434.28
3408,73,2,20240608,20250608,renewed,3650.21
3409,73,1,20230913,20240912,lapsed,1204.36
3410,73,1,20231210,20241209,lapsed,2628.59
3411,73,3,20230220,20240220,renewed,741.87
3412,73,1,20230325,20240324,renewed,1954.1
3413,73,3,20240523,20250523,renewed,2918.68
3414,73,1,20231203,20241202,renewed,3252.99
3415,73,5,20240122,20250121,renewed,1125.46
3416,73,6,20240714,20250714,renewed,7452.86
3417,73,3,20231118,20241117,grace,2751.54
3418,73,4,20231208,20241207,renewed,2753.41
3419,73,3,20240927,20250927,renewed,1140.41
3420,73,1,20240917,20250917,renewed,1859.87
3421,73,5,20240818,20250818,lapsed,824.77
3422,73,1,20230610,20240609,renewed,2035.51
3423,73,4,20240724,20250724,renewed,971.59
3424,73,2,20230906,20240905,renewed,2074.34
3425,73,3,20240301,20250301,renewed,1829.68
3426,73,3,20241022,20251022,renewed,1585.46
3427,73,3,20231206,20241205,renewed,517.07
3428,73,4,20241126,20251126,renewed,2501.44
3429,73,3,20231030,20241029,lapsed,878.16
3430,73,2,20231118,20241117,renewed,1544.0
3431,73,1,20241026,20251026,renewed,3596.85
3432,73,2,20230412,20240411,lapsed,2643.92
3433,73,4,20240513,20250513,lapsed,829.2
3434,73,2,20230627,20240626,lapsed,3642.2
3435,73,1,20240214,20250213,lapsed,2546.74
3436,73,6,20240228,20250227,lapsed,3079.76
3437,73,2,20240713,20250713,grace,3270.18
3438,73,5,20240624,20250624,renewed,862.81
3439,73,1,20240326,20250326,renewed,4545.16
3440,73,2,20230116,20240116,renewed,1337.03
3441,73,2,20231021,20241020,renewed,1077.72
3442,73,3,20231221,20241220,renewed,1219.79
3443,73,1,20240329,20250329,renewed,4512.76
3444,73,2,20230524,20240523,grace,1510.15
3445,73,5,20230829,20240828,renewed,114.77
3446,73,5,20231002,20241001,renewed,872.97
3447,73,6,20230829,20240828,grace,5794.43
3448,73,6,20231118,20241117,lapsed,4325.55
3449,73,6,20231019,20241018,lapsed,4198.34
3450,73,1,20240317,20250317,renewed,4271.67
3451,73,4,20231118,20241117,renewed,2055.39
3452,73,6,20231229,20241228,renewed,1125.59
3453,73,5,20240513,20250513,renewed,951.18
3454,73,5,20230626,20240625,grace,1147.52
3455,73,3,20230312,20240311,renewed,1240.15
3456,73,6,20231218,20241217,renewed,2582.72
3457,73,2,20230410,20240409,lapsed,3602.72
3458,73,2,20231017,20241016,renewed,1160.89
3459,74,6,20241111,20251111,lapsed,664.32
3460,74,4,20241004,20251004,renewed,1491.84
3461,74,6,20231219,20241218,renewed,5723.26
3462,74,2,20240819,20250819,renewed,4163.87
3463,74,3,20240405,20250405,renewed,2413.28
3464,74,1,20240626,20250626,renewed,1567.71
3465,74,1,20230315,20240314,lapsed,3154.7
3466,74,1,20230801,20240731,renewed,569.8
3467,74,2,20240203,20250202,renewed,1519.12
3468,74,4,20241106,20251106,lapsed,2605.43
3469,74,1,20230228,20240228,lapsed,4826.93
3470,74,1,20240827,20250827,grace,3850.31
3471,74,5,20230805,20240804,lapsed,1039.67
3472,74,1,20240119,20250118,lapsed,1689.73
3473,74,3,20230523,20240522,lapsed,2142.96
3474,74,4,20240226,20250225,renewed,1983.32
3475,74,1,20231021,20241020,lapsed,2905.07
3476,74,3,20230505,20240504,renewed,1059.37
3477,74,3,20231112,20241111,renewed,1589.6
3478,74,3,20230911,20240910,renewed,328.61
3479,74,4,20240930,20250930,lapsed,2469.43
3480,74,1,20241117,20251117,renewed,1830.12
3481,74,2,20240609,20250609,renewed,997.36
3482,74,3,20230626,20240625,grace,1514.84
3483,74,6,20241101,20251101,grace,1628.98
3484,74,5,20230823,20240822,renewed,911.01
3485,74,5,20240616,20250616,lapsed,169.16
3486,74,2,20241119,20251119,renewed,2630.83
3487,74,2,20240930,20250930,lapsed,1160.18
3488,74,1,20231015,20241014,grace,4251.95
3489,74,5,20230426,20240425,renewed,373.57
3490,74,3,20230123,20240123,renewed,2106.65
3491,74,3,20230110,20240110,renewed,634.03
3492,74,2,20230602,20240601,lapsed,4133.03
3493,74,6,20230428,20240427,renewed,2578.4
3494,74,3,20240225,20250224,lapsed,701.37
3495,74,5,20230808,20240807,grace,705.77
3496,74,3,20230122,20240122,grace,1062.77
3497,74,1,20230814,20240813,renewed,1847.95
3498,74,3,20231108,20241107,renewed,2769.68
3499,74,5,20230621,20240620,lapsed,282.29
3500,74,2,20240728,20250728,renewed,1098.29
3501,74,5,20230308,20240307,lapsed,1134.73
3502,74,6,20230313,20240312,lapsed,2262.42
3503,74,6,20230831,20240830,renewed,7696.08
3504,74,2,20230812,20240811,renewed,1595.66
3505,74,5,20230724,20240723,renewed,1182.62
3506,74,3,20230930,20240929,lapsed,931.92
3507,74,5,20231102,20241101,lapsed,338.17
3508,74,5,20231031,20241030,lapsed,321.67
3509,74,5,20231218,20241217,lapsed,745.44
3510,74,3,20240226,20250225,renewed,2239.26
3511,74,4,20230101,20240101,renewed,2288.92
3512,74,4,20230830,20240829,renewed,2904.89
3513,74,2,20230604,20240603,renewed,2354.87
3514,74,3,20240626,20250626,renewed,270.39
3515,74,3,20240126,20250125,renewed,2180.55
3516,74,4,20231204,20241203,lapsed,1737.7
3517,74,3,20231202,20241201,renewed,1063.33
3518,74,3,20231102,20241101,renewed,1766.0
3519,74,2,20241018,20251018,renewed,1103.14
3520,74,6,20240904,20250904,lapsed,1722.56
3521,74,4,20240205,20250204,renewed,1333.15
3522,74,6,20240610,20250610,renewed,1564.66
3523,74,5,20240809,20250809,grace,303.4
3524,75,2,20240518,20250518,renewed,3081.56
3525,75,6,20240809,20250809,renewed,601.98
3526,75,3,20241119,20251119,renewed,1326.15
3527,75,5,20240519,20250519,lapsed,225.42
3528,75,2,20230412,20240411,renewed,1682.07
3529,75,6,20240323,20250323,renewed,2405.99
3530,75,1,20230303,20240302,grace,2089.06
3531,75,5,20230414,20240413,renewed,415.93
3532,75,4,20231029,20241028,lapsed,278.82
3533,75,1,20241118,20251118,renewed,2525.45
3534,75,1,20240609,20250609,renewed,2837.05
3535,75,2,20230613,20240612,renewed,3215.72
3536,75,6,20240312,20250312,renewed,2158.56
3537,75,1,20241017,20251017,lapsed,3542.79
3538,75,4,20230425,20240424,renewed,707.3
3539,75,5,20230730,20240729,renewed,503.5
3540,75,1,20230129,20240129,renewed,3177.09
3541,75,4,20230830,20240829,renewed,2492.07
3542,75,4,20230202,20240202,renewed,1802.26
3543,75,2,20231221,20241220,renewed,3957.05
3544,75,4,20240416,20250416,renewed,1044.23
3545,75,6,20240214,20250213,lapsed,590.49
3546,75,3,20230105,20240105,lapsed,1623.8
3547,75,5,20231129,20241128,lapsed,225.23
3548,75,5,20230812,20240811,lapsed,564.91
3549,75,1,20230521,20240520,renewed,3129.3
3550,75,1,20241023,20251023,renewed,2424.8
3551,75,2,20240217,20250216,renewed,1375.77
3552,75,3,20240401,20250401,renewed,2440.73
3553,75,5,20230329,20240328,renewed,1133.36
3554,75,2,20240522,20250522,renewed,3335.62
3555,75,5,20240807,20250807,grace,472.37
3556,75,2,20240722,20250722,lapsed,3701.96
3557,75,2,20230905,20240904,renewed,1328.84
3558,75,6,20231214,20241213,renewed,5356.08
3559,75,1,20231019,20241018,renewed,1851.63
3560,75,3,20230721,20240720,renewed,2375.02
3561,75,1,20230920,20240919,renewed,1245.4
3562,75,4,20241119,20251119,renewed,1487.38
3563,75,1,20231027,20241026,renewed,1348.44
3564,75,5,20240508,20250508,renewed,630.35
3565,75,3,20231221,20241220,renewed,483.4
3566,75,6,20230401,20240331,renewed,7657.64
3567,75,1,20230323,20240322,renewed,1377.75
3568,75,1,20230626,20240625,renewed,3617.78
3569,75,3,20240206,20250205,renewed,1431.99
3570,75,3,20240604,20250604,renewed,1980.22
3571,75,5,20230906,20240905,renewed,1080.48
3572,75,5,20241023,20251023,renewed,1117.83
3573,75,2,20230711,20240710,renewed,2187.81
3574,75,4,20230823,20240822,renewed,2540.97
3575,75,1,20230606,20240605,lapsed,2788.23
3576,75,3,20240511,20250511,lapsed,1053.11
3577,75,4,20241022,20251022,renewed,743.62
3578,75,6,20230812,20240811,renewed,1785.39
3579,75,2,20240424,20250424,grace,4410.94
3580,75,6,20230404,20240403,lapsed,1325.05
3581,75,3,20240326,20250326,renewed,1956.92
3582,75,3,20240214,20250213,renewed,873.25
3583,75,5,20231013,20241012,renewed,725.93
3584,75,4,20240816,20250816,renewed,1476.42
3585,75,6,20241018,20251018,renewed,6700.46
3586,75,1,20240322,20250322,lapsed,4818.74
3587,75,1,20230224,20240224,renewed,3432.46
3588,75,6,20240118,20250117,grace,1269.59
3589,75,3,20240816,20250816,renewed,2872.6
3590,75,4,20240118,20250117,lapsed,2009.73
3591,75,5,20230115,20240115,renewed,210.73
3592,75,5,20240102,20250101,renewed,1141.7
3593,75,4,20230523,20240522,grace,1665.31
3594,75,1,20240926,20250926,renewed,3355.73
3595,75,1,20240827,20250827,renewed,2166.56
3596,75,3,20230916,20240915,renewed,2725.16
3597,75,4,20231116,20241115,renewed,498.91
3598,75,5,20230120,20240120,renewed,1190.62
3599,75,1,20230108,20240108,renewed,531.55
3600,75,6,20240317,20250317,renewed,3327.32
3601,75,2,20240227,20250226,renewed,3167.63
3602,76,5,20230905,20240904,renewed,943.66
3603,76,1,20230115,20240115,grace,1242.74
3604,76,1,20231116,20241115,renewed,4031.37
3605,76,1,20230902,20240901,grace,1766.03
3606,76,2,20240424,20250424,renewed,3862.79
3607,76,2,20230630,20240629,renewed,3163.46
3608,76,3,20240211,20250210,renewed,1546.99
3609,76,1,20240812,20250812,renewed,4886.41
3610,76,3,20240214,20250213,renewed,2289.33
3611,76,1,20241020,20251020,renewed,1163.6
3612,76,1,20231007,20241006,lapsed,2508.43
3613,76,1,20240826,20250826,renewed,1333.75
3614,76,3,20240917,20250917,renewed,1180.22
3615,76,2,20230217,20240217,renewed,2601.21
3616,76,5,20241115,20251115,renewed,996.4
3617,76,6,20230608,20240607,lapsed,4516.22
3618,76,1,20230317,20240316,renewed,851.61
3619,76,5,20230921,20240920,renewed,1177.91
3620,76,2,20240424,20250424,lapsed,2382.97
3621,76,6,20230820,20240819,renewed,3286.52
3622,76,6,20230608,20240607,renewed,4369.62
3623,78,3,20230614,20240613,lapsed,2029.27
3624,78,2,20240425,20250425,renewed,2700.98
3625,78,5,20230506,20240505,renewed,382.54
3626,78,6,20240304,20250304,renewed,5827.57
3627,78,4,20231014,20241013,renewed,1962.48
3628,78,3,20230624,20240623,renewed,492.56
3629,78,1,20240731,20250731,renewed,3020.9
3630,78,5,20230302,20240301,renewed,227.07
3631,78,6,20230817,20240816,renewed,1310.45
3632,78,6,20230116,20240116,renewed,2222.58
3633,78,1,20230210,20240210,renewed,1823.32
3634,78,4,20240126,20250125,lapsed,1658.46
3635,78,5,20240302,20250302,renewed,447.78
3636,78,4,20231128,20241127,renewed,2216.73
3637,78,1,20240527,20250527,grace,1577.57
3638,78,3,20230420,20240419,renewed,1905.4
3639,78,4,20231231,20241230,grace,583.65
3640,78,2,20240701,20250701,lapsed,4447.57
3641,78,6,20231209,20241208,lapsed,7526.75
3642,78,3,20230209,20240209,lapsed,2587.18
3643,78,6,20231002,20241001,renewed,3585.97
3644,78,2,20240515,20250515,lapsed,3206.96
3645,78,6,20241027,20251027,renewed,5074.37
3646,78,1,20240519,20250519,renewed,1002.9
3647,78,1,20230525,20240524,renewed,4271.29
3648,78,3,20240512,20250512,renewed,519.57
3649,78,1,20240426,20250426,renewed,4926.08
3650,78,5,20230531,20240530,lapsed,1101.58
3651,78,4,20230401,20240331,renewed,1818.02
3652,78,4,20231101,20241031,lapsed,1297.26
3653,78,3,20240124,20250123,renewed,2361.67
3654,78,1,20230901,20240831,renewed,2082.55
3655,78,4,20231230,20241229,renewed,2874.91
3656,78,1,20240402,20250402,renewed,884.17
3657,78,1,20240826,20250826,renewed,3538.09
3658,78,5,20240321,20250321,renewed,689.16
3659,78,1,20240427,20250427,lapsed,4136.15
3660,78,5,20241116,20251116,lapsed,651.73
3661,78,3,20230926,20240925,renewed,359.17
3662,78,3,20230928,20240927,renewed,2493.28
3663,78,3,20240202,20250201,renewed,2277.99
3664,78,5,20231030,20241029,grace,193.4
3665,78,6,20240519,20250519,renewed,7188.14
3666,78,4,20230908,20240907,renewed,625.47
3667,78,2,20240401,20250401,renewed,1082.92
3668,78,2,20240924,20250924,renewed,475.03
3669,78,2,20231012,20241011,renewed,2353.17
3670,78,6,20230929,20240928,renewed,7829.26
3671,78,3,20230513,20240512,grace,1080.07
3672,78,3,20240210,20250209,renewed,2853.78
3673,78,3,20230915,20240914,renewed,1767.21
3674,78,2,20240913,20250913,lapsed,1747.39
3675,78,1,20240719,20250719,renewed,4688.03
3676,78,2,20230111,20240111,renewed,2197.8
3677,78,4,20231108,20241107,renewed,1314.94
3678,79,4,20230415,20240414,renewed,2348.53
3679,79,2,20230920,20240919,lapsed,4840.78
3680,79,4,20230125,20240125,renewed,1884.96
3681,79,1,20231215,20241214,renewed,1597.48
3682,79,2,20240805,20250805,renewed,1215.29
3683,79,1,20230707,20240706,lapsed,3631.57
3684,79,1,20240212,20250211,renewed,514.79
3685,79,6,20240905,20250905,renewed,5014.4
3686,79,6,20230305,20240304,renewed,6723.61
3687,79,3,20240315,20250315,renewed,675.25
3688,79,4,20231008,20241007,lapsed,2617.4
3689,79,1,20240119,20250118,renewed,2194.68
3690,79,1,20231015,20241014,renewed,1121.99
3691,79,6,20241026,20251026,renewed,7234.84
3692,79,3,20240727,20250727,renewed,732.74
3693,79,3,20240303,20250303,renewed,1251.61
3694,79,3,20230608,20240607,lapsed,625.36
3695,79,6,20240209,20250208,renewed,7582.57
3696,79,2,20230125,20240125,lapsed,573.18
3697,79,4,20230917,20240916,renewed,2558.39
3698,79,6,20240422,20250422,lapsed,1798.24
3699,79,3,20231026,20241025,renewed,1187.33
3700,79,6,20240106,20250105,renewed,2974.83
3701,79,1,20241021,20251021,grace,549.57
3702,79,1,20230828,20240827,renewed,4816.71
3703,80,5,20241120,20251120,renewed,938.05
3704,80,6,20240331,20250331,renewed,4465.37
3705,80,6,20240316,20250316,lapsed,6828.14
3706,80,5,20240227,20250226,renewed,659.41
3707,80,2,20241031,20251031,lapsed,1362.58
3708,80,6,20230523,20240522,lapsed,6486.07
3709,80,6,20240515,20250515,renewed,573.52
3710,80,1,20230519,20240518,renewed,406.38
3711,80,2,20240909,20250909,renewed,2280.58
3712,80,4,20231026,20241025,renewed,1602.9
3713,80,5,20230730,20240729,renewed,563.39
3714,80,1,20230725,20240724,renewed,4376.22
3715,80,1,20230529,20240528,renewed,1289.16
3716,80,1,20231128,20241127,renewed,3940.32
3717,80,3,20240806,20250806,renewed,2252.71
3718,80,5,20230522,20240521,lapsed,960.43
3719,80,6,20230503,20240502,renewed,798.82
3720,80,2,20240224,20250223,renewed,4663.92
3721,80,2,20240920,20250920,lapsed,622.48
3722,80,4,20230624,20240623,lapsed,1568.35
3723,80,2,20240228,20250227,grace,1370.21
3724,80,3,20230909,20240908,renewed,1502.87
3725,80,6,20240926,20250926,renewed,1008.78
3726,80,2,20230822,20240821,renewed,2136.77
3727,80,6,20230223,20240223,grace,3355.48
3728,80,6,20240513,20250513,renewed,1435.57
3729,80,3,20230312,20240311,renewed,2723.53
3730,80,2,20240429,20250429,renewed,1929.03
3731,80,2,20240317,20250317,grace,4140.48
3732,80,3,20230525,20240524,renewed,2258.84
3733,80,6,20240919,20250919,renewed,3467.68
3734,80,1,20240409,20250409,renewed,1337.82
3735,80,1,20230327,20240326,lapsed,453.41
3736,80,6,20230202,20240202,lapsed,4184.96
3737,80,1,20240328,20250328,renewed,475.78
3738,80,4,20240420,20250420,renewed,727.27
3739,80,6,20231005,20241004,renewed,689.84
3740,80,5,20230730,20240729,renewed,472.34
3741,80,4,20230325,20240324,renewed,2469.94
3742,80,4,20230331,20240330,renewed,1176.83
3743,80,3,20230928,20240927,renewed,1971.48
3744,80,4,20230701,20240630,lapsed,1871.36
3745,80,3,20240922,20250922,renewed,1177.19
3746,80,2,20240728,20250728,lapsed,2548.95
3747,80,4,20241013,20251013,renewed,1416.64
3748,81,3,20240730,20250730,lapsed,2985.1
3749,81,2,20240313,20250313,renewed,1764.79
3750,81,1,20230928,20240927,lapsed,501.46
3751,81,1,20231010,20241009,renewed,1053.29
3752,81,2,20231212,20241211,renewed,2295.26
3753,81,3,20230925,20240924,renewed,2975.23
3754,81,5,20240808,20250808,renewed,1074.44
3755,81,4,20240103,20250102,renewed,2266.5
3756,81,6,20231030,20241029,renewed,2163.11
3757,81,4,20231009,20241008,renewed,960.77
3758,81,1,20230716,20240715,grace,941.2
3759,81,1,20240323,20250323,lapsed,3732.3
3760,81,6,20231101,20241031,renewed,4960.35
3761,81,3,20241031,20251031,renewed,2408.66
3762,81,2,20230810,20240809,renewed,3086.76
3763,81,5,20240606,20250606,renewed,702.93
3764,81,2,20230721,20240720,lapsed,2327.31
3765,81,4,20230204,20240204,renewed,2551.87
3766,81,5,20240817,20250817,renewed,906.08
3767,81,6,20231129,20241128,lapsed,7852.36
3768,81,2,20240223,20250222,grace,4045.42
3769,81,2,20241020,20251020,renewed,3771.57
3770,81,4,20230103,20240103,renewed,1634.4
3771,81,2,20240713,20250713,renewed,3584.69
3772,81,1,20240220,20250219,renewed,924.66
3773,81,6,20230804,20240803,renewed,4099.41
3774,81,1,20230802,20240801,grace,4196.39
3775,81,1,20230317,20240316,lapsed,835.65
3776,81,2,20240112,20250111,lapsed,1941.65
3777,81,6,20231109,20241108,grace,6966.97
3778,81,5,20240321,20250321,renewed,665.64
3779,81,1,20230930,20240929,renewed,1316.88
3780,81,6,20240412,20250412,renewed,4414.21
3781,81,4,20231227,20241226,renewed,2319.53
3782,81,4,20240102,20250101,lapsed,1482.13
3783,81,1,20230609,20240608,renewed,2107.48
3784,81,3,20230227,20240227,renewed,2485.48
3785,81,6,20230425,20240424,renewed,815.12
3786,81,2,20230113,20240113,lapsed,1864.91
3787,81,1,20230701,20240630,renewed,1482.09
3788,81,6,20240229,20250228,lapsed,2196.09
3789,81,4,20240425,20250425,lapsed,856.75
3790,81,4,20230404,20240403,renewed,2308.2
3791,81,4,20230506,20240505,lapsed,1653.43
3792,81,1,20240530,20250530,lapsed,3045.9
3793,81,3,20230518,20240517,lapsed,1035.31
3794,81,4,20240715,20250715,renewed,743.34
3795,81,6,20230319,20240318,renewed,7857.04
3796,81,2,20230620,20240619,lapsed,574.26
3797,81,4,20240115,20250114,renewed,1800.89
3798,81,1,20231029,20241028,lapsed,795.39
3799,81,6,20230221,20240221,lapsed,6076.65
3800,81,3,20240618,20250618,lapsed,1735.3
3801,81,1,20241014,20251014,renewed,2630.97
3802,81,6,20240518,20250518,lapsed,981.84
3803,82,2,20231122,20241121,renewed,3970.73
3804,82,1,20241113,20251113,renewed,3022.75
3805,82,1,20241125,20251125,renewed,4144.08
3806,82,5,20230911,20240910,renewed,226.9
3807,82,1,20240627,20250627,renewed,3808.94
3808,82,3,20230430,20240429,renewed,1619.27
3809,82,4,20230425,20240424,renewed,1904.85
3810,82,3,20241002,20251002,lapsed,392.61
3811,82,1,20240811,20250811,renewed,1746.37
3812,82,4,20240904,20250904,renewed,2829.29
3813,82,3,20240114,20250113,renewed,691.46
3814,82,4,20230825,20240824,renewed,1096.45
3815,82,2,20240108,20250107,renewed,1707.91
3816,82,2,20241010,20251010,renewed,4619.52
3817,82,5,20230512,20240511,renewed,156.11
3818,82,1,20240624,20250624,renewed,4969.19
3819,82,6,20240621,20250621,grace,3045.28
3820,82,2,20240930,20250930,renewed,3486.56
3821,82,4,20230419,20240418,renewed,2782.15
3822,82,6,20230523,20240522,renewed,4459.89
3823,82,3,20230319,20240318,renewed,2515.51
3824,82,1,20230512,20240511,grace,812.78
3825,82,4,20240629,20250629,renewed,1950.58
3826,82,4,20240831,20250831,renewed,2137.08
3827,82,3,20240409,20250409,renewed,1816.75
3828,82,5,20231028,20241027,renewed,900.93
3829,82,3,20230713,20240712,renewed,1307.86
3830,82,1,20230818,20240817,renewed,4408.15
3831,82,6,20231104,20241103,renewed,7565.81
3832,82,4,20240730,20250730,lapsed,1259.62
3833,82,1,20230903,20240902,renewed,2100.5
3834,82,3,20230812,20240811,renewed,2016.21
3835,82,5,20230902,20240901,renewed,1117.25
3836,82,2,20240212,20250211,renewed,1552.1
3837,82,3,20240701,20250701,renewed,2577.41
3838,82,4,20240220,20250219,grace,1030.82
3839,82,4,20230216,20240216,lapsed,1716.66
3840,82,4,20231001,20240930,renewed,1602.05
3841,82,3,20240417,20250417,renewed,1592.8
3842,82,2,20231109,20241108,lapsed,988.2
3843,82,3,20241110,20251110,renewed,2721.94
3844,82,5,20230508,20240507,renewed,274.01
3845,82,1,20230621,20240620,lapsed,2720.59
3846,82,3,20230911,20240910,renewed,2516.02
3847,82,6,20231103,20241102,renewed,3949.28
3848,82,5,20231212,20241211,renewed,1149.36
3849,82,3,20240105,20250104,renewed,2886.17
3850,82,2,20240803,20250803,renewed,2657.75
3851,82,3,20230302,20240301,grace,579.59
3852,82,1,20230412,20240411,grace,2367.56
3853,82,2,20230412,20240411,lapsed,4694.13
3854,82,1,20240915,20250915,lapsed,2191.27
3855,82,1,20230218,20240218,renewed,3296.67
3856,82,2,20230511,20240510,renewed,3525.38
3857,82,5,20231129,20241128,renewed,425.72
3858,82,1,20240720,20250720,renewed,3673.85
3859,82,3,20230725,20240724,renewed,1766.94
3860,82,6,20230514,20240513,renewed,2223.54
3861,82,1,20230907,20240906,renewed,4717.88
3862,82,6,20230324,20240323,renewed,2493.04
3863,82,4,20240507,20250507,grace,1332.45
3864,82,2,20240610,20250610,renewed,1552.91
3865,82,6,20240202,20250201,renewed,2654.39
3866,82,2,20230427,20240426,lapsed,4480.85
3867,82,2,20230616,20240615,renewed,1389.15
3868,82,2,20240630,20250630,lapsed,4298.38
3869,82,3,20241124,20251124,renewed,2081.25
3870,82,6,20230612,20240611,renewed,3605.34
3871,82,5,20230602,20240601,grace,744.36
3872,82,2,20240509,20250509,renewed,908.97
3873,82,6,20240121,20250120,lapsed,1691.64
3874,82,5,20230627,20240626,renewed,895.22
3875,82,5,20230106,20240106,renewed,459.82
3876,82,3,20240516,20250516,renewed,2631.85
3877,82,5,20241011,20251011,renewed,423.4
3878,82,1,20231218,20241217,renewed,4142.59
3879,82,2,20240908,20250908,renewed,4094.38
3880,82,5,20231202,20241201,renewed,786.2
3881,82,4,20240106,20250105,renewed,2264.22
3882,82,4,20230530,20240529,renewed,2174.83
3883,83,5,20241004,20251004,renewed,1188.32
3884,83,1,20240312,20250312,renewed,1991.2
3885,83,4,20231006,20241005,lapsed,1254.61
3886,83,2,20240403,20250403,renewed,2615.1
3887,83,1,20240802,20250802,renewed,921.92
3888,83,2,20240710,20250710,renewed,1041.35
3889,83,3,20230611,20240610,renewed,651.63
3890,83,4,20230523,20240522,grace,1563.95
3891,83,6,20240817,20250817,renewed,5610.49
3892,83,4,20240503,20250503,renewed,1597.95
3893,83,3,20230217,20240217,renewed,2711.79
3894,83,1,20240310,20250310,lapsed,2675.07
3895,83,4,20230131,20240131,grace,874.12
3896,83,6,20231130,20241129,lapsed,7063.77
3897,83,3,20231211,20241210,renewed,1110.32
3898,83,1,20230626,20240625,lapsed,4805.75
3899,83,6,20230413,20240412,grace,7637.4
3900,83,6,20240420,20250420,renewed,5540.11
3901,83,6,20231117,20241116,renewed,2293.16
3902,83,5,20240304,20250304,renewed,456.45
3903,83,1,20230703,20240702,lapsed,2863.81
3904,83,3,20230412,20240411,lapsed,1999.98
3905,83,4,20230430,20240429,grace,2385.14
3906,83,6,20230513,20240512,lapsed,1529.31
3907,83,4,20231230,20241229,lapsed,556.65
3908,83,2,20230727,20240726,renewed,4996.29
3909,83,3,20230531,20240530,renewed,684.09
3910,83,5,20230721,20240720,renewed,143.45
3911,83,3,20241110,20251110,grace,1940.72
3912,83,1,20230208,20240208,renewed,3560.21
3913,83,3,20230916,20240915,renewed,849.36
3914,83,6,20230114,20240114,grace,3936.35
3915,83,1,20231013,20241012,renewed,4065.72
3916,83,5,20230828,20240827,renewed,342.84
3917,83,1,20240722,20250722,renewed,3070.19
3918,83,1,20230726,20240725,lapsed,2869.88
3919,83,2,20231110,20241109,renewed,4507.76
3920,83,5,20230505,20240504,lapsed,1075.78
3921,83,3,20240108,20250107,renewed,1232.3
3922,83,2,20231114,20241113,renewed,3399.07
3923,83,1,20240522,20250522,grace,3820.13
3924,83,3,20230718,20240717,grace,2827.13
3925,83,5,20230607,20240606,lapsed,868.03
3926,83,4,20231007,20241006,renewed,1749.71
3927,83,6,20230801,20240731,renewed,6599.91
3928,83,1,20230517,20240516,renewed,3451.79
3929,83,2,20240214,20250213,renewed,957.36
3930,83,4,20230529,20240528,lapsed,2739.7
3931,83,5,20230717,20240716,renewed,203.6
3932,83,2,20231215,20241214,lapsed,1798.9
3933,83,6,20230404,20240403,renewed,4790.4
3934,83,2,20240815,20250815,lapsed,2385.12
3935,83,3,20240424,20250424,renewed,2586.62
3936,83,3,20240307,20250307,renewed,2131.76
3937,83,1,20231215,20241214,renewed,603.63
3938,83,6,20230607,20240606,renewed,4489.08
3939,83,4,20240827,20250827,renewed,1190.42
3940,84,2,20230505,20240504,renewed,1423.11
3941,84,6,20230704,20240703,lapsed,1894.78
3942,84,2,20231007,20241006,renewed,3689.3
3943,84,6,20231015,20241014,lapsed,7579.43
3944,84,1,20231021,20241020,renewed,3003.12
3945,84,2,20230924,20240923,lapsed,4890.56
3946,84,4,20240317,20250317,lapsed,2003.38
3947,84,4,20240225,20250224,renewed,2038.11
3948,84,2,20230704,20240703,renewed,2294.43
3949,84,1,20230602,20240601,renewed,4741.37
3950,84,4,20240518,20250518,renewed,1061.73
3951,84,3,20241011,20251011,renewed,1540.19
3952,84,5,20240411,20250411,renewed,794.96
3953,84,5,20241124,20251124,grace,1082.93
3954,84,6,20231202,20241201,renewed,1557.06
3955,84,4,20240422,20250422,renewed,789.56
3956,84,6,20240325,20250325,renewed,2197.12
3957,84,2,20230114,20240114,grace,4029.84
3958,84,3,20240322,20250322,renewed,1780.63
3959,84,2,20230509,20240508,renewed,2040.16
3960,84,4,20231018,20241017,renewed,2498.77
3961,84,1,20231031,20241030,renewed,3367.59
3962,84,2,20241107,20251107,renewed,3281.71
3963,84,1,20230912,20240911,renewed,4921.64
3964,84,1,20230403,20240402,renewed,1027.61
3965,84,3,20240622,20250622,renewed,2649.72
3966,84,6,20240919,20250919,grace,891.1
3967,84,2,20240412,20250412,lapsed,3448.02
3968,84,4,20240408,20250408,renewed,2462.15
3969,84,5,20240702,20250702,renewed,1125.17
3970,84,4,20231106,20241105,renewed,1742.97
3971,84,5,20230304,20240303,renewed,254.99
3972,84,3,20240508,20250508,renewed,894.34
3973,84,1,20230730,20240729,lapsed,2186.12
3974,84,6,20230912,20240911,renewed,2330.62
3975,84,2,20230323,20240322,lapsed,795.97
3976,84,6,20240827,20250827,renewed,4340.68
3977,84,3,20240626,20250626,renewed,791.26
3978,84,5,20230122,20240122,renewed,392.21
3979,84,3,20240109,20250108,renewed,1607.45
3980,84,3,20240203,20250202,renewed,253.33
3981,84,4,20240128,20250127,renewed,2167.76
3982,84,4,20230628,20240627,renewed,1157.35
3983,84,6,20230519,20240518,renewed,7225.06
3984,84,3,20240827,20250827,renewed,461.97
3985,84,4,20241027,20251027,lapsed,2921.27
3986,84,4,20240801,20250801,renewed,1158.75
3987,84,3,20231107,20241106,renewed,780.39
3988,84,5,20240916,20250916,renewed,518.56
3989,84,5,20240830,20250830,lapsed,984.85
3990,84,2,20240109,20250108,renewed,2252.94
3991,84,6,20230525,20240524,renewed,7565.74
3992,84,2,20231023,20241022,lapsed,875.64
3993,84,6,20230111,20240111,renewed,6349.5
3994,84,6,20230717,20240716,renewed,4871.6
3995,84,6,20231125,20241124,renewed,3392.24
3996,84,6,20230903,20240902,renewed,7837.97
3997,84,5,20231013,20241012,renewed,841.65
3998,84,2,20240314,20250314,renewed,592.24
3999,84,4,20230428,20240427,lapsed,887.13
4000,84,5,20240801,20250801,grace,227.08
4001,84,4,20240528,20250528,renewed,488.64
4002,84,2,20231108,20241107,renewed,1174.6
4003,84,1,20240826,20250826,renewed,2662.22
4004,84,4,20230714,20240713,renewed,1352.97
4005,84,4,20230717,20240716,renewed,2071.68
4006,84,2,20230530,20240529,renewed,4995.54
4007,85,5,20230731,20240730,renewed,736.26
4008,85,5,20230922,20240921,renewed,232.33
4009,85,4,20230412,20240411,renewed,292.75
4010,85,3,20230422,20240421,grace,2753.48
4011,85,5,20230801,20240731,renewed,737.98
4012,85,1,20231225,20241224,renewed,3726.91
4013,85,1,20231123,20241122,renewed,1945.97
4014,85,5,20240522,20250522,renewed,705.98
4015,85,6,20230203,20240203,grace,863.04
4016,85,3,20230130,20240130,renewed,2302.39
4017,85,4,20240925,20250925,renewed,1084.32
4018,85,2,20230429,20240428,renewed,2353.44
4019,85,3,20240125,20250124,lapsed,2589.95
4020,85,3,20240818,20250818,renewed,2515.85
4021,85,4,20240623,20250623,renewed,2949.68
4022,85,4,20240129,20250128,renewed,460.5
4023,85,5,20240403,20250403,grace,388.73
4024,85,5,20231221,20241220,renewed,122.54
4025,85,4,20230805,20240804,renewed,1778.88
4026,85,1,20230520,20240519,renewed,2473.6
4027,85,6,20231127,20241126,lapsed,4788.83
4028,85,4,20240420,20250420,renewed,2624.88
4029,85,1,20230724,20240723,renewed,2492.16
4030,85,6,20231115,20241114,renewed,6807.51
4031,85,6,20231105,20241104,renewed,3076.21
4032,85,4,20240425,20250425,renewed,1546.12
4033,85,2,20231124,20241123,renewed,1192.7
4034,85,4,20240930,20250930,renewed,1259.04
4035,85,4,20241026,20251026,renewed,2898.99
4036,85,3,20240920,20250920,renewed,1694.39
4037,85,3,20240425,20250425,renewed,2388.87
4038,85,6,20240909,20250909,renewed,2242.87
4039,85,6,20230225,20240225,renewed,6800.41
4040,85,6,20230814,20240813,renewed,6788.13
4041,85,5,20241017,20251017,renewed,592.72
4042,85,1,20240413,20250413,renewed,4925.19
4043,85,6,20230624,20240623,renewed,1049.6
4044,85,5,20240710,20250710,renewed,650.95
4045,85,2,20240921,20250921,renewed,4305.85
4046,85,3,20230330,20240329,lapsed,2711.71
4047,85,5,20240526,20250526,grace,893.61
4048,85,5,20240928,20250928,lapsed,920.62
4049,85,2,20230804,20240803,renewed,4305.6
4050,85,4,20240103,20250102,renewed,1969.32
4051,85,6,20230422,20240421,renewed,1103.12
4052,85,5,20230108,20240108,renewed,1179.31
4053,85,2,20240603,20250603,renewed,4201.52
4054,85,3,20230622,20240621,renewed,868.11
4055,85,1,20230920,20240919,renewed,3312.74
4056,85,1,20240827,20250827,renewed,1956.78
4057,85,2,20230113,20240113,renewed,4485.05
4058,85,5,20231110,20241109,renewed,405.85
4059,85,5,20241104,20251104,renewed,992.28
4060,85,4,20240131,20250130,lapsed,512.57
4061,85,4,20230604,20240603,lapsed,2560.09
4062,85,5,20230316,20240315,renewed,1107.96
4063,85,3,20231225,20241224,lapsed,1905.15
4064,85,6,20240925,20250925,renewed,2774.17
4065,85,4,20231113,20241112,renewed,1562.72
4066,85,3,20230921,20240920,renewed,999.32
4067,85,3,20240613,20250613,grace,2318.72
4068,85,1,20230825,20240824,lapsed,4292.3
4069,85,4,20230517,20240516,renewed,1808.81
4070,85,6,20231227,20241226,renewed,4080.26
4071,85,5,20230908,20240907,renewed,702.34
4072,85,5,20240916,20250916,renewed,662.54
4073,85,3,20240520,20250520,renewed,2464.48
4074,85,2,20230203,20240203,renewed,2005.15
4075,85,5,20240525,20250525,renewed,256.51
4076,85,5,20240912,20250912,lapsed,379.96
4077,85,4,20240508,20250508,renewed,548.37
4078,85,4,20230926,20240925,grace,2676.36
4079,85,5,20230208,20240208,lapsed,766.15
4080,85,2,20231207,20241206,renewed,1577.9
4081,85,3,20240821,20250821,grace,1791.59
4082,86,6,20240708,20250708,renewed,7931.88
4083,86,6,20240731,20250731,renewed,5245.01
4084,86,6,20241107,20251107,renewed,1798.38
4085,86,4,20240127,20250126,renewed,2610.94
4086,86,3,20240521,20250521,renewed,1075.45
4087,86,5,20230717,20240716,grace,698.1
4088,86,5,20230508,20240507,renewed,845.04
4089,86,1,20230220,20240220,renewed,973.42
4090,86,6,20230902,20240901,renewed,4872.48
4091,86,1,20240513,20250513,renewed,815.51
4092,86,1,20230216,20240216,renewed,2747.46
4093,86,2,20240914,20250914,lapsed,4844.05
4094,86,1,20230109,20240109,lapsed,3784.67
4095,86,2,20240702,20250702,lapsed,2581.08
4096,86,5,20231220,20241219,lapsed,1097.03
4097,86,4,20230130,20240130,renewed,797.84
4098,86,4,20241021,20251021,renewed,2326.39
4099,86,1,20240416,20250416,renewed,870.12
4100,86,4,20230731,20240730,lapsed,826.35
4101,86,4,20240520,20250520,lapsed,601.54
4102,86,4,20230930,20240929,renewed,1151.96
4103,86,4,20241117,20251117,renewed,850.75
4104,86,3,20230429,20240428,lapsed,253.75
4105,86,3,20230624,20240623,renewed,2502.26
4106,86,2,20230125,20240125,grace,4433.0
4107,86,5,20230402,20240401,renewed,453.19
4108,86,2,20231218,20241217,renewed,1423.24
4109,86,3,20240721,20250721,renewed,1572.27
4110,86,6,20230425,20240424,renewed,4708.54
4111,86,6,20230916,20240915,renewed,6759.76
4112,86,1,20240505,20250505,renewed,4524.3
4113,86,5,20231010,20241009,renewed,981.9
4114,86,5,20240427,20250427,lapsed,291.17
4115,86,3,20240624,20250624,renewed,813.91
4116,86,1,20230613,20240612,renewed,449.02
4117,86,5,20230424,20240423,grace,198.61
4118,86,6,20231029,20241028,renewed,4519.4
4119,86,4,20240110,20250109,lapsed,1467.81
4120,86,2,20231112,20241111,grace,3543.69
4121,86,2,20230218,20240218,lapsed,2666.02
4122,86,4,20230726,20240725,renewed,1692.82
4123,86,6,20231020,20241019,renewed,2395.46
4124,86,3,20231112,20241111,lapsed,1242.51
4125,86,2,20240408,20250408,renewed,1312.3
4126,86,5,20230515,20240514,renewed,770.68
4127,86,5,20230324,20240323,lapsed,691.73
4128,86,3,20240511,20250511,lapsed,2267.75
4129,86,4,20230907,20240906,renewed,1014.81
4130,86,4,20240704,20250704,renewed,2209.39
4131,86,1,20241108,20251108,grace,3559.45
4132,86,2,20240517,20250517,renewed,3674.24
4133,86,1,20241107,20251107,renewed,2062.29
4134,86,6,20230312,20240311,lapsed,1252.85
4135,86,4,20230709,20240708,lapsed,426.12
4136,86,3,20240504,20250504,renewed,1498.23
4137,86,2,20230415,20240414,renewed,4034.08
4138,86,1,20230422,20240421,lapsed,4447.91
4139,86,6,20230322,20240321,grace,5533.67
4140,86,1,20240211,20250210,lapsed,3253.26
4141,86,6,20230514,20240513,renewed,2942.71
4142,86,6,20230307,20240306,renewed,5734.72
4143,86,2,20241122,20251122,renewed,3197.25
4144,86,6,20231207,20241206,renewed,3115.58
4145,86,5,20230220,20240220,lapsed,1170.67
4146,86,6,20230228,20240228,renewed,4191.38
4147,86,3,20231112,20241111,lapsed,1066.54
4148,86,1,20230109,20240109,lapsed,2499.22
4149,86,3,20240328,20250328,lapsed,2735.03
4150,86,5,20230803,20240802,renewed,440.66
4151,86,5,20241101,20251101,renewed,266.42
4152,86,4,20240401,20250401,renewed,2910.18
4153,86,6,20230925,20240924,renewed,1247.32
4154,86,4,20240606,20250606,renewed,2852.27
4155,86,1,20230823,20240822,renewed,4329.84
4156,86,6,20230708,20240707,lapsed,4787.9
4157,87,3,20240910,20250910,renewed,2289.49
4158,87,6,20231026,20241025,renewed,1604.9
4159,87,6,20240108,20250107,renewed,2061.15
4160,87,5,20240320,20250320,renewed,270.82
4161,87,2,20230809,20240808,renewed,4031.55
4162,87,6,20241001,20251001,lapsed,4032.41
4163,87,4,20230902,20240901,lapsed,2462.26
4164,87,4,20230717,20240716,renewed,2416.14
4165,87,3,20230328,20240327,renewed,1268.3
4166,87,3,20240908,20250908,renewed,811.21
4167,87,3,20230925,20240924,renewed,1503.53
4168,87,6,20230905,20240904,lapsed,4215.09
4169,87,2,20230717,20240716,renewed,1136.21
4170,87,3,20231127,20241126,renewed,1775.76
4171,87,1,20230313,20240312,renewed,3420.18
4172,87,6,20231120,20241119,renewed,4661.05
4173,87,2,20230704,20240703,renewed,4395.59
4174,87,2,20230531,20240530,lapsed,3983.34
4175,87,4,20240415,20250415,renewed,2795.2
4176,87,1,20230219,20240219,lapsed,2507.03
4177,87,6,20230413,20240412,renewed,1379.06
4178,87,6,20241117,20251117,lapsed,707.99
4179,87,5,20240915,20250915,lapsed,339.74
4180,87,5,20230113,20240113,lapsed,444.04
4181,87,6,20230426,20240425,renewed,1207.05
4182,87,6,20231227,20241226,grace,1104.61
4183,87,3,20240204,20250203,renewed,1706.1
4184,87,5,20240302,20250302,renewed,754.65
4185,87,1,20240408,20250408,renewed,1472.44
4186,87,2,20240719,20250719,lapsed,3320.11
4187,87,1,20240902,20250902,renewed,3100.34
4188,87,1,20240604,20250604,renewed,4904.17
4189,87,4,20230917,20240916,renewed,2689.44
4190,87,6,20240814,20250814,renewed,2683.6
4191,87,4,20230114,20240114,renewed,792.09
4192,87,4,20230427,20240426,lapsed,1867.97
4193,87,4,20240722,20250722,renewed,1622.69
4194,87,3,20230913,20240912,renewed,737.72
4195,87,3,20230224,20240224,lapsed,1466.47
4196,87,6,20230923,20240922,renewed,1672.44
4197,87,4,20240403,20250403,renewed,437.58
4198,87,6,20230729,20240728,grace,1241.95
4199,87,6,20240809,20250809,renewed,5659.37
4200,87,6,20240511,20250511,renewed,1548.99
4201,87,4,20241001,20251001,lapsed,934.82
4202,87,4,20240403,20250403,renewed,2586.9
4203,87,4,20230520,20240519,grace,2122.64
4204,87,5,20230928,20240927,grace,1068.41
4205,87,6,20240615,20250615,renewed,7121.14
4206,87,1,20240531,20250531,renewed,2128.97
4207,87,1,20240328,20250328,renewed,3064.51
4208,87,1,20230314,20240313,renewed,1303.45
4209,87,2,20230721,20240720,renewed,4834.3
4210,87,3,20240801,20250801,renewed,1658.85
4211,87,6,20230102,20240102,renewed,1243.61
4212,87,4,20240623,20250623,renewed,255.34
4213,87,6,20230926,20240925,lapsed,3308.32
4214,87,4,20240119,20250118,grace,2081.4
4215,87,2,20230715,20240714,renewed,2849.48
4216,87,5,20231006,20241005,renewed,231.15
4217,87,2,20240813,20250813,renewed,822.38
4218,87,2,20240616,20250616,renewed,1965.23
4219,87,3,20230309,20240308,lapsed,658.47
4220,87,2,20240903,20250903,renewed,916.32
4221,87,5,20230316,20240315,renewed,923.1
4222,87,1,20231013,20241012,renewed,1891.8
4223,87,6,20240623,20250623,renewed,7558.02
4224,87,6,20230711,20240710,renewed,5495.87
4225,87,4,20231104,20241103,lapsed,2820.03
4226,87,1,20240911,20250911,renewed,4401.64
4227,87,2,20240508,20250508,renewed,4349.61
4228,87,1,20240429,20250429,renewed,3758.64
4229,87,4,20240210,20250209,lapsed,1407.2
4230,87,6,20240803,20250803,lapsed,7961.96
4231,87,4,20230502,20240501,renewed,1544.97
4232,87,5,20240912,20250912,grace,268.56
4233,87,6,20230610,20240609,grace,1098.32
4234,87,6,20240317,20250317,lapsed,873.25
4235,87,5,20240417,20250417,renewed,580.13
4236,88,3,20231214,20241213,renewed,1638.32
4237,88,5,20240227,20250226,renewed,672.23
4238,88,3,20230309,20240308,renewed,2940.8
4239,88,2,20240715,20250715,grace,2160.87
4240,88,2,20240908,20250908,renewed,3165.9
4241,88,3,20230821,20240820,renewed,485.08
4242,88,1,20240827,20250827,grace,2811.99
4243,88,4,20241117,20251117,renewed,1491.49
4244,88,4,20231127,20241126,lapsed,1839.08
4245,88,2,20241029,20251029,lapsed,3467.48
4246,88,5,20241119,20251119,renewed,346.92
4247,88,6,20230830,20240829,renewed,5894.97
4248,88,2,20230714,20240713,renewed,1193.42
4249,88,1,20241014,20251014,renewed,4778.23
4250,88,6,20240804,20250804,renewed,7134.01
4251,88,3,20241110,20251110,renewed,2092.06
4252,88,2,20230801,20240731,grace,3613.83
4253,88,5,20240815,20250815,renewed,909.55
4254,88,2,20230108,20240108,renewed,2668.06
4255,88,1,20231006,20241005,lapsed,4383.26
4256,88,5,20230710,20240709,renewed,893.95
4257,88,6,20230310,20240309,renewed,3916.9
4258,88,1,20231224,20241223,renewed,3006.86
4259,88,3,20240609,20250609,lapsed,1989.23
4260,88,5,20230226,20240226,renewed,109.0
4261,88,4,20230721,20240720,renewed,549.52
4262,88,2,20231127,20241126,renewed,735.62
4263,88,5,20240413,20250413,lapsed,548.4
4264,88,1,20240619,20250619,renewed,2590.53
4265,88,1,20240729,20250729,renewed,3077.3
4266,88,5,20241011,20251011,renewed,690.88
4267,88,1,20240313,20250313,renewed,2122.7
4268,88,1,20230920,20240919,renewed,4808.11
4269,88,3,20241001,20251001,lapsed,1111.25
4270,88,4,20230128,20240128,renewed,1437.2
4271,88,3,20240520,20250520,renewed,1990.59
4272,88,5,20240201,20250131,grace,738.06
4273,88,2,20240822,20250822,lapsed,4928.33
4274,88,2,20240129,20250128,renewed,4960.78
4275,88,6,20240415,20250415,lapsed,4277.29
4276,88,3,20240414,20250414,renewed,2371.76
4277,88,4,20241111,20251111,grace,468.23
4278,88,1,20240707,20250707,renewed,1933.59
4279,88,4,20240510,20250510,renewed,2965.94
4280,88,4,20230310,20240309,grace,2927.51
4281,88,2,20231118,20241117,renewed,2074.77
4282,88,4,20231007,20241006,lapsed,1280.6
4283,88,3,20241116,20251116,renewed,2872.4
4284,88,4,20240620,20250620,lapsed,2548.04
4285,88,5,20230711,20240710,renewed,1099.15
4286,88,4,20240609,20250609,renewed,769.88
4287,88,3,20240122,20250121,renewed,887.42
4288,88,6,20240518,20250518,renewed,2289.27
4289,88,6,20240908,20250908,renewed,2908.04
4290,88,3,20241115,20251115,renewed,1354.81
4291,88,1,20231226,20241225,renewed,1561.08
4292,88,3,20240519,20250519,renewed,2831.69
4293,88,5,20241022,20251022,renewed,938.42
4294,88,5,20230326,20240325,renewed,167.9
4295,88,5,20230421,20240420,renewed,191.46
4296,88,1,20240913,20250913,renewed,2353.26
4297,88,6,20240711,20250711,renewed,6589.75
4298,88,4,20240701,20250701,renewed,1935.3
4299,88,2,20240402,20250402,lapsed,556.29
4300,88,4,20240826,20250826,renewed,2602.83
4301,88,5,20241008,20251008,renewed,989.58
4302,88,3,20230212,20240212,renewed,407.28
4303,88,6,20241007,20251007,renewed,6350.75
4304,88,6,20230710,20240709,renewed,4343.2
4305,88,6,20230308,20240307,renewed,2583.68
4306,88,4,20230725,20240724,lapsed,414.03
4307,88,1,20230414,20240413,renewed,1877.26
4308,88,2,20240420,20250420,grace,1515.59
4309,88,2,20230501,20240430,grace,4517.69
4310,88,4,20230706,20240705,renewed,373.38
4311,88,6,20240729,20250729,renewed,710.34
4312,88,6,20241002,20251002,renewed,4610.94
4313,88,1,20240113,20250112,renewed,3762.94
4314,88,6,20230820,20240819,lapsed,6933.26
4315,89,2,20230614,20240613,renewed,2571.93
4316,89,1,20240314,20250314,renewed,1741.16
4317,89,4,20230318,20240317,grace,1564.53
4318,89,5,20230807,20240806,renewed,793.12
4319,89,5,20241029,20251029,renewed,1180.37
4320,89,5,20231006,20241005,renewed,106.65
4321,89,3,20230416,20240415,renewed,435.19
4322,89,4,20240118,20250117,renewed,2012.28
4323,89,1,20231028,20241027,lapsed,430.8
4324,89,5,20231214,20241213,lapsed,822.87
4325,89,5,20230515,20240514,renewed,962.11
4326,89,4,20240124,20250123,lapsed,1274.91
4327,89,6,20240327,20250327,renewed,5219.41
4328,89,5,20230519,20240518,renewed,136.01
4329,89,4,20230305,20240304,renewed,1735.38
4330,89,3,20230225,20240225,renewed,2009.31
4331,89,5,20240202,20250201,renewed,1038.45
4332,89,2,20240620,20250620,renewed,2530.6
4333,89,4,20240110,20250109,lapsed,513.91
4334,89,2,20241015,20251015,lapsed,4504.37
4335,89,3,20240618,20250618,renewed,2256.25
4336,89,4,20230829,20240828,renewed,1294.99
4337,89,4,20240628,20250628,lapsed,2738.94
4338,89,2,20240930,20250930,renewed,947.37
4339,89,3,20241031,20251031,lapsed,1506.12
4340,89,1,20240113,20250112,renewed,1694.09
4341,89,6,20241103,20251103,lapsed,7595.34
4342,89,3,20230222,20240222,renewed,597.98
4343,89,3,20231016,20241015,lapsed,2240.8
4344,89,4,20240523,20250523,lapsed,2623.41
4345,89,6,20241123,20251123,lapsed,3329.26
4346,89,5,20240505,20250505,renewed,334.56
4347,89,3,20230520,20240519,lapsed,478.17
4348,90,2,20231112,20241111,lapsed,1593.4
4349,90,3,20240401,20250401,renewed,2855.32
4350,90,2,20231221,20241220,renewed,2812.84
4351,90,2,20240928,20250928,renewed,2113.44
4352,90,1,20231014,20241013,lapsed,1690.24
4353,90,5,20230728,20240727,lapsed,865.04
4354,90,4,20231115,20241114,renewed,1346.43
4355,90,5,20230929,20240928,renewed,838.0
4356,90,4,20240218,20250217,renewed,1567.87
4357,90,6,20241016,20251016,renewed,3236.04
4358,90,6,20230720,20240719,renewed,1379.1
4359,90,2,20230525,20240524,renewed,4388.39
4360,90,6,20240627,20250627,renewed,3230.22
4361,90,1,20230530,20240529,renewed,806.86
4362,90,2,20230727,20240726,grace,3167.12
4363,90,3,20230621,20240620,lapsed,1276.3
4364,90,4,20241105,20251105,renewed,312.77
4365,90,4,20240203,20250202,renewed,2099.52
4366,90,2,20230519,20240518,renewed,4285.18
4367,90,3,20240420,20250420,renewed,2550.44
4368,90,5,20230217,20240217,lapsed,504.2
4369,90,1,20230314,20240313,lapsed,3140.08
4370,90,1,20230812,20240811,lapsed,4050.73
4371,90,1,20230512,20240511,renewed,3879.81
4372,90,3,20240630,20250630,renewed,2598.65
4373,90,3,20240131,20250130,lapsed,647.28
4374,90,4,20240315,20250315,renewed,1139.64
4375,90,3,20231202,20241201,renewed,1810.47
4376,90,6,20231008,20241007,renewed,7471.85
4377,90,3,20230318,20240317,lapsed,2377.75
4378,90,4,20230912,20240911,grace,809.72
4379,90,5,20240202,20250201,renewed,644.28
4380,90,2,20240608,20250608,lapsed,3700.88
4381,90,3,20230614,20240613,renewed,410.98
4382,90,1,20240513,20250513,lapsed,3204.12
4383,90,4,20230120,20240120,renewed,715.8
4384,90,2,20240517,20250517,renewed,4095.96
4385,90,4,20240110,20250109,renewed,2660.6
4386,90,6,20240402,20250402,renewed,4724.26
4387,90,5,20240104,20250103,renewed,373.72
4388,90,2,20240324,20250324,lapsed,2202.68
4389,90,4,20240812,20250812,renewed,1864.26
4390,90,1,20240427,20250427,lapsed,4093.04
4391,90,2,20231030,20241029,renewed,2470.41
4392,90,6,20230213,20240213,renewed,2150.87
4393,90,4,20230312,20240311,renewed,2460.03
4394,90,5,20240602,20250602,renewed,1118.0
4395,90,3,20240629,20250629,renewed,2416.86
4396,90,4,20240409,20250409,lapsed,2897.65
4397,90,4,20241027,20251027,renewed,770.95
4398,90,6,20240524,20250524,renewed,5612.63
4399,90,2,20230813,20240812,renewed,3060.73
4400,90,1,20240611,20250611,renewed,1654.16
4401,90,5,20230414,20240413,renewed,153.17
4402,90,3,20241005,20251005,renewed,822.29
4403,90,2,20240320,20250320,renewed,2436.92
4404,90,6,20240517,20250517,renewed,1711.11
4405,90,2,20231223,20241222,renewed,3059.6
4406,90,1,20231206,20241205,renewed,3969.94
4407,90,1,20230221,20240221,renewed,1174.06
4408,90,1,20230419,20240418,renewed,1410.19
4409,90,2,20231022,20241021,grace,3413.95
4410,90,1,20240224,20250223,grace,4784.64
4411,90,4,20230412,20240411,grace,940.77
4412,90,2,20231222,20241221,renewed,4089.62
4413,90,4,20240906,20250906,renewed,1556.97
4414,90,6,20231127,20241126,renewed,4107.72
4415,90,4,20231213,20241212,renewed,1683.5
4416,90,3,20231015,20241014,renewed,1272.18
4417,91,1,20240227,20250226,renewed,1776.29
4418,91,5,20240607,20250607,renewed,702.89
4419,91,5,20231204,20241203,lapsed,478.95
4420,91,3,20230911,20240910,renewed,1070.42
4421,91,3,20241030,20251030,renewed,1614.36
4422,91,5,20240924,20250924,renewed,909.88
4423,91,1,20230805,20240804,renewed,2871.87
4424,91,6,20240219,20250218,lapsed,935.73
4425,91,4,20231208,20241207,renewed,2568.8
4426,91,1,20240318,20250318,renewed,2845.14
4427,91,5,20240730,20250730,renewed,1094.41
4428,91,5,20231123,20241122,renewed,441.05
4429,91,6,20240728,20250728,renewed,2910.01
4430,91,1,20240526,20250526,renewed,2951.32
4431,91,2,20231028,20241027,renewed,3329.52
4432,91,2,20240101,20241231,lapsed,833.67
4433,91,4,20240313,20250313,renewed,1722.77
4434,91,2,20240302,20250302,lapsed,2184.5
4435,91,1,20230814,20240813,renewed,3542.32
4436,91,5,20240217,20250216,renewed,473.66
4437,91,1,20231213,20241212,renewed,1121.08
4438,91,1,20231109,20241108,renewed,4035.12
4439,91,3,20240520,20250520,renewed,2532.62
4440,91,5,20240531,20250531,renewed,264.68
4441,91,1,20240326,20250326,renewed,2824.65
4442,91,4,20230828,20240827,renewed,1124.84
4443,91,4,20240928,20250928,renewed,1098.51
4444,91,2,20230619,20240618,renewed,3856.16
4445,91,2,20240802,20250802,renewed,4045.89
4446,91,6,20240401,20250401,renewed,6816.29
4447,91,4,20240909,20250909,grace,802.16
4448,91,4,20240202,20250201,lapsed,1867.66
4449,91,2,20230924,20240923,renewed,4852.67
4450,91,1,20240324,20250324,renewed,572.1
4451,91,4,20231113,20241112,lapsed,2042.56
4452,91,3,20240923,20250923,renewed,1399.23
4453,91,2,20230802,20240801,renewed,1997.94
4454,91,2,20240907,20250907,renewed,1469.28
4455,91,1,20230921,20240920,renewed,4174.73
4456,91,2,20241008,20251008,renewed,1702.81
4457,92,4,20240216,20250215,renewed,1361.8
4458,92,4,20230928,20240927,lapsed,875.06
4459,92,4,20230501,20240430,lapsed,2415.92
4460,92,3,20230403,20240402,lapsed,484.84
4461,92,6,20241023,20251023,renewed,1307.72
4462,92,5,20240828,20250828,renewed,593.37
4463,92,5,20240316,20250316,lapsed,811.25
4464,92,4,20240828,20250828,renewed,622.08
4465,92,2,20231103,20241102,renewed,2743.26
4466,92,1,20240407,20250407,lapsed,4005.53
4467,92,3,20240429,20250429,renewed,2182.25
4468,92,2,20230102,20240102,lapsed,3513.42
4469,92,1,20230309,20240308,renewed,4743.33
4470,92,2,20230724,20240723,renewed,3218.18
4471,92,2,20241025,20251025,renewed,3521.34
4472,92,4,20240924,20250924,renewed,541.41
4473,92,3,20230920,20240919,renewed,1093.07
4474,92,5,20240523,20250523,renewed,515.39
4475,92,5,20240419,20250419,renewed,681.48
4476,92,1,20240705,20250705,renewed,4438.27
4477,92,1,20230309,20240308,lapsed,2454.35
4478,92,5,20240423,20250423,grace,537.67
4479,92,2,20240823,20250823,lapsed,1551.15
4480,92,5,20240927,20250927,renewed,786.57
4481,92,5,20240724,20250724,renewed,562.79
4482,92,5,20240701,20250701,renewed,511.3
4483,92,2,20230829,20240828,grace,3274.49
4484,92,3,20240806,20250806,renewed,1880.96
4485,92,1,20240625,20250625,renewed,3439.58
4486,92,2,20231027,20241026,renewed,3749.35
4487,92,5,20230706,20240705,renewed,891.13
4488,92,1,20240615,20250615,renewed,4675.64
4489,92,1,20241004,20251004,renewed,1178.21
4490,92,4,20240609,20250609,grace,709.23
4491,92,3,20240309,20250309,renewed,2068.69
4492,92,4,20231229,20241228,renewed,1046.13
4493,92,4,20231003,20241002,lapsed,2547.87
4494,92,5,20240308,20250308,renewed,1054.25
4495,92,3,20230929,20240928,grace,684.3
4496,92,5,20240526,20250526,renewed,1162.73
4497,92,6,20231221,20241220,renewed,6659.01
4498,92,2,20230814,20240813,renewed,1148.39
4499,92,3,20230829,20240828,renewed,436.71
4500,92,1,20240628,20250628,renewed,451.96
4501,92,1,20230706,20240705,renewed,1636.74
4502,92,3,20241108,20251108,renewed,1571.97
4503,92,5,20240802,20250802,lapsed,287.34
4504,92,5,20240719,20250719,renewed,1190.47
4505,92,5,20231111,20241110,renewed,889.62
4506,92,6,20231001,20240930,renewed,6819.26
4507,92,1,20240823,20250823,grace,908.07
4508,92,5,20230921,20240920,lapsed,942.34
4509,92,5,20230724,20240723,renewed,323.99
4510,92,1,20230607,20240606,renewed,4465.53
4511,92,2,20240506,20250506,renewed,2417.24
4512,92,2,20240522,20250522,renewed,958.52
4513,92,5,20240914,20250914,grace,963.46
4514,92,2,20240214,20250213,lapsed,4526.46
4515,92,3,20230908,20240907,lapsed,2188.26
4516,92,1,20230329,20240328,renewed,3795.09
4517,94,3,20231006,20241005,renewed,590.86
4518,94,4,20240622,20250622,lapsed,2119.78
4519,94,6,20230617,20240616,renewed,2046.98
4520,94,6,20240718,20250718,lapsed,5104.11
4521,94,4,20230711,20240710,renewed,2789.89
4522,94,5,20240722,20250722,renewed,1099.23
4523,94,1,20230926,20240925,renewed,4207.98
4524,94,5,20240124,20250123,renewed,523.49
4525,94,6,20230702,20240701,renewed,4332.42
4526,94,6,20240906,20250906,lapsed,1606.41
4527,94,6,20230904,20240903,renewed,7316.13
4528,94,4,20240615,20250615,lapsed,1333.39
4529,94,2,20240303,20250303,renewed,961.57
4530,94,1,20230318,20240317,lapsed,3052.08
4531,94,4,20240714,20250714,grace,2638.47
4532,94,4,20240120,20250119,renewed,1021.47
4533,94,4,20230824,20240823,renewed,2322.05
4534,94,2,20240302,20250302,lapsed,4759.26
4535,94,2,20240805,20250805,renewed,2650.3
4536,94,3,20230514,20240513,lapsed,359.64
4537,94,6,20240126,20250125,renewed,6122.44
4538,94,6,20231225,20241224,grace,4184.94
4539,94,5,20240403,20250403,renewed,194.49
4540,94,2,20230630,20240629,lapsed,3118.8
4541,94,5,20240101,20241231,renewed,1054.56
4542,94,5,20240830,20250830,lapsed,1134.63
4543,94,4,20230829,20240828,renewed,1682.02
4544,94,6,20231213,20241212,renewed,3243.23
4545,94,2,20240908,20250908,renewed,553.0
4546,94,4,20241014,20251014,renewed,2792.07
4547,94,6,20231105,20241104,renewed,2679.11
4548,94,5,20231107,20241106,lapsed,798.44
4549,94,6,20230620,20240619,lapsed,822.41
4550,94,3,20231105,20241104,renewed,1574.27
4551,94,3,20240801,20250801,renewed,864.33
4552,94,2,20240314,20250314,lapsed,3114.91
4553,94,4,20230626,20240625,renewed,760.54
4554,94,3,20240706,20250706,renewed,862.79
4555,95,3,20231102,20241101,lapsed,492.81
4556,95,5,20230719,20240718,renewed,578.91
4557,95,3,20231009,20241008,lapsed,1295.0
4558,95,1,20231109,20241108,lapsed,846.98
4559,95,3,20230319,20240318,lapsed,1312.3
4560,95,1,20240721,20250721,renewed,1905.17
4561,95,6,20230730,20240729,renewed,2384.27
4562,95,3,20230507,20240506,lapsed,912.31
4563,95,2,20240920,20250920,lapsed,4817.38
4564,95,3,20240921,20250921,renewed,1292.28
4565,95,3,20240319,20250319,renewed,367.21
4566,95,4,20241116,20251116,lapsed,472.23
4567,95,6,20230326,20240325,lapsed,7797.92
4568,95,1,20240524,20250524,grace,2699.36
4569,95,2,20230924,20240923,renewed,1426.03
4570,95,6,20240712,20250712,renewed,7705.21
4571,95,1,20230214,20240214,lapsed,2380.64
4572,95,5,20230117,20240117,lapsed,893.22
4573,95,1,20240713,20250713,renewed,2660.23
4574,95,4,20240509,20250509,lapsed,1927.84
4575,95,6,20240323,20250323,lapsed,7415.15
4576,95,2,20240510,20250510,lapsed,4196.8
4577,95,4,20240331,20250331,renewed,890.8
4578,95,4,20240129,20250128,lapsed,377.11
4579,95,1,20241028,20251028,renewed,4962.89
4580,95,2,20230423,20240422,lapsed,2368.29
4581,95,1,20241013,20251013,lapsed,1758.65
4582,95,6,20230124,20240124,renewed,1308.13
4583,95,6,20231108,20241107,renewed,7367.4
4584,95,5,20240602,20250602,lapsed,582.41
4585,95,4,20231026,20241025,grace,2157.6
4586,95,2,20240506,20250506,grace,3125.84
4587,95,1,20240125,20250124,renewed,1498.66
4588,95,5,20230326,20240325,renewed,998.12
4589,95,3,20230302,20240301,lapsed,1287.41
4590,95,2,20241012,20251012,renewed,2548.83
4591,95,5,20230207,20240207,renewed,1199.89
4592,95,2,20240703,20250703,renewed,413.02
4593,95,6,20231119,20241118,renewed,6774.17
4594,95,2,20230515,20240514,renewed,1630.24
4595,95,6,20231118,20241117,lapsed,3769.53
4596,95,2,20230325,20240324,renewed,814.93
4597,95,4,20231226,20241225,renewed,805.18
4598,95,5,20240929,20250929,renewed,462.57
4599,95,5,20230415,20240414,renewed,618.02
4600,95,3,20230803,20240802,renewed,2133.62
4601,95,2,20241016,20251016,lapsed,2966.47
4602,95,2,20240814,20250814,renewed,4882.59
4603,95,1,20230405,20240404,lapsed,1746.84
4604,95,2,20231114,20241113,renewed,3368.83
4605,95,5,20231013,20241012,renewed,842.18
4606,95,6,20230224,20240224,renewed,1904.21
4607,95,1,20231221,20241220,lapsed,1119.7
4608,95,2,20240926,20250926,renewed,1203.12
4609,95,3,20230309,20240308,lapsed,327.1
4610,95,3,20240226,20250225,lapsed,1468.47
4611,95,4,20231217,20241216,renewed,2775.69
4612,95,2,20230810,20240809,lapsed,1204.26
4613,96,3,20230410,20240409,renewed,2529.39
4614,96,1,20240528,20250528,renewed,4514.88
4615,96,2,20241011,20251011,renewed,1528.28
4616,96,5,20240913,20250913,renewed,825.89
4617,96,5,20230606,20240605,renewed,851.19
4618,96,1,20230428,20240427,renewed,1976.81
4619,96,2,20230417,20240416,lapsed,4657.03
4620,96,5,20230223,20240223,grace,1055.95
4621,96,4,20240516,20250516,renewed,1465.58
4622,96,2,20231201,20241130,renewed,2006.08
4623,96,3,20230627,20240626,renewed,1541.08
4624,96,1,20230812,20240811,grace,631.8
4625,96,1,20231124,20241123,renewed,1368.02
4626,96,2,20231022,20241021,renewed,2707.6
4627,96,4,20240902,20250902,renewed,1463.77
4628,96,6,20230726,20240725,renewed,3721.89
4629,96,5,20240504,20250504,renewed,311.1
4630,96,1,20231210,20241209,grace,2345.21
4631,96,4,20240207,20250206,renewed,953.24
4632,96,2,20241123,20251123,lapsed,1348.63
4633,96,6,20240427,20250427,renewed,3947.73
4634,96,3,20241118,20251118,renewed,841.94
4635,96,1,20230321,20240320,grace,1473.51
4636,96,5,20241103,20251103,renewed,126.62
4637,96,3,20240311,20250311,renewed,250.25
4638,96,4,20231010,20241009,renewed,872.42
4639,96,5,20230408,20240407,renewed,368.46
4640,96,6,20230707,20240706,lapsed,895.92
4641,96,6,20231015,20241014,renewed,7717.34
4642,96,3,20230129,20240129,renewed,1961.77
4643,96,5,20240726,20250726,renewed,741.21
4644,96,4,20230118,20240118,renewed,2496.87
4645,96,3,20230101,20240101,lapsed,2557.41
4646,96,3,20230116,20240116,renewed,550.24
4647,96,4,20230717,20240716,renewed,519.7
4648,96,6,20231231,20241230,renewed,6384.74
4649,96,1,20230130,20240130,renewed,1085.16
4650,96,5,20230930,20240929,renewed,475.43
4651,96,1,20231127,20241126,renewed,3132.77
4652,96,4,20240228,20250227,renewed,2428.41
4653,96,4,20230305,20240304,renewed,2280.1
4654,96,6,20240827,20250827,renewed,1693.46
4655,96,4,20230517,20240516,renewed,1898.33
4656,96,1,20240522,20250522,renewed,4082.83
4657,96,3,20240207,20250206,renewed,1015.3
4658,96,3,20240322,20250322,renewed,1551.53
4659,96,1,20231009,20241008,grace,1605.26
4660,96,2,20230503,20240502,grace,1212.85
4661,96,2,20230721,20240720,renewed,4190.17
4662,97,6,20230809,20240808,renewed,5554.53
4663,97,5,20240801,20250801,renewed,629.89
4664,97,6,20241112,20251112,lapsed,7855.2
4665,97,5,20230831,20240830,renewed,1141.8
4666,97,3,20231126,20241125,renewed,1087.43
4667,97,4,20231224,20241223,lapsed,1456.26
4668,97,5,20230228,20240228,renewed,997.77
4669,97,3,20240409,20250409,renewed,2781.08
4670,97,3,20241022,20251022,renewed,2313.17
4671,97,2,20240118,20250117,renewed,982.96
4672,97,5,20230221,20240221,renewed,856.89
4673,97,4,20241029,20251029,lapsed,1905.87
4674,97,1,20230201,20240201,grace,1142.35
4675,97,4,20240727,20250727,renewed,278.17
4676,97,3,20240102,20250101,renewed,1268.67
4677,97,3,20231005,20241004,renewed,2594.11
4678,97,4,20240630,20250630,renewed,1497.27
4679,97,4,20240817,20250817,renewed,1876.83
4680,97,2,20240101,20241231,renewed,1633.72
4681,97,5,20241114,20251114,renewed,603.18
4682,97,5,20240610,20250610,renewed,883.61
4683,97,3,20231107,20241106,renewed,1828.11
4684,97,2,20231124,20241123,grace,1178.39
4685,97,4,20240705,20250705,renewed,966.88
4686,97,2,20240623,20250623,renewed,2236.15
4687,97,4,20230728,20240727,renewed,1827.49
4688,97,5,20231225,20241224,lapsed,738.89
4689,97,5,20230118,20240118,renewed,1030.11
4690,97,3,20241009,20251009,renewed,1890.58
4691,97,2,20230626,20240625,renewed,3333.94
4692,97,5,20230218,20240218,renewed,820.09
4693,97,4,20240827,20250827,renewed,1688.21
4694,97,5,20230910,20240909,renewed,607.12
4695,97,2,20241114,20251114,renewed,423.47
4696,98,4,20231212,20241211,renewed,1186.87
4697,98,2,20240603,20250603,renewed,3415.18
4698,98,3,20230215,20240215,renewed,2648.87
4699,98,2,20230614,20240613,renewed,1547.47
4700,98,2,20240320,20250320,lapsed,869.85
4701,98,6,20240916,20250916,lapsed,2655.84
4702,98,5,20240319,20250319,renewed,1073.09
4703,98,1,20231221,20241220,renewed,3549.21
4704,98,4,20240418,20250418,renewed,1672.55
4705,98,1,20230704,20240703,lapsed,1438.98
4706,98,2,20230408,20240407,renewed,3494.23
4707,98,3,20241006,20251006,renewed,460.98
4708,98,1,20240729,20250729,renewed,3552.49
4709,98,4,20240310,20250310,lapsed,2429.68
4710,98,6,20240220,20250219,lapsed,1629.32
4711,98,2,20231125,20241124,renewed,1186.03
4712,98,4,20230126,20240126,renewed,453.57
4713,98,5,20230205,20240205,grace,381.78
4714,98,5,20240305,20250305,renewed,1082.12
4715,98,5,20240824,20250824,renewed,323.19
4716,98,5,20240704,20250704,grace,885.99
4717,98,4,20230214,20240214,renewed,620.13
4718,98,6,20240214,20250213,renewed,6498.9
4719,98,5,20240211,20250210,lapsed,842.92
4720,98,5,20231127,20241126,lapsed,191.07
4721,98,2,20240524,20250524,renewed,4681.62
4722,98,3,20230924,20240923,renewed,2945.64
4723,98,3,20240127,20250126,renewed,998.39
4724,98,2,20240516,20250516,grace,1230.43
4725,98,5,20241118,20251118,renewed,759.57
4726,98,2,20231109,20241108,lapsed,673.31
4727,98,5,20231111,20241110,lapsed,643.58
4728,98,4,20240303,20250303,renewed,2528.39
4729,98,2,20240415,20250415,renewed,3980.85
4730,98,3,20230114,20240114,renewed,1974.91
4731,98,6,20231015,20241014,renewed,5905.21
4732,98,2,20230715,20240714,renewed,2403.9
4733,98,1,20230915,20240914,grace,3119.61
4734,98,1,20240913,20250913,renewed,1537.98
4735,98,1,20231220,20241219,lapsed,3485.46
4736,98,1,20240206,20250205,lapsed,1211.72
4737,98,1,20240916,20250916,renewed,2133.33
4738,98,1,20240414,20250414,renewed,2391.43
4739,98,2,20240228,20250227,renewed,612.55
4740,98,2,20240712,20250712,renewed,1024.44
4741,98,1,20230621,20240620,lapsed,2085.96
4742,98,4,20240123,20250122,renewed,1083.23
4743,98,2,20230726,20240725,lapsed,2900.93
4744,98,1,20230516,20240515,renewed,4170.45
4745,98,4,20230928,20240927,renewed,2461.56
4746,98,3,20240803,20250803,lapsed,644.57
4747,99,2,20240601,20250601,lapsed,3460.63
4748,99,6,20231113,20241112,renewed,5629.7
4749,99,1,20230318,20240317,lapsed,3492.89
4750,99,2,20240402,20250402,renewed,933.12
4751,99,5,20241013,20251013,renewed,816.34
4752,99,6,20240107,20250106,renewed,6247.94
4753,99,6,20231017,20241016,renewed,4656.92
4754,99,5,20240609,20250609,renewed,567.97
4755,99,1,20230421,20240420,renewed,1356.27
4756,99,5,20230724,20240723,renewed,292.3
4757,99,2,20240506,20250506,renewed,1369.59
4758,99,5,20240322,20250322,renewed,685.83
4759,99,4,20240804,20250804,renewed,2064.99
4760,99,1,20230605,20240604,renewed,4476.2
4761,99,2,20230331,20240330,renewed,2630.75
4762,99,5,20240426,20250426,lapsed,775.53
4763,99,4,20230826,20240825,grace,2213.82
4764,99,3,20241104,20251104,grace,1814.88
4765,99,2,20241105,20251105,renewed,4821.94
4766,99,5,20241001,20251001,renewed,473.81
4767,99,1,20230916,20240915,renewed,1712.25
4768,99,6,20230401,20240331,renewed,3342.92
4769,99,2,20230303,20240302,renewed,1929.79
4770,99,1,20240114,20250113,renewed,1614.22
4771,99,3,20230327,20240326,renewed,2633.8
4772,99,3,20231218,20241217,renewed,2770.62
4773,99,5,20230530,20240529,renewed,424.87
4774,99,5,20230501,20240430,renewed,919.42
4775,99,3,20241028,20251028,renewed,2527.3
4776,99,6,20230821,20240820,grace,5681.05
4777,99,5,20240811,20250811,renewed,253.28
4778,99,5,20240330,20250330,lapsed,1066.62
4779,99,2,20231023,20241022,renewed,2093.24
4780,99,3,20240806,20250806,renewed,1230.43
4781,99,3,20230615,20240614,renewed,1233.22
4782,99,4,20230101,20240101,renewed,1183.61
4783,99,2,20230606,20240605,renewed,1757.27
4784,99,3,20241002,20251002,lapsed,2259.48
4785,99,6,20230526,20240525,grace,5018.68
4786,99,4,20240306,20250306,renewed,2557.19
4787,99,6,20240525,20250525,lapsed,2357.42
4788,99,1,20230616,20240615,renewed,1352.54
4789,99,6,20241013,20251013,grace,7560.6
4790,100,4,20240723,20250723,lapsed,1396.13
4791,100,1,20230915,20240914,renewed,3008.44
4792,100,2,20240305,20250305,lapsed,3431.86
4793,100,5,20230818,20240817,renewed,654.62
4794,100,5,20240212,20250211,renewed,436.32
4795,100,2,20241108,20251108,renewed,1271.65
4796,100,3,20230511,20240510,lapsed,626.85
4797,100,1,20240814,20250814,grace,4627.23
4798,100,3,20240412,20250412,renewed,320.81
4799,100,4,20231002,20241001,lapsed,663.1
4800,100,2,20230526,20240525,lapsed,3741.55
4801,100,1,20240812,20250812,renewed,1831.75
4802,100,5,20231124,20241123,renewed,935.77
4803,100,3,20240702,20250702,lapsed,416.1
4804,100,5,20231029,20241028,renewed,623.41
4805,100,3,20240629,20250629,renewed,1313.0
4806,100,3,20241031,20251031,renewed,1578.19
4807,100,5,20230527,20240526,lapsed,1112.81
4808,100,5,20230627,20240626,renewed,445.39
4809,100,3,20241010,20251010,renewed,713.85
4810,100,2,20230129,20240129,renewed,937.7
4811,100,1,20240823,20250823,renewed,3655.57
4812,100,4,20230209,20240209,lapsed,1234.11
4813,100,4,20240704,20250704,renewed,2069.64
4814,100,5,20240114,20250113,lapsed,1184.38
4815,100,5,20240521,20250521,renewed,779.93
4816,100,1,20231020,20241019,renewed,679.09
4817,100,1,20231027,20241026,lapsed,2181.09
4818,100,6,20231003,20241002,renewed,599.79
4819,100,3,20231019,20241018,lapsed,597.47
4820,100,5,20231112,20241111,renewed,1047.41
4821,100,2,20241126,20251126,renewed,3491.31
4822,100,1,20231231,20241230,lapsed,3052.39
4823,100,3,20240502,20250502,lapsed,2608.62
4824,100,5,20240918,20250918,renewed,464.6
4825,100,5,20230728,20240727,renewed,120.05
4826,100,2,20230409,20240408,renewed,837.77
4827,100,3,20240420,20250420,renewed,1548.8
4828,100,4,20230619,20240618,renewed,1633.45
4829,100,3,20230708,20240707,renewed,771.26
4830,100,4,20240404,20250404,renewed,1457.29
4831,100,4,20240501,20250501,lapsed,1929.2
4832,100,5,20240318,20250318,lapsed,982.14
4833,100,4,20240305,20250305,renewed,1518.57
4834,100,4,20231217,20241216,renewed,2845.3
4835,100,1,20230922,20240921,renewed,1920.78
4836,100,5,20240318,20250318,renewed,704.93
4837,100,4,20230603,20240602,grace,2894.98
4838,100,1,20240704,20250704,renewed,3575.14
4839,100,4,20240426,20250426,renewed,2299.61
4840,100,3,20240910,20250910,renewed,274.39
4841,100,2,20240211,20250210,renewed,4299.48
4842,100,3,20230602,20240601,renewed,1363.32
4843,100,5,20231227,20241226,lapsed,1164.4
4844,100,6,20240715,20250715,lapsed,1543.03
4845,100,4,20230621,20240620,grace,443.71
4846,100,4,20241017,20251017,grace,1867.48
4847,101,5,20231020,20241019,renewed,1143.78
4848,101,2,20240101,20241231,renewed,1980.7
4849,101,1,20230418,20240417,renewed,4792.66
4850,101,1,20241116,20251116,renewed,2975.27
4851,101,2,20230723,20240722,renewed,3624.04
4852,101,6,20231121,20241120,renewed,5192.44
4853,101,3,20230910,20240909,renewed,2980.07
4854,101,1,20230720,20240719,lapsed,3254.43
4855,101,1,20241115,20251115,renewed,3684.56
4856,101,2,20240305,20250305,renewed,4661.44
4857,101,1,20240315,20250315,renewed,3521.9
4858,101,6,20240407,20250407,renewed,4949.01
4859,101,1,20240408,20250408,renewed,2083.16
4860,101,2,20230808,20240807,renewed,4651.68
4861,101,1,20230127,20240127,renewed,3016.11
4862,101,3,20231202,20241201,renewed,2860.35
4863,101,2,20230126,20240126,renewed,2306.05
4864,101,4,20231006,20241005,lapsed,2700.32
4865,101,6,20230220,20240220,renewed,6679.95
4866,101,6,20231110,20241109,renewed,6172.25
4867,101,2,20240319,20250319,renewed,4134.92
4868,102,4,20240428,20250428,lapsed,2602.46
4869,102,6,20240221,20250220,lapsed,1380.35
4870,102,1,20240328,20250328,renewed,586.33
4871,102,5,20230621,20240620,lapsed,480.33
4872,102,1,20230730,20240729,renewed,1466.01
4873,102,3,20240222,20250221,renewed,1678.66
4874,102,5,20230228,20240228,lapsed,802.27
4875,102,4,20231114,20241113,renewed,2177.47
4876,102,4,20241113,20251113,lapsed,1573.58
4877,102,6,20230626,20240625,renewed,6285.21
4878,102,1,20230719,20240718,lapsed,1007.96
4879,102,3,20240504,20250504,renewed,2897.81
4880,102,1,20240120,20250119,lapsed,4395.5
4881,102,3,20240502,20250502,lapsed,954.48
4882,102,3,20230802,20240801,lapsed,1068.47
4883,102,3,20241019,20251019,renewed,1619.02
4884,102,6,20230125,20240125,renewed,6126.12
4885,102,5,20231218,20241217,renewed,124.58
4886,102,6,20241004,20251004,renewed,4659.54
4887,102,3,20230414,20240413,lapsed,1483.17
4888,102,2,20230302,20240301,lapsed,1292.46
4889,102,3,20230602,20240601,renewed,1439.98
4890,102,3,20240723,20250723,lapsed,2350.6
4891,102,3,20230123,20240123,lapsed,421.72
4892,103,6,20230710,20240709,lapsed,1609.32
4893,103,5,20240209,20250208,grace,670.24
4894,103,3,20240306,20250306,grace,733.63
4895,103,2,20240430,20250430,lapsed,4070.39
4896,103,6,20231115,20241114,lapsed,5428.13
4897,103,6,20240923,20250923,renewed,7169.4
4898,103,2,20240208,20250207,renewed,4133.04
4899,103,5,20231101,20241031,lapsed,587.73
4900,103,5,20230404,20240403,lapsed,785.46
4901,103,1,20240407,20250407,renewed,2429.66
4902,103,6,20240817,20250817,renewed,1218.71
4903,103,3,20231011,20241010,renewed,2732.58
4904,103,3,20230911,20240910,renewed,1132.89
4905,103,6,20240405,20250405,grace,1692.95
4906,103,1,20241124,20251124,renewed,2720.98
4907,103,4,20231030,20241029,lapsed,838.55
4908,103,2,20230513,20240512,renewed,3037.94
4909,103,1,20241106,20251106,renewed,4587.98
4910,103,1,20230219,20240219,grace,1622.97
4911,103,1,20240930,20250930,renewed,634.0
4912,103,5,20230407,20240406,renewed,443.33
4913,103,5,20230618,20240617,renewed,151.37
4914,103,5,20230724,20240723,renewed,307.02
4915,103,2,20231124,20241123,grace,1790.73
4916,103,6,20230626,20240625,renewed,5852.84
4917,103,1,20230916,20240915,renewed,1292.88
4918,103,5,20241023,20251023,lapsed,1177.0
4919,103,5,20230614,20240613,renewed,845.08
4920,103,1,20240303,20250303,renewed,4252.58
4921,103,2,20240822,20250822,lapsed,3273.91
4922,104,4,20230519,20240518,renewed,1845.51
4923,104,4,20230521,20240520,grace,1134.0
4924,104,2,20230923,20240922,renewed,3781.64
4925,104,3,20230112,20240112,renewed,2835.1
4926,104,3,20230929,20240928,renewed,2557.57
4927,104,3,20230127,20240127,renewed,2268.67
4928,104,6,20240423,20250423,renewed,3459.97
4929,104,3,20230127,20240127,renewed,1286.14
4930,104,3,20230309,20240308,renewed,1281.44
4931,104,1,20240824,20250824,renewed,4955.07
4932,104,1,20241006,20251006,renewed,1717.12
4933,104,6,20230103,20240103,renewed,1893.48
4934,104,4,20240728,20250728,renewed,2129.5
4935,104,1,20231210,20241209,lapsed,2145.86
4936,104,2,20231230,20241229,renewed,2023.14
4937,104,1,20230825,20240824,renewed,2891.2
4938,104,6,20230321,20240320,renewed,3456.32
4939,104,5,20230723,20240722,renewed,703.87
4940,104,1,20230328,20240327,renewed,2135.62
4941,104,3,20230304,20240303,renewed,2726.2
4942,104,1,20240913,20250913,renewed,2807.53
4943,104,3,20230503,20240502,renewed,1296.45
4944,104,3,20241106,20251106,renewed,1095.67
4945,104,3,20240725,20250725,lapsed,1910.53
4946,104,4,20230918,20240917,renewed,1331.75
4947,104,1,20240719,20250719,renewed,2803.8
4948,104,4,20240301,20250301,renewed,2271.52
4949,104,6,20241114,20251114,renewed,2202.78
4950,104,4,20230619,20240618,renewed,1115.79
4951,104,4,20231230,20241229,lapsed,1892.12
4952,104,6,20230112,20240112,renewed,1707.49
4953,104,2,20231210,20241209,renewed,2140.59
4954,104,5,20230904,20240903,renewed,778.47
4955,104,6,20240713,20250713,renewed,3422.59
4956,104,4,20241112,20251112,renewed,2962.37
4957,104,6,20240906,20250906,renewed,1183.91
4958,104,1,20230110,20240110,renewed,2555.89
4959,104,4,20230509,20240508,renewed,1288.35
4960,104,5,20230106,20240106,renewed,977.02
4961,104,4,20231208,20241207,renewed,1216.6
4962,104,2,20231022,20241021,renewed,3538.67
4963,104,2,20230124,20240124,renewed,3134.0
4964,104,1,20231016,20241015,renewed,3480.24
4965,104,3,20230318,20240317,renewed,598.49
4966,104,1,20240205,20250204,lapsed,3108.89
4967,104,3,20240902,20250902,renewed,657.98
4968,104,4,20240202,20250201,renewed,2315.61
4969,104,3,20241120,20251120,grace,607.59
4970,104,4,20240529,20250529,renewed,2238.97
4971,104,1,20230315,20240314,lapsed,3717.1
4972,104,5,20231213,20241212,renewed,851.93
4973,104,5,20241030,20251030,lapsed,906.47
4974,104,4,20230113,20240113,renewed,343.72
4975,104,6,20231208,20241207,renewed,1891.58
4976,104,2,20240318,20250318,renewed,1529.96
4977,104,3,20230714,20240713,renewed,2696.85
4978,104,6,20240409,20250409,renewed,3379.08
4979,104,5,20231231,20241230,grace,1065.59
4980,105,3,20241115,20251115,renewed,2033.94
4981,105,4,20240915,20250915,renewed,1912.02
4982,105,4,20241101,20251101,lapsed,1108.6
4983,105,2,20241018,20251018,renewed,2960.92
4984,105,2,20230822,20240821,renewed,2197.94
4985,105,5,20241027,20251027,lapsed,291.21
4986,105,1,20230323,20240322,lapsed,2631.33
4987,105,2,20240213,20250212,renewed,4813.73
4988,105,2,20230416,20240415,lapsed,3214.63
4989,105,5,20240617,20250617,renewed,827.68
4990,105,2,20231016,20241015,lapsed,526.56
4991,105,2,20240710,20250710,renewed,3222.53
4992,105,3,20231018,20241017,renewed,1820.56
4993,105,2,20230908,20240907,grace,1830.36
4994,105,6,20230613,20240612,lapsed,4530.9
4995,105,6,20240414,20250414,lapsed,640.31
4996,105,4,20230921,20240920,renewed,904.36
4997,105,6,20240407,20250407,lapsed,7990.64
4998,105,6,20230104,20240104,grace,6926.37
4999,105,1,20230317,20240316,renewed,2476.42
5000,105,5,20231003,20241002,renewed,181.79
5001,105,5,20240614,20250614,renewed,573.12
5002,105,5,20230124,20240124,renewed,1154.87
5003,105,2,20240228,20250227,renewed,1113.46
5004,105,5,20240122,20250121,grace,586.03
5005,105,6,20240215,20250214,renewed,5644.08
5006,105,6,20230923,20240922,grace,1792.5
5007,105,3,20241007,20251007,renewed,946.96
5008,105,4,20230705,20240704,lapsed,1823.14
5009,105,4,20241119,20251119,renewed,294.81
5010,105,4,20230530,20240529,renewed,2689.0
5011,105,1,20241027,20251027,renewed,634.01
5012,105,6,20231001,20240930,renewed,5391.5
5013,105,2,20240314,20250314,renewed,1537.81
5014,105,4,20230426,20240425,grace,1903.53
5015,105,5,20240102,20250101,renewed,1004.71
5016,105,1,20240619,20250619,renewed,3252.87
5017,105,5,20231230,20241229,renewed,429.63
5018,106,5,20240916,20250916,lapsed,818.57
5019,106,4,20241028,20251028,renewed,657.04
5020,106,1,20240725,20250725,renewed,2409.72
5021,106,4,20240711,20250711,lapsed,2017.21
5022,106,4,20230806,20240805,lapsed,2869.68
5023,106,3,20241029,20251029,lapsed,2925.88
5024,106,6,20230711,20240710,renewed,2632.07
5025,106,4,20230815,20240814,lapsed,1973.02
5026,106,4,20230528,20240527,renewed,2581.72
5027,106,6,20230207,20240207,lapsed,2331.17
5028,106,5,20230109,20240109,renewed,114.62
5029,106,2,20240213,20250212,renewed,2817.22
5030,106,1,20230730,20240729,renewed,2469.23
5031,106,5,20231109,20241108,renewed,183.87
5032,106,5,20230623,20240622,lapsed,495.41
5033,106,4,20231020,20241019,lapsed,2236.87
5034,106,3,20240622,20250622,renewed,1532.56
5035,106,4,20240422,20250422,lapsed,589.73
5036,106,6,20240129,20250128,lapsed,5292.01
5037,106,6,20230922,20240921,renewed,2891.53
5038,106,4,20231007,20241006,renewed,386.11
5039,106,4,20230902,20240901,lapsed,1719.03
5040,106,1,20230612,20240611,lapsed,4966.93
5041,106,1,20240403,20250403,lapsed,2580.06
5042,106,5,20230615,20240614,lapsed,308.84
5043,106,1,20240104,20250103,grace,2262.63
5044,106,5,20240330,20250330,renewed,837.08
5045,106,6,20230525,20240524,renewed,7066.92
5046,106,4,20240206,20250205,lapsed,2983.0
5047,106,6,20231023,20241022,lapsed,611.82
5048,106,3,20230220,20240220,lapsed,2332.71
5049,106,6,20240521,20250521,grace,7137.64
5050,106,5,20230306,20240305,renewed,868.49
5051,106,5,20240508,20250508,renewed,232.48
5052,106,3,20240430,20250430,renewed,1919.85
5053,106,4,20241117,20251117,grace,2778.03
5054,106,4,20240325,20250325,lapsed,1437.1
5055,106,3,20240601,20250601,renewed,2179.69
5056,106,4,20240208,20250207,lapsed,915.44
5057,106,2,20240317,20250317,renewed,1490.89
5058,106,5,20231021,20241020,renewed,718.96
5059,106,3,20230125,20240125,grace,2250.41
5060,106,4,20240713,20250713,lapsed,1276.93
5061,106,1,20240622,20250622,lapsed,830.89
5062,106,1,20231101,20241031,renewed,979.44
5063,106,6,20231120,20241119,renewed,7091.65
5064,106,5,20240521,20250521,renewed,466.36
5065,106,3,20241012,20251012,lapsed,2819.35
5066,106,3,20240311,20250311,lapsed,2967.69
5067,106,1,20240613,20250613,renewed,1911.17
5068,106,6,20231021,20241020,lapsed,6866.69
5069,106,6,20231117,20241116,renewed,3233.31
5070,106,2,20230412,20240411,renewed,400.18
5071,106,2,20230727,20240726,renewed,619.69
5072,106,1,20230303,20240302,lapsed,1540.5
5073,106,5,20230906,20240905,renewed,408.98
5074,106,5,20240914,20250914,renewed,818.04
5075,106,2,20230613,20240612,renewed,448.92
5076,106,3,20240629,20250629,lapsed,322.89
5077,106,1,20231214,20241213,lapsed,1837.51
5078,106,6,20240910,20250910,grace,3356.7
5079,106,4,20240406,20250406,lapsed,2389.31
5080,106,4,20230526,20240525,renewed,2212.86
5081,106,1,20230822,20240821,lapsed,1055.25
5082,106,1,20240414,20250414,renewed,1212.94
5083,106,1,20240301,20250301,renewed,2310.59
5084,106,3,20230424,20240423,grace,2160.17
5085,106,5,20231231,20241230,renewed,415.47
5086,106,2,20230624,20240623,grace,2782.59
5087,106,3,20230905,20240904,lapsed,1245.86
5088,106,3,20231208,20241207,renewed,1219.64
5089,106,5,20240818,20250818,renewed,1090.79
5090,106,2,20240409,20250409,renewed,1163.31
5091,106,5,20240202,20250201,renewed,837.81
5092,106,3,20240608,20250608,lapsed,2556.98
5093,106,1,20240324,20250324,lapsed,4754.93
5094,106,3,20230128,20240128,renewed,786.49
5095,106,4,20230918,20240917,lapsed,1774.24
5096,106,6,20240920,20250920,lapsed,4777.85
5097,107,6,20230220,20240220,lapsed,7325.14
5098,107,3,20240705,20250705,lapsed,2749.04
5099,107,4,20240628,20250628,renewed,715.97
5100,107,5,20231115,20241114,renewed,673.78
5101,107,1,20241014,20251014,lapsed,2587.32
5102,107,1,20240529,20250529,lapsed,2138.99
5103,107,6,20240610,20250610,lapsed,3406.19
5104,107,4,20231222,20241221,lapsed,670.53
5105,107,4,20240530,20250530,lapsed,1567.06
5106,107,1,20241125,20251125,lapsed,1709.79
5107,107,4,20230809,20240808,grace,2361.87
5108,107,4,20231010,20241009,lapsed,403.06
5109,107,1,20230404,20240403,renewed,1456.52
5110,107,1,20230110,20240110,grace,2932.41
5111,107,6,20231227,20241226,renewed,6581.26
5112,107,5,20230107,20240107,lapsed,1061.72
5113,107,5,20230619,20240618,lapsed,1044.14
5114,107,5,20240917,20250917,renewed,627.45
5115,107,6,20240204,20250203,lapsed,6144.84
5116,107,2,20230503,20240502,renewed,1944.02
5117,107,6,20230219,20240219,lapsed,5521.48
5118,107,3,20230226,20240226,renewed,2666.41
5119,107,5,20240206,20250205,renewed,851.5
5120,107,6,20230614,20240613,renewed,5082.1
5121,107,5,20230208,20240208,renewed,1010.2
5122,107,6,20240209,20250208,renewed,5980.29
5123,107,2,20240418,20250418,renewed,2602.18
5124,107,5,20240413,20250413,lapsed,402.23
5125,107,2,20241121,20251121,lapsed,2565.86
5126,107,1,20240211,20250210,renewed,4794.24
5127,107,5,20240928,20250928,lapsed,1124.25
5128,107,1,20230620,20240619,renewed,1299.75
5129,107,3,20240227,20250226,lapsed,2331.48
5130,107,6,20240622,20250622,renewed,3197.08
5131,107,5,20230310,20240309,lapsed,820.12
5132,107,5,20240223,20250222,renewed,743.42
5133,107,4,20240324,20250324,lapsed,430.71
5134,107,3,20230806,20240805,lapsed,2078.98
5135,107,2,20230204,20240204,renewed,469.74
5136,107,1,20230202,20240202,renewed,505.29
5137,107,5,20241006,20251006,renewed,953.45
5138,107,6,20230215,20240215,lapsed,886.96
5139,107,2,20231206,20241205,renewed,1118.0
5140,107,3,20230725,20240724,renewed,2522.55
5141,107,2,20231107,20241106,lapsed,4095.87
5142,107,1,20240516,20250516,renewed,3181.17
5143,108,3,20231222,20241221,lapsed,456.47
5144,108,1,20231014,20241013,renewed,4317.61
5145,108,1,20231008,20241007,renewed,1008.51
5146,108,6,20231201,20241130,lapsed,3910.61
5147,108,6,20240213,20250212,lapsed,5790.2
5148,108,4,20240820,20250820,renewed,2769.77
5149,108,1,20240509,20250509,lapsed,4371.23
5150,108,1,20241104,20251104,renewed,1194.96
5151,108,5,20240716,20250716,lapsed,828.44
5152,108,5,20240324,20250324,lapsed,758.0
5153,108,3,20230720,20240719,renewed,955.2
5154,108,6,20240101,20241231,grace,6758.44
5155,108,3,20240928,20250928,grace,1148.6
5156,108,3,20240421,20250421,grace,2007.25
5157,108,3,20230314,20240313,renewed,2186.58
5158,108,1,20240322,20250322,lapsed,4218.72
5159,108,4,20230111,20240111,renewed,1091.27
5160,108,5,20240423,20250423,renewed,959.6
5161,108,2,20241028,20251028,grace,2704.82
5162,108,2,20230308,20240307,lapsed,1717.46
5163,108,5,20240618,20250618,renewed,1178.44
5164,108,6,20240202,20250201,renewed,6555.62
5165,108,5,20241020,20251020,lapsed,1108.84
5166,108,3,20240729,20250729,renewed,262.46
5167,108,3,20240409,20250409,lapsed,2266.72
5168,108,2,20240715,20250715,renewed,3855.27
5169,108,3,20230930,20240929,lapsed,830.27
5170,108,4,20230224,20240224,renewed,2908.64
5171,108,2,20240225,20250224,renewed,1047.94
5172,108,6,20240417,20250417,renewed,4167.14
5173,108,5,20230705,20240704,renewed,173.08
5174,108,6,20230616,20240615,lapsed,2882.6
5175,108,3,20240607,20250607,lapsed,642.6
5176,108,2,20230513,20240512,renewed,2037.71
5177,108,2,20230323,20240322,lapsed,1802.38
5178,108,6,20240630,20250630,renewed,5741.09
5179,108,4,20230612,20240611,renewed,2397.28
5180,108,3,20230510,20240509,renewed,2708.09
5181,108,6,20230906,20240905,lapsed,7162.17
5182,108,4,20240525,20250525,lapsed,1844.78
5183,108,6,20231207,20241206,renewed,565.69
5184,108,1,20231128,20241127,lapsed,4884.99
5185,108,5,20230125,20240125,renewed,440.79
5186,108,2,20240801,20250801,renewed,4337.0
5187,108,2,20231107,20241106,lapsed,3723.1
5188,108,5,20240826,20250826,lapsed,1162.71
5189,108,6,20240923,20250923,renewed,7750.61
5190,108,3,20230908,20240907,renewed,2866.09
5191,108,5,20231017,20241016,lapsed,207.53
5192,108,3,20230521,20240520,lapsed,1731.59
5193,108,3,20241124,20251124,grace,598.17
5194,108,4,20231113,20241112,lapsed,2612.4
5195,108,4,20240122,20250121,grace,598.84
5196,108,1,20240925,20250925,lapsed,2273.79
5197,108,2,20240317,20250317,renewed,789.79
5198,108,5,20230128,20240128,lapsed,676.35
5199,108,4,20240328,20250328,renewed,2533.51
5200,108,5,20240401,20250401,lapsed,242.76
5201,108,2,20230611,20240610,lapsed,542.64
5202,108,4,20230316,20240315,lapsed,738.01
5203,108,5,20240428,20250428,lapsed,401.86
5204,108,1,20231024,20241023,grace,3756.7
5205,108,2,20230304,20240303,renewed,4488.74
5206,108,3,20231123,20241122,lapsed,732.44
5207,108,5,20230121,20240121,renewed,302.49
5208,108,1,20240413,20250413,renewed,3087.3
5209,108,6,20230124,20240124,lapsed,3032.03
5210,108,5,20231001,20240930,renewed,234.23
5211,108,4,20230423,20240422,renewed,1797.14
5212,108,2,20230820,20240819,renewed,2498.11
5213,108,6,20230423,20240422,renewed,2154.82
5214,108,1,20231124,20241123,renewed,1388.91
5215,108,4,20230925,20240924,grace,2398.95
5216,108,5,20230118,20240118,lapsed,635.95
5217,108,2,20240214,20250213,renewed,1937.58
5218,108,1,20231226,20241225,renewed,2767.65
5219,108,5,20230519,20240518,renewed,975.92
5220,108,1,20230826,20240825,lapsed,1625.19
5221,108,5,20231120,20241119,lapsed,885.0
5222,109,2,20240503,20250503,renewed,4732.98
5223,109,6,20241109,20251109,lapsed,4554.54
5224,109,1,20230505,20240504,lapsed,1185.53
5225,109,6,20241102,20251102,lapsed,2484.52
5226,109,1,20240512,20250512,renewed,698.34
5227,109,4,20240516,20250516,grace,1226.07
5228,109,2,20231111,20241110,lapsed,3616.67
5229,109,3,20240120,20250119,renewed,2176.69
5230,109,4,20230804,20240803,renewed,1455.93
5231,109,2,20230130,20240130,lapsed,1663.48
5232,109,2,20240729,20250729,lapsed,4946.74
5233,109,2,20230702,20240701,renewed,2329.63
5234,109,5,20230412,20240411,renewed,397.31
5235,109,5,20240411,20250411,lapsed,754.22
5236,109,2,20240828,20250828,renewed,3469.82
5237,109,2,20230917,20240916,renewed,1196.99
5238,109,2,20230801,20240731,lapsed,3629.01
5239,109,6,20230824,20240823,lapsed,7701.87
5240,109,6,20240212,20250211,renewed,5114.95
5241,109,2,20240423,20250423,renewed,4569.59
5242,109,3,20231011,20241010,renewed,1874.96
5243,109,3,20230619,20240618,renewed,256.47
5244,109,4,20230731,20240730,renewed,2467.51
5245,109,1,20230902,20240901,grace,1920.61
5246,109,4,20230808,20240807,renewed,1231.78
5247,109,4,20240405,20250405,renewed,2891.59
5248,109,5,20230110,20240110,renewed,894.6
5249,109,5,20240318,20250318,lapsed,1161.69
5250,109,2,20230722,20240721,lapsed,1791.97
5251,110,2,20240905,20250905,renewed,4650.97
5252,110,1,20240920,20250920,lapsed,2991.85
5253,110,5,20231001,20240930,renewed,645.66
5254,110,5,20230611,20240610,lapsed,541.21
5255,110,3,20241030,20251030,lapsed,1600.0
5256,110,4,20240921,20250921,lapsed,1046.75
5257,110,4,20230307,20240306,lapsed,431.78
5258,110,3,20241016,20251016,renewed,1243.67
5259,110,2,20230912,20240911,renewed,1757.56
5260,110,5,20231226,20241225,renewed,777.83
5261,110,4,20230626,20240625,lapsed,559.86
5262,110,3,20230605,20240604,lapsed,2412.37
5263,110,4,20230602,20240601,renewed,1107.89
5264,110,3,20240207,20250206,renewed,2816.08
5265,110,4,20231024,20241023,renewed,1096.41
5266,110,1,20230807,20240806,lapsed,3741.24
5267,110,4,20230531,20240530,renewed,2354.83
5268,110,1,20240621,20250621,renewed,2279.23
5269,110,4,20240410,20250410,lapsed,259.85
5270,110,4,20240922,20250922,renewed,2210.0
5271,110,4,20230609,20240608,lapsed,965.47
5272,110,5,20241004,20251004,renewed,486.1
5273,110,1,20240504,20250504,renewed,3367.88
5274,110,2,20230124,20240124,lapsed,3962.18
5275,110,2,20240722,20250722,renewed,4096.11
5276,110,2,20240622,20250622,renewed,3028.04
5277,110,2,20240327,20250327,lapsed,2119.89
5278,110,6,20230729,20240728,renewed,5987.56
5279,110,3,20240408,20250408,lapsed,1592.37
5280,110,1,20231030,20241029,renewed,1060.59
5281,111,1,20240714,20250714,lapsed,958.66
5282,111,4,20241031,20251031,renewed,402.06
5283,111,5,20230211,20240211,renewed,795.43
5284,111,6,20240615,20250615,renewed,7363.09
5285,111,1,20230123,20240123,lapsed,923.5
5286,111,2,20230604,20240603,renewed,826.45
5287,111,5,20230816,20240815,renewed,724.09
5288,111,4,20230430,20240429,grace,971.91
5289,111,1,20240926,20250926,lapsed,2723.56
5290,111,6,20240424,20250424,grace,2797.56
5291,111,1,20240621,20250621,renewed,1558.14
5292,111,6,20231003,20241002,lapsed,4268.9
5293,111,5,20230324,20240323,renewed,118.66
5294,111,2,20230706,20240705,lapsed,4951.02
5295,111,1,20230221,20240221,lapsed,3497.32
5296,111,6,20240930,20250930,lapsed,2577.84
5297,111,4,20230524,20240523,renewed,2766.54
5298,111,2,20230416,20240415,renewed,2356.16
5299,111,3,20230910,20240909,renewed,924.75
5300,111,5,20241109,20251109,lapsed,290.59
5301,111,3,20230318,20240317,renewed,2702.15
5302,111,1,20230617,20240616,lapsed,3622.63
5303,111,4,20240601,20250601,lapsed,2827.42
5304,111,1,20240611,20250611,renewed,1684.24
5305,111,1,20230813,20240812,lapsed,3190.38
5306,111,6,20240502,20250502,renewed,3275.95
5307,111,3,20240829,20250829,renewed,624.59
5308,111,2,20240611,20250611,renewed,4350.11
5309,111,5,20240425,20250425,lapsed,225.34
5310,111,1,20230926,20240925,grace,2603.51
5311,111,6,20230321,20240320,renewed,4882.1
5312,111,4,20240620,20250620,renewed,1002.64
5313,111,2,20240222,20250221,lapsed,2362.99
5314,111,2,20241109,20251109,renewed,2919.87
5315,112,2,20241011,20251011,renewed,767.79
5316,112,2,20240511,20250511,lapsed,2615.68
5317,112,1,20230806,20240805,lapsed,3839.21
5318,112,4,20230913,20240912,renewed,2405.18
5319,112,4,20240720,20250720,renewed,1036.74
5320,112,1,20230801,20240731,renewed,1662.1
5321,112,6,20230906,20240905,renewed,6381.42
5322,112,5,20240102,20250101,renewed,200.08
5323,112,2,20240711,20250711,lapsed,1204.18
5324,112,4,20230601,20240531,lapsed,1939.07
5325,112,4,20240529,20250529,renewed,307.36
5326,112,1,20230207,20240207,renewed,830.77
5327,112,3,20230821,20240820,renewed,2860.99
5328,112,6,20240401,20250401,renewed,5603.38
5329,112,5,20240211,20250210,renewed,370.73
5330,112,5,20240226,20250225,grace,898.16
5331,112,4,20230630,20240629,lapsed,1751.58
5332,112,6,20231207,20241206,lapsed,1771.39
5333,112,1,20231107,20241106,renewed,462.92
5334,112,2,20240415,20250415,lapsed,751.64
5335,112,1,20241030,20251030,renewed,2556.08
5336,112,4,20240506,20250506,lapsed,2837.95
5337,112,2,20230911,20240910,renewed,3260.08
5338,112,4,20240819,20250819,renewed,1618.6
5339,112,3,20231017,20241016,lapsed,2040.84
5340,112,6,20231201,20241130,lapsed,5990.93
5341,112,4,20230123,20240123,lapsed,2997.03
5342,112,6,20240429,20250429,renewed,6549.62
5343,112,4,20241002,20251002,lapsed,2609.48
5344,112,4,20230102,20240102,lapsed,2649.96
5345,112,6,20241028,20251028,renewed,3319.53
5346,112,4,20240413,20250413,renewed,2662.19
5347,112,2,20240305,20250305,lapsed,4539.42
5348,112,2,20240131,20250130,renewed,467.39
5349,112,4,20240320,20250320,renewed,1489.43
5350,113,2,20240608,20250608,renewed,1047.64
5351,113,2,20230622,20240621,renewed,2011.24
5352,113,4,20230816,20240815,renewed,1411.67
5353,113,5,20240821,20250821,renewed,191.67
5354,113,3,20230419,20240418,renewed,400.32
5355,113,4,20230429,20240428,renewed,1512.36
5356,113,3,20240901,20250901,renewed,508.19
5357,113,3,20230715,20240714,renewed,2906.05
5358,113,5,20231130,20241129,lapsed,1079.92
5359,113,2,20231201,20241130,renewed,3627.52
5360,113,5,20230617,20240616,renewed,903.95
5361,113,5,20241016,20251016,renewed,694.84
5362,113,5,20230404,20240403,lapsed,473.74
5363,113,3,20231229,20241228,lapsed,444.18
5364,113,6,20230311,20240310,lapsed,5667.15
5365,113,4,20240402,20250402,grace,950.85
5366,113,2,20230324,20240323,renewed,979.62
5367,113,5,20230910,20240909,renewed,495.9
5368,113,3,20231208,20241207,renewed,2641.32
5369,113,1,20241118,20251118,renewed,634.75
5370,113,1,20240926,20250926,renewed,3507.36
5371,113,3,20230307,20240306,renewed,1619.95
5372,113,5,20240711,20250711,lapsed,469.84
5373,113,3,20240714,20250714,renewed,1819.83
5374,113,2,20240816,20250816,lapsed,1446.05
5375,113,1,20231108,20241107,renewed,497.54
5376,113,5,20230218,20240218,renewed,766.77
5377,113,2,20230507,20240506,renewed,3435.7
5378,113,2,20240228,20250227,grace,2654.69
5379,113,6,20231030,20241029,renewed,2035.55
5380,113,3,20240218,20250217,renewed,967.18
5381,113,6,20230228,20240228,renewed,6790.92
5382,113,6,20240112,20250111,renewed,1733.89
5383,113,1,20240529,20250529,lapsed,721.09
5384,113,2,20230129,20240129,renewed,1760.09
5385,113,4,20230202,20240202,renewed,2380.42
5386,113,6,20240925,20250925,lapsed,6954.71
5387,113,3,20240724,20250724,lapsed,921.02
5388,113,6,20230405,20240404,renewed,3133.9
5389,113,6,20230129,20240129,renewed,1885.27
5390,113,1,20240823,20250823,renewed,3799.63
5391,113,2,20240821,20250821,renewed,1285.85
5392,113,4,20240309,20250309,grace,903.62
5393,113,4,20241101,20251101,renewed,856.63
5394,113,3,20230911,20240910,renewed,1751.69
5395,113,3,20230920,20240919,renewed,1297.78
5396,113,2,20240201,20250131,renewed,4726.72
5397,113,4,20230412,20240411,lapsed,1677.85
5398,113,4,20231108,20241107,renewed,393.2
5399,113,2,20230806,20240805,renewed,3015.64
5400,113,3,20240706,20250706,renewed,1879.92
5401,113,4,20240815,20250815,renewed,2880.7
5402,113,5,20230616,20240615,renewed,736.37
5403,113,6,20240824,20250824,renewed,5296.46
5404,113,6,20240110,20250109,grace,953.04
5405,113,4,20240627,20250627,lapsed,286.55
5406,113,4,20230727,20240726,lapsed,850.3
5407,113,2,20230727,20240726,renewed,3695.26
5408,113,5,20231229,20241228,lapsed,411.11
5409,113,4,20240311,20250311,renewed,376.77
5410,113,3,20230725,20240724,lapsed,381.77
5411,113,6,20241003,20251003,renewed,2646.5
5412,113,6,20230904,20240903,renewed,4371.24
5413,114,3,20240802,20250802,renewed,792.28
5414,114,6,20231224,20241223,renewed,2314.02
5415,114,1,20241119,20251119,grace,3736.6
5416,114,6,20240423,20250423,renewed,1616.95
5417,114,4,20230108,20240108,lapsed,1618.01
5418,114,3,20240224,20250223,lapsed,1736.9
5419,114,2,20230108,20240108,lapsed,2127.97
5420,114,5,20240213,20250212,renewed,1167.56
5421,114,6,20231009,20241008,renewed,7141.53
5422,114,2,20241012,20251012,lapsed,3484.15
5423,114,2,20231213,20241212,lapsed,4596.43
5424,114,3,20231209,20241208,renewed,584.06
5425,114,4,20241124,20251124,renewed,460.2
5426,114,1,20241109,20251109,renewed,1195.47
5427,114,5,20241002,20251002,renewed,863.16
5428,114,2,20230321,20240320,grace,2567.78
5429,114,4,20230209,20240209,renewed,1069.48
5430,114,2,20230610,20240609,renewed,3552.01
5431,114,5,20241113,20251113,lapsed,1172.79
5432,114,4,20230120,20240120,grace,2457.1
5433,114,1,20240627,20250627,lapsed,2686.01
5434,114,5,20231229,20241228,grace,989.21
5435,114,2,20240922,20250922,renewed,1243.13
5436,114,2,20231207,20241206,renewed,2950.06
5437,114,6,20240209,20250208,lapsed,1526.33
5438,114,5,20240402,20250402,renewed,368.49
5439,115,1,20240528,20250528,lapsed,1440.43
5440,115,3,20240818,20250818,lapsed,2437.69
5441,115,2,20230210,20240210,renewed,4571.28
5442,115,4,20231004,20241003,lapsed,2456.68
5443,115,4,20231227,20241226,renewed,858.95
5444,115,2,20230604,20240603,renewed,616.37
5445,115,3,20240929,20250929,lapsed,1790.79
5446,115,5,20230117,20240117,grace,1198.67
5447,115,5,20240101,20241231,grace,490.25
5448,115,3,20230708,20240707,lapsed,895.37
5449,115,5,20240731,20250731,renewed,1097.81
5450,115,3,20230421,20240420,lapsed,1498.07
5451,115,5,20231110,20241109,grace,366.98
5452,115,5,20240125,20250124,renewed,331.85
5453,115,4,20240409,20250409,renewed,2654.81
5454,115,4,20241027,20251027,renewed,1370.04
5455,115,4,20240919,20250919,renewed,2451.11
5456,115,2,20230608,20240607,grace,4915.83
5457,115,2,20240827,20250827,lapsed,4231.76
5458,115,5,20240505,20250505,renewed,1109.73
5459,115,6,20230914,20240913,renewed,5810.51
5460,115,3,20231103,20241102,renewed,2256.18
5461,115,1,20230422,20240421,renewed,867.22
5462,115,4,20240602,20250602,renewed,1434.29
5463,115,1,20240623,20250623,grace,1556.58
5464,115,3,20230927,20240926,renewed,2335.25
5465,115,2,20231220,20241219,lapsed,4385.66
5466,115,5,20240801,20250801,lapsed,253.9
5467,115,2,20230806,20240805,renewed,3155.77
5468,115,3,20231217,20241216,renewed,1938.73
5469,115,5,20230212,20240212,grace,402.56
5470,115,6,20230614,20240613,lapsed,3427.09
5471,115,3,20240808,20250808,renewed,2723.36
5472,115,1,20230909,20240908,renewed,546.18
5473,115,6,20241008,20251008,renewed,1128.34
5474,115,6,20230418,20240417,renewed,4017.46
5475,115,4,20240131,20250130,renewed,561.45
5476,115,3,20240929,20250929,grace,2778.26
5477,115,5,20241024,20251024,renewed,395.3
5478,115,4,20240731,20250731,renewed,1115.0
5479,115,6,20240902,20250902,renewed,5119.87
5480,115,5,20230213,20240213,renewed,989.6
5481,115,1,20231001,20240930,lapsed,1081.43
5482,115,6,20231022,20241021,grace,2901.5
5483,115,4,20230812,20240811,grace,922.58
5484,115,4,20230519,20240518,renewed,2652.67
5485,115,2,20240520,20250520,renewed,600.1
5486,115,3,20230720,20240719,lapsed,1011.97
5487,115,4,20230920,20240919,lapsed,1609.45
5488,115,6,20231218,20241217,grace,6321.69
5489,115,4,20231017,20241016,renewed,297.14
5490,115,6,20240809,20250809,grace,6866.08
5491,115,6,20231226,20241225,lapsed,3074.83
5492,115,1,20240323,20250323,grace,1615.39
5493,115,6,20231109,20241108,renewed,4983.32
5494,115,1,20230112,20240112,renewed,642.8
5495,115,2,20230207,20240207,lapsed,2103.65
5496,115,4,20231218,20241217,renewed,981.45
5497,115,2,20240226,20250225,renewed,1082.79
5498,116,6,20240517,20250517,renewed,3615.43
5499,116,2,20231021,20241020,renewed,3250.46
5500,116,6,20240120,20250119,renewed,4472.13
5501,116,5,20230604,20240603,renewed,1137.52
5502,116,5,20241106,20251106,renewed,1027.55
5503,116,3,20230329,20240328,lapsed,597.73
5504,116,4,20240627,20250627,renewed,927.07
5505,116,6,20231109,20241108,lapsed,7423.07
5506,116,3,20230908,20240907,renewed,1371.04
5507,116,1,20240214,20250213,lapsed,2836.79
5508,116,6,20231230,20241229,renewed,5139.19
5509,116,3,20231007,20241006,lapsed,354.67
5510,116,5,20240502,20250502,renewed,379.56
5511,116,3,20240718,20250718,renewed,1931.03
5512,116,1,20230910,20240909,renewed,4594.99
5513,116,4,20230219,20240219,renewed,1761.9
5514,116,1,20230607,20240606,renewed,2239.42
5515,116,2,20231224,20241223,renewed,4029.34
5516,116,6,20240523,20250523,renewed,4246.73
5517,116,6,20231127,20241126,renewed,2159.81
5518,116,5,20241005,20251005,renewed,630.73
5519,116,5,20230520,20240519,renewed,202.11
5520,116,4,20240824,20250824,lapsed,532.19
5521,116,6,20231209,20241208,renewed,4998.43
5522,116,1,20240924,20250924,renewed,4337.02
5523,116,2,20230130,20240130,renewed,2076.53
5524,116,1,20240408,20250408,renewed,4358.83
5525,116,3,20240727,20250727,renewed,2293.63
5526,116,1,20240808,20250808,grace,1235.62
5527,116,1,20230330,20240329,lapsed,1080.24
5528,116,5,20231008,20241007,renewed,502.83
5529,116,2,20231127,20241126,renewed,2483.86
5530,116,1,20240701,20250701,renewed,3573.86
5531,116,1,20240621,20250621,renewed,3116.35
5532,116,6,20240119,20250118,lapsed,4177.43
5533,116,6,20230423,20240422,lapsed,2459.98
5534,116,3,20231109,20241108,renewed,1118.46
5535,116,1,20231105,20241104,renewed,4894.94
5536,116,2,20230721,20240720,renewed,4867.1
5537,116,1,20230422,20240421,renewed,4461.55
5538,116,1,20231224,20241223,lapsed,1513.09
5539,116,3,20240819,20250819,renewed,1362.78
5540,116,2,20240709,20250709,renewed,4873.07
5541,116,2,20240815,20250815,renewed,509.52
5542,116,6,20240825,20250825,renewed,1177.18
5543,116,3,20240405,20250405,renewed,737.07
5544,116,6,20240920,20250920,lapsed,2376.25
5545,116,3,20240515,20250515,renewed,2988.69
5546,116,4,20240119,20250118,renewed,572.4
5547,118,5,20240203,20250202,renewed,1133.34
5548,118,3,20230403,20240402,renewed,1265.86
5549,118,4,20240125,20250124,renewed,1174.57
5550,118,2,20240420,20250420,renewed,3428.89
5551,118,5,20240315,20250315,renewed,653.2
5552,118,2,20230212,20240212,renewed,2719.06
5553,118,5,20240124,20250123,lapsed,1185.2
5554,118,5,20230704,20240703,renewed,1004.27
5555,118,1,20230513,20240512,grace,2690.1
5556,118,5,20230527,20240526,renewed,716.61
5557,118,6,20230428,20240427,lapsed,6441.48
5558,118,3,20241016,20251016,renewed,1080.55
5559,118,3,20240119,20250118,renewed,2806.57
5560,118,3,20241124,20251124,renewed,2049.52
5561,118,3,20240609,20250609,lapsed,2576.97
5562,118,5,20240511,20250511,lapsed,497.56
5563,118,6,20240726,20250726,renewed,7403.3
5564,118,1,20230916,20240915,renewed,3940.51
5565,118,2,20230718,20240717,grace,3209.1
5566,118,5,20240331,20250331,renewed,178.95
5567,118,6,20230417,20240416,renewed,3285.98
5568,118,3,20240421,20250421,renewed,600.59
5569,118,6,20230311,20240310,renewed,759.66
5570,118,5,20240715,20250715,renewed,555.01
5571,118,3,20230205,20240205,lapsed,1398.64
5572,118,6,20241117,20251117,renewed,4095.78
5573,118,2,20230713,20240712,lapsed,4586.65
5574,118,4,20231112,20241111,grace,2757.6
5575,118,3,20240118,20250117,renewed,769.41
5576,118,4,20240602,20250602,lapsed,2719.55
5577,118,4,20230719,20240718,lapsed,837.08
5578,118,6,20230326,20240325,renewed,7615.28
5579,118,6,20240814,20250814,grace,1382.75
5580,118,4,20230418,20240417,renewed,935.46
5581,118,3,20240421,20250421,renewed,2089.83
5582,120,6,20231022,20241021,lapsed,6928.09
5583,120,5,20230527,20240526,renewed,1107.84
5584,120,2,20240213,20250212,lapsed,1196.72
5585,120,6,20240729,20250729,renewed,1636.58
5586,120,2,20241016,20251016,renewed,1313.54
5587,120,2,20231117,20241116,renewed,4847.53
5588,120,5,20230531,20240530,renewed,747.04
5589,120,4,20230905,20240904,lapsed,1812.44
5590,120,4,20240123,20250122,renewed,1521.05
5591,120,6,20230425,20240424,renewed,4096.71
5592,120,6,20240526,20250526,lapsed,6989.96
5593,120,6,20230722,20240721,renewed,1974.87
5594,120,6,20230418,20240417,lapsed,4124.56
5595,120,4,20240516,20250516,lapsed,1357.51
5596,120,1,20240817,20250817,lapsed,1166.2
5597,120,4,20230309,20240308,lapsed,988.93
5598,120,1,20231122,20241121,renewed,1735.68
5599,120,6,20240731,20250731,renewed,6595.82
5600,120,3,20240328,20250328,lapsed,1435.0
5601,120,1,20240507,20250507,renewed,4619.92
5602,120,2,20241109,20251109,grace,3540.1
5603,120,4,20230305,20240304,lapsed,1251.36
5604,120,1,20230702,20240701,lapsed,3751.92
5605,120,6,20230115,20240115,renewed,7418.25
5606,120,5,20240205,20250204,renewed,369.86
5607,120,5,20240404,20250404,renewed,944.07
5608,120,5,20240420,20250420,lapsed,388.48
5609,120,1,20241126,20251126,renewed,4316.18
5610,120,5,20230512,20240511,renewed,1105.38
5611,120,3,20241126,20251126,lapsed,2384.3
5612,120,6,20230702,20240701,renewed,1407.83
5613,120,2,20230426,20240425,lapsed,4640.24
5614,120,3,20230416,20240415,lapsed,2735.59
5615,120,5,20230606,20240605,renewed,488.07
5616,120,1,20230814,20240813,lapsed,1643.74
5617,120,3,20230923,20240922,renewed,2461.95
5618,120,2,20241016,20251016,grace,4809.15
5619,120,4,20230926,20240925,renewed,2916.05
5620,120,2,20230621,20240620,renewed,4494.81
5621,120,5,20240701,20250701,lapsed,681.47
5622,120,4,20240808,20250808,renewed,2820.7
5623,120,2,20230416,20240415,renewed,2879.3
5624,120,3,20240906,20250906,renewed,2975.4
5625,120,5,20241107,20251107,renewed,435.69
5626,120,5,20241017,20251017,renewed,1124.33
5627,120,3,20230526,20240525,lapsed,806.76
5628,120,6,20240915,20250915,lapsed,4645.77
5629,120,4,20240819,20250819,grace,1275.31
5630,120,3,20241109,20251109,renewed,1240.59
5631,120,6,20230830,20240829,lapsed,6280.04
5632,120,2,20240421,20250421,lapsed,4036.65
5633,120,5,20230429,20240428,lapsed,159.27
5634,120,6,20241101,20251101,renewed,1547.39
5635,120,1,20240910,20250910,lapsed,1387.31
5636,120,2,20230707,20240706,renewed,878.28
5637,120,1,20230806,20240805,lapsed,3874.11
5638,120,5,20230718,20240717,lapsed,1050.49
5639,120,6,20240105,20250104,renewed,6289.77
5640,120,2,20240228,20250227,renewed,2023.4
5641,120,4,20231128,20241127,renewed,2117.53
5642,120,6,20240519,20250519,renewed,5939.66
5643,120,5,20230312,20240311,renewed,1008.27
5644,120,1,20240407,20250407,lapsed,4125.25
5645,120,2,20230322,20240321,renewed,3074.63
5646,120,3,20230628,20240627,lapsed,2279.52
5647,120,3,20231227,20241226,lapsed,2769.22
5648,120,3,20230608,20240607,renewed,2692.27
5649,120,2,20240815,20250815,renewed,2962.53
5650,120,5,20231119,20241118,renewed,530.56
5651,120,4,20240324,20250324,lapsed,1954.81
5652,121,2,20231022,20241021,renewed,3144.22
5653,121,5,20230818,20240817,lapsed,1198.36
5654,121,2,20240612,20250612,renewed,2833.62
5655,121,1,20230710,20240709,lapsed,2513.89
5656,121,2,20231007,20241006,lapsed,1089.99
5657,121,2,20230214,20240214,renewed,3517.9
5658,121,5,20230329,20240328,renewed,375.96
5659,121,5,20230608,20240607,lapsed,185.97
5660,121,6,20240814,20250814,renewed,5833.02
5661,121,5,20230522,20240521,renewed,1197.47
5662,121,5,20240427,20250427,lapsed,327.84
5663,121,3,20240505,20250505,renewed,1378.64
5664,121,4,20231225,20241224,lapsed,1327.01
5665,121,2,20230902,20240901,lapsed,1090.31
5666,121,3,20240706,20250706,renewed,401.17
5667,121,3,20230707,20240706,lapsed,2596.66
5668,121,2,20240228,20250227,renewed,2292.19
5669,121,2,20230502,20240501,renewed,1610.6
5670,121,3,20240803,20250803,renewed,1741.94
5671,121,6,20240528,20250528,lapsed,2588.11
5672,121,5,20231219,20241218,renewed,1120.06
5673,121,4,20240715,20250715,renewed,2436.4
5674,121,5,20230114,20240114,renewed,251.4
5675,121,4,20240324,20250324,renewed,899.87
5676,121,3,20230719,20240718,lapsed,1057.66
5677,121,4,20240930,20250930,lapsed,2785.36
5678,121,6,20231220,20241219,renewed,7888.63
5679,121,1,20230718,20240717,renewed,3136.19
5680,121,1,20240229,20250228,renewed,1745.53
5681,121,6,20231124,20241123,lapsed,7842.93
5682,121,2,20240812,20250812,renewed,1670.45
5683,121,4,20230908,20240907,renewed,2831.46
5684,121,6,20240730,20250730,renewed,6962.55
5685,121,3,20230626,20240625,renewed,437.49
5686,121,6,20231012,20241011,renewed,7688.9
5687,121,5,20241101,20251101,renewed,265.71
5688,121,3,20240120,20250119,renewed,1244.17
5689,121,6,20230110,20240110,grace,4232.74
5690,121,2,20241022,20251022,lapsed,3841.94
5691,121,3,20240709,20250709,lapsed,2767.03
5692,121,2,20230913,20240912,lapsed,1041.47
5693,121,1,20231120,20241119,renewed,2285.48
5694,121,5,20230508,20240507,renewed,859.46
5695,121,6,20230826,20240825,renewed,3682.84
5696,121,3,20230217,20240217,renewed,2154.8
5697,121,6,20230817,20240816,renewed,927.67
5698,121,3,20231110,20241109,renewed,2184.11
5699,121,4,20230102,20240102,renewed,2274.58
5700,121,6,20240427,20250427,grace,4023.04
5701,121,6,20240423,20250423,renewed,1651.51
5702,121,1,20230830,20240829,lapsed,3593.23
5703,121,1,20230203,20240203,renewed,3680.57
5704,121,5,20230510,20240509,renewed,235.91
5705,121,4,20240528,20250528,renewed,1993.33
5706,121,3,20230912,20240911,renewed,2484.15
5707,121,2,20231130,20241129,lapsed,2565.34
5708,121,5,20240417,20250417,renewed,317.12
5709,121,3,20230325,20240324,renewed,350.93
5710,121,3,20240514,20250514,lapsed,1076.82
5711,122,6,20240223,20250222,grace,5815.16
5712,122,1,20240508,20250508,renewed,3309.52
5713,122,6,20240315,20250315,grace,4645.72
5714,122,2,20230209,20240209,renewed,1441.75
5715,122,6,20241004,20251004,lapsed,3166.84
5716,122,1,20240509,20250509,renewed,3436.02
5717,122,2,20230223,20240223,lapsed,2174.03
5718,122,2,20231120,20241119,renewed,2728.6
5719,122,1,20230530,20240529,renewed,1061.91
5720,122,5,20241105,20251105,lapsed,1110.68
5721,122,5,20230622,20240621,renewed,455.44
5722,122,4,20240829,20250829,renewed,663.78
5723,122,5,20240901,20250901,lapsed,670.37
5724,122,4,20240415,20250415,grace,594.91
5725,122,1,20230530,20240529,renewed,722.85
5726,122,3,20230825,20240824,renewed,2590.41
5727,122,2,20230215,20240215,renewed,2249.3
5728,122,1,20231009,20241008,lapsed,1789.38
5729,122,1,20230516,20240515,renewed,4287.5
5730,122,2,20231006,20241005,renewed,3164.35
5731,122,6,20240128,20250127,lapsed,5102.1
5732,122,5,20230315,20240314,lapsed,896.16
5733,122,5,20240921,20250921,renewed,180.6
5734,122,4,20241111,20251111,lapsed,1106.14
5735,122,5,20241113,20251113,renewed,182.88
5736,122,2,20230103,20240103,renewed,1394.13
5737,122,2,20240805,20250805,renewed,581.44
5738,122,4,20230216,20240216,lapsed,2432.62
5739,122,1,20230628,20240627,renewed,4219.47
5740,122,5,20230214,20240214,renewed,1018.51
5741,122,5,20230320,20240319,renewed,834.36
5742,122,4,20230426,20240425,lapsed,2060.89
5743,122,3,20240201,20250131,renewed,1687.93
5744,122,3,20240826,20250826,renewed,1836.87
5745,122,3,20240918,20250918,renewed,2307.48
5746,122,5,20230414,20240413,renewed,1160.04
5747,122,3,20240125,20250124,renewed,2813.72
5748,122,2,20230419,20240418,renewed,3683.13
5749,122,1,20230619,20240618,renewed,3867.22
5750,122,6,20240119,20250118,renewed,2988.77
5751,122,2,20240515,20250515,renewed,2050.21
5752,122,1,20230614,20240613,renewed,1633.55
5753,122,6,20240120,20250119,renewed,3952.84
5754,122,5,20230606,20240605,renewed,852.98
5755,122,5,20240928,20250928,renewed,394.48
5756,122,4,20230909,20240908,renewed,1279.89
5757,122,4,20240924,20250924,grace,1541.74
5758,122,1,20240523,20250523,grace,915.9
5759,122,4,20240619,20250619,renewed,2328.88
5760,122,3,20240704,20250704,lapsed,2570.36
5761,122,1,20230210,20240210,grace,3874.04
5762,122,6,20230319,20240318,lapsed,6460.19
5763,122,4,20240218,20250217,lapsed,1279.83
5764,122,1,20240723,20250723,renewed,3788.53
5765,123,2,20231105,20241104,renewed,1546.33
5766,123,4,20240816,20250816,lapsed,936.64
5767,123,3,20230829,20240828,renewed,2932.13
5768,123,3,20240727,20250727,renewed,2100.27
5769,123,2,20230721,20240720,renewed,3948.38
5770,123,5,20230928,20240927,grace,265.81
5771,123,3,20230804,20240803,renewed,1398.7
5772,123,6,20231215,20241214,renewed,2088.68
5773,123,1,20230203,20240203,renewed,2189.77
5774,123,6,20230510,20240509,renewed,7597.14
5775,123,5,20241120,20251120,renewed,199.2
5776,123,6,20231217,20241216,renewed,4286.02
5777,123,6,20230321,20240320,renewed,911.34
5778,123,6,20230515,20240514,renewed,2951.37
5779,123,3,20230711,20240710,renewed,2272.48
5780,123,4,20230201,20240201,renewed,2132.75
5781,123,5,20240515,20250515,grace,786.35
5782,123,3,20230415,20240414,renewed,802.33
5783,123,3,20230612,20240611,grace,460.06
5784,123,2,20240929,20250929,renewed,3397.84
5785,123,4,20231031,20241030,renewed,2592.73
5786,123,4,20230525,20240524,renewed,2542.49
5787,123,3,20241122,20251122,renewed,927.08
5788,123,6,20231224,20241223,renewed,5028.66
5789,123,4,20230628,20240627,lapsed,2845.11
5790,123,6,20230415,20240414,renewed,1157.61
5791,123,4,20240716,20250716,lapsed,1682.55
5792,123,4,20230130,20240130,renewed,1510.9
5793,123,5,20230809,20240808,renewed,747.96
5794,124,6,20230724,20240723,renewed,1964.45
5795,124,4,20241027,20251027,renewed,2539.47
5796,124,3,20230104,20240104,renewed,1780.48
5797,124,4,20241014,20251014,renewed,1737.38
5798,124,6,20240216,20250215,renewed,818.7
5799,124,1,20240528,20250528,renewed,4265.21
5800,124,5,20240829,20250829,grace,480.71
5801,124,4,20240410,20250410,renewed,1638.13
5802,124,6,20240808,20250808,renewed,3665.67
5803,124,4,20230918,20240917,renewed,762.56
5804,124,2,20230711,20240710,lapsed,3961.74
5805,124,5,20231106,20241105,renewed,646.24
5806,124,3,20240918,20250918,renewed,2848.11
5807,124,1,20230706,20240705,renewed,645.2
5808,124,3,20241003,20251003,renewed,590.58
5809,124,1,20240726,20250726,lapsed,1194.38
5810,124,6,20230801,20240731,renewed,1302.85
5811,124,4,20230928,20240927,renewed,1360.48
5812,124,2,20230224,20240224,renewed,3507.18
5813,124,6,20230602,20240601,renewed,7091.56
5814,124,5,20240411,20250411,renewed,337.06
5815,124,5,20231209,20241208,renewed,634.62
5816,124,2,20240302,20250302,renewed,1209.79
5817,124,3,20240911,20250911,renewed,1701.55
5818,124,3,20230823,20240822,renewed,758.62
5819,124,6,20240530,20250530,renewed,5411.01
5820,124,3,20231128,20241127,lapsed,1366.24
5821,124,3,20240918,20250918,renewed,2472.4
5822,124,6,20230406,20240405,renewed,1472.89
5823,124,2,20230403,20240402,lapsed,3854.49
5824,124,2,20230805,20240804,renewed,2069.28
5825,124,2,20240919,20250919,renewed,3315.1
5826,124,5,20231205,20241204,lapsed,1003.74
5827,124,1,20241015,20251015,grace,4153.35
5828,124,1,20240227,20250226,renewed,2505.51
5829,124,4,20231110,20241109,renewed,1035.7
5830,124,3,20230125,20240125,lapsed,455.91
5831,124,5,20241008,20251008,lapsed,135.87
5832,124,2,20231106,20241105,renewed,2944.29
5833,124,6,20240508,20250508,renewed,7625.05
5834,124,1,20230618,20240617,renewed,4412.72
5835,124,3,20231212,20241211,renewed,1252.28
5836,124,3,20240217,20250216,renewed,2459.37
5837,124,1,20230115,20240115,lapsed,686.51
5838,124,1,20230727,20240726,renewed,1832.17
5839,124,6,20231127,20241126,lapsed,7874.72
5840,124,3,20230517,20240516,renewed,1060.61
5841,124,6,20231115,20241114,renewed,7391.05
5842,124,3,20240105,20250104,lapsed,879.21
5843,124,1,20240124,20250123,renewed,1401.14
5844,124,6,20231223,20241222,renewed,7603.98
5845,124,4,20240203,20250202,renewed,1381.84
5846,124,5,20230206,20240206,lapsed,436.38
5847,124,6,20240618,20250618,renewed,2205.0
5848,124,5,20240704,20250704,renewed,152.28
5849,124,6,20240308,20250308,renewed,6431.19
5850,124,1,20230322,20240321,renewed,2681.74
5851,124,1,20230614,20240613,renewed,2567.58
5852,124,1,20231018,20241017,grace,3720.69
5853,124,6,20230906,20240905,renewed,6833.91
5854,124,4,20230607,20240606,renewed,2270.89
5855,124,6,20240802,20250802,renewed,1398.03
5856,124,5,20241109,20251109,renewed,867.74
5857,125,5,20230218,20240218,renewed,300.83
5858,125,1,20230106,20240106,renewed,589.8
5859,125,3,20240706,20250706,renewed,1673.25
5860,125,5,20240115,20250114,renewed,1037.16
5861,125,1,20240701,20250701,renewed,2465.74
5862,125,4,20230508,20240507,grace,1973.86
5863,125,2,20231031,20241030,lapsed,3825.68
5864,125,1,20230106,20240106,renewed,1087.24
5865,125,3,20230514,20240513,renewed,2319.72
5866,125,4,20240707,20250707,renewed,1289.91
5867,125,1,20240807,20250807,lapsed,2842.02
5868,125,6,20230913,20240912,renewed,1119.63
5869,125,4,20240709,20250709,lapsed,1552.54
5870,125,3,20240105,20250104,renewed,2231.89
5871,125,1,20230523,20240522,renewed,1276.59
5872,125,2,20241029,20251029,renewed,4885.61
5873,125,5,20231123,20241122,lapsed,915.53
5874,125,3,20231023,20241022,renewed,488.79
5875,125,3,20240729,20250729,renewed,2469.61
5876,125,5,20240711,20250711,lapsed,901.31
5877,125,5,20240304,20250304,renewed,944.05
5878,125,4,20230221,20240221,renewed,589.11
5879,125,6,20240910,20250910,lapsed,2745.58
5880,125,6,20231005,20241004,renewed,2778.43
5881,125,6,20230301,20240229,lapsed,1159.02
5882,125,6,20240907,20250907,renewed,7491.74
5883,125,5,20230904,20240903,renewed,109.93
5884,125,5,20230401,20240331,renewed,1178.38
5885,125,1,20231230,20241229,lapsed,3668.87
5886,125,6,20230402,20240401,renewed,2577.25
5887,125,4,20240531,20250531,renewed,2181.59
5888,125,6,20241111,20251111,lapsed,3932.2
5889,125,4,20240215,20250214,renewed,621.14
5890,125,4,20231204,20241203,grace,1735.82
5891,125,1,20240812,20250812,renewed,2805.9
5892,125,4,20240121,20250120,renewed,756.46
5893,125,5,20240212,20250211,renewed,816.23
5894,125,2,20240106,20250105,renewed,3288.34
5895,125,5,20241116,20251116,renewed,878.46
5896,125,6,20240927,20250927,grace,6338.0
5897,125,6,20240425,20250425,renewed,7761.83
5898,125,6,20240426,20250426,lapsed,1024.78
5899,125,1,20240325,20250325,renewed,2614.39
5900,125,2,20240623,20250623,renewed,443.44
5901,125,1,20230205,20240205,lapsed,1070.58
5902,125,1,20241019,20251019,renewed,688.03
5903,125,6,20230103,20240103,lapsed,1615.71
5904,125,4,20231208,20241207,lapsed,1014.82
5905,125,3,20230304,20240303,renewed,304.22
5906,126,5,20240930,20250930,renewed,763.25
5907,126,6,20240205,20250204,renewed,7582.59
5908,126,4,20230925,20240924,renewed,767.8
5909,126,1,20240207,20250206,renewed,2872.43
5910,126,2,20240911,20250911,renewed,4004.29
5911,126,6,20230721,20240720,renewed,6667.89
5912,126,3,20230731,20240730,renewed,939.17
5913,126,5,20230824,20240823,renewed,899.34
5914,126,6,20240120,20250119,renewed,1672.62
5915,126,1,20240302,20250302,renewed,3368.74
5916,126,2,20240821,20250821,renewed,3978.46
5917,126,2,20230107,20240107,renewed,510.6
5918,126,3,20230708,20240707,lapsed,2402.73
5919,126,4,20240625,20250625,renewed,2175.85
5920,126,6,20230126,20240126,renewed,1815.88
5921,126,5,20231021,20241020,renewed,805.38
5922,126,5,20240412,20250412,renewed,610.81
5923,126,6,20230608,20240607,renewed,4031.33
5924,126,3,20230604,20240603,renewed,974.75
5925,126,2,20240710,20250710,renewed,4295.62
5926,126,4,20240506,20250506,renewed,1668.4
5927,126,5,20230601,20240531,renewed,122.66
5928,126,5,20241111,20251111,lapsed,735.57
5929,126,6,20240118,20250117,renewed,1184.27
5930,126,2,20240219,20250218,renewed,3003.41
5931,126,5,20240922,20250922,grace,200.35
5932,126,4,20230308,20240307,renewed,2130.48
5933,126,4,20230820,20240819,renewed,1533.69
5934,126,2,20240707,20250707,renewed,4218.26
5935,126,1,20231004,20241003,renewed,4973.6
5936,127,1,20230805,20240804,lapsed,697.37
5937,127,2,20231002,20241001,lapsed,2241.86
5938,127,1,20240108,20250107,renewed,2034.85
5939,127,1,20240702,20250702,grace,2935.42
5940,127,4,20241021,20251021,renewed,1490.29
5941,127,2,20241004,20251004,renewed,4535.08
5942,127,4,20240321,20250321,renewed,2124.58
5943,127,1,20230531,20240530,renewed,3603.33
5944,127,1,20241105,20251105,renewed,3584.01
5945,127,2,20230103,20240103,renewed,3505.51
5946,127,2,20230625,20240624,renewed,1002.86
5947,127,4,20240201,20250131,renewed,1752.81
5948,127,6,20230919,20240918,renewed,3781.6
5949,127,2,20240930,20250930,renewed,4772.86
5950,127,1,20230122,20240122,renewed,4682.21
5951,127,2,20240804,20250804,renewed,4646.12
5952,127,4,20230917,20240916,lapsed,1581.59
5953,127,6,20240523,20250523,renewed,6538.62
5954,127,5,20240423,20250423,renewed,387.59
5955,127,1,20230921,20240920,lapsed,4251.14
5956,127,2,20231024,20241023,renewed,2944.66
5957,127,4,20241021,20251021,renewed,2531.54
5958,128,5,20230517,20240516,lapsed,722.3
5959,128,3,20230415,20240414,renewed,1564.31
5960,128,5,20230728,20240727,renewed,801.04
5961,128,2,20230618,20240617,grace,3314.08
5962,128,1,20240617,20250617,renewed,1403.84
5963,128,1,20240418,20250418,renewed,4209.22
5964,128,6,20241020,20251020,renewed,5979.17
5965,128,2,20230928,20240927,renewed,1052.87
5966,128,2,20230917,20240916,lapsed,4290.76
5967,128,4,20241027,20251027,renewed,2564.24
5968,128,6,20230621,20240620,renewed,616.14
5969,128,2,20230306,20240305,renewed,1399.98
5970,128,2,20241116,20251116,renewed,3402.05
5971,128,6,20240303,20250303,renewed,966.55
5972,128,2,20240424,20250424,lapsed,3336.02
5973,128,6,20241005,20251005,renewed,778.56
5974,128,6,20230802,20240801,renewed,1550.27
5975,128,1,20241016,20251016,renewed,1530.04
5976,128,5,20230629,20240628,renewed,383.68
5977,128,2,20240316,20250316,lapsed,3289.98
5978,128,2,20240324,20250324,renewed,3601.34
5979,128,5,20230904,20240903,renewed,270.51
5980,128,5,20240802,20250802,renewed,284.37
5981,128,1,20230430,20240429,renewed,3778.41
5982,128,1,20231102,20241101,renewed,3616.84
5983,128,2,20230224,20240224,renewed,2078.75
5984,128,5,20240709,20250709,renewed,600.47
5985,128,2,20230122,20240122,renewed,1746.47
5986,128,4,20230122,20240122,renewed,1308.77
5987,128,6,20240702,20250702,renewed,1166.45
5988,128,6,20231111,20241110,renewed,5806.96
5989,128,5,20240717,20250717,renewed,180.71
5990,128,6,20240501,20250501,renewed,3008.63
5991,128,5,20240112,20250111,renewed,385.78
5992,128,4,20240822,20250822,renewed,1037.18
5993,128,4,20230424,20240423,renewed,539.37
5994,128,4,20230530,20240529,renewed,391.03
5995,128,1,20240613,20250613,renewed,1122.59
5996,128,6,20240626,20250626,renewed,4802.2
5997,128,1,20230412,20240411,renewed,1474.98
5998,128,4,20240213,20250212,renewed,2789.16
5999,128,4,20230104,20240104,renewed,565.15
6000,128,2,20230209,20240209,renewed,4152.49
6001,128,2,20230226,20240226,renewed,715.09
6002,128,3,20230525,20240524,renewed,392.6
6003,128,5,20230313,20240312,grace,803.36
6004,128,4,20240713,20250713,renewed,484.34
6005,128,4,20230520,20240519,renewed,2436.85
6006,128,3,20231028,20241027,renewed,2145.88
6007,128,4,20230131,20240131,renewed,293.18
6008,128,3,20230814,20240813,renewed,1387.21
6009,128,1,20230228,20240228,lapsed,1544.75
6010,128,3,20240608,20250608,grace,499.46
6011,128,5,20230818,20240817,renewed,754.52
6012,128,6,20240315,20250315,grace,3296.24
6013,128,3,20230327,20240326,renewed,2455.83
6014,128,3,20231003,20241002,renewed,1812.86
6015,128,4,20230403,20240402,renewed,1548.4
6016,128,2,20240711,20250711,renewed,4036.47
6017,128,2,20240429,20250429,grace,1205.46
6018,128,1,20230823,20240822,lapsed,1269.04
6019,128,6,20230708,20240707,renewed,7737.72
6020,128,1,20240717,20250717,renewed,1654.52
6021,128,4,20240922,20250922,lapsed,1935.03
6022,128,6,20240123,20250122,renewed,1457.22
6023,128,2,20241004,20251004,lapsed,4221.54
6024,128,5,20240719,20250719,lapsed,812.14
6025,128,6,20230919,20240918,renewed,1498.58
6026,128,2,20230818,20240817,lapsed,3650.3
6027,128,3,20230517,20240516,lapsed,781.67
6028,129,4,20231213,20241212,renewed,1148.51
6029,129,3,20230509,20240508,renewed,1824.98
6030,129,2,20230604,20240603,renewed,3232.96
6031,129,2,20240206,20250205,renewed,1578.78
6032,129,1,20230924,20240923,lapsed,578.33
6033,129,5,20230216,20240216,renewed,784.22
6034,129,3,20240902,20250902,renewed,1499.37
6035,129,4,20240911,20250911,renewed,2990.04
6036,129,5,20230830,20240829,renewed,109.67
6037,129,1,20231202,20241201,lapsed,4017.34
6038,129,2,20240311,20250311,lapsed,4963.84
6039,129,1,20240129,20250128,grace,2453.9
6040,129,6,20230317,20240316,lapsed,2181.3
6041,129,3,20230110,20240110,renewed,2693.25
6042,129,2,20230527,20240526,renewed,2400.63
6043,129,4,20230524,20240523,grace,791.56
6044,129,3,20230904,20240903,renewed,1413.16
6045,129,5,20240823,20250823,renewed,396.49
6046,129,2,20240527,20250527,renewed,431.93
6047,129,5,20230214,20240214,renewed,192.0
6048,129,6,20240606,20250606,renewed,717.08
6049,129,5,20240922,20250922,renewed,530.36
6050,129,6,20240303,20250303,renewed,1114.61
6051,129,6,20240327,20250327,grace,5665.13
6052,129,4,20230410,20240409,renewed,1086.43
6053,129,4,20231126,20241125,renewed,1331.48
6054,129,1,20230920,20240919,lapsed,3381.46
6055,129,2,20241014,20251014,renewed,4032.22
6056,129,6,20240703,20250703,renewed,1982.56
6057,129,1,20240117,20250116,grace,3551.08
6058,129,1,20231115,20241114,lapsed,779.89
6059,129,1,20231226,20241225,renewed,876.94
6060,129,1,20230417,20240416,renewed,4009.13
6061,129,3,20241031,20251031,renewed,1964.12
6062,129,4,20230224,20240224,grace,262.72
6063,130,3,20240430,20250430,renewed,2801.64
6064,130,6,20230716,20240715,renewed,3065.85
6065,130,1,20230617,20240616,renewed,4389.81
6066,130,6,20241111,20251111,renewed,1085.77
6067,130,5,20230826,20240825,grace,766.61
6068,130,1,20230219,20240219,renewed,3169.86
6069,130,5,20240516,20250516,renewed,720.61
6070,130,2,20230710,20240709,renewed,3413.88
6071,130,6,20230913,20240912,lapsed,1360.95
6072,130,5,20230601,20240531,renewed,514.72
6073,130,1,20231021,20241020,renewed,2716.77
6074,130,5,20240405,20250405,lapsed,345.64
6075,130,3,20230705,20240704,renewed,2218.44
6076,130,3,20240905,20250905,renewed,2162.35
6077,130,3,20230301,20240229,grace,646.01
6078,130,5,20231214,20241213,renewed,175.85
6079,130,1,20240119,20250118,renewed,1148.42
6080,130,4,20230415,20240414,renewed,2249.46
6081,130,6,20230107,20240107,lapsed,1133.16
6082,130,6,20240816,20250816,renewed,3884.2
6083,130,3,20231206,20241205,renewed,940.92
6084,130,1,20240327,20250327,renewed,3274.12
6085,130,4,20230803,20240802,renewed,761.23
6086,130,6,20240127,20250126,grace,1117.19
6087,130,2,20240228,20250227,renewed,2843.55
6088,130,6,20230526,20240525,renewed,7830.38
6089,130,5,20240914,20250914,grace,847.22
6090,130,1,20240213,20250212,lapsed,1633.81
6091,130,5,20231011,20241010,renewed,179.16
6092,130,5,20240310,20250310,grace,664.67
6093,130,5,20230122,20240122,renewed,1087.63
6094,130,5,20241101,20251101,renewed,638.94
6095,130,2,20230524,20240523,renewed,4949.97
6096,130,4,20231019,20241018,renewed,2084.2
6097,130,2,20230124,20240124,renewed,2597.52
6098,131,3,20230915,20240914,lapsed,1569.29
6099,131,1,20230530,20240529,renewed,3462.25
6100,131,4,20230803,20240802,renewed,1905.96
6101,131,6,20241011,20251011,renewed,2762.05
6102,131,3,20240911,20250911,renewed,1658.95
6103,131,5,20240805,20250805,lapsed,638.94
6104,131,4,20230426,20240425,lapsed,444.5
6105,131,3,20241117,20251117,renewed,1306.25
6106,131,1,20241110,20251110,renewed,4549.07
6107,131,4,20230408,20240407,lapsed,1360.58
6108,131,1,20230625,20240624,lapsed,1222.46
6109,131,4,20231009,20241008,renewed,1080.95
6110,131,6,20240317,20250317,lapsed,2009.77
6111,131,3,20230912,20240911,grace,2783.01
6112,131,3,20240929,20250929,renewed,805.66
6113,131,1,20240701,20250701,lapsed,540.37
6114,131,1,20241027,20251027,renewed,4105.15
6115,131,3,20231105,20241104,grace,529.61
6116,131,4,20240706,20250706,renewed,2972.41
6117,131,3,20241010,20251010,lapsed,2210.03
6118,131,3,20230524,20240523,renewed,2127.51
6119,131,2,20240305,20250305,lapsed,1278.5
6120,131,2,20240316,20250316,renewed,1051.55
6121,131,3,20240523,20250523,lapsed,1642.26
6122,131,6,20230725,20240724,renewed,5260.23
6123,131,5,20240930,20250930,renewed,677.21
6124,131,2,20240314,20250314,renewed,1769.58
6125,131,4,20240107,20250106,lapsed,1265.19
6126,131,4,20231107,20241106,renewed,2072.15
6127,131,6,20240102,20250101,renewed,7629.65
6128,131,1,20230505,20240504,renewed,3656.59
6129,131,6,20230127,20240127,renewed,3947.21
6130,131,2,20231019,20241018,renewed,2960.33
6131,131,5,20241012,20251012,lapsed,1042.3
6132,131,3,20230815,20240814,lapsed,559.9
6133,131,2,20240708,20250708,lapsed,1056.59
6134,131,2,20231224,20241223,lapsed,1196.56
6135,131,6,20230610,20240609,lapsed,2691.91
6136,131,3,20241016,20251016,lapsed,1408.32
6137,131,3,20230312,20240311,renewed,1071.15
6138,131,4,20230815,20240814,lapsed,442.59
6139,131,4,20230321,20240320,renewed,409.88
6140,131,4,20230418,20240417,lapsed,2998.57
6141,131,5,20240215,20250214,renewed,114.6
6142,131,5,20240725,20250725,grace,623.7
6143,131,6,20230614,20240613,grace,4508.6
6144,131,3,20230407,20240406,lapsed,979.96
6145,131,1,20240429,20250429,renewed,2206.95
6146,131,1,20240514,20250514,renewed,2173.0
6147,131,3,20230510,20240509,renewed,1972.57
6148,131,3,20240412,20250412,grace,388.6
6149,132,5,20240911,20250911,renewed,180.89
6150,132,1,20230704,20240703,lapsed,4275.79
6151,132,6,20240312,20250312,renewed,2301.31
6152,132,3,20231009,20241008,renewed,685.99
6153,132,5,20231213,20241212,lapsed,455.42
6154,132,4,20240128,20250127,renewed,2701.64
6155,132,5,20240919,20250919,renewed,409.62
6156,132,5,20240412,20250412,renewed,383.98
6157,132,1,20240210,20250209,grace,4313.52
6158,132,2,20240317,20250317,renewed,2264.01
6159,132,5,20230303,20240302,lapsed,684.22
6160,132,2,20240118,20250117,renewed,4840.9
6161,132,3,20231101,20241031,renewed,1460.66
6162,132,1,20230802,20240801,grace,3474.51
6163,132,1,20241006,20251006,renewed,2634.61
6164,132,2,20230422,20240421,renewed,4778.71
6165,132,6,20240301,20250301,renewed,4277.71
6166,132,1,20230407,20240406,lapsed,4140.04
6167,132,2,20230201,20240201,lapsed,4079.38
6168,132,1,20240724,20250724,renewed,2244.69
6169,132,2,20240617,20250617,renewed,3692.2
6170,132,1,20240630,20250630,renewed,3203.19
6171,132,1,20240608,20250608,renewed,692.53
6172,132,5,20240224,20250223,renewed,831.37
6173,132,1,20240311,20250311,renewed,1147.52
6174,132,6,20230814,20240813,renewed,7644.3
6175,132,4,20241121,20251121,lapsed,890.48
6176,132,5,20241008,20251008,lapsed,889.27
6177,132,5,20230204,20240204,renewed,526.12
6178,132,4,20240406,20250406,lapsed,371.98
6179,132,6,20240402,20250402,renewed,1954.77
6180,132,4,20230914,20240913,lapsed,2214.76
6181,132,1,20230609,20240608,renewed,2606.15
6182,132,6,20231126,20241125,renewed,3813.77
6183,133,4,20240618,20250618,renewed,1009.82
6184,133,6,20230825,20240824,renewed,2701.75
6185,133,5,20241020,20251020,renewed,847.9
6186,133,2,20230125,20240125,renewed,3179.65
6187,133,6,20241028,20251028,lapsed,4789.83
6188,133,2,20230204,20240204,renewed,2363.79
6189,133,3,20240215,20250214,lapsed,998.87
6190,133,4,20230114,20240114,renewed,1538.24
6191,133,6,20230126,20240126,renewed,5799.41
6192,133,4,20240809,20250809,renewed,1291.26
6193,133,3,20231002,20241001,renewed,757.53
6194,133,2,20231229,20241228,renewed,1467.13
6195,133,4,20230309,20240308,renewed,1408.47
6196,133,5,20241002,20251002,lapsed,943.2
6197,133,5,20231216,20241215,renewed,910.58
6198,133,2,20240430,20250430,renewed,3627.19
6199,133,2,20240112,20250111,renewed,584.97
6200,133,2,20230402,20240401,lapsed,2286.11
6201,133,2,20230628,20240627,renewed,431.15
6202,133,5,20230710,20240709,renewed,821.34
6203,133,2,20240409,20250409,lapsed,1906.98
6204,133,2,20240810,20250810,renewed,3967.27
6205,133,2,20240622,20250622,renewed,1387.07
6206,133,2,20230822,20240821,renewed,2177.51
6207,133,2,20240625,20250625,grace,4774.51
6208,133,6,20240619,20250619,renewed,2279.87
6209,133,6,20230510,20240509,renewed,5397.31
6210,133,1,20231127,20241126,renewed,1247.57
6211,133,5,20240420,20250420,renewed,797.57
6212,133,5,20230410,20240409,grace,220.25
6213,133,2,20241108,20251108,renewed,3922.37
6214,133,1,20240317,20250317,renewed,680.08
6215,133,1,20240218,20250217,renewed,4879.5
6216,133,3,20230909,20240908,grace,956.66
6217,133,3,20241009,20251009,renewed,1121.42
6218,133,5,20240725,20250725,renewed,1150.98
6219,133,3,20231107,20241106,grace,2829.95
6220,133,4,20231223,20241222,renewed,2942.25
6221,133,5,20240919,20250919,lapsed,1044.0
6222,133,1,20240527,20250527,renewed,2912.14
6223,133,4,20240502,20250502,lapsed,1166.68
6224,133,2,20240902,20250902,lapsed,2687.0
6225,133,5,20230226,20240226,renewed,394.43
6226,133,5,20240829,20250829,renewed,1127.6
6227,133,1,20240121,20250120,lapsed,2909.51
6228,133,5,20231211,20241210,lapsed,297.76
6229,133,6,20240203,20250202,grace,3779.23
6230,133,6,20230806,20240805,lapsed,1977.09
6231,133,6,20240227,20250226,renewed,5462.81
6232,133,2,20230804,20240803,grace,4478.84
6233,133,3,20231112,20241111,lapsed,652.42
6234,133,3,20231229,20241228,lapsed,1000.31
6235,133,5,20231227,20241226,grace,892.04
6236,133,3,20240410,20250410,renewed,1705.75
6237,133,6,20240608,20250608,renewed,3313.76
6238,133,5,20240429,20250429,renewed,1135.49
6239,133,5,20241125,20251125,grace,644.77
6240,133,2,20240201,20250131,renewed,1893.52
6241,133,3,20230604,20240603,renewed,1516.51
6242,133,3,20240414,20250414,renewed,506.64
6243,133,3,20240904,20250904,renewed,1005.95
6244,133,2,20230522,20240521,renewed,3284.29
6245,133,4,20231105,20241104,renewed,1013.84
6246,133,2,20240501,20250501,lapsed,3817.6
6247,133,5,20240224,20250223,renewed,200.63
6248,134,5,20230104,20240104,renewed,845.28
6249,134,4,20240804,20250804,renewed,2482.81
6250,134,2,20231208,20241207,renewed,3708.81
6251,134,3,20240724,20250724,grace,511.52
6252,134,1,20231009,20241008,grace,4615.35
6253,134,5,20230417,20240416,renewed,428.06
6254,134,5,20231018,20241017,renewed,739.51
6255,134,6,20230421,20240420,renewed,3566.82
6256,134,6,20240708,20250708,renewed,1611.78
6257,134,6,20240925,20250925,lapsed,2549.63
6258,134,4,20231211,20241210,renewed,2177.45
6259,134,4,20231109,20241108,renewed,1871.71
6260,134,3,20230202,20240202,renewed,2530.75
6261,134,5,20230210,20240210,renewed,684.91
6262,134,2,20230604,20240603,renewed,1956.24
6263,134,4,20240402,20250402,renewed,1693.04
6264,134,3,20241122,20251122,lapsed,2293.94
6265,134,1,20240129,20250128,renewed,565.84
6266,134,4,20240908,20250908,lapsed,870.14
6267,134,5,20230524,20240523,lapsed,793.61
6268,134,2,20230305,20240304,lapsed,4354.47
6269,134,4,20230923,20240922,renewed,782.14
6270,134,3,20241027,20251027,renewed,2005.6
6271,134,6,20231013,20241012,renewed,6132.85
6272,134,4,20240326,20250326,grace,870.2
6273,134,1,20241109,20251109,lapsed,2938.55
6274,134,1,20230419,20240418,renewed,1093.3
6275,134,4,20231125,20241124,renewed,980.95
6276,134,1,20240124,20250123,renewed,1373.05
6277,134,5,20230612,20240611,renewed,1186.96
6278,134,2,20230423,20240422,renewed,489.24
6279,134,4,20230731,20240730,renewed,937.09
6280,134,1,20231117,20241116,lapsed,555.8
6281,134,2,20231118,20241117,lapsed,2009.47
6282,134,5,20230615,20240614,renewed,1073.38
6283,134,5,20240831,20250831,lapsed,539.16
6284,134,3,20230209,20240209,renewed,1036.07
6285,134,6,20240517,20250517,renewed,7671.7
6286,134,1,20240319,20250319,renewed,3089.27
6287,134,5,20230119,20240119,grace,326.65
6288,134,2,20240502,20250502,renewed,1108.33
6289,134,3,20230715,20240714,renewed,2672.55
6290,134,5,20230531,20240530,renewed,983.79
6291,134,5,20240702,20250702,renewed,347.36
6292,134,1,20240625,20250625,renewed,1221.51
6293,134,4,20230409,20240408,lapsed,666.09
6294,134,1,20230331,20240330,renewed,4252.06
6295,134,1,20240127,20250126,renewed,4194.02
6296,134,3,20230705,20240704,lapsed,2982.79
6297,134,5,20230428,20240427,renewed,257.63
6298,134,4,20231013,20241012,renewed,1938.51
6299,134,4,20230205,20240205,lapsed,1750.19
6300,134,1,20230516,20240515,renewed,1753.49
6301,134,3,20240928,20250928,renewed,801.29
6302,135,5,20240315,20250315,grace,109.48
6303,135,3,20240917,20250917,renewed,2795.92
6304,135,6,20240111,20250110,renewed,1025.58
6305,135,3,20230328,20240327,lapsed,2501.03
6306,135,1,20230427,20240426,renewed,3699.5
6307,135,6,20230929,20240928,renewed,5161.35
6308,135,1,20231024,20241023,renewed,1634.16
6309,135,1,20230318,20240317,renewed,2071.32
6310,135,6,20230215,20240215,grace,5597.44
6311,135,3,20230322,20240321,renewed,2262.93
6312,135,1,20231204,20241203,renewed,1282.93
6313,135,3,20240916,20250916,grace,2470.32
6314,135,6,20230430,20240429,grace,1556.38
6315,135,1,20241120,20251120,renewed,4919.4
6316,135,5,20230117,20240117,renewed,1189.18
6317,135,6,20240817,20250817,grace,4988.94
6318,135,1,20240205,20250204,lapsed,1417.6
6319,135,2,20230613,20240612,renewed,2194.97
6320,135,2,20240619,20250619,renewed,3765.32
6321,135,6,20240111,20250110,grace,1880.51
6322,135,2,20240329,20250329,renewed,4324.57
6323,135,1,20240322,20250322,renewed,4275.5
6324,135,2,20240108,20250107,renewed,638.19
6325,135,6,20230812,20240811,renewed,7350.1
6326,135,1,20230521,20240520,renewed,2074.18
6327,135,4,20240709,20250709,renewed,2853.53
6328,135,1,20241011,20251011,lapsed,3043.86
6329,135,2,20231019,20241018,renewed,3413.2
6330,135,4,20240114,20250113,renewed,1673.06
6331,135,4,20240915,20250915,lapsed,2852.69
6332,135,2,20231007,20241006,renewed,2306.67
6333,135,4,20230818,20240817,renewed,2401.72
6334,135,5,20230110,20240110,grace,429.96
6335,135,5,20240803,20250803,renewed,806.99
6336,135,6,20240923,20250923,lapsed,7413.48
6337,135,6,20230517,20240516,renewed,1091.19
6338,135,1,20240208,20250207,lapsed,688.07
6339,135,6,20240407,20250407,renewed,1832.56
6340,135,1,20240831,20250831,lapsed,1270.37
6341,135,6,20230926,20240925,grace,751.93
6342,135,1,20231127,20241126,renewed,2880.13
6343,135,2,20240805,20250805,renewed,4639.66
6344,135,2,20240203,20250202,renewed,2899.67
6345,135,5,20240618,20250618,lapsed,443.93
6346,135,6,20231123,20241122,renewed,1217.19
6347,135,4,20240515,20250515,lapsed,2519.94
6348,135,3,20241002,20251002,renewed,2918.86
6349,135,4,20230330,20240329,renewed,924.84
6350,135,6,20230522,20240521,grace,3847.47
6351,135,5,20240514,20250514,renewed,463.89
6352,135,2,20241117,20251117,lapsed,2977.71
6353,135,2,20240114,20250113,lapsed,4885.22
6354,135,5,20240906,20250906,renewed,515.63
6355,135,2,20241118,20251118,renewed,2081.49
6356,135,5,20240814,20250814,renewed,528.18
6357,135,2,20240924,20250924,grace,4341.96
6358,136,5,20230715,20240714,lapsed,458.18
6359,136,1,20240128,20250127,lapsed,1731.41
6360,136,3,20230623,20240622,renewed,890.9
6361,136,5,20230902,20240901,renewed,965.6
6362,136,2,20240211,20250210,lapsed,3076.04
6363,136,5,20241124,20251124,grace,893.07
6364,136,6,20230731,20240730,renewed,3132.72
6365,136,6,20231212,20241211,renewed,644.58
6366,136,1,20241122,20251122,renewed,3340.98
6367,136,4,20230601,20240531,lapsed,852.85
6368,136,3,20240910,20250910,lapsed,1872.97
6369,136,6,20240711,20250711,renewed,3837.26
6370,136,4,20230514,20240513,lapsed,2302.07
6371,136,6,20230814,20240813,renewed,1380.74
6372,136,6,20240116,20250115,renewed,6890.49
6373,136,1,20230813,20240812,renewed,1817.66
6374,136,3,20240912,20250912,lapsed,1437.79
6375,136,5,20240922,20250922,renewed,646.62
6376,136,4,20230923,20240922,renewed,641.3
6377,136,1,20241013,20251013,lapsed,590.66
6378,136,1,20230725,20240724,renewed,1673.95
6379,136,4,20240114,20250113,renewed,1444.78
6380,136,3,20230602,20240601,renewed,1989.2
6381,136,4,20240415,20250415,lapsed,2454.38
6382,136,4,20240325,20250325,lapsed,2496.03
6383,136,6,20240126,20250125,renewed,3572.0
6384,136,5,20240319,20250319,renewed,149.0
6385,136,6,20231001,20240930,renewed,4132.96
6386,136,6,20230914,20240913,lapsed,5581.89
6387,136,1,20230728,20240727,renewed,1820.04
6388,136,6,20230723,20240722,lapsed,7529.28
6389,136,1,20241114,20251114,renewed,3655.82
6390,136,4,20241007,20251007,lapsed,1515.43
6391,136,4,20230917,20240916,renewed,940.05
6392,136,5,20240213,20250212,lapsed,1091.3
6393,136,4,20230820,20240819,renewed,1264.94
6394,136,6,20240209,20250208,renewed,3702.38
6395,136,3,20230430,20240429,lapsed,2890.82
6396,136,3,20241010,20251010,lapsed,2542.27
6397,136,6,20241014,20251014,renewed,7131.67
6398,136,3,20231214,20241213,renewed,2938.76
6399,136,3,20230501,20240430,lapsed,1922.71
6400,136,2,20240321,20250321,renewed,3793.28
6401,136,4,20240222,20250221,lapsed,1545.92
6402,136,4,20240209,20250208,grace,2940.48
6403,136,3,20240811,20250811,lapsed,2038.1
6404,136,2,20231219,20241218,lapsed,4016.42
6405,136,2,20241011,20251011,grace,2827.53
6406,136,1,20230325,20240324,renewed,1511.29
6407,136,4,20231103,20241102,renewed,795.16
6408,136,4,20240623,20250623,renewed,985.2
6409,136,6,20230717,20240716,lapsed,1216.05
6410,136,4,20230729,20240728,lapsed,366.56
6411,136,3,20240508,20250508,lapsed,1903.05
6412,136,6,20240704,20250704,lapsed,3043.43
6413,136,1,20240703,20250703,lapsed,865.2
6414,136,1,20231224,20241223,renewed,2374.51
6415,136,2,20240829,20250829,grace,4368.31
6416,136,4,20230402,20240401,lapsed,1392.02
6417,136,3,20240311,20250311,renewed,2398.49
6418,136,2,20230129,20240129,renewed,2950.81
6419,136,3,20240531,20250531,lapsed,1455.17
6420,136,1,20231014,20241013,renewed,4571.46
6421,137,1,20240624,20250624,renewed,1924.23
6422,137,5,20230813,20240812,renewed,925.94
6423,137,2,20230812,20240811,renewed,3548.53
6424,137,4,20230919,20240918,lapsed,2592.15
6425,137,4,20231104,20241103,renewed,291.25
6426,137,1,20230329,20240328,renewed,1348.87
6427,137,6,20240831,20250831,renewed,3626.75
6428,137,3,20240602,20250602,renewed,260.51
6429,137,5,20240131,20250130,renewed,497.62
6430,137,1,20241007,20251007,lapsed,2075.09
6431,137,3,20230727,20240726,grace,1898.94
6432,137,6,20230306,20240305,lapsed,5516.6
6433,137,4,20231209,20241208,renewed,598.06
6434,137,2,20240119,20250118,renewed,2334.99
6435,137,1,20240215,20250214,grace,3856.26
6436,137,4,20230926,20240925,renewed,1657.36
6437,137,6,20231212,20241211,renewed,5342.78
6438,137,4,20240730,20250730,renewed,1403.97
6439,137,2,20230516,20240515,renewed,4374.86
6440,137,1,20240212,20250211,lapsed,2126.12
6441,137,2,20230608,20240607,lapsed,1400.21
6442,137,3,20230321,20240320,lapsed,2649.71
6443,137,2,20230603,20240602,lapsed,1801.85
6444,137,4,20230515,20240514,lapsed,930.38
6445,137,5,20230204,20240204,renewed,1085.14
6446,137,5,20240907,20250907,lapsed,211.5
6447,137,4,20230714,20240713,renewed,1123.66
6448,137,6,20241013,20251013,renewed,3946.32
6449,137,1,20241106,20251106,renewed,4221.47
6450,137,2,20240630,20250630,lapsed,967.88
6451,137,1,20230924,20240923,lapsed,2065.11
6452,137,4,20240922,20250922,renewed,1446.33
6453,137,6,20230203,20240203,lapsed,4794.37
6454,137,2,20230227,20240227,renewed,2696.21
6455,137,4,20241012,20251012,renewed,1722.12
6456,137,6,20230113,20240113,lapsed,4433.73
6457,137,2,20230220,20240220,grace,4516.95
6458,137,5,20240714,20250714,lapsed,877.1
6459,137,2,20230707,20240706,renewed,3188.95
6460,137,5,20240606,20250606,renewed,643.83
6461,137,5,20230802,20240801,renewed,1018.11
6462,137,4,20230824,20240823,lapsed,1685.96
6463,137,6,20241117,20251117,renewed,3388.56
6464,137,4,20240720,20250720,lapsed,625.43
6465,137,3,20230328,20240327,renewed,1982.97
6466,137,6,20240511,20250511,grace,2048.4
6467,137,5,20231204,20241203,lapsed,876.52
6468,137,6,20240527,20250527,renewed,7315.67
6469,137,4,20231009,20241008,renewed,1148.74
6470,137,1,20230324,20240323,lapsed,4457.6
6471,137,4,20240203,20250202,lapsed,533.73
6472,137,1,20231018,20241017,lapsed,1548.24
6473,137,4,20240314,20250314,renewed,2659.51
6474,137,1,20231017,20241016,renewed,1186.88
6475,137,5,20240305,20250305,lapsed,230.52
6476,137,6,20230729,20240728,renewed,2436.11
6477,137,6,20240813,20250813,renewed,6913.84
6478,137,4,20240619,20250619,renewed,1537.3
6479,137,2,20230304,20240303,renewed,1147.06
6480,137,6,20240702,20250702,renewed,6579.98
6481,137,1,20230823,20240822,lapsed,4147.1
6482,137,1,20230728,20240727,renewed,2652.39
6483,137,1,20240715,20250715,renewed,1910.93
6484,137,4,20231231,20241230,renewed,1786.26
6485,137,5,20230406,20240405,renewed,334.05
6486,137,5,20240120,20250119,renewed,562.27
6487,137,2,20240514,20250514,renewed,1262.88
6488,137,4,20230319,20240318,renewed,791.54
6489,137,3,20230921,20240920,renewed,1788.01
6490,137,5,20240620,20250620,renewed,524.81
6491,137,6,20241021,20251021,renewed,7601.23
6492,137,3,20230204,20240204,renewed,1460.46
6493,137,5,20240614,20250614,renewed,883.62
6494,137,3,20241028,20251028,renewed,1703.83
6495,137,3,20230913,20240912,renewed,2215.1
6496,137,5,20230326,20240325,grace,446.07
6497,138,6,20240309,20250309,renewed,4013.6
6498,138,4,20231031,20241030,renewed,665.76
6499,138,3,20240629,20250629,renewed,1758.04
6500,138,1,20241109,20251109,renewed,1595.66
6501,138,6,20231031,20241030,renewed,1479.24
6502,138,3,20240712,20250712,lapsed,2724.76
6503,138,2,20231020,20241019,lapsed,790.48
6504,138,3,20240824,20250824,renewed,2861.13
6505,138,2,20241109,20251109,renewed,752.8
6506,138,2,20230213,20240213,renewed,1122.96
6507,138,5,20240404,20250404,renewed,426.09
6508,138,3,20230925,20240924,renewed,2159.87
6509,138,3,20230720,20240719,renewed,861.7
6510,138,2,20231221,20241220,lapsed,1810.69
6511,138,6,20240808,20250808,renewed,5800.63
6512,138,3,20240214,20250213,renewed,1143.81
6513,138,1,20241021,20251021,renewed,4299.87
6514,138,4,20230717,20240716,renewed,1378.72
6515,138,3,20240907,20250907,grace,1387.1
6516,138,3,20230412,20240411,renewed,2482.09
6517,138,2,20230217,20240217,renewed,3967.23
6518,138,2,20231029,20241028,renewed,2737.57
6519,138,1,20240503,20250503,renewed,2147.4
6520,138,1,20230914,20240913,renewed,3883.35
6521,138,3,20230603,20240602,lapsed,2274.19
6522,138,6,20230930,20240929,renewed,5899.17
6523,138,3,20240204,20250203,renewed,1359.28
6524,138,5,20241013,20251013,grace,733.63
6525,138,2,20241008,20251008,renewed,3998.82
6526,138,1,20241117,20251117,lapsed,4712.35
6527,138,2,20230129,20240129,renewed,3113.74
6528,138,2,20240505,20250505,lapsed,735.28
6529,138,4,20231010,20241009,grace,1149.08
6530,138,1,20230224,20240224,renewed,4321.98
6531,138,4,20240804,20250804,grace,2032.98
6532,138,2,20230701,20240630,renewed,2704.84
6533,138,3,20240318,20250318,renewed,1679.45
6534,138,2,20230131,20240131,lapsed,2617.17
6535,138,6,20230920,20240919,renewed,6302.83
6536,138,2,20241126,20251126,renewed,4359.86
6537,138,4,20230201,20240201,renewed,2265.55
6538,138,3,20240320,20250320,lapsed,782.93
6539,138,5,20230401,20240331,renewed,188.41
6540,138,3,20240828,20250828,renewed,2399.76
6541,138,5,20241028,20251028,renewed,212.84
6542,138,3,20230401,20240331,renewed,2847.43
6543,138,1,20240912,20250912,renewed,2926.45
6544,138,5,20240827,20250827,renewed,103.98
6545,138,2,20231015,20241014,renewed,829.47
6546,138,6,20230110,20240110,renewed,2515.78
6547,138,5,20240315,20250315,renewed,128.91
6548,138,3,20241108,20251108,renewed,2290.3
6549,138,6,20240423,20250423,lapsed,693.08
6550,138,2,20240119,20250118,renewed,3590.96
6551,138,2,20241001,20251001,lapsed,1540.5
6552,138,6,20230218,20240218,lapsed,560.05
6553,138,5,20230825,20240824,grace,843.3
6554,138,4,20240204,20250203,renewed,2001.6
6555,138,6,20230430,20240429,renewed,2200.89
6556,138,4,20231014,20241013,renewed,1590.94
6557,138,2,20241118,20251118,renewed,4742.65
6558,138,2,20230821,20240820,renewed,3832.75
6559,138,6,20230530,20240529,renewed,6398.95
6560,138,3,20230413,20240412,lapsed,1431.84
6561,138,6,20230615,20240614,renewed,4194.26
6562,138,2,20240107,20250106,renewed,1331.14
6563,138,2,20240430,20250430,renewed,1209.74
6564,138,5,20240701,20250701,renewed,1022.77
6565,138,3,20240831,20250831,renewed,662.93
6566,138,6,20240614,20250614,renewed,3284.47
6567,138,5,20230726,20240725,renewed,957.48
6568,138,3,20240330,20250330,lapsed,2843.47
6569,138,2,20230817,20240816,renewed,2960.05
6570,138,5,20240209,20250208,renewed,1158.37
6571,138,6,20231208,20241207,lapsed,5443.0
6572,138,1,20240906,20250906,renewed,604.16
6573,139,3,20240727,20250727,lapsed,619.45
6574,139,3,20230812,20240811,renewed,510.73
6575,139,4,20230803,20240802,lapsed,2650.06
6576,139,2,20240722,20250722,renewed,2661.08
6577,139,4,20230113,20240113,renewed,2586.75
6578,139,6,20241118,20251118,renewed,4734.65
6579,139,4,20240414,20250414,grace,1263.19
6580,139,2,20240423,20250423,lapsed,1505.58
6581,139,6,20240102,20250101,renewed,3016.97
6582,139,3,20240411,20250411,lapsed,1357.06
6583,139,4,20230923,20240922,renewed,306.8
6584,139,6,20240504,20250504,lapsed,7155.74
6585,139,1,20240130,20250129,lapsed,3796.99
6586,139,3,20230901,20240831,renewed,2472.57
6587,139,1,20230331,20240330,grace,3548.57
6588,139,4,20230330,20240329,lapsed,2948.84
6589,139,5,20231113,20241112,renewed,938.46
6590,139,5,20241018,20251018,lapsed,1071.52
6591,139,6,20240924,20250924,renewed,6085.33
6592,139,2,20230125,20240125,renewed,3281.85
6593,139,3,20230101,20240101,renewed,2273.3
6594,139,6,20231118,20241117,renewed,2726.99
6595,139,3,20241108,20251108,renewed,268.12
6596,139,3,20230720,20240719,renewed,2054.8
6597,139,5,20230610,20240609,renewed,467.51
6598,139,1,20231107,20241106,renewed,1747.53
6599,139,6,20230502,20240501,renewed,5831.45
6600,139,3,20240716,20250716,renewed,1460.36
6601,139,5,20241012,20251012,grace,1021.57
6602,139,1,20230324,20240323,lapsed,1400.83
6603,139,2,20240928,20250928,renewed,644.68
6604,139,4,20230514,20240513,renewed,2548.99
6605,139,6,20230529,20240528,renewed,2312.68
6606,139,6,20230501,20240430,lapsed,2332.44
6607,140,2,20240328,20250328,renewed,4854.61
6608,140,5,20231017,20241016,lapsed,893.53
6609,140,3,20240917,20250917,renewed,2283.51
6610,140,5,20230803,20240802,renewed,150.22
6611,140,1,20241110,20251110,renewed,3389.92
6612,140,4,20241027,20251027,lapsed,2159.08
6613,140,1,20240507,20250507,lapsed,423.94
6614,140,4,20230218,20240218,grace,2402.94
6615,140,3,20240905,20250905,renewed,537.39
6616,140,5,20231212,20241211,renewed,616.69
6617,140,5,20230305,20240304,renewed,225.44
6618,140,3,20240727,20250727,renewed,1427.06
6619,140,6,20230612,20240611,renewed,3630.92
6620,140,2,20230210,20240210,lapsed,1050.24
6621,140,3,20240928,20250928,grace,789.83
6622,140,2,20230824,20240823,renewed,1833.54
6623,140,6,20240106,20250105,lapsed,5941.3
6624,140,2,20230710,20240709,renewed,2487.92
6625,140,6,20240414,20250414,renewed,4034.45
6626,140,4,20231223,20241222,renewed,2022.51
6627,140,3,20240629,20250629,lapsed,1374.33
6628,140,1,20230326,20240325,grace,1829.85
6629,140,6,20231127,20241126,renewed,3248.95
6630,140,6,20230409,20240408,renewed,3223.41
6631,140,6,20240506,20250506,renewed,7274.81
6632,140,3,20240301,20250301,renewed,2720.2
6633,140,2,20241024,20251024,renewed,4933.11
6634,140,3,20240102,20250101,renewed,657.14
6635,140,4,20241119,20251119,renewed,1350.46
6636,140,4,20241022,20251022,renewed,804.87
6637,140,4,20230604,20240603,lapsed,2633.95
6638,140,1,20240929,20250929,renewed,799.88
6639,140,3,20230827,20240826,renewed,2618.51
6640,140,6,20240321,20250321,lapsed,1533.41
6641,140,3,20230712,20240711,renewed,2329.94
6642,140,2,20240713,20250713,renewed,1594.4
6643,140,3,20230209,20240209,renewed,2540.59
6644,140,5,20230621,20240620,renewed,495.63
6645,140,6,20231214,20241213,renewed,885.64
6646,140,3,20241006,20251006,renewed,1739.02
6647,141,4,20230909,20240908,lapsed,832.31
6648,141,6,20240727,20250727,lapsed,6898.8
6649,141,6,20230408,20240407,renewed,4022.73
6650,141,3,20240903,20250903,renewed,2658.76
6651,141,3,20230506,20240505,renewed,1865.89
6652,141,3,20240111,20250110,lapsed,351.14
6653,141,3,20240417,20250417,renewed,1518.18
6654,141,5,20240919,20250919,renewed,794.57
6655,141,6,20240915,20250915,renewed,1723.89
6656,141,4,20230812,20240811,lapsed,773.94
6657,141,1,20240416,20250416,lapsed,1524.5
6658,141,4,20240401,20250401,grace,820.86
6659,141,6,20240325,20250325,renewed,4012.16
6660,141,1,20230704,20240703,grace,2297.74
6661,141,4,20240704,20250704,lapsed,2866.28
6662,141,5,20240121,20250120,grace,217.38
6663,141,5,20240820,20250820,renewed,698.1
6664,141,3,20231127,20241126,renewed,840.41
6665,141,6,20230930,20240929,renewed,3843.09
6666,141,5,20241106,20251106,lapsed,1028.91
6667,141,6,20231019,20241018,renewed,3571.26
6668,141,3,20241105,20251105,renewed,2095.72
6669,141,1,20240818,20250818,lapsed,1066.72
6670,141,4,20240731,20250731,grace,1387.74
6671,141,1,20241112,20251112,renewed,2791.92
6672,141,6,20241006,20251006,renewed,2665.15
6673,141,4,20231222,20241221,renewed,1668.76
6674,141,3,20240918,20250918,lapsed,749.06
6675,141,5,20231105,20241104,renewed,954.49
6676,141,5,20231023,20241022,lapsed,512.25
6677,141,4,20240624,20250624,renewed,809.27
6678,141,6,20230303,20240302,renewed,1797.97
6679,141,1,20230317,20240316,renewed,1525.12
6680,141,6,20230703,20240702,lapsed,5221.38
6681,141,3,20241104,20251104,renewed,654.71
6682,141,4,20240709,20250709,renewed,2765.94
6683,141,1,20240612,20250612,lapsed,2145.69
6684,141,2,20230225,20240225,grace,3467.19
6685,141,5,20241112,20251112,renewed,1071.06
6686,141,6,20240116,20250115,lapsed,3178.35
6687,141,1,20230326,20240325,renewed,613.16
6688,141,4,20240317,20250317,lapsed,2950.5
6689,141,4,20241025,20251025,renewed,2587.98
6690,141,4,20230919,20240918,lapsed,2612.02
6691,141,3,20240731,20250731,renewed,1963.57
6692,141,5,20231124,20241123,renewed,1046.07
6693,141,5,20241124,20251124,grace,681.06
6694,141,4,20240707,20250707,lapsed,2035.82
6695,141,3,20241019,20251019,grace,2291.8
6696,141,1,20230912,20240911,grace,2716.73
6697,141,3,20241018,20251018,renewed,2660.86
6698,141,6,20230718,20240717,renewed,2981.75
6699,141,6,20240630,20250630,lapsed,3465.78
6700,142,3,20240627,20250627,renewed,2069.59
6701,142,1,20231230,20241229,lapsed,1916.2
6702,142,6,20230504,20240503,lapsed,1351.99
6703,142,4,20230725,20240724,renewed,1988.46
6704,142,3,20230601,20240531,renewed,474.61
6705,142,2,20231228,20241227,renewed,2837.29
6706,142,5,20230903,20240902,renewed,989.22
6707,142,3,20231002,20241001,renewed,1719.26
6708,142,6,20230415,20240414,renewed,1244.66
6709,142,1,20240314,20250314,lapsed,2669.14
6710,142,2,20231104,20241103,lapsed,3001.6
6711,142,2,20230212,20240212,renewed,2882.45
6712,142,2,20230113,20240113,renewed,4430.51
6713,142,3,20230606,20240605,renewed,2529.51
6714,142,5,20240801,20250801,renewed,656.24
6715,142,3,20230414,20240413,renewed,1965.08
6716,142,5,20230218,20240218,renewed,423.41
6717,142,5,20240621,20250621,lapsed,726.98
6718,142,2,20240103,20250102,renewed,3648.33
6719,142,5,20240127,20250126,renewed,145.7
6720,142,2,20240429,20250429,grace,1824.33
6721,142,5,20241117,20251117,renewed,439.91
6722,142,4,20230308,20240307,renewed,1040.07
6723,142,1,20230710,20240709,renewed,4774.64
6724,142,6,20240630,20250630,lapsed,1456.64
6725,142,1,20241017,20251017,lapsed,885.96
6726,142,6,20240328,20250328,renewed,7775.54
6727,142,6,20240505,20250505,renewed,2930.79
6728,142,2,20230427,20240426,renewed,2364.38
6729,142,3,20240401,20250401,renewed,1689.27
6730,142,4,20230512,20240511,renewed,1961.97
6731,142,2,20230121,20240121,lapsed,3602.63
6732,142,5,20240507,20250507,renewed,219.97
6733,142,2,20240905,20250905,renewed,3017.65
6734,142,5,20240220,20250219,renewed,543.99
6735,142,2,20231223,20241222,renewed,971.42
6736,143,3,20240528,20250528,renewed,2990.95
6737,143,1,20240229,20250228,renewed,3409.2
6738,143,4,20240822,20250822,renewed,768.55
6739,143,4,20231112,20241111,lapsed,2483.69
6740,143,5,20230911,20240910,lapsed,891.77
6741,143,3,20240820,20250820,lapsed,2880.66
6742,143,6,20241003,20251003,renewed,5940.72
6743,143,3,20240917,20250917,renewed,548.96
6744,143,3,20240128,20250127,lapsed,2761.29
6745,143,4,20230805,20240804,renewed,2006.25
6746,143,5,20240205,20250204,renewed,931.46
6747,143,1,20241029,20251029,grace,1834.98
6748,143,4,20240725,20250725,lapsed,679.61
6749,143,6,20241108,20251108,lapsed,7310.15
6750,143,5,20230331,20240330,lapsed,859.59
6751,143,2,20240222,20250221,renewed,4057.37
6752,143,3,20230203,20240203,renewed,975.75
6753,143,2,20230518,20240517,renewed,2131.71
6754,143,3,20240326,20250326,lapsed,934.88
6755,143,3,20240903,20250903,renewed,2671.43
6756,143,2,20240222,20250221,lapsed,4304.65
6757,143,4,20240824,20250824,renewed,1500.7
6758,143,3,20230107,20240107,lapsed,757.25
6759,143,5,20230317,20240316,renewed,831.17
6760,143,6,20240816,20250816,lapsed,1513.27
6761,143,3,20240405,20250405,renewed,1308.59
6762,143,4,20231122,20241121,renewed,1347.52
6763,143,3,20230110,20240110,renewed,784.32
6764,143,5,20230806,20240805,lapsed,950.4
6765,143,3,20230919,20240918,lapsed,1500.32
6766,143,2,20240820,20250820,renewed,431.81
6767,143,6,20241116,20251116,lapsed,3501.84
6768,143,6,20231030,20241029,renewed,4465.65
6769,143,6,20240108,20250107,renewed,5088.82
6770,143,6,20230207,20240207,renewed,3774.28
6771,143,2,20231229,20241228,renewed,4540.19
6772,143,6,20240514,20250514,renewed,739.87
6773,143,6,20241114,20251114,renewed,3634.13
6774,143,3,20230706,20240705,lapsed,2004.62
6775,143,6,20230829,20240828,grace,4867.99
6776,143,6,20240531,20250531,renewed,5441.07
6777,143,1,20240808,20250808,renewed,1192.66
6778,143,5,20230517,20240516,lapsed,672.38
6779,143,1,20230819,20240818,lapsed,1869.09
6780,143,6,20240416,20250416,lapsed,6199.73
6781,143,5,20240413,20250413,grace,581.1
6782,143,1,20230415,20240414,lapsed,4463.09
6783,143,2,20240925,20250925,renewed,1845.52
6784,143,2,20230330,20240329,renewed,3199.5
6785,143,2,20231201,20241130,renewed,886.91
6786,143,5,20240211,20250210,grace,943.2
6787,143,4,20241028,20251028,lapsed,912.31
6788,143,3,20230414,20240413,grace,1025.08
6789,144,4,20240207,20250206,renewed,2070.57
6790,144,5,20230129,20240129,renewed,991.37
6791,144,1,20230227,20240227,grace,3803.62
6792,144,2,20230407,20240406,lapsed,1988.8
6793,144,5,20231015,20241014,renewed,727.3
6794,144,4,20230921,20240920,lapsed,2091.78
6795,144,2,20240506,20250506,renewed,2366.13
6796,144,3,20240606,20250606,renewed,1282.56
6797,144,4,20230122,20240122,renewed,2098.15
6798,144,1,20230612,20240611,renewed,554.65
6799,144,4,20240207,20250206,renewed,2523.87
6800,144,6,20240818,20250818,renewed,3315.33
6801,144,3,20240119,20250118,renewed,523.71
6802,144,5,20230505,20240504,renewed,427.12
6803,144,4,20230118,20240118,renewed,2904.3
6804,144,3,20240702,20250702,renewed,417.24
6805,144,4,20230304,20240303,renewed,2065.12
6806,144,2,20231001,20240930,renewed,539.46
6807,144,2,20240403,20250403,renewed,2479.34
6808,144,1,20240622,20250622,lapsed,939.89
6809,144,5,20240420,20250420,lapsed,535.95
6810,144,5,20231127,20241126,renewed,622.41
6811,144,1,20230605,20240604,renewed,2102.15
6812,144,2,20241026,20251026,renewed,2431.67
6813,144,1,20240819,20250819,lapsed,4842.51
6814,144,5,20240910,20250910,renewed,562.73
6815,144,6,20240703,20250703,renewed,7183.87
6816,144,1,20240821,20250821,renewed,3632.21
6817,144,2,20240307,20250307,renewed,2768.79
6818,144,4,20230825,20240824,renewed,1072.11
6819,144,4,20240706,20250706,renewed,2895.42
6820,144,3,20240222,20250221,renewed,1166.97
6821,144,3,20240623,20250623,lapsed,2141.19
6822,144,2,20240924,20250924,lapsed,2958.48
6823,144,6,20241009,20251009,renewed,7616.95
6824,144,2,20231101,20241031,renewed,3202.87
6825,144,6,20230510,20240509,renewed,6830.81
6826,144,1,20240815,20250815,grace,810.65
6827,144,6,20240928,20250928,renewed,4011.37
6828,144,6,20240125,20250124,renewed,2893.88
6829,144,3,20240314,20250314,renewed,401.27
6830,144,6,20240619,20250619,renewed,3061.91
6831,144,2,20240823,20250823,renewed,3784.01
6832,144,5,20230117,20240117,renewed,893.69
6833,144,2,20230821,20240820,lapsed,2904.77
6834,144,4,20240524,20250524,grace,1389.46
6835,144,3,20230710,20240709,lapsed,1422.66
6836,144,1,20240320,20250320,lapsed,1677.49
6837,144,4,20230210,20240210,renewed,2092.49
6838,144,6,20240205,20250204,renewed,6025.93
6839,144,5,20240309,20250309,grace,531.95
6840,144,6,20230411,20240410,renewed,2115.47
6841,144,2,20230423,20240422,renewed,3371.86
6842,144,4,20230505,20240504,renewed,351.65
6843,144,6,20240514,20250514,renewed,6203.22
6844,144,4,20231002,20241001,renewed,1404.62
6845,144,5,20230607,20240606,renewed,759.01
6846,144,2,20240405,20250405,grace,3257.27
6847,144,3,20231120,20241119,renewed,2781.4
6848,144,4,20240630,20250630,renewed,1764.79
6849,144,3,20240127,20250126,renewed,2277.55
6850,144,3,20230702,20240701,renewed,384.36
6851,144,3,20231231,20241230,renewed,969.1
6852,146,6,20230328,20240327,renewed,728.62
6853,146,6,20240620,20250620,lapsed,2298.28
6854,146,3,20240322,20250322,lapsed,2041.65
6855,146,5,20240405,20250405,renewed,714.06
6856,146,3,20230321,20240320,renewed,1854.52
6857,146,1,20231128,20241127,lapsed,1193.68
6858,146,4,20230402,20240401,lapsed,1426.9
6859,146,1,20231103,20241102,renewed,4473.06
6860,146,6,20240707,20250707,renewed,4469.01
6861,146,3,20240702,20250702,renewed,2926.75
6862,146,1,20230510,20240509,lapsed,3546.21
6863,146,5,20230605,20240604,renewed,237.71
6864,146,6,20231002,20241001,lapsed,6699.61
6865,146,1,20241105,20251105,lapsed,4958.23
6866,146,2,20230222,20240222,grace,3456.86
6867,146,6,20230808,20240807,renewed,4197.22
6868,146,5,20231217,20241216,renewed,886.97
6869,146,5,20241001,20251001,lapsed,741.5
6870,146,4,20231207,20241206,lapsed,463.66
6871,146,1,20231229,20241228,renewed,3005.0
6872,146,2,20230808,20240807,renewed,2935.53
6873,146,6,20241125,20251125,renewed,999.11
6874,146,3,20230924,20240923,lapsed,571.4
6875,146,2,20230731,20240730,lapsed,1633.18
6876,146,6,20230619,20240618,lapsed,2681.12
6877,146,2,20241109,20251109,lapsed,2087.33
6878,146,2,20240905,20250905,lapsed,2348.51
6879,146,1,20241110,20251110,renewed,810.96
6880,146,3,20240614,20250614,renewed,1648.74
6881,146,5,20230212,20240212,lapsed,800.39
6882,146,6,20241109,20251109,renewed,5725.68
6883,146,2,20230109,20240109,renewed,1980.37
6884,146,2,20230601,20240531,lapsed,2059.5
6885,146,2,20240208,20250207,lapsed,4579.19
6886,146,5,20240212,20250211,renewed,1034.89
6887,146,2,20241125,20251125,lapsed,3237.16
6888,146,2,20240611,20250611,lapsed,4210.66
6889,146,4,20240217,20250216,lapsed,567.05
6890,146,6,20231016,20241015,renewed,6236.36
6891,146,2,20230323,20240322,renewed,1972.08
6892,146,5,20230401,20240331,renewed,848.23
6893,146,6,20230405,20240404,renewed,7107.11
6894,146,6,20230221,20240221,renewed,4115.11
6895,146,2,20231023,20241022,renewed,604.03
6896,146,1,20241113,20251113,renewed,3531.95
6897,146,3,20230724,20240723,lapsed,2240.66
6898,146,5,20230508,20240507,lapsed,1122.12
6899,146,5,20240806,20250806,renewed,297.13
6900,146,3,20230501,20240430,renewed,1189.0
6901,146,2,20241124,20251124,lapsed,509.58
6902,146,6,20231215,20241214,lapsed,5728.3
6903,147,4,20240709,20250709,renewed,702.53
6904,147,6,20240316,20250316,renewed,7478.54
6905,147,1,20240121,20250120,lapsed,4479.72
6906,147,1,20240604,20250604,lapsed,952.31
6907,147,5,20240627,20250627,lapsed,193.22
6908,147,1,20240915,20250915,renewed,413.88
6909,147,1,20240819,20250819,lapsed,2061.68
6910,147,3,20241126,20251126,renewed,364.5
6911,147,6,20230705,20240704,renewed,5084.84
6912,147,6,20231010,20241009,renewed,5479.85
6913,147,1,20240930,20250930,renewed,974.85
6914,147,3,20231218,20241217,renewed,2419.4
6915,147,1,20240527,20250527,renewed,1326.12
6916,147,3,20240104,20250103,lapsed,2214.36
6917,147,2,20230924,20240923,lapsed,1259.09
6918,147,1,20241017,20251017,lapsed,3354.19
6919,147,2,20230920,20240919,lapsed,1710.05
6920,147,2,20230117,20240117,lapsed,4578.96
6921,147,3,20230515,20240514,lapsed,429.46
6922,147,2,20230308,20240307,lapsed,503.71
6923,147,6,20240505,20250505,lapsed,7934.89
6924,147,1,20230722,20240721,renewed,1424.0
6925,147,1,20240119,20250118,renewed,4154.12
6926,147,5,20230107,20240107,lapsed,558.79
6927,147,2,20240728,20250728,renewed,2237.49
6928,147,6,20230502,20240501,lapsed,1395.42
6929,147,6,20230715,20240714,renewed,3101.01
6930,147,4,20230306,20240305,lapsed,2149.14
6931,147,5,20230522,20240521,lapsed,199.35
6932,147,6,20240130,20250129,lapsed,5738.95
6933,147,6,20230413,20240412,lapsed,4229.63
6934,147,3,20240805,20250805,lapsed,565.29
6935,147,1,20240309,20250309,grace,2303.96
6936,147,4,20231016,20241015,renewed,1294.02
6937,147,5,20231217,20241216,renewed,1139.81
6938,147,2,20230823,20240822,lapsed,3060.96
6939,147,1,20230720,20240719,renewed,2418.96
6940,147,4,20230429,20240428,lapsed,1207.05
6941,147,1,20231017,20241016,lapsed,2515.01
6942,147,2,20230311,20240310,lapsed,2500.98
6943,147,5,20230110,20240110,lapsed,805.13
6944,147,1,20230929,20240928,grace,2361.0
6945,147,2,20240408,20250408,grace,4471.39
6946,147,1,20230604,20240603,lapsed,4490.56
6947,147,3,20231110,20241109,lapsed,2740.33
6948,147,3,20230124,20240124,renewed,626.85
6949,147,3,20240320,20250320,lapsed,1704.93
6950,148,3,20240711,20250711,lapsed,1609.28
6951,148,5,20240531,20250531,renewed,726.18
6952,148,2,20240511,20250511,renewed,3017.14
6953,148,6,20240706,20250706,lapsed,7520.41
6954,148,2,20230530,20240529,renewed,3217.66
6955,148,5,20240801,20250801,lapsed,154.93
6956,148,4,20231101,20241031,lapsed,2134.21
6957,148,2,20231215,20241214,renewed,1759.9
6958,148,3,20240403,20250403,grace,2218.74
6959,148,4,20241113,20251113,renewed,2018.15
6960,148,2,20230825,20240824,renewed,519.67
6961,148,1,20240703,20250703,grace,1295.92
6962,148,5,20240316,20250316,renewed,588.79
6963,148,5,20230502,20240501,renewed,997.97
6964,148,3,20231025,20241024,renewed,1313.86
6965,148,5,20240308,20250308,renewed,982.51
6966,148,5,20230502,20240501,grace,930.24
6967,148,5,20230309,20240308,renewed,973.26
6968,148,1,20230427,20240426,lapsed,3217.18
6969,148,2,20240120,20250119,renewed,2609.95
6970,148,3,20230520,20240519,grace,2126.61
6971,148,2,20230119,20240119,grace,4352.85
6972,148,5,20230406,20240405,renewed,362.07
6973,148,4,20240507,20250507,renewed,604.53
6974,148,5,20230629,20240628,renewed,608.4
6975,148,4,20230427,20240426,lapsed,557.69
6976,148,4,20230214,20240214,renewed,938.58
6977,148,2,20230322,20240321,grace,4008.72
6978,148,4,20230116,20240116,lapsed,2064.8
6979,148,4,20240510,20250510,lapsed,1449.71
6980,148,2,20230618,20240617,renewed,1486.91
6981,148,2,20240827,20250827,lapsed,585.32
6982,148,3,20240327,20250327,renewed,850.64
6983,148,2,20231220,20241219,lapsed,1908.73
6984,148,1,20240329,20250329,renewed,3140.91
6985,148,2,20240213,20250212,renewed,2158.84
6986,148,3,20240929,20250929,renewed,276.53
6987,148,3,20240717,20250717,renewed,2016.91
6988,148,6,20230310,20240309,lapsed,2257.23
6989,148,1,20240531,20250531,renewed,810.7
6990,148,6,20240820,20250820,renewed,7852.6
6991,148,2,20230505,20240504,renewed,4402.26
6992,148,1,20230205,20240205,renewed,967.31
6993,148,4,20230225,20240225,lapsed,1006.06
6994,148,6,20230526,20240525,renewed,4474.97
6995,148,6,20230125,20240125,renewed,5843.85
6996,148,1,20241104,20251104,renewed,4336.7
6997,148,1,20240715,20250715,renewed,4873.35
6998,148,1,20240426,20250426,renewed,1215.08
6999,148,3,20240102,20250101,renewed,2558.23
7000,148,5,20231231,20241230,renewed,150.81
7001,148,5,20230406,20240405,renewed,525.66
7002,148,5,20230627,20240626,renewed,882.22
7003,148,4,20231029,20241028,renewed,1363.97
7004,148,3,20241112,20251112,renewed,1857.59
7005,148,3,20230313,20240312,lapsed,329.85
7006,148,2,20231228,20241227,renewed,2595.01
7007,148,1,20240717,20250717,renewed,4940.48
7008,148,1,20230115,20240115,renewed,3372.4
7009,148,6,20230724,20240723,renewed,2215.74
7010,148,6,20230712,20240711,renewed,5069.0
7011,148,4,20230712,20240711,renewed,2080.87
7012,149,5,20230831,20240830,renewed,945.45
7013,149,5,20240905,20250905,renewed,1052.66
7014,149,2,20230221,20240221,renewed,1813.87
7015,149,2,20230616,20240615,renewed,2725.03
7016,149,1,20230930,20240929,renewed,2979.26
7017,149,4,20230429,20240428,renewed,446.92
7018,149,1,20240224,20250223,renewed,4485.0
7019,149,5,20230114,20240114,renewed,944.66
7020,149,6,20240426,20250426,renewed,6465.33
7021,149,4,20230427,20240426,renewed,2587.03
7022,149,2,20240215,20250214,renewed,2078.03
7023,149,5,20230916,20240915,renewed,189.02
7024,149,1,20240727,20250727,renewed,866.0
7025,149,5,20230627,20240626,renewed,213.03
7026,149,2,20241007,20251007,renewed,3102.94
7027,149,3,20240528,20250528,renewed,595.17
7028,149,2,20231106,20241105,renewed,3650.72
7029,149,5,20240623,20250623,renewed,854.7
7030,149,3,20240402,20250402,renewed,2868.27
7031,149,3,20231103,20241102,grace,1200.25
7032,149,3,20230901,20240831,renewed,2689.89
7033,149,2,20230420,20240419,renewed,3484.28
7034,149,5,20240509,20250509,lapsed,463.55
7035,149,2,20240504,20250504,renewed,2935.99
7036,150,1,20231201,20241130,lapsed,4450.57
7037,150,1,20230420,20240419,renewed,2969.31
7038,150,4,20230412,20240411,lapsed,282.27
7039,150,4,20230729,20240728,lapsed,2777.49
7040,150,5,20240223,20250222,renewed,800.5
7041,150,6,20230710,20240709,lapsed,550.5
7042,150,5,20231207,20241206,renewed,584.02
7043,150,6,20240601,20250601,renewed,728.0
7044,150,4,20241116,20251116,renewed,626.66
7045,150,6,20240109,20250108,lapsed,5728.24
7046,150,5,20240517,20250517,lapsed,133.03
7047,150,3,20230725,20240724,renewed,744.2
7048,150,1,20240731,20250731,lapsed,3249.53
7049,150,2,20240810,20250810,grace,2567.15
7050,150,4,20241121,20251121,renewed,2222.54
7051,150,6,20230114,20240114,lapsed,2458.03
7052,150,1,20240105,20250104,renewed,3743.77
7053,150,4,20241111,20251111,renewed,2766.21
7054,150,5,20240427,20250427,renewed,692.21
7055,150,2,20240915,20250915,renewed,2341.15
7056,150,1,20230703,20240702,lapsed,4122.59
7057,150,3,20231219,20241218,renewed,809.27
7058,150,3,20230526,20240525,lapsed,1068.56
7059,150,5,20240925,20250925,renewed,983.63
7060,150,4,20241030,20251030,renewed,1210.17
7061,150,1,20231005,20241004,renewed,2987.86
7062,150,1,20230203,20240203,renewed,882.41
7063,150,5,20230504,20240503,renewed,126.0
7064,150,6,20240205,20250204,renewed,4364.36
7065,150,1,20240330,20250330,lapsed,2589.37
7066,150,6,20240106,20250105,renewed,1825.38
7067,150,2,20230819,20240818,lapsed,3947.89
7068,150,3,20240329,20250329,lapsed,2394.33
7069,150,4,20230815,20240814,lapsed,1188.89
7070,150,4,20230816,20240815,lapsed,540.74
7071,150,4,20230306,20240305,renewed,531.34
7072,150,4,20240614,20250614,lapsed,2872.87
7073,150,1,20231019,20241018,renewed,3334.31
7074,150,6,20231211,20241210,renewed,876.12
7075,150,3,20240717,20250717,renewed,1049.48
7076,150,2,20230329,20240328,renewed,3385.47
7077,150,2,20240822,20250822,renewed,2295.43
7078,150,6,20240730,20250730,lapsed,2174.48
7079,150,4,20240209,20250208,renewed,2084.41
7080,150,3,20230308,20240307,lapsed,1938.12
7081,150,4,20240927,20250927,renewed,1051.16
7082,150,1,20240331,20250331,renewed,1057.27
7083,150,4,20241009,20251009,renewed,735.73
7084,150,5,20230401,20240331,lapsed,237.06
7085,150,1,20240627,20250627,renewed,3202.12
7086,150,3,20230809,20240808,lapsed,2487.16
7087,150,4,20240208,20250207,renewed,1387.33
7088,150,5,20240414,20250414,lapsed,245.8
7089,150,5,20240622,20250622,lapsed,355.25
7090,150,1,20231030,20241029,renewed,2543.31
7091,150,4,20240318,20250318,renewed,2451.87
7092,150,6,20230422,20240421,lapsed,1757.13
7093,150,1,20240723,20250723,lapsed,4042.04
7094,150,4,20230326,20240325,renewed,2213.36
7095,150,4,20230830,20240829,renewed,1997.63
7096,150,3,20230718,20240717,lapsed,2386.41
7097,150,3,20241020,20251020,lapsed,351.15
7098,150,3,20241010,20251010,renewed,1489.8
7099,150,5,20240729,20250729,renewed,117.79
7100,150,3,20231015,20241014,lapsed,1217.22
7101,150,4,20230703,20240702,renewed,540.98
7102,150,2,20241114,20251114,renewed,4735.85
7103,150,4,20240705,20250705,lapsed,1778.3
7104,150,2,20240219,20250218,lapsed,4912.71
7105,150,1,20240317,20250317,renewed,1342.24
7106,150,2,20230402,20240401,renewed,1155.99
7107,150,1,20240305,20250305,lapsed,2655.78
7108,151,1,20230123,20240123,renewed,1562.79
7109,151,4,20230103,20240103,renewed,872.7
7110,151,5,20231201,20241130,renewed,769.86
7111,151,2,20230909,20240908,renewed,1757.19
7112,151,4,20241111,20251111,renewed,1269.77
7113,151,4,20231020,20241019,renewed,2991.45
7114,151,4,20231110,20241109,renewed,892.68
7115,151,2,20230201,20240201,lapsed,562.26
7116,151,4,20230412,20240411,grace,1911.98
7117,151,5,20230515,20240514,renewed,767.92
7118,151,6,20230919,20240918,renewed,608.77
7119,151,3,20240205,20250204,renewed,2802.76
7120,151,2,20230424,20240423,lapsed,4199.81
7121,151,5,20231004,20241003,lapsed,579.13
7122,151,5,20230127,20240127,renewed,386.04
7123,151,3,20231209,20241208,renewed,858.73
7124,151,4,20230224,20240224,renewed,783.44
7125,151,4,20231223,20241222,lapsed,805.55
7126,151,3,20240711,20250711,renewed,607.77
7127,151,3,20230430,20240429,renewed,412.62
7128,151,5,20231223,20241222,renewed,747.46
7129,151,4,20240214,20250213,renewed,613.94
7130,151,3,20241015,20251015,renewed,1892.49
7131,151,2,20230102,20240102,renewed,3213.11
7132,151,6,20240519,20250519,renewed,2593.25
7133,151,3,20240107,20250106,renewed,2375.95
7134,151,2,20230511,20240510,renewed,4719.03
7135,152,1,20240829,20250829,lapsed,4017.02
7136,152,5,20240710,20250710,grace,603.94
7137,152,3,20230719,20240718,renewed,1691.6
7138,152,1,20230801,20240731,renewed,3933.69
7139,152,5,20240202,20250201,lapsed,463.86
7140,152,6,20231023,20241022,renewed,1461.91
7141,152,1,20240329,20250329,grace,3178.5
7142,152,1,20230831,20240830,renewed,3405.6
7143,152,6,20231106,20241105,renewed,4901.34
7144,152,3,20231212,20241211,renewed,2972.73
7145,152,5,20240904,20250904,renewed,407.27
7146,152,1,20230429,20240428,renewed,4268.56
7147,152,1,20230101,20240101,lapsed,901.54
7148,152,4,20230425,20240424,renewed,401.34
7149,152,3,20230726,20240725,lapsed,2268.09
7150,152,6,20230905,20240904,renewed,6493.49
7151,152,1,20241016,20251016,renewed,1914.15
7152,152,4,20240126,20250125,lapsed,1631.52
7153,152,3,20240725,20250725,lapsed,1912.84
7154,152,3,20240902,20250902,grace,1796.6
7155,152,4,20230330,20240329,renewed,791.82
7156,152,4,20230109,20240109,lapsed,2665.17
7157,152,6,20230819,20240818,lapsed,2617.54
7158,152,1,20230624,20240623,renewed,3288.11
7159,152,4,20240217,20250216,renewed,322.46
7160,152,6,20231222,20241221,renewed,2799.31
7161,152,3,20230216,20240216,grace,1714.89
7162,152,6,20240409,20250409,renewed,4693.46
7163,152,3,20240219,20250218,renewed,2693.82
7164,152,2,20230402,20240401,lapsed,3514.21
7165,152,4,20230129,20240129,lapsed,901.93
7166,152,1,20240107,20250106,renewed,2266.65
7167,152,2,20231229,20241228,renewed,2923.14
7168,152,3,20240608,20250608,renewed,2526.32
7169,152,2,20240412,20250412,lapsed,2939.62
7170,152,3,20240601,20250601,renewed,2161.01
7171,152,4,20231011,20241010,renewed,2879.26
7172,152,2,20230308,20240307,renewed,4722.34
7173,152,2,20240423,20250423,renewed,3989.13
7174,152,1,20240716,20250716,renewed,3577.19
7175,152,2,20241117,20251117,renewed,4694.44
7176,152,2,20230721,20240720,lapsed,573.13
7177,152,6,20240107,20250106,renewed,3980.77
7178,152,5,20241013,20251013,grace,415.27
7179,152,3,20230602,20240601,lapsed,606.84
7180,152,4,20231125,20241124,renewed,2359.95
7181,152,3,20230517,20240516,renewed,968.99
7182,152,5,20240706,20250706,renewed,425.33
7183,152,3,20230616,20240615,renewed,1726.12
7184,152,4,20240916,20250916,renewed,2584.09
7185,152,5,20230602,20240601,renewed,1005.46
7186,152,1,20231029,20241028,renewed,4655.61
7187,152,4,20230706,20240705,lapsed,2825.21
7188,152,4,20230210,20240210,renewed,1242.67
7189,152,6,20240302,20250302,lapsed,7220.0
7190,152,3,20230326,20240325,lapsed,524.36
7191,152,2,20230125,20240125,renewed,553.86
7192,153,1,20240601,20250601,renewed,3761.14
7193,153,2,20240404,20250404,renewed,3475.15
7194,153,1,20230102,20240102,renewed,2668.84
7195,153,1,20240809,20250809,renewed,3885.06
7196,153,3,20230509,20240508,renewed,563.92
7197,153,1,20230213,20240213,lapsed,823.37
7198,153,2,20241017,20251017,renewed,4039.85
7199,153,4,20230904,20240903,renewed,501.43
7200,153,5,20230111,20240111,renewed,626.31
7201,153,6,20230603,20240602,renewed,3906.88
7202,153,5,20240720,20250720,renewed,695.71
7203,153,2,20240426,20250426,lapsed,4463.63
7204,153,5,20230430,20240429,lapsed,617.82
7205,153,4,20231005,20241004,renewed,1820.92
7206,153,1,20231109,20241108,renewed,3506.44
7207,153,2,20230620,20240619,lapsed,3901.8
7208,153,5,20230713,20240712,grace,1104.38
7209,153,3,20230608,20240607,renewed,1330.8
7210,153,1,20230906,20240905,grace,4070.99
7211,153,5,20240702,20250702,lapsed,814.2
7212,153,2,20230315,20240314,renewed,3131.71
7213,153,6,20230302,20240301,renewed,7732.7
7214,153,5,20240216,20250215,renewed,1028.24
7215,153,3,20230117,20240117,lapsed,1231.99
7216,153,2,20231201,20241130,renewed,1601.43
7217,153,5,20230621,20240620,renewed,450.78
7218,153,5,20230329,20240328,renewed,628.32
7219,153,2,20231106,20241105,renewed,2805.56
7220,153,5,20230820,20240819,lapsed,101.49
7221,153,6,20240624,20250624,lapsed,6342.22
7222,153,2,20240427,20250427,renewed,926.57
7223,153,3,20230503,20240502,renewed,1887.4
7224,153,3,20231018,20241017,lapsed,1922.57
7225,153,6,20240517,20250517,renewed,6031.62
7226,153,4,20230118,20240118,renewed,2046.78
7227,153,4,20240701,20250701,lapsed,592.97
7228,153,5,20240111,20250110,renewed,427.43
7229,153,2,20230824,20240823,lapsed,2826.02
7230,153,6,20241023,20251023,renewed,7786.19
7231,153,1,20230225,20240225,renewed,824.15
7232,153,3,20231128,20241127,renewed,1145.67
7233,153,3,20230129,20240129,renewed,1809.06
7234,153,5,20241009,20251009,renewed,1034.51
7235,153,6,20240512,20250512,lapsed,5910.06
7236,153,6,20240612,20250612,renewed,7349.4
7237,153,1,20230221,20240221,renewed,620.55
7238,153,5,20230212,20240212,renewed,928.58
7239,153,3,20240918,20250918,renewed,1343.19
7240,153,1,20230929,20240928,renewed,4249.15
7241,153,1,20230226,20240226,renewed,3112.03
7242,153,2,20230730,20240729,lapsed,4280.48
7243,154,5,20230523,20240522,renewed,102.69
7244,154,6,20231007,20241006,renewed,4986.78
7245,154,4,20240709,20250709,renewed,800.24
7246,154,4,20241105,20251105,renewed,1370.24
7247,154,6,20230623,20240622,renewed,4235.3
7248,154,3,20240426,20250426,renewed,710.84
7249,154,5,20240322,20250322,renewed,647.16
7250,154,4,20230920,20240919,lapsed,312.49
7251,154,5,20231021,20241020,grace,1050.72
7252,154,3,20230927,20240926,renewed,2852.95
7253,154,2,20231112,20241111,renewed,4637.94
7254,154,3,20230314,20240313,renewed,861.22
7255,154,6,20240615,20250615,renewed,4983.01
7256,154,6,20240822,20250822,renewed,3817.5
7257,154,2,20241004,20251004,renewed,2485.32
7258,154,3,20240317,20250317,lapsed,2177.77
7259,154,2,20240409,20250409,renewed,2539.24
7260,154,4,20231221,20241220,renewed,2505.21
7261,154,3,20230405,20240404,renewed,2681.41
7262,154,5,20230215,20240215,renewed,446.43
7263,154,5,20231124,20241123,renewed,133.07
7264,154,3,20230629,20240628,lapsed,1014.79
7265,154,1,20240212,20250211,lapsed,4469.14
7266,154,3,20231113,20241112,grace,2297.02
7267,154,1,20230630,20240629,lapsed,1205.17
7268,154,5,20230320,20240319,lapsed,231.14
7269,154,5,20241110,20251110,grace,468.82
7270,154,3,20240325,20250325,renewed,2246.62
7271,154,5,20240513,20250513,renewed,919.45
7272,154,2,20241114,20251114,lapsed,1263.08
7273,154,3,20240130,20250129,lapsed,2264.88
7274,154,5,20230619,20240618,renewed,990.96
7275,154,3,20230820,20240819,renewed,1507.51
7276,154,2,20230324,20240323,renewed,4788.18
7277,154,4,20240227,20250226,renewed,419.98
7278,154,1,20240730,20250730,renewed,2864.72
7279,154,6,20240313,20250313,renewed,5820.43
7280,154,3,20230609,20240608,renewed,1267.04
7281,154,1,20240221,20250220,renewed,695.72
7282,154,4,20230610,20240609,renewed,1181.05
7283,154,5,20231022,20241021,renewed,654.67
7284,154,2,20230120,20240120,lapsed,3846.85
7285,154,5,20231020,20241019,lapsed,766.43
7286,154,3,20231123,20241122,renewed,346.03
7287,154,5,20231015,20241014,renewed,570.32
7288,154,4,20230228,20240228,renewed,2082.85
7289,154,6,20240316,20250316,lapsed,598.79
7290,154,1,20230307,20240306,renewed,4682.22
7291,154,4,20230920,20240919,renewed,853.71
7292,154,4,20230412,20240411,renewed,1034.4
7293,154,2,20240710,20250710,renewed,2341.74
7294,154,6,20241012,20251012,renewed,7900.39
7295,154,1,20240601,20250601,renewed,1874.42
7296,154,4,20230919,20240918,renewed,606.76
7297,154,1,20240301,20250301,renewed,3926.69
7298,154,6,20230107,20240107,renewed,3563.65
7299,154,5,20231017,20241016,renewed,950.13
7300,154,6,20240626,20250626,lapsed,6916.83
7301,154,5,20230607,20240606,renewed,1014.99
7302,154,4,20240405,20250405,renewed,2971.62
7303,154,4,20230626,20240625,renewed,1461.92
7304,154,6,20240207,20250206,lapsed,4349.28
7305,154,1,20230920,20240919,lapsed,3521.96
7306,154,6,20230605,20240604,lapsed,3647.64
7307,154,2,20230223,20240223,renewed,3238.34
7308,154,5,20240217,20250216,renewed,615.84
7309,154,1,20230410,20240409,renewed,3513.23
7310,154,2,20240128,20250127,renewed,2910.94
7311,154,1,20230428,20240427,renewed,1610.3
7312,154,5,20240515,20250515,renewed,424.77
7313,154,6,20230812,20240811,lapsed,1749.42
7314,154,2,20240917,20250917,renewed,735.03
7315,155,1,20231027,20241026,grace,2278.3
7316,155,5,20240807,20250807,renewed,878.56
7317,155,3,20240321,20250321,renewed,993.09
7318,155,6,20230121,20240121,lapsed,6332.05
7319,155,4,20240509,20250509,lapsed,2764.64
7320,155,2,20240602,20250602,renewed,473.33
7321,155,1,20230315,20240314,renewed,3499.22
7322,155,2,20240919,20250919,renewed,2504.75
7323,155,4,20230325,20240324,renewed,1956.02
7324,155,6,20240330,20250330,renewed,6697.48
7325,155,3,20230320,20240319,renewed,1002.49
7326,155,3,20230206,20240206,renewed,2031.37
7327,155,5,20240528,20250528,renewed,773.89
7328,155,6,20230413,20240412,grace,5388.89
7329,155,4,20230526,20240525,lapsed,2114.16
7330,155,4,20230811,20240810,renewed,2551.55
7331,155,5,20240630,20250630,renewed,974.32
7332,155,3,20240218,20250217,lapsed,2568.5
7333,155,4,20231001,20240930,renewed,548.89
7334,155,1,20230613,20240612,renewed,3016.48
7335,155,5,20230124,20240124,renewed,513.93
7336,155,1,20240923,20250923,renewed,4865.1
7337,155,4,20241031,20251031,lapsed,1996.17
7338,155,4,20230321,20240320,lapsed,2956.12
7339,156,6,20240927,20250927,renewed,7715.95
7340,156,3,20230323,20240322,renewed,2470.65
7341,156,5,20240508,20250508,renewed,108.18
7342,156,6,20230216,20240216,renewed,7157.14
7343,156,3,20240225,20250224,renewed,2300.76
7344,156,6,20240620,20250620,lapsed,6523.52
7345,156,3,20230728,20240727,renewed,2153.32
7346,156,3,20230208,20240208,lapsed,2358.54
7347,156,5,20230506,20240505,renewed,346.66
7348,156,5,20240601,20250601,renewed,319.16
7349,156,4,20230915,20240914,renewed,834.3
7350,156,5,20240223,20250222,lapsed,1171.87
7351,156,4,20241114,20251114,renewed,1298.4
7352,156,4,20231213,20241212,renewed,2836.64
7353,156,4,20240427,20250427,renewed,1913.29
7354,156,3,20230127,20240127,renewed,845.35
7355,156,1,20230602,20240601,renewed,1270.65
7356,156,6,20240802,20250802,renewed,655.22
7357,156,3,20230222,20240222,renewed,278.08
7358,156,4,20231120,20241119,renewed,362.38
7359,156,1,20241004,20251004,renewed,4268.92
7360,156,4,20240614,20250614,grace,1732.39
7361,156,1,20241004,20251004,renewed,2861.1
7362,156,4,20240522,20250522,grace,1726.12
7363,156,4,20230524,20240523,lapsed,2746.37
7364,156,1,20230619,20240618,renewed,1197.78
7365,156,2,20241003,20251003,grace,1356.36
7366,156,4,20240712,20250712,renewed,1468.05
7367,156,3,20240107,20250106,renewed,426.58
7368,156,1,20230306,20240305,renewed,1672.52
7369,156,5,20241107,20251107,renewed,518.34
7370,156,6,20240322,20250322,renewed,6349.85
7371,156,5,20230811,20240810,lapsed,974.53
7372,156,4,20230916,20240915,renewed,2817.0
7373,156,5,20230515,20240514,lapsed,325.05
7374,156,3,20230920,20240919,lapsed,2595.08
7375,156,2,20240509,20250509,lapsed,1619.93
7376,156,1,20240701,20250701,renewed,1122.92
7377,156,5,20240512,20250512,renewed,263.69
7378,156,1,20230920,20240919,lapsed,2212.65
7379,156,5,20240807,20250807,renewed,321.28
7380,156,1,20231118,20241117,renewed,1862.07
7381,156,1,20231225,20241224,renewed,4877.79
7382,156,5,20241019,20251019,renewed,789.95
7383,156,4,20240119,20250118,renewed,2871.07
7384,156,4,20230525,20240524,renewed,974.05
7385,156,3,20230224,20240224,lapsed,476.06
7386,156,1,20240528,20250528,renewed,4061.82
7387,156,1,20240221,20250220,renewed,4530.72
7388,156,2,20231017,20241016,renewed,2911.9
7389,156,4,20230904,20240903,renewed,511.56
7390,156,1,20240415,20250415,renewed,499.15
7391,156,4,20240307,20250307,renewed,1714.68
7392,156,5,20231116,20241115,lapsed,925.23
7393,156,6,20240414,20250414,renewed,3468.63
7394,156,6,20240801,20250801,renewed,581.76
7395,156,1,20230822,20240821,renewed,2228.37
7396,156,3,20230621,20240620,renewed,1485.09
7397,156,1,20230831,20240830,renewed,1498.16
7398,156,6,20241105,20251105,renewed,3229.9
7399,156,5,20231025,20241024,renewed,871.45
7400,156,2,20240604,20250604,renewed,1048.1
7401,156,4,20240921,20250921,renewed,426.09
7402,156,1,20240407,20250407,renewed,1408.63
7403,156,4,20240123,20250122,renewed,1669.43
7404,156,5,20241013,20251013,renewed,490.38
7405,156,2,20230404,20240403,renewed,4426.53
7406,156,5,20230706,20240705,renewed,662.17
7407,156,2,20230803,20240802,renewed,1112.99
7408,156,5,20240204,20250203,renewed,1162.28
7409,156,3,20240807,20250807,renewed,1051.2
7410,157,6,20230124,20240124,renewed,1729.02
7411,157,3,20240818,20250818,renewed,1076.43
7412,157,2,20231129,20241128,renewed,2407.38
7413,157,2,20231004,20241003,renewed,1906.37
7414,157,3,20231201,20241130,renewed,925.51
7415,157,3,20240825,20250825,renewed,1637.28
7416,157,2,20241124,20251124,lapsed,3058.34
7417,157,4,20240225,20250224,renewed,678.8
7418,157,6,20230512,20240511,renewed,2851.99
7419,157,6,20240803,20250803,renewed,6634.73
7420,157,1,20230902,20240901,renewed,4550.9
7421,157,3,20230717,20240716,renewed,1208.7
7422,157,6,20230428,20240427,renewed,771.48
7423,157,1,20240219,20250218,renewed,2766.43
7424,157,2,20230328,20240327,renewed,4056.2
7425,157,5,20240902,20250902,renewed,1113.63
7426,157,6,20230630,20240629,renewed,3804.28
7427,157,3,20241007,20251007,renewed,915.34
7428,157,1,20230717,20240716,renewed,2296.53
7429,157,4,20240830,20250830,lapsed,2020.93
7430,157,5,20231002,20241001,renewed,156.89
7431,157,2,20230422,20240421,grace,2527.0
7432,157,6,20230314,20240313,renewed,1064.21
7433,157,6,20230914,20240913,renewed,3174.17
7434,157,5,20230330,20240329,renewed,296.75
7435,157,3,20240720,20250720,grace,1608.33
7436,157,3,20230806,20240805,renewed,1697.52
7437,157,5,20240108,20250107,grace,407.85
7438,157,6,20231218,20241217,renewed,2057.89
7439,157,6,20240702,20250702,renewed,5421.21
7440,157,5,20231127,20241126,grace,115.88
7441,157,4,20240606,20250606,renewed,1069.1
7442,157,6,20230223,20240223,renewed,841.58
7443,157,1,20240131,20250130,renewed,565.01
7444,157,1,20240812,20250812,renewed,444.71
7445,157,3,20230816,20240815,grace,1176.08
7446,157,3,20230221,20240221,renewed,2194.49
7447,157,2,20231217,20241216,renewed,4952.57
7448,157,3,20231203,20241202,renewed,1230.64
7449,157,2,20241105,20251105,renewed,4894.33
7450,157,3,20231113,20241112,renewed,2661.39
7451,157,3,20240604,20250604,renewed,1619.63
7452,157,2,20230702,20240701,renewed,2689.61
7453,157,1,20230823,20240822,renewed,1191.02
7454,157,2,20231010,20241009,renewed,792.91
7455,157,4,20240921,20250921,renewed,418.83
7456,157,6,20230130,20240130,renewed,716.43
7457,157,4,20231002,20241001,renewed,884.18
7458,157,1,20240305,20250305,renewed,1993.34
7459,157,6,20240829,20250829,renewed,7683.51
7460,157,3,20230110,20240110,lapsed,2752.67
7461,157,5,20240723,20250723,lapsed,339.28
7462,157,6,20240521,20250521,renewed,7667.14
7463,157,4,20230827,20240826,renewed,1975.2
7464,157,2,20230726,20240725,renewed,4104.52
7465,157,5,20240908,20250908,renewed,951.13
7466,157,3,20231129,20241128,renewed,2374.47
7467,157,2,20240929,20250929,renewed,2830.1
7468,157,1,20240521,20250521,renewed,2266.62
7469,157,4,20240325,20250325,renewed,1991.48
7470,157,3,20241030,20251030,renewed,1872.98
7471,157,4,20240315,20250315,renewed,1470.54
7472,157,4,20231010,20241009,renewed,2867.46
7473,157,3,20241012,20251012,lapsed,2324.08
7474,157,2,20240205,20250204,renewed,2799.4
7475,158,4,20230414,20240413,renewed,2158.05
7476,158,1,20230912,20240911,renewed,2978.24
7477,158,3,20230317,20240316,renewed,341.84
7478,158,6,20241120,20251120,lapsed,5360.18
7479,158,1,20230204,20240204,lapsed,4113.43
7480,158,5,20240907,20250907,renewed,348.94
7481,158,4,20230809,20240808,grace,1350.02
7482,158,1,20230701,20240630,renewed,2142.36
7483,158,3,20241026,20251026,renewed,2701.5
7484,158,1,20230512,20240511,renewed,2196.37
7485,158,3,20241120,20251120,lapsed,1188.0
7486,158,4,20240212,20250211,renewed,1555.52
7487,158,5,20240326,20250326,renewed,566.62
7488,158,2,20241112,20251112,grace,3595.02
7489,158,2,20231017,20241016,renewed,4931.31
7490,158,6,20240809,20250809,renewed,4177.86
7491,158,5,20230316,20240315,lapsed,1132.18
7492,158,3,20241002,20251002,renewed,2213.48
7493,158,5,20240719,20250719,grace,538.21
7494,158,6,20241109,20251109,renewed,3906.26
7495,158,6,20230710,20240709,renewed,4109.94
7496,158,5,20240809,20250809,renewed,784.21
7497,158,2,20240914,20250914,lapsed,1430.09
7498,158,5,20230523,20240522,renewed,112.68
7499,158,5,20230215,20240215,renewed,327.51
7500,158,5,20240420,20250420,renewed,425.12
7501,158,5,20240202,20250201,renewed,1121.73
7502,158,5,20241023,20251023,renewed,699.89
7503,158,1,20230816,20240815,renewed,994.36
7504,158,4,20230801,20240731,lapsed,2206.86
7505,158,2,20240426,20250426,renewed,2162.95
7506,158,4,20240907,20250907,renewed,2511.84
7507,158,2,20231221,20241220,renewed,3543.88
7508,158,6,20230718,20240717,renewed,7320.44
7509,158,4,20231118,20241117,lapsed,884.13
7510,158,2,20240416,20250416,lapsed,3827.29
7511,158,5,20231026,20241025,renewed,453.08
7512,158,5,20240420,20250420,renewed,213.28
7513,158,2,20230525,20240524,renewed,3688.86
7514,158,3,20240808,20250808,renewed,2363.76
7515,158,3,20240116,20250115,renewed,2470.48
7516,158,3,20230327,20240326,renewed,892.52
7517,158,1,20230103,20240103,renewed,3928.22
7518,158,3,20240821,20250821,renewed,2946.52
7519,158,2,20230601,20240531,renewed,4000.89
7520,158,4,20230802,20240801,renewed,2587.08
7521,158,3,20240527,20250527,lapsed,1655.51
7522,158,4,20240105,20250104,renewed,2454.38
7523,158,2,20230710,20240709,renewed,4115.1
7524,158,6,20230909,20240908,grace,7984.25
7525,158,1,20231107,20241106,renewed,1783.66
7526,158,4,20230608,20240607,renewed,2047.31
7527,158,6,20230404,20240403,renewed,1541.81
7528,158,2,20240902,20250902,renewed,2089.23
7529,160,1,20240124,20250123,renewed,2840.09
7530,160,2,20230625,20240624,grace,3306.73
7531,160,4,20240426,20250426,renewed,2583.14
7532,160,4,20241010,20251010,renewed,2774.92
7533,160,4,20230422,20240421,lapsed,1783.55
7534,160,2,20240628,20250628,renewed,4525.77
7535,160,4,20240906,20250906,renewed,2453.34
7536,160,2,20240928,20250928,lapsed,4816.68
7537,160,3,20230315,20240314,renewed,844.87
7538,160,2,20240625,20250625,grace,2432.04
7539,160,3,20240618,20250618,renewed,2852.44
7540,160,1,20240203,20250202,renewed,2366.22
7541,160,6,20230430,20240429,renewed,2075.05
7542,160,2,20230519,20240518,lapsed,3358.76
7543,160,4,20230916,20240915,renewed,446.8
7544,160,1,20231112,20241111,renewed,1968.59
7545,160,2,20240916,20250916,renewed,2504.29
7546,160,2,20230123,20240123,renewed,1239.63
7547,160,4,20230624,20240623,renewed,567.01
7548,160,2,20230105,20240105,lapsed,2130.98
7549,160,1,20240219,20250218,lapsed,586.24
7550,160,4,20240426,20250426,grace,1770.24
7551,160,2,20230818,20240817,renewed,4084.14
7552,160,4,20230725,20240724,renewed,397.39
7553,160,6,20231227,20241226,lapsed,7451.93
7554,160,2,20240218,20250217,renewed,4939.15
7555,160,6,20240505,20250505,lapsed,1389.28
7556,160,3,20240621,20250621,renewed,1041.06
7557,160,5,20230730,20240729,renewed,1057.91
7558,160,3,20240527,20250527,grace,2034.05
7559,160,6,20240212,20250211,renewed,2250.26
7560,160,6,20241110,20251110,renewed,3694.89
7561,160,5,20230803,20240802,renewed,1057.78
7562,160,5,20230816,20240815,renewed,570.58
7563,160,6,20230828,20240827,grace,6845.74
7564,160,3,20230428,20240427,lapsed,492.34
7565,160,3,20240122,20250121,grace,1914.47
7566,160,6,20240617,20250617,lapsed,2946.6
7567,160,1,20240803,20250803,renewed,3310.83
7568,160,6,20240806,20250806,renewed,4723.59
7569,160,4,20240626,20250626,renewed,284.03
7570,160,5,20240901,20250901,renewed,996.99
7571,160,1,20241102,20251102,renewed,2109.64
7572,160,6,20230813,20240812,renewed,3907.31
7573,160,4,20240905,20250905,renewed,1354.6
7574,160,5,20240813,20250813,renewed,937.56
7575,160,1,20231215,20241214,lapsed,971.19
7576,160,6,20230328,20240327,renewed,3423.85
7577,160,5,20240902,20250902,grace,955.2
7578,160,5,20230305,20240304,renewed,937.69
7579,160,6,20230112,20240112,renewed,2373.58
7580,160,6,20240409,20250409,lapsed,2727.33
7581,160,3,20240508,20250508,renewed,315.76
7582,160,5,20240430,20250430,lapsed,161.66
7583,160,1,20231101,20241031,renewed,2746.02
7584,160,1,20230210,20240210,renewed,1480.98
7585,160,6,20230626,20240625,renewed,2709.47
7586,160,6,20230902,20240901,renewed,3897.2
7587,160,6,20230213,20240213,renewed,4231.76
7588,160,6,20230723,20240722,renewed,7161.59
7589,160,6,20240124,20250123,lapsed,514.83
7590,160,3,20241028,20251028,renewed,2228.9
7591,160,1,20231023,20241022,renewed,2247.9
7592,160,1,20230925,20240924,renewed,4388.29
7593,160,4,20240803,20250803,renewed,2174.44
7594,160,2,20230216,20240216,lapsed,4786.05
7595,160,6,20240501,20250501,renewed,5680.97
7596,160,6,20241002,20251002,renewed,3999.6
7597,160,6,20231108,20241107,lapsed,5445.85
7598,160,4,20240428,20250428,renewed,2136.15
7599,161,3,20240210,20250209,renewed,2749.96
7600,161,2,20230314,20240313,renewed,3211.51
7601,161,4,20241117,20251117,renewed,1804.47
7602,161,2,20230122,20240122,renewed,642.12
7603,161,5,20230208,20240208,renewed,1155.03
7604,161,3,20240916,20250916,renewed,1189.13
7605,161,3,20230529,20240528,renewed,582.73
7606,161,2,20231110,20241109,renewed,3115.86
7607,161,1,20230925,20240924,lapsed,1947.36
7608,161,6,20240307,20250307,renewed,4300.5
7609,161,5,20231101,20241031,renewed,288.97
7610,161,6,20241119,20251119,renewed,2367.53
7611,161,5,20240807,20250807,renewed,958.65
7612,161,2,20231110,20241109,renewed,3535.22
7613,161,1,20230425,20240424,renewed,3877.09
7614,161,6,20240806,20250806,grace,4364.66
7615,161,6,20240612,20250612,renewed,5085.94
7616,161,6,20230314,20240313,renewed,1631.13
7617,161,3,20230713,20240712,renewed,796.54
7618,161,1,20230612,20240611,renewed,2916.13
7619,161,3,20240523,20250523,renewed,1492.45
7620,161,3,20230430,20240429,renewed,2422.58
7621,161,6,20240228,20250227,grace,1239.9
7622,161,5,20241121,20251121,renewed,515.92
7623,161,2,20231202,20241201,renewed,2925.31
7624,161,5,20240729,20250729,renewed,810.57
7625,161,1,20230628,20240627,renewed,450.8
7626,161,1,20240225,20250224,grace,4284.46
7627,161,5,20241022,20251022,renewed,915.2
7628,162,5,20240726,20250726,grace,960.36
7629,162,5,20240611,20250611,renewed,973.27
7630,162,6,20240112,20250111,renewed,1977.57
7631,162,1,20240507,20250507,renewed,3194.22
7632,162,2,20230418,20240417,renewed,1792.92
7633,162,3,20230620,20240619,lapsed,317.2
7634,162,4,20231015,20241014,lapsed,404.3
7635,162,4,20241106,20251106,renewed,609.36
7636,162,6,20240520,20250520,renewed,3895.19
7637,162,2,20241117,20251117,renewed,470.37
7638,162,2,20230201,20240201,renewed,1266.03
7639,162,2,20230421,20240420,renewed,1317.03
7640,162,5,20240104,20250103,renewed,438.51
7641,162,4,20240917,20250917,renewed,2360.7
7642,162,4,20241103,20251103,renewed,843.26
7643,162,4,20240504,20250504,renewed,2986.12
7644,162,6,20240315,20250315,grace,778.95
7645,162,2,20230809,20240808,renewed,2356.33
7646,162,6,20230105,20240105,renewed,1959.18
7647,162,6,20240916,20250916,renewed,6288.41
7648,162,5,20230504,20240503,renewed,979.59
7649,162,2,20241118,20251118,renewed,2026.34
7650,162,2,20230206,20240206,lapsed,2560.91
7651,162,1,20241013,20251013,renewed,2210.99
7652,162,1,20230827,20240826,renewed,2852.82
7653,162,4,20240611,20250611,renewed,2575.21
7654,162,1,20240626,20250626,renewed,2798.25
7655,162,3,20240119,20250118,grace,1608.79
7656,162,3,20241009,20251009,grace,2479.94
7657,162,6,20230923,20240922,grace,4444.47
7658,162,1,20230413,20240412,lapsed,3111.74
7659,162,6,20230803,20240802,lapsed,3406.5
7660,162,4,20241018,20251018,renewed,1473.89
7661,162,1,20240608,20250608,renewed,4968.16
7662,162,6,20231226,20241225,grace,6322.46
7663,162,4,20240919,20250919,renewed,2775.9
7664,162,4,20230419,20240418,renewed,715.36
7665,162,3,20240905,20250905,renewed,797.88
7666,162,4,20241002,20251002,renewed,2321.7
7667,162,3,20240503,20250503,lapsed,1731.67
7668,162,4,20240329,20250329,renewed,255.87
7669,162,3,20230425,20240424,renewed,2681.82
7670,162,1,20230205,20240205,renewed,2279.52
7671,162,1,20230518,20240517,renewed,1174.04
7672,162,5,20240417,20250417,renewed,1051.01
7673,162,5,20240224,20250223,renewed,337.88
7674,162,4,20230215,20240215,lapsed,544.84
7675,162,5,20231214,20241213,grace,166.76
7676,162,1,20240220,20250219,renewed,2111.39
7677,162,3,20230901,20240831,renewed,2722.47
7678,162,5,20231110,20241109,renewed,388.42
7679,162,1,20230827,20240826,renewed,711.49
7680,162,3,20230101,20240101,lapsed,839.27
7681,162,1,20231231,20241230,grace,662.99
7682,162,6,20231225,20241224,lapsed,5746.68
7683,162,5,20240329,20250329,lapsed,677.22
7684,162,5,20240519,20250519,renewed,487.26
7685,162,2,20240627,20250627,lapsed,4920.71
7686,162,2,20240806,20250806,renewed,3836.37
7687,162,2,20240816,20250816,lapsed,4539.19
7688,162,5,20230623,20240622,renewed,411.65
7689,162,2,20230214,20240214,renewed,2212.75
7690,162,2,20231010,20241009,renewed,2801.52
7691,162,6,20240316,20250316,lapsed,1239.41
7692,162,6,20230417,20240416,lapsed,5004.46
7693,163,2,20240323,20250323,lapsed,750.93
7694,163,5,20231229,20241228,lapsed,535.8
7695,163,1,20230813,20240812,lapsed,3654.67
7696,163,2,20240322,20250322,renewed,1994.65
7697,163,5,20240928,20250928,renewed,877.89
7698,163,6,20240428,20250428,renewed,3244.08
7699,163,3,20230704,20240703,renewed,971.86
7700,163,4,20240524,20250524,renewed,2284.44
7701,163,6,20240919,20250919,lapsed,5647.52
7702,163,2,20240604,20250604,lapsed,1122.97
7703,163,1,20240523,20250523,lapsed,1003.3
7704,163,3,20240731,20250731,renewed,2577.87
7705,163,5,20240302,20250302,renewed,1175.38
7706,163,2,20231006,20241005,lapsed,775.91
7707,163,1,20240824,20250824,renewed,4721.14
7708,163,2,20240617,20250617,renewed,2368.09
7709,163,2,20230203,20240203,renewed,2279.01
7710,163,2,20230403,20240402,lapsed,4833.24
7711,163,2,20240629,20250629,lapsed,4953.91
7712,163,3,20240608,20250608,renewed,1075.57
7713,163,6,20240605,20250605,renewed,1578.22
7714,163,3,20240215,20250214,renewed,1428.9
7715,163,6,20241103,20251103,lapsed,4238.81
7716,163,5,20230222,20240222,lapsed,435.09
7717,163,4,20231104,20241103,renewed,2726.14
7718,163,1,20230201,20240201,renewed,706.12
7719,163,5,20230524,20240523,renewed,626.18
7720,163,2,20240614,20250614,lapsed,3834.78
7721,163,6,20240414,20250414,renewed,881.7
7722,163,5,20240913,20250913,renewed,513.62
7723,163,6,20230227,20240227,renewed,1799.32
7724,163,1,20231203,20241202,renewed,904.99
7725,163,1,20230613,20240612,renewed,2125.85
7726,163,4,20231120,20241119,grace,2044.48
7727,163,6,20240626,20250626,renewed,3938.4
7728,163,3,20240427,20250427,renewed,2366.11
7729,163,4,20240915,20250915,lapsed,2529.32
7730,163,3,20231018,20241017,renewed,787.57
7731,163,3,20230926,20240925,renewed,2325.85
7732,163,3,20230824,20240823,renewed,1272.42
7733,163,2,20231116,20241115,lapsed,3660.12
7734,163,4,20240801,20250801,lapsed,1967.83
7735,163,5,20240824,20250824,renewed,745.08
7736,163,1,20231022,20241021,grace,3152.28
7737,163,6,20230102,20240102,renewed,1210.42
7738,163,2,20240405,20250405,renewed,2011.09
7739,163,2,20230427,20240426,renewed,3916.59
7740,163,3,20230518,20240517,lapsed,2061.59
7741,163,5,20230302,20240301,renewed,595.0
7742,163,2,20240115,20250114,lapsed,2286.41
7743,163,6,20230224,20240224,lapsed,5851.78
7744,163,5,20240716,20250716,lapsed,917.78
7745,163,2,20241111,20251111,renewed,4549.07
7746,163,4,20240531,20250531,lapsed,2691.82
7747,163,4,20230713,20240712,renewed,1054.03
7748,163,4,20230905,20240904,renewed,2942.78
7749,163,6,20231125,20241124,renewed,4386.02
7750,163,4,20230430,20240429,renewed,2855.67
7751,163,4,20240421,20250421,lapsed,361.4
7752,163,1,20230711,20240710,lapsed,2041.07
7753,163,3,20230828,20240827,renewed,2092.68
7754,163,2,20240929,20250929,renewed,3895.16
7755,163,1,20240225,20250224,renewed,1254.06
7756,163,3,20240324,20250324,renewed,2813.59
7757,163,2,20230512,20240511,grace,4742.83
7758,163,4,20231211,20241210,renewed,1864.46
7759,163,5,20231221,20241220,renewed,403.95
7760,163,3,20230710,20240709,lapsed,2477.4
7761,163,4,20230531,20240530,renewed,879.79
7762,163,3,20240517,20250517,lapsed,2704.15
7763,163,3,20240625,20250625,renewed,583.78
7764,163,6,20241007,20251007,renewed,1252.49
7765,163,3,20240125,20250124,renewed,2986.76
7766,163,5,20230121,20240121,renewed,313.93
7767,163,3,20240311,20250311,renewed,2645.69
7768,163,2,20230228,20240228,renewed,1931.24
7769,163,5,20230823,20240822,lapsed,938.55
7770,164,6,20240530,20250530,lapsed,1776.25
7771,164,5,20231031,20241030,renewed,1164.18
7772,164,6,20240530,20250530,lapsed,3624.71
7773,164,6,20230330,20240329,renewed,4824.69
7774,164,2,20240927,20250927,grace,1182.24
7775,164,5,20240110,20250109,renewed,434.01
7776,164,2,20230112,20240112,renewed,2230.07
7777,164,5,20230808,20240807,renewed,323.76
7778,164,1,20240526,20250526,lapsed,4069.03
7779,164,2,20240508,20250508,renewed,2641.84
7780,164,2,20241113,20251113,renewed,3750.76
7781,164,1,20230417,20240416,renewed,4345.88
7782,164,4,20230404,20240403,lapsed,2107.24
7783,164,3,20230317,20240316,renewed,2194.06
7784,164,3,20231124,20241123,renewed,2061.58
7785,164,1,20230825,20240824,renewed,1677.69
7786,164,4,20240126,20250125,renewed,630.59
7787,164,3,20230902,20240901,renewed,2288.82
7788,164,2,20241106,20251106,renewed,4302.23
7789,164,3,20230708,20240707,renewed,1917.1
7790,164,1,20240415,20250415,renewed,3236.76
7791,164,3,20230824,20240823,renewed,1376.73
7792,164,5,20230410,20240409,renewed,629.94
7793,164,5,20240520,20250520,renewed,238.82
7794,164,2,20240130,20250129,renewed,2663.83
7795,164,2,20230504,20240503,renewed,665.67
7796,164,3,20241119,20251119,lapsed,1986.11
7797,164,4,20240312,20250312,lapsed,841.78
7798,164,3,20240926,20250926,lapsed,759.63
7799,164,2,20240301,20250301,lapsed,4073.17
7800,164,5,20230923,20240922,renewed,926.68
7801,164,3,20230214,20240214,renewed,2982.43
7802,164,3,20230919,20240918,renewed,2175.82
7803,164,3,20231227,20241226,renewed,1846.07
7804,164,1,20230304,20240303,renewed,998.07
7805,164,5,20240229,20250228,renewed,677.18
7806,164,1,20240108,20250107,lapsed,1525.98
7807,164,6,20230907,20240906,grace,7866.35
7808,164,6,20230929,20240928,renewed,7146.0
7809,164,5,20230701,20240630,renewed,146.29
7810,164,5,20230120,20240120,renewed,187.4
7811,164,3,20240224,20250223,renewed,2248.04
7812,164,2,20240301,20250301,grace,4006.18
7813,164,6,20230624,20240623,renewed,6399.32
7814,164,1,20230819,20240818,renewed,3013.39
7815,164,5,20240903,20250903,lapsed,1043.31
7816,165,3,20230204,20240204,renewed,2744.4
7817,165,5,20230506,20240505,grace,731.09
7818,165,4,20230305,20240304,lapsed,2265.67
7819,165,2,20240124,20250123,renewed,4716.34
7820,165,2,20240813,20250813,renewed,1267.16
7821,165,4,20240313,20250313,renewed,1549.47
7822,165,5,20230429,20240428,renewed,355.18
7823,165,1,20230630,20240629,lapsed,1698.17
7824,165,4,20230324,20240323,grace,1161.43
7825,165,5,20230814,20240813,grace,889.75
7826,165,4,20240428,20250428,grace,1003.35
7827,165,3,20240727,20250727,renewed,2077.89
7828,165,3,20231203,20241202,renewed,2238.23
7829,165,2,20240611,20250611,renewed,3377.44
7830,165,3,20240405,20250405,renewed,1820.27
7831,165,2,20230604,20240603,renewed,2916.41
7832,165,5,20230530,20240529,renewed,558.51
7833,165,2,20230328,20240327,renewed,859.25
7834,165,3,20240303,20250303,grace,2604.52
7835,165,6,20230310,20240309,renewed,1783.2
7836,165,1,20240704,20250704,renewed,3043.17
7837,165,4,20231128,20241127,lapsed,1105.09
7838,165,3,20241106,20251106,renewed,2684.29
7839,165,2,20241031,20251031,renewed,4661.94
7840,165,3,20240409,20250409,renewed,2016.96
7841,165,6,20230415,20240414,lapsed,1201.72
7842,165,1,20230625,20240624,renewed,509.78
7843,165,4,20240605,20250605,renewed,2999.31
7844,165,6,20241012,20251012,lapsed,2733.76
7845,165,6,20240406,20250406,lapsed,3432.42
7846,165,4,20230515,20240514,renewed,2638.0
7847,165,3,20240117,20250116,renewed,1530.43
7848,165,4,20241019,20251019,renewed,2955.33
7849,165,4,20230404,20240403,renewed,2797.94
7850,165,2,20240503,20250503,renewed,3394.86
7851,165,6,20230606,20240605,renewed,4514.48
7852,165,1,20230427,20240426,renewed,4505.49
7853,165,1,20230712,20240711,renewed,492.18
7854,165,6,20231206,20241205,lapsed,3435.45
7855,165,2,20230930,20240929,renewed,2433.01
7856,165,3,20230718,20240717,grace,1296.0
7857,165,2,20240712,20250712,lapsed,3434.1
7858,165,5,20240923,20250923,renewed,1007.71
7859,165,3,20240822,20250822,renewed,1111.65
7860,165,1,20241006,20251006,renewed,413.8
7861,165,4,20240501,20250501,grace,2610.33
7862,165,3,20241008,20251008,renewed,1054.15
7863,165,1,20230810,20240809,lapsed,4515.17
7864,165,6,20231017,20241016,renewed,5071.27
7865,165,1,20240621,20250621,renewed,3276.03
7866,165,3,20230615,20240614,lapsed,410.74
7867,165,3,20231125,20241124,lapsed,2725.17
7868,165,1,20240909,20250909,renewed,3536.77
7869,165,4,20230311,20240310,renewed,1114.63
7870,165,2,20230316,20240315,renewed,1896.92
7871,165,2,20240409,20250409,renewed,3671.77
7872,165,4,20240818,20250818,renewed,2057.27
7873,165,3,20240221,20250220,lapsed,2938.95
7874,165,6,20230626,20240625,lapsed,5812.08
7875,165,3,20230111,20240111,lapsed,2456.05
7876,165,3,20240511,20250511,renewed,1724.45
7877,165,6,20240213,20250212,renewed,4028.64
7878,166,1,20240105,20250104,renewed,702.28
7879,166,6,20230601,20240531,grace,5750.85
7880,166,5,20230206,20240206,lapsed,191.22
7881,166,6,20231124,20241123,renewed,2734.07
7882,166,4,20230317,20240316,renewed,2112.42
7883,166,6,20231112,20241111,renewed,6058.82
7884,166,4,20230427,20240426,renewed,492.51
7885,166,5,20231104,20241103,renewed,900.16
7886,166,6,20231231,20241230,renewed,4593.97
7887,166,4,20230822,20240821,renewed,2952.63
7888,166,1,20230129,20240129,lapsed,578.87
7889,166,2,20230611,20240610,renewed,1746.08
7890,166,3,20240107,20250106,renewed,2979.03
7891,166,4,20240826,20250826,renewed,2631.04
7892,166,1,20230627,20240626,renewed,1526.71
7893,166,3,20230614,20240613,lapsed,1084.82
7894,166,3,20240519,20250519,renewed,1992.99
7895,166,4,20230426,20240425,renewed,1717.56
7896,166,4,20240618,20250618,renewed,1826.7
7897,166,3,20230313,20240312,renewed,517.89
7898,167,6,20231130,20241129,lapsed,1541.05
7899,167,1,20230520,20240519,lapsed,1126.84
7900,167,3,20240918,20250918,lapsed,331.21
7901,167,1,20231208,20241207,renewed,1361.66
7902,167,2,20230311,20240310,lapsed,3190.52
7903,167,5,20240920,20250920,renewed,882.5
7904,167,5,20231116,20241115,renewed,317.39
7905,167,4,20230826,20240825,renewed,965.31
7906,167,4,20230602,20240601,renewed,573.15
7907,167,4,20240629,20250629,renewed,2633.98
7908,167,2,20240516,20250516,renewed,1644.12
7909,167,3,20231223,20241222,lapsed,996.48
7910,167,2,20230201,20240201,renewed,558.31
7911,167,4,20230204,20240204,renewed,1351.76
7912,167,4,20231228,20241227,lapsed,362.41
7913,167,4,20230912,20240911,lapsed,915.51
7914,167,2,20230515,20240514,lapsed,2110.24
7915,167,4,20230410,20240409,renewed,471.35
7916,167,1,20240212,20250211,renewed,2966.31
7917,167,3,20230828,20240827,grace,962.91
7918,167,2,20230105,20240105,renewed,1420.12
7919,167,2,20230804,20240803,lapsed,4943.02
7920,167,5,20240731,20250731,renewed,984.15
7921,167,5,20230506,20240505,renewed,469.22
7922,167,2,20240629,20250629,grace,2989.39
7923,167,5,20240606,20250606,renewed,1040.1
7924,167,3,20240807,20250807,grace,1832.28
7925,167,3,20240524,20250524,renewed,704.28
7926,167,4,20230222,20240222,lapsed,1173.27
7927,167,1,20231118,20241117,renewed,4315.28
7928,167,2,20240110,20250109,renewed,1517.18
7929,167,6,20230409,20240408,grace,7778.99
7930,167,5,20230106,20240106,renewed,173.59
7931,167,5,20230510,20240509,lapsed,900.71
7932,167,6,20230304,20240303,renewed,708.06
7933,167,4,20240407,20250407,renewed,1175.5
7934,167,2,20240228,20250227,lapsed,4668.86
7935,167,1,20240520,20250520,lapsed,3772.66
7936,167,3,20240928,20250928,renewed,1561.3
7937,167,5,20230108,20240108,renewed,187.6
7938,167,4,20240221,20250220,renewed,1002.67
7939,167,4,20231001,20240930,renewed,1491.19
7940,167,5,20231211,20241210,lapsed,463.49
7941,167,4,20230218,20240218,renewed,2482.11
7942,167,2,20230106,20240106,renewed,3837.9
7943,167,4,20240414,20250414,lapsed,759.22
7944,167,2,20230731,20240730,renewed,2067.17
7945,167,1,20230310,20240309,lapsed,3701.52
7946,167,1,20230522,20240521,renewed,2858.99
7947,167,6,20240706,20250706,grace,3535.57
7948,167,2,20241003,20251003,lapsed,2707.62
7949,167,4,20231014,20241013,renewed,2587.77
7950,167,6,20230208,20240208,renewed,940.69
7951,167,6,20230621,20240620,renewed,4921.83
7952,167,2,20240523,20250523,renewed,4887.05
7953,167,4,20230519,20240518,renewed,717.57
7954,167,6,20240515,20250515,renewed,6705.06
7955,167,6,20240304,20250304,lapsed,1369.54
7956,167,6,20241125,20251125,renewed,5090.25
7957,167,2,20231213,20241212,renewed,4053.72
7958,167,1,20231107,20241106,renewed,3251.1
7959,167,2,20230404,20240403,lapsed,822.87
7960,167,5,20240705,20250705,renewed,855.54
7961,167,3,20230122,20240122,renewed,2816.36
7962,167,4,20231108,20241107,renewed,2966.24
7963,167,2,20230116,20240116,renewed,1447.53
7964,167,6,20241022,20251022,renewed,3007.89
7965,167,6,20240524,20250524,renewed,7954.64
7966,167,3,20241002,20251002,renewed,274.89
7967,167,3,20240223,20250222,renewed,1348.24
7968,167,5,20240627,20250627,renewed,767.57
7969,168,5,20230115,20240115,renewed,706.34
7970,168,5,20230629,20240628,renewed,183.5
7971,168,2,20240208,20250207,renewed,1574.55
7972,168,3,20230310,20240309,renewed,1552.79
7973,168,3,20230115,20240115,renewed,1045.75
7974,168,2,20231009,20241008,renewed,4577.12
7975,168,2,20240929,20250929,renewed,4378.59
7976,168,6,20230912,20240911,renewed,2431.68
7977,168,4,20230303,20240302,renewed,1391.25
7978,168,4,20230110,20240110,renewed,254.01
7979,168,3,20240926,20250926,renewed,1411.04
7980,168,1,20240418,20250418,renewed,1350.02
7981,168,1,20240818,20250818,renewed,676.7
7982,168,5,20230305,20240304,renewed,459.02
7983,168,4,20230222,20240222,lapsed,1964.21
7984,168,2,20240408,20250408,renewed,428.68
7985,168,5,20241021,20251021,renewed,699.0
7986,168,1,20231031,20241030,renewed,2673.38
7987,168,2,20240901,20250901,lapsed,1360.88
7988,168,4,20230429,20240428,renewed,1386.56
7989,168,4,20230419,20240418,renewed,366.8
7990,169,4,20230810,20240809,renewed,2238.52
7991,169,3,20240319,20250319,renewed,2199.87
7992,169,5,20240521,20250521,grace,278.08
7993,169,6,20230429,20240428,renewed,5154.07
7994,169,6,20241018,20251018,renewed,5607.7
7995,169,4,20230705,20240704,lapsed,929.1
7996,169,6,20230922,20240921,renewed,4833.74
7997,169,1,20230614,20240613,renewed,4058.29
7998,169,3,20240621,20250621,renewed,1221.01
7999,169,2,20231005,20241004,renewed,3833.92
8000,169,6,20231212,20241211,lapsed,6884.52
8001,169,2,20240129,20250128,renewed,4886.1
8002,169,4,20240406,20250406,renewed,2952.36
8003,169,2,20240707,20250707,renewed,3245.23
8004,169,4,20231230,20241229,renewed,2911.81
8005,169,1,20231006,20241005,renewed,1291.23
8006,169,6,20231125,20241124,renewed,6410.05
8007,169,4,20240817,20250817,renewed,400.85
8008,169,2,20240903,20250903,lapsed,3322.97
8009,169,4,20230729,20240728,renewed,2863.95
8010,169,2,20241003,20251003,lapsed,1888.2
8011,169,1,20240408,20250408,grace,1010.53
8012,169,2,20240911,20250911,renewed,3516.66
8013,169,4,20240127,20250126,renewed,2009.6
8014,169,4,20230712,20240711,renewed,490.73
8015,169,5,20231028,20241027,renewed,1019.34
8016,169,3,20230503,20240502,lapsed,1910.6
8017,169,4,20230702,20240701,renewed,1808.32
8018,169,5,20230116,20240116,renewed,130.94
8019,169,5,20240430,20250430,renewed,871.21
8020,169,4,20240617,20250617,renewed,1895.93
8021,169,4,20230614,20240613,renewed,2132.07
8022,169,4,20230113,20240113,renewed,1084.13
8023,169,1,20240402,20250402,renewed,3246.69
8024,169,5,20230113,20240113,renewed,145.11
8025,169,2,20231228,20241227,grace,2071.85
8026,169,3,20240801,20250801,renewed,1128.99
8027,169,3,20231029,20241028,renewed,1376.68
8028,169,5,20240418,20250418,grace,1082.46
8029,169,2,20230903,20240902,grace,4309.17
8030,169,6,20230126,20240126,renewed,2491.93
8031,169,4,20240802,20250802,renewed,2581.2
8032,169,4,20240522,20250522,renewed,935.75
8033,169,2,20240917,20250917,renewed,2493.72
8034,169,3,20240714,20250714,renewed,2426.12
8035,169,1,20230416,20240415,renewed,1507.64
8036,169,1,20240305,20250305,renewed,1054.04
8037,169,3,20240630,20250630,lapsed,776.84
8038,169,4,20241020,20251020,renewed,295.46
8039,169,4,20230921,20240920,lapsed,2595.73
8040,169,3,20230418,20240417,lapsed,856.55
8041,169,5,20240118,20250117,renewed,396.39
8042,169,2,20240523,20250523,renewed,651.76
8043,169,4,20230913,20240912,lapsed,927.92
8044,169,2,20230202,20240202,renewed,4973.9
8045,169,4,20240520,20250520,lapsed,436.96
8046,169,4,20230228,20240228,renewed,325.47
8047,169,4,20231007,20241006,renewed,2568.94
8048,170,4,20230925,20240924,grace,2808.89
8049,170,3,20240126,20250125,renewed,925.04
8050,170,5,20240406,20250406,renewed,610.01
8051,170,3,20241110,20251110,renewed,1031.87
8052,170,6,20231121,20241120,lapsed,2973.21
8053,170,3,20240528,20250528,renewed,1475.41
8054,170,3,20240214,20250213,renewed,644.85
8055,170,6,20240602,20250602,renewed,1061.93
8056,170,3,20240720,20250720,lapsed,2747.48
8057,170,1,20240815,20250815,renewed,3730.05
8058,170,1,20240129,20250128,lapsed,688.19
8059,170,5,20230131,20240131,renewed,247.61
8060,170,4,20240111,20250110,renewed,1209.54
8061,170,5,20230206,20240206,renewed,153.83
8062,170,3,20230830,20240829,renewed,2161.67
8063,170,1,20230417,20240416,renewed,4837.1
8064,170,4,20241031,20251031,lapsed,1156.71
8065,170,4,20230915,20240914,renewed,823.15
8066,170,3,20240410,20250410,renewed,1239.59
8067,170,5,20240702,20250702,renewed,660.32
8068,170,6,20240426,20250426,renewed,7418.08
8069,170,6,20240817,20250817,lapsed,1637.29
8070,170,3,20230429,20240428,renewed,948.49
8071,170,5,20230228,20240228,renewed,273.12
8072,170,1,20230331,20240330,lapsed,2297.66
8073,170,3,20240721,20250721,renewed,483.99
8074,170,6,20240507,20250507,renewed,5634.04
8075,170,2,20230714,20240713,renewed,3239.62
8076,170,6,20240125,20250124,renewed,3075.9
8077,170,4,20230429,20240428,renewed,1107.28
8078,170,1,20241122,20251122,renewed,3129.57
8079,170,3,20230615,20240614,renewed,1144.87
8080,170,2,20230101,20240101,renewed,1913.65
8081,170,1,20241008,20251008,renewed,4286.43
8082,170,6,20240203,20250202,renewed,4883.99
8083,170,6,20230401,20240331,renewed,7452.68
8084,170,5,20230118,20240118,renewed,281.69
8085,170,6,20230502,20240501,lapsed,5101.95
8086,170,2,20240415,20250415,renewed,3949.04
8087,170,3,20231113,20241112,lapsed,320.49
8088,170,4,20240918,20250918,lapsed,2138.7
8089,170,5,20240706,20250706,lapsed,1002.22
8090,170,2,20230806,20240805,renewed,3021.52
8091,170,1,20240525,20250525,lapsed,4848.17
8092,170,5,20230813,20240812,renewed,1140.91
8093,170,3,20240806,20250806,renewed,616.44
8094,170,1,20240726,20250726,renewed,413.8
8095,170,6,20240826,20250826,renewed,4107.66
8096,170,6,20240804,20250804,renewed,7799.45
8097,170,5,20240926,20250926,lapsed,163.24
8098,170,5,20231110,20241109,renewed,1141.84
8099,170,4,20230906,20240905,renewed,1080.88
8100,170,5,20230313,20240312,renewed,314.4
8101,170,2,20240303,20250303,lapsed,3086.93
8102,170,4,20230503,20240502,lapsed,1178.67
8103,170,6,20240130,20250129,renewed,662.17
8104,170,2,20230521,20240520,renewed,3125.97
8105,170,6,20240405,20250405,renewed,4238.18
8106,170,5,20240702,20250702,renewed,790.84
8107,170,6,20230416,20240415,renewed,6382.14
8108,170,5,20230329,20240328,renewed,1029.62
8109,170,5,20240228,20250227,renewed,697.45
8110,170,4,20240722,20250722,renewed,1607.77
8111,170,6,20230218,20240218,lapsed,4111.07
8112,170,3,20240210,20250209,renewed,447.1
8113,170,3,20230803,20240802,renewed,1044.95
8114,170,1,20230122,20240122,renewed,1663.66
8115,170,1,20240319,20250319,renewed,3222.54
8116,170,6,20241124,20251124,renewed,1130.7
8117,171,2,20230502,20240501,grace,2713.77
8118,171,4,20230105,20240105,renewed,2003.26
8119,171,3,20240720,20250720,renewed,867.03
8120,171,2,20230114,20240114,renewed,1989.64
8121,171,3,20240929,20250929,renewed,301.55
8122,171,3,20240328,20250328,grace,2698.55
8123,171,1,20240724,20250724,renewed,4513.06
8124,171,5,20231027,20241026,lapsed,643.29
8125,171,6,20240306,20250306,lapsed,7184.69
8126,171,2,20230913,20240912,lapsed,3242.93
8127,171,3,20230707,20240706,lapsed,947.49
8128,171,4,20241115,20251115,renewed,1130.46
8129,171,1,20240604,20250604,renewed,1050.6
8130,171,1,20240320,20250320,renewed,3274.33
8131,171,5,20240131,20250130,renewed,259.85
8132,171,4,20230921,20240920,renewed,2481.49
8133,171,6,20230313,20240312,grace,6804.0
8134,171,3,20231128,20241127,lapsed,2428.02
8135,171,5,20231211,20241210,lapsed,1179.78
8136,171,1,20230701,20240630,lapsed,4365.88
8137,171,2,20240107,20250106,renewed,424.33
8138,171,5,20240128,20250127,lapsed,924.95
8139,171,2,20230304,20240303,renewed,2736.29
8140,171,2,20230526,20240525,renewed,1584.95
8141,171,1,20230616,20240615,renewed,4570.94
8142,171,6,20240811,20250811,lapsed,5649.27
8143,171,6,20240911,20250911,lapsed,2487.24
8144,171,6,20230306,20240305,lapsed,2669.86
8145,171,3,20240331,20250331,renewed,2137.18
8146,171,3,20231001,20240930,lapsed,2466.5
8147,171,6,20230209,20240209,renewed,7057.49
8148,171,5,20230509,20240508,grace,773.01
8149,171,6,20240701,20250701,renewed,2355.48
8150,171,6,20230904,20240903,renewed,6438.36
8151,171,6,20230905,20240904,lapsed,915.94
8152,171,5,20230504,20240503,renewed,377.79
8153,171,3,20230302,20240301,renewed,1338.97
8154,171,3,20240609,20250609,lapsed,2442.43
8155,171,5,20240222,20250221,renewed,712.18
8156,171,2,20240713,20250713,renewed,1119.67
8157,171,2,20231123,20241122,lapsed,2304.05
8158,171,6,20231210,20241209,lapsed,1873.24
8159,171,2,20240424,20250424,grace,611.3
8160,171,3,20240927,20250927,grace,1400.7
8161,171,3,20240813,20250813,lapsed,1431.07
8162,171,3,20230411,20240410,renewed,591.98
8163,171,2,20230620,20240619,lapsed,4302.12
8164,173,1,20230613,20240612,renewed,1858.82
8165,173,4,20241103,20251103,renewed,2893.99
8166,173,1,20241110,20251110,renewed,3252.57
8167,173,4,20240626,20250626,renewed,1418.22
8168,173,5,20230909,20240908,renewed,506.49
8169,173,2,20240205,20250204,grace,1618.79
8170,173,2,20240630,20250630,lapsed,1220.01
8171,173,6,20240806,20250806,lapsed,4576.42
8172,173,2,20230705,20240704,renewed,4473.29
8173,173,4,20241024,20251024,grace,1258.74
8174,173,3,20240820,20250820,lapsed,2180.36
8175,173,3,20231003,20241002,grace,2058.58
8176,173,2,20230713,20240712,renewed,1793.28
8177,173,1,20231211,20241210,renewed,2431.03
8178,173,5,20230811,20240810,renewed,393.55
8179,173,2,20230311,20240310,renewed,1297.05
8180,173,1,20230303,20240302,renewed,2737.95
8181,173,4,20240523,20250523,renewed,2392.96
8182,173,1,20231118,20241117,renewed,4839.38
8183,173,5,20240518,20250518,renewed,1005.18
8184,173,6,20240922,20250922,renewed,7573.57
8185,173,1,20231210,20241209,renewed,1703.11
8186,173,4,20230325,20240324,renewed,1439.3
8187,173,5,20240123,20250122,renewed,962.71
8188,173,6,20231011,20241010,lapsed,3092.68
8189,173,2,20230328,20240327,renewed,924.95
8190,173,6,20230428,20240427,renewed,6808.41
8191,173,4,20230421,20240420,grace,1744.71
8192,173,6,20230723,20240722,renewed,6695.83
8193,173,4,20230118,20240118,lapsed,1407.1
8194,173,3,20230505,20240504,lapsed,1094.6
8195,173,5,20230515,20240514,renewed,336.61
8196,173,5,20240704,20250704,renewed,496.44
8197,173,6,20240426,20250426,renewed,1147.54
8198,173,5,20240707,20250707,grace,583.63
8199,173,5,20240505,20250505,renewed,902.97
8200,173,1,20230620,20240619,renewed,1412.1
8201,173,4,20231115,20241114,renewed,2875.73
8202,173,3,20230406,20240405,lapsed,529.85
8203,173,3,20230308,20240307,renewed,1933.95
8204,173,4,20240128,20250127,renewed,2288.21
8205,173,1,20240905,20250905,lapsed,4752.23
8206,173,2,20230708,20240707,renewed,3550.84
8207,173,2,20240302,20250302,grace,4928.85
8208,173,4,20231209,20241208,renewed,1543.83
8209,173,1,20231015,20241014,lapsed,4709.92
8210,173,6,20230806,20240805,lapsed,7968.28
8211,173,2,20240728,20250728,renewed,3574.05
8212,173,1,20240608,20250608,renewed,4628.31
8213,173,2,20230227,20240227,lapsed,4229.42
8214,173,5,20240331,20250331,renewed,863.03
8215,173,2,20240219,20250218,lapsed,4293.62
8216,173,4,20240221,20250220,renewed,2686.96
8217,173,4,20240729,20250729,lapsed,337.76
8218,173,5,20240521,20250521,renewed,833.79
8219,173,2,20230105,20240105,renewed,3073.49
8220,173,3,20231013,20241012,renewed,493.56
8221,173,3,20240929,20250929,renewed,1628.29
8222,173,5,20231023,20241022,renewed,212.26
8223,173,3,20231023,20241022,renewed,2628.46
8224,173,3,20230908,20240907,renewed,2654.08
8225,173,3,20240110,20250109,renewed,2792.92
8226,173,1,20240703,20250703,lapsed,4070.02
8227,173,1,20240918,20250918,lapsed,2050.29
8228,173,3,20240712,20250712,renewed,2598.55
8229,173,1,20240816,20250816,lapsed,858.38
8230,173,4,20230216,20240216,lapsed,2647.05
8231,173,6,20230316,20240315,grace,5359.93
8232,173,2,20240418,20250418,renewed,2234.02
8233,173,3,20230731,20240730,lapsed,262.84
8234,173,6,20230528,20240527,renewed,7412.47
8235,173,5,20230515,20240514,renewed,1037.4
8236,173,2,20231219,20241218,renewed,4193.41
8237,173,5,20230310,20240309,lapsed,246.32
8238,173,2,20230625,20240624,renewed,3800.19
8239,173,2,20240728,20250728,renewed,2748.16
8240,173,3,20240517,20250517,grace,495.63
8241,173,2,20230905,20240904,renewed,4736.67
8242,173,2,20240110,20250109,lapsed,2599.36
8243,173,6,20240827,20250827,renewed,5633.6
8244,174,4,20240606,20250606,renewed,732.35
8245,174,1,20240702,20250702,renewed,1518.33
8246,174,1,20241021,20251021,lapsed,972.23
8247,174,5,20230308,20240307,renewed,681.0
8248,174,2,20240121,20250120,grace,3517.04
8249,174,5,20240907,20250907,renewed,773.59
8250,174,2,20241008,20251008,lapsed,2811.86
8251,174,2,20230601,20240531,renewed,2483.34
8252,174,2,20230824,20240823,renewed,3738.3
8253,174,1,20230718,20240717,grace,2542.27
8254,174,3,20230102,20240102,lapsed,760.22
8255,174,4,20230214,20240214,renewed,1489.17
8256,174,5,20230613,20240612,renewed,968.46
8257,174,5,20230329,20240328,renewed,495.13
8258,174,6,20230721,20240720,lapsed,4427.28
8259,174,6,20231017,20241016,renewed,5812.42
8260,174,5,20240730,20250730,renewed,325.26
8261,174,4,20230906,20240905,lapsed,1656.96
8262,174,2,20230603,20240602,renewed,1248.23
8263,174,4,20240725,20250725,renewed,1974.65
8264,174,4,20230818,20240817,renewed,1734.13
8265,174,3,20230317,20240316,renewed,1435.36
8266,174,6,20240811,20250811,grace,3219.7
8267,174,4,20240501,20250501,renewed,2347.8
8268,174,5,20240823,20250823,renewed,809.82
8269,174,5,20230910,20240909,lapsed,109.54
8270,174,2,20240116,20250115,grace,490.27
8271,174,6,20230218,20240218,renewed,3553.73
8272,174,6,20231012,20241011,lapsed,4720.56
8273,174,4,20230804,20240803,renewed,1864.32
8274,174,6,20230716,20240715,renewed,3516.78
8275,174,5,20230320,20240319,renewed,802.49
8276,174,2,20241111,20251111,renewed,4252.52
8277,174,6,20240325,20250325,renewed,6782.73
8278,174,1,20230107,20240107,renewed,1539.45
8279,174,5,20231228,20241227,renewed,682.54
8280,174,4,20231224,20241223,grace,2317.93
8281,174,5,20231103,20241102,renewed,728.18
8282,174,1,20240625,20250625,renewed,2077.56
8283,174,4,20240902,20250902,renewed,1838.77
8284,174,1,20230123,20240123,renewed,3158.02
8285,174,3,20230529,20240528,renewed,2239.97
8286,174,4,20240723,20250723,renewed,713.12
8287,174,5,20230131,20240131,renewed,1130.54
8288,174,4,20231125,20241124,lapsed,250.68
8289,174,1,20230415,20240414,lapsed,3372.32
8290,174,3,20230424,20240423,lapsed,2182.83
8291,176,1,20230927,20240926,lapsed,3305.28
8292,176,2,20231015,20241014,renewed,4212.7
8293,176,4,20240602,20250602,lapsed,787.19
8294,176,2,20241123,20251123,renewed,4940.37
8295,176,4,20230613,20240612,renewed,460.88
8296,176,4,20240530,20250530,renewed,2851.75
8297,176,6,20240707,20250707,renewed,604.01
8298,176,5,20240322,20250322,renewed,785.96
8299,176,1,20231228,20241227,renewed,2421.89
8300,176,1,20241105,20251105,renewed,3258.96
8301,176,1,20240909,20250909,renewed,3653.51
8302,176,4,20241015,20251015,renewed,2818.72
8303,176,6,20240826,20250826,renewed,5998.67
8304,176,4,20230309,20240308,renewed,972.1
8305,176,6,20240710,20250710,renewed,5861.79
8306,176,6,20240923,20250923,lapsed,3796.1
8307,176,4,20240501,20250501,lapsed,2847.41
8308,176,1,20240229,20250228,lapsed,4170.24
8309,176,1,20240702,20250702,renewed,1309.37
8310,176,6,20231231,20241230,renewed,2009.26
8311,176,2,20240823,20250823,renewed,1933.47
8312,176,6,20240623,20250623,renewed,4146.89
8313,176,6,20230227,20240227,lapsed,7694.58
8314,176,4,20230601,20240531,lapsed,1386.77
8315,176,5,20240407,20250407,renewed,337.17
8316,176,4,20230427,20240426,renewed,1472.76
8317,176,1,20230806,20240805,lapsed,3361.23
8318,176,1,20231012,20241011,renewed,4819.05
8319,176,6,20240312,20250312,grace,838.8
8320,176,5,20230808,20240807,lapsed,382.12
8321,176,3,20230218,20240218,renewed,2910.75
8322,176,4,20240401,20250401,renewed,834.2
8323,176,4,20240118,20250117,renewed,1397.68
8324,176,6,20230719,20240718,renewed,1130.64
8325,176,3,20240210,20250209,lapsed,542.29
8326,176,4,20230118,20240118,renewed,586.9
8327,176,5,20230216,20240216,grace,1150.52
8328,176,3,20230809,20240808,grace,1200.35
8329,176,2,20230801,20240731,grace,1926.13
8330,176,1,20240327,20250327,lapsed,3537.01
8331,176,6,20230910,20240909,renewed,785.93
8332,176,1,20231204,20241203,renewed,1966.03
8333,176,5,20230210,20240210,renewed,1061.09
8334,176,3,20240801,20250801,renewed,1422.21
8335,176,1,20230422,20240421,renewed,1915.13
8336,176,1,20230523,20240522,lapsed,4207.19
8337,176,1,20241118,20251118,lapsed,2766.58
8338,176,1,20240526,20250526,renewed,4849.39
8339,176,4,20230524,20240523,renewed,2180.42
8340,176,4,20230815,20240814,renewed,1294.92
8341,176,3,20240813,20250813,renewed,1292.63
8342,176,3,20241007,20251007,renewed,525.29
8343,176,3,20240605,20250605,renewed,2834.63
8344,176,5,20240723,20250723,renewed,1132.7
8345,176,5,20231228,20241227,renewed,118.51
8346,176,3,20230823,20240822,renewed,1278.26
8347,176,4,20231216,20241215,renewed,354.44
8348,176,1,20230218,20240218,renewed,2311.27
8349,176,2,20231207,20241206,renewed,403.21
8350,176,2,20230323,20240322,renewed,3382.83
8351,176,5,20230926,20240925,lapsed,408.01
8352,176,2,20241003,20251003,renewed,799.97
8353,176,6,20230825,20240824,lapsed,2346.6
8354,176,2,20240701,20250701,renewed,1086.25
8355,176,3,20240326,20250326,renewed,2667.45
8356,177,1,20240118,20250117,renewed,2912.76
8357,177,4,20240114,20250113,renewed,1465.43
8358,177,1,20230814,20240813,lapsed,671.32
8359,177,5,20230325,20240324,renewed,753.85
8360,177,6,20231219,20241218,renewed,5381.49
8361,177,6,20240609,20250609,lapsed,4572.63
8362,177,3,20240205,20250204,lapsed,2470.8
8363,177,5,20241101,20251101,renewed,630.89
8364,177,4,20240519,20250519,lapsed,1118.74
8365,177,6,20240401,20250401,renewed,6147.32
8366,177,5,20230921,20240920,grace,1062.56
8367,177,6,20240928,20250928,renewed,3658.93
8368,177,4,20240928,20250928,lapsed,576.84
8369,177,2,20230321,20240320,renewed,4080.63
8370,177,6,20240623,20250623,renewed,6527.07
8371,177,2,20230430,20240429,grace,3623.68
8372,177,2,20231120,20241119,renewed,1342.06
8373,177,4,20240613,20250613,renewed,458.92
8374,177,6,20231102,20241101,renewed,6522.07
8375,177,1,20230311,20240310,renewed,2451.67
8376,177,3,20231203,20241202,renewed,2580.59
8377,177,2,20240923,20250923,renewed,4369.75
8378,177,1,20240820,20250820,renewed,4718.94
8379,177,2,20231227,20241226,renewed,4191.32
8380,177,6,20240521,20250521,lapsed,2531.22
8381,177,2,20230608,20240607,renewed,732.76
8382,177,6,20241022,20251022,renewed,7995.34
8383,177,2,20230603,20240602,renewed,923.7
8384,177,3,20230529,20240528,grace,652.1
8385,177,6,20240906,20250906,renewed,3051.21
8386,177,5,20240708,20250708,renewed,212.16
8387,177,2,20231209,20241208,renewed,4136.52
8388,177,1,20231115,20241114,renewed,3447.7
8389,177,3,20230911,20240910,renewed,1548.95
8390,177,4,20240507,20250507,grace,2629.61
8391,177,3,20241116,20251116,lapsed,459.1
8392,177,5,20230310,20240309,renewed,1089.6
8393,177,3,20240609,20250609,lapsed,300.42
8394,177,5,20230503,20240502,renewed,994.59
8395,177,4,20240427,20250427,lapsed,531.81
8396,177,1,20240718,20250718,lapsed,2325.88
8397,177,2,20231116,20241115,renewed,500.32
8398,177,1,20230509,20240508,renewed,2088.31
8399,177,1,20230130,20240130,renewed,3356.26
8400,177,6,20240122,20250121,renewed,991.82
8401,177,3,20240428,20250428,renewed,2325.9
8402,177,1,20240611,20250611,lapsed,1906.64
8403,179,6,20231211,20241210,renewed,4685.66
8404,179,2,20240623,20250623,renewed,3912.12
8405,179,2,20240830,20250830,renewed,1636.35
8406,179,5,20231227,20241226,renewed,398.88
8407,179,4,20231119,20241118,renewed,1878.83
8408,179,2,20231024,20241023,renewed,1855.94
8409,179,6,20241126,20251126,renewed,5210.22
8410,179,6,20240203,20250202,lapsed,5846.42
8411,179,3,20240131,20250130,renewed,1304.35
8412,179,2,20240513,20250513,renewed,2847.66
8413,179,3,20230523,20240522,renewed,328.27
8414,179,6,20240323,20250323,renewed,6021.48
8415,179,6,20230216,20240216,lapsed,4674.9
8416,179,2,20240302,20250302,renewed,2671.33
8417,179,6,20240506,20250506,lapsed,6598.83
8418,179,2,20240531,20250531,renewed,3644.55
8419,179,3,20241114,20251114,renewed,2915.57
8420,179,2,20240526,20250526,lapsed,984.28
8421,179,5,20231028,20241027,grace,584.6
8422,179,3,20231111,20241110,renewed,1239.74
8423,179,4,20230513,20240512,renewed,1131.02
8424,179,1,20230219,20240219,renewed,1360.41
8425,179,5,20230516,20240515,grace,839.47
8426,179,5,20240414,20250414,lapsed,400.03
8427,179,3,20240331,20250331,lapsed,1100.82
8428,179,2,20230106,20240106,grace,4297.5
8429,179,5,20230707,20240706,renewed,1068.2
8430,179,3,20240406,20250406,lapsed,2856.0
8431,179,5,20231210,20241209,renewed,504.58
8432,179,1,20230712,20240711,lapsed,2852.78
8433,179,6,20240720,20250720,lapsed,5262.24
8434,179,4,20240810,20250810,renewed,1627.69
8435,179,5,20240929,20250929,renewed,377.87
8436,179,2,20240513,20250513,lapsed,4657.19
8437,179,6,20230208,20240208,renewed,4642.61
8438,179,5,20240510,20250510,grace,1123.47
8439,179,1,20240228,20250227,renewed,1103.44
8440,179,4,20231011,20241010,renewed,1233.69
8441,179,2,20230201,20240201,lapsed,3944.95
8442,179,1,20240511,20250511,renewed,1704.47
8443,179,1,20230724,20240723,grace,4493.88
8444,179,1,20230908,20240907,renewed,4643.42
8445,179,4,20231023,20241022,renewed,1691.41
8446,179,5,20230106,20240106,renewed,549.38
8447,179,4,20230324,20240323,renewed,2379.61
8448,179,4,20230919,20240918,renewed,1380.77
8449,179,6,20230908,20240907,lapsed,4203.73
8450,179,6,20230522,20240521,lapsed,5765.2
8451,179,4,20230613,20240612,renewed,2144.52
8452,179,2,20230807,20240806,renewed,1073.91
8453,179,1,20230509,20240508,lapsed,3962.94
8454,179,3,20240630,20250630,renewed,2632.77
8455,179,6,20240915,20250915,lapsed,3121.74
8456,179,5,20230316,20240315,renewed,1010.76
8457,179,6,20240420,20250420,renewed,948.78
8458,179,5,20230510,20240509,renewed,773.99
8459,179,5,20231130,20241129,lapsed,420.93
8460,179,5,20240822,20250822,lapsed,793.98
8461,179,1,20240913,20250913,renewed,457.47
8462,179,6,20230710,20240709,renewed,5867.16
8463,179,6,20240916,20250916,renewed,4868.61
8464,179,5,20240731,20250731,lapsed,390.36
8465,179,1,20240920,20250920,lapsed,4769.17
8466,179,5,20230122,20240122,renewed,321.42
8467,179,2,20230109,20240109,renewed,1820.41
8468,179,4,20230908,20240907,lapsed,783.59
8469,179,3,20230903,20240902,renewed,2237.19
8470,179,1,20230418,20240417,renewed,2941.99
8471,179,6,20230401,20240331,lapsed,1671.56
8472,179,1,20230420,20240419,renewed,2886.86
8473,179,5,20230425,20240424,renewed,1017.03
8474,179,6,20230719,20240718,renewed,6940.66
8475,179,4,20240624,20250624,renewed,1969.09
8476,179,4,20230330,20240329,renewed,1901.3
8477,179,4,20240726,20250726,renewed,908.16
8478,179,5,20240423,20250423,renewed,542.61
8479,180,4,20230720,20240719,lapsed,2586.08
8480,180,3,20231216,20241215,lapsed,360.76
8481,180,5,20240202,20250201,lapsed,233.28
8482,180,3,20230918,20240917,grace,1699.91
8483,180,3,20240523,20250523,renewed,1740.56
8484,180,1,20230512,20240511,renewed,2959.42
8485,180,5,20240108,20250107,lapsed,308.15
8486,180,1,20240820,20250820,lapsed,628.64
8487,180,5,20230529,20240528,lapsed,1187.34
8488,180,2,20230520,20240519,renewed,3362.27
8489,180,1,20240429,20250429,grace,3295.35
8490,180,5,20240526,20250526,renewed,861.83
8491,180,5,20230118,20240118,grace,1166.09
8492,180,4,20231231,20241230,lapsed,350.48
8493,180,3,20230726,20240725,lapsed,2458.64
8494,180,4,20240326,20250326,renewed,622.95
8495,180,3,20240216,20250215,renewed,986.91
8496,180,5,20240630,20250630,renewed,126.49
8497,180,1,20231101,20241031,lapsed,3730.14
8498,180,6,20231115,20241114,renewed,893.19
8499,180,2,20230804,20240803,lapsed,4854.22
8500,180,3,20240124,20250123,grace,502.47
8501,180,6,20230222,20240222,renewed,5399.51
8502,180,4,20240604,20250604,lapsed,1490.21
8503,180,6,20240217,20250216,renewed,2744.28
8504,180,1,20241121,20251121,grace,2141.95
8505,180,2,20231124,20241123,renewed,696.44
8506,180,3,20230314,20240313,renewed,2720.06
8507,180,2,20240103,20250102,lapsed,636.51
8508,180,5,20231107,20241106,renewed,168.19
8509,180,6,20230301,20240229,renewed,880.35
8510,180,6,20230520,20240519,renewed,1292.65
8511,180,1,20241104,20251104,renewed,4269.3
8512,180,5,20240501,20250501,lapsed,544.96
8513,181,3,20230205,20240205,lapsed,2833.86
8514,181,3,20231130,20241129,renewed,1217.27
8515,181,4,20230325,20240324,grace,1120.67
8516,181,1,20240214,20250213,renewed,4853.45
8517,181,4,20231226,20241225,renewed,1480.54
8518,181,5,20240302,20250302,renewed,480.47
8519,181,5,20230926,20240925,renewed,907.11
8520,181,6,20230923,20240922,lapsed,4932.35
8521,181,2,20240725,20250725,renewed,3277.09
8522,181,6,20231029,20241028,renewed,2875.85
8523,181,6,20230426,20240425,lapsed,4667.07
8524,181,2,20240512,20250512,renewed,2000.62
8525,181,6,20241017,20251017,lapsed,6641.33
8526,181,5,20231216,20241215,lapsed,629.13
8527,181,5,20230910,20240909,renewed,174.51
8528,181,6,20230403,20240402,renewed,3459.18
8529,181,2,20230117,20240117,lapsed,2181.51
8530,181,1,20240521,20250521,renewed,2794.0
8531,181,6,20230815,20240814,lapsed,4042.51
8532,181,1,20230317,20240316,lapsed,3502.77
8533,181,1,20241126,20251126,lapsed,786.92
8534,181,1,20230623,20240622,renewed,3203.11
8535,181,6,20231211,20241210,renewed,3325.52
8536,181,5,20240408,20250408,lapsed,195.93
8537,181,4,20230614,20240613,lapsed,1593.53
8538,181,2,20241125,20251125,lapsed,1807.2
8539,181,5,20240720,20250720,lapsed,271.22
8540,181,3,20231217,20241216,renewed,2143.73
8541,181,5,20240123,20250122,lapsed,733.48
8542,181,1,20230408,20240407,renewed,2899.07
8543,181,1,20240422,20250422,renewed,3824.93
8544,181,5,20230706,20240705,renewed,996.78
8545,181,6,20240111,20250110,renewed,3969.77
8546,181,6,20230128,20240128,renewed,5040.22
8547,181,2,20241003,20251003,grace,2746.38
8548,181,1,20231116,20241115,renewed,3740.99
8549,181,6,20240424,20250424,renewed,2760.69
8550,181,4,20230511,20240510,grace,2608.81
8551,181,4,20240807,20250807,renewed,1429.36
8552,181,2,20230606,20240605,renewed,2191.82
8553,182,2,20230811,20240810,renewed,4351.82
8554,182,2,20240403,20250403,renewed,1711.67
8555,182,1,20240112,20250111,renewed,1170.54
8556,182,4,20240306,20250306,renewed,1422.39
8557,182,1,20240506,20250506,renewed,2203.72
8558,182,3,20241105,20251105,renewed,1760.32
8559,182,1,20231001,20240930,renewed,2438.46
8560,182,4,20230822,20240821,renewed,1755.47
8561,182,3,20241023,20251023,renewed,2286.51
8562,182,1,20240814,20250814,grace,725.7
8563,182,5,20230521,20240520,renewed,119.43
8564,182,4,20240710,20250710,renewed,612.08
8565,182,4,20240909,20250909,renewed,498.41
8566,182,6,20231207,20241206,renewed,5664.5
8567,182,4,20230814,20240813,renewed,615.25
8568,182,6,20230405,20240404,renewed,827.0
8569,182,1,20231224,20241223,renewed,592.97
8570,182,3,20231106,20241105,renewed,2713.28
8571,182,4,20240209,20250208,grace,2991.82
8572,182,2,20230919,20240918,renewed,2516.4
8573,182,3,20230624,20240623,renewed,2842.56
8574,182,6,20230702,20240701,renewed,4993.13
8575,182,5,20240425,20250425,renewed,920.02
8576,182,2,20230620,20240619,renewed,1744.7
8577,182,6,20230122,20240122,lapsed,3494.16
8578,182,2,20231202,20241201,grace,1763.43
8579,182,6,20240606,20250606,renewed,5250.36
8580,182,1,20230823,20240822,renewed,400.48
8581,182,2,20240103,20250102,renewed,2977.02
8582,182,4,20230909,20240908,renewed,1278.15
8583,182,4,20240523,20250523,lapsed,2247.03
8584,182,1,20231104,20241103,renewed,1242.21
8585,182,4,20230331,20240330,renewed,1178.11
8586,182,3,20230929,20240928,renewed,1218.91
8587,182,5,20231122,20241121,renewed,1085.16
8588,182,2,20241007,20251007,lapsed,4879.84
8589,182,2,20240208,20250207,renewed,4088.93
8590,182,5,20230920,20240919,renewed,419.55
8591,182,2,20230102,20240102,renewed,1822.48
8592,182,3,20240708,20250708,renewed,475.84
8593,182,1,20240323,20250323,renewed,1656.75
8594,182,6,20240404,20250404,lapsed,746.33
8595,182,6,20240402,20250402,renewed,4828.41
8596,182,2,20240301,20250301,renewed,4109.06
8597,182,1,20230528,20240527,renewed,3704.82
8598,182,6,20230910,20240909,renewed,7286.0
8599,182,2,20241011,20251011,renewed,3162.72
8600,182,2,20240714,20250714,renewed,4677.3
8601,182,4,20231216,20241215,renewed,1549.8
8602,182,1,20231129,20241128,renewed,1342.48
8603,182,6,20230831,20240830,renewed,7306.31
8604,182,1,20230918,20240917,lapsed,2954.42
8605,182,4,20231119,20241118,renewed,2010.77
8606,182,1,20240620,20250620,renewed,4732.84
8607,182,4,20230109,20240109,renewed,263.55
8608,182,1,20240821,20250821,renewed,1887.53
8609,182,2,20241114,20251114,renewed,3079.05
8610,182,4,20230111,20240111,renewed,2811.55
8611,182,6,20240905,20250905,renewed,6967.45
8612,182,1,20240724,20250724,renewed,4350.35
8613,182,4,20230417,20240416,renewed,2984.59
8614,182,2,20240113,20250112,renewed,4917.46
8615,182,2,20241022,20251022,renewed,3697.62
8616,182,3,20240722,20250722,renewed,1188.73
8617,182,5,20240818,20250818,renewed,284.75
8618,182,6,20230621,20240620,renewed,4215.4
8619,182,3,20240322,20250322,renewed,649.69
8620,182,3,20231108,20241107,renewed,2466.44
8621,182,2,20240824,20250824,renewed,1850.99
8622,183,3,20240323,20250323,renewed,397.67
8623,183,4,20230527,20240526,renewed,1988.6
8624,183,2,20240622,20250622,grace,3697.67
8625,183,6,20230504,20240503,renewed,6131.08
8626,183,5,20230522,20240521,renewed,849.51
8627,183,2,20241022,20251022,lapsed,931.61
8628,183,1,20230828,20240827,renewed,701.48
8629,183,4,20230430,20240429,lapsed,386.41
8630,183,1,20230706,20240705,lapsed,2231.87
8631,183,6,20240705,20250705,grace,6058.78
8632,183,2,20241004,20251004,renewed,2641.44
8633,183,4,20230224,20240224,renewed,2276.42
8634,183,5,20241123,20251123,renewed,1094.48
8635,183,1,20230721,20240720,renewed,3220.93
8636,183,4,20230315,20240314,renewed,1403.26
8637,183,6,20240716,20250716,renewed,1180.03
8638,183,5,20230713,20240712,renewed,289.11
8639,183,1,20230205,20240205,renewed,917.45
8640,183,4,20240503,20250503,renewed,1458.25
8641,183,4,20230311,20240310,renewed,2487.84
8642,183,6,20241015,20251015,renewed,6688.02
8643,183,1,20240429,20250429,renewed,3766.67
8644,183,5,20231111,20241110,grace,285.02
8645,183,4,20240629,20250629,renewed,446.84
8646,183,1,20240913,20250913,renewed,2467.01
8647,183,1,20240516,20250516,renewed,3515.02
8648,183,4,20240527,20250527,renewed,1087.08
8649,183,5,20230904,20240903,renewed,1138.38
8650,183,1,20230412,20240411,grace,2668.47
8651,183,5,20241011,20251011,lapsed,150.54
8652,183,3,20240409,20250409,lapsed,1372.33
8653,183,2,20240715,20250715,renewed,571.59
8654,183,4,20231130,20241129,renewed,2960.53
8655,183,6,20230731,20240730,renewed,5157.71
8656,183,2,20240822,20250822,lapsed,4347.94
8657,183,6,20240926,20250926,renewed,3044.79
8658,183,2,20231207,20241206,renewed,4993.15
8659,183,2,20230524,20240523,renewed,1190.03
8660,183,1,20240326,20250326,renewed,1574.78
8661,183,6,20240326,20250326,renewed,4011.22
8662,183,2,20230502,20240501,renewed,2540.61
8663,183,6,20241126,20251126,renewed,5544.49
8664,183,5,20240305,20250305,renewed,576.37
8665,183,1,20241108,20251108,lapsed,3018.53
8666,183,4,20240726,20250726,grace,1761.3
8667,183,4,20240319,20250319,renewed,2007.39
8668,183,4,20230701,20240630,renewed,2906.02
8669,183,4,20231120,20241119,renewed,1218.61
8670,183,6,20230728,20240727,renewed,6166.87
8671,183,2,20230105,20240105,renewed,4113.92
8672,183,4,20230322,20240321,renewed,1008.38
8673,183,2,20240305,20250305,renewed,4467.69
8674,184,6,20241020,20251020,renewed,1835.75
8675,184,5,20230103,20240103,renewed,574.42
8676,184,5,20230201,20240201,renewed,889.56
8677,184,6,20240214,20250213,renewed,4100.62
8678,184,3,20230604,20240603,renewed,819.94
8679,184,4,20231106,20241105,renewed,1450.98
8680,184,4,20230111,20240111,renewed,1180.4
8681,184,5,20240822,20250822,renewed,1055.51
8682,184,5,20230831,20240830,lapsed,576.96
8683,184,5,20240508,20250508,renewed,647.82
8684,184,1,20230911,20240910,grace,3110.77
8685,184,1,20231024,20241023,renewed,2528.97
8686,184,5,20230429,20240428,lapsed,523.98
8687,184,3,20230314,20240313,renewed,2087.16
8688,184,4,20231207,20241206,grace,1864.2
8689,184,5,20230328,20240327,renewed,696.59
8690,184,2,20241124,20251124,renewed,3380.57
8691,184,3,20241125,20251125,renewed,2359.47
8692,184,6,20240622,20250622,renewed,2884.09
8693,184,3,20240223,20250222,renewed,2024.71
8694,184,2,20240117,20250116,renewed,2646.12
8695,184,4,20230509,20240508,renewed,2345.04
8696,184,5,20240104,20250103,renewed,879.77
8697,184,2,20230127,20240127,renewed,1061.75
8698,184,6,20230614,20240613,renewed,3957.64
8699,184,4,20240927,20250927,renewed,1124.0
8700,184,3,20240527,20250527,renewed,1087.05
8701,184,4,20241114,20251114,renewed,2126.83
8702,184,3,20231011,20241010,renewed,619.0
8703,185,6,20231006,20241005,lapsed,2570.78
8704,185,6,20230804,20240803,lapsed,2516.56
8705,185,5,20240810,20250810,renewed,651.71
8706,185,3,20230603,20240602,grace,900.71
8707,185,4,20230409,20240408,renewed,936.33
8708,185,6,20241109,20251109,lapsed,4359.19
8709,185,4,20230815,20240814,lapsed,853.6
8710,185,6,20230529,20240528,renewed,1904.98
8711,185,4,20230418,20240417,lapsed,1741.52
8712,185,5,20241007,20251007,lapsed,737.97
8713,185,4,20240513,20250513,renewed,2616.66
8714,185,2,20230830,20240829,renewed,1297.32
8715,185,6,20231015,20241014,lapsed,2334.35
8716,185,5,20240523,20250523,lapsed,412.58
8717,185,6,20230202,20240202,renewed,2803.46
8718,185,1,20230624,20240623,lapsed,4282.55
8719,185,5,20230328,20240327,lapsed,622.88
8720,185,2,20230831,20240830,grace,2571.01
8721,185,5,20230628,20240627,lapsed,1027.2
8722,185,4,20230823,20240822,renewed,2795.93
8723,185,3,20240720,20250720,renewed,2747.29
8724,185,5,20240723,20250723,renewed,154.11
8725,185,5,20240117,20250116,renewed,1199.29
8726,185,4,20230203,20240203,lapsed,1354.65
8727,185,5,20230210,20240210,lapsed,1150.61
8728,185,6,20240923,20250923,lapsed,3965.68
8729,185,1,20230128,20240128,lapsed,3785.96
8730,185,6,20240320,20250320,lapsed,800.42
8731,185,1,20240202,20250201,grace,3505.59
8732,185,3,20230328,20240327,renewed,1099.3
8733,185,5,20230319,20240318,renewed,496.97
8734,185,4,20240223,20250222,renewed,655.13
8735,185,2,20230209,20240209,lapsed,2373.93
8736,185,4,20240917,20250917,grace,1980.03
8737,185,4,20230427,20240426,lapsed,2174.78
8738,185,2,20230510,20240509,lapsed,2590.5
8739,185,3,20240222,20250221,lapsed,356.52
8740,185,5,20231016,20241015,renewed,1084.63
8741,185,5,20230829,20240828,renewed,1133.73
8742,185,3,20240509,20250509,grace,2159.33
8743,185,4,20231124,20241123,renewed,355.12
8744,185,2,20231113,20241112,renewed,3876.5
8745,185,3,20230511,20240510,renewed,2377.52
8746,185,2,20230409,20240408,lapsed,4541.72
8747,185,4,20241107,20251107,renewed,499.88
8748,185,2,20230819,20240818,renewed,2181.32
8749,185,5,20230902,20240901,renewed,314.83
8750,185,2,20230614,20240613,lapsed,3320.46
8751,185,5,20240224,20250223,renewed,425.14
8752,185,3,20230814,20240813,lapsed,1778.94
8753,185,5,20230318,20240317,renewed,827.25
8754,185,4,20230101,20240101,renewed,1133.96
8755,185,1,20240403,20250403,lapsed,956.96
8756,185,4,20241109,20251109,renewed,1928.08
8757,185,1,20230817,20240816,lapsed,1369.09
8758,185,5,20231030,20241029,lapsed,1079.76
8759,185,1,20241123,20251123,lapsed,621.81
8760,185,5,20230526,20240525,lapsed,1079.59
8761,185,2,20240201,20250131,renewed,2974.72
8762,185,5,20241010,20251010,lapsed,867.21
8763,185,5,20240528,20250528,lapsed,877.82
8764,185,2,20231220,20241219,renewed,3217.37
8765,185,3,20231029,20241028,renewed,528.37
8766,185,5,20240512,20250512,lapsed,269.26
8767,185,6,20240922,20250922,grace,5245.23
8768,185,2,20240516,20250516,renewed,2772.79
8769,185,5,20230524,20240523,renewed,793.39
8770,185,4,20230816,20240815,lapsed,2764.85
8771,185,6,20231108,20241107,lapsed,2147.55
8772,185,3,20231228,20241227,lapsed,2993.22
8773,185,5,20231007,20241006,renewed,297.17
8774,185,4,20240323,20250323,renewed,904.94
8775,185,6,20230301,20240229,renewed,6494.11
8776,186,2,20240606,20250606,grace,4343.84
8777,186,2,20240910,20250910,renewed,4457.97
8778,186,6,20230628,20240627,renewed,2038.06
8779,186,4,20240606,20250606,renewed,2461.08
8780,186,4,20230609,20240608,renewed,1114.25
8781,186,3,20240913,20250913,renewed,2336.48
8782,186,6,20240808,20250808,renewed,1003.51
8783,186,3,20230519,20240518,renewed,1241.53
8784,186,1,20231121,20241120,renewed,4397.61
8785,186,5,20230814,20240813,renewed,478.89
8786,186,2,20231029,20241028,renewed,2988.14
8787,186,6,20240613,20250613,lapsed,1243.75
8788,186,6,20240221,20250220,renewed,3635.59
8789,186,2,20230303,20240302,renewed,2486.33
8790,186,3,20230214,20240214,renewed,1509.01
8791,186,4,20230125,20240125,renewed,2312.03
8792,186,3,20230805,20240804,renewed,1502.98
8793,186,3,20240215,20250214,renewed,1075.86
8794,186,4,20241005,20251005,lapsed,1903.96
8795,186,5,20230315,20240314,renewed,197.99
8796,186,2,20230405,20240404,renewed,1934.26
8797,186,3,20230425,20240424,renewed,1595.34
8798,186,6,20231025,20241024,renewed,5833.01
8799,186,4,20241022,20251022,renewed,2414.14
8800,186,6,20230324,20240323,renewed,3600.36
8801,186,4,20230930,20240929,renewed,347.14
8802,186,3,20231124,20241123,renewed,2440.66
8803,186,4,20241109,20251109,renewed,2329.58
8804,186,4,20230722,20240721,renewed,2133.75
8805,186,2,20240903,20250903,renewed,4418.0
8806,186,6,20230629,20240628,renewed,3361.7
8807,186,6,20240217,20250216,renewed,1159.88
8808,186,1,20231230,20241229,renewed,1049.22
8809,186,1,20231018,20241017,renewed,1169.65
8810,186,3,20241022,20251022,lapsed,1297.32
8811,186,3,20240120,20250119,renewed,2022.73
8812,186,5,20240902,20250902,renewed,439.72
8813,186,6,20231021,20241020,lapsed,1971.93
8814,186,3,20231227,20241226,renewed,931.35
8815,186,4,20240406,20250406,renewed,1114.92
8816,186,5,20230302,20240301,renewed,897.07
8817,186,3,20230331,20240330,renewed,1377.35
8818,186,1,20240115,20250114,renewed,3470.19
8819,186,4,20230206,20240206,renewed,1628.8
8820,186,5,20240618,20250618,renewed,698.02
8821,186,6,20240517,20250517,renewed,2227.43
8822,186,1,20240718,20250718,lapsed,2726.62
8823,186,2,20230105,20240105,renewed,2911.86
8824,186,6,20230909,20240908,renewed,2630.56
8825,186,6,20240531,20250531,renewed,6444.39
8826,186,4,20240626,20250626,lapsed,1345.07
8827,186,3,20230324,20240323,renewed,917.02
8828,186,6,20230909,20240908,renewed,1119.76
8829,186,2,20240906,20250906,renewed,2468.49
8830,186,3,20240130,20250129,renewed,765.9
8831,186,4,20240701,20250701,renewed,1617.87
8832,186,6,20240712,20250712,renewed,2938.44
8833,186,1,20240711,20250711,renewed,3127.05
8834,186,6,20231102,20241101,lapsed,4118.64
8835,186,6,20240211,20250210,renewed,1333.22
8836,186,3,20230413,20240412,grace,1539.33
8837,186,2,20241122,20251122,renewed,4606.27
8838,186,2,20231210,20241209,renewed,2847.14
8839,186,6,20230826,20240825,renewed,7939.63
8840,186,3,20240613,20250613,renewed,2094.39
8841,186,5,20240820,20250820,grace,430.53
8842,186,1,20230830,20240829,renewed,1468.98
8843,186,6,20231014,20241013,renewed,6957.01
8844,186,1,20240125,20250124,renewed,2660.03
8845,186,6,20240225,20250224,renewed,5549.46
8846,186,1,20230612,20240611,renewed,3992.82
8847,186,6,20241017,20251017,renewed,4105.63
8848,187,1,20230227,20240227,renewed,507.54
8849,187,1,20231102,20241101,renewed,3728.38
8850,187,5,20230112,20240112,renewed,821.85
8851,187,6,20230303,20240302,renewed,2378.12
8852,187,4,20241015,20251015,renewed,761.64
8853,187,1,20241015,20251015,renewed,417.26
8854,187,3,20230521,20240520,lapsed,987.86
8855,187,3,20230818,20240817,renewed,1246.73
8856,187,1,20240516,20250516,renewed,3234.41
8857,187,2,20240408,20250408,lapsed,3989.74
8858,187,4,20240314,20250314,renewed,2760.06
8859,187,2,20241001,20251001,renewed,4767.77
8860,187,6,20231202,20241201,lapsed,5629.02
8861,187,4,20230126,20240126,renewed,2373.38
8862,187,2,20240417,20250417,lapsed,3574.32
8863,187,3,20230915,20240914,renewed,2629.81
8864,187,1,20230708,20240707,renewed,4757.86
8865,187,4,20240913,20250913,lapsed,391.97
8866,187,4,20230409,20240408,renewed,2405.97
8867,187,6,20241019,20251019,renewed,6201.55
8868,187,1,20230728,20240727,grace,476.05
8869,187,5,20230114,20240114,lapsed,675.94
8870,187,3,20230819,20240818,renewed,327.72
8871,187,3,20230619,20240618,renewed,776.09
8872,187,1,20240418,20250418,renewed,1374.17
8873,187,3,20230729,20240728,lapsed,1757.84
8874,187,5,20240208,20250207,renewed,173.71
8875,187,4,20240505,20250505,renewed,2872.66
8876,187,6,20231013,20241012,lapsed,847.9
8877,187,2,20240329,20250329,renewed,4511.73
8878,187,4,20240420,20250420,renewed,2755.68
8879,187,6,20240124,20250123,renewed,3025.69
8880,187,4,20240514,20250514,renewed,2006.71
8881,187,2,20230525,20240524,renewed,435.69
8882,187,6,20240509,20250509,lapsed,2021.84
8883,187,2,20240421,20250421,renewed,782.87
8884,187,3,20240213,20250212,renewed,1682.05
8885,187,2,20240909,20250909,renewed,568.92
8886,187,4,20230429,20240428,renewed,372.75
8887,187,2,20240726,20250726,renewed,3021.8
8888,187,6,20240106,20250105,renewed,1888.49
8889,189,1,20230504,20240503,renewed,4966.39
8890,189,2,20240324,20250324,renewed,4749.8
8891,189,1,20230329,20240328,renewed,2378.98
8892,189,1,20240917,20250917,lapsed,2809.11
8893,189,5,20231205,20241204,lapsed,1013.15
8894,189,1,20230502,20240501,renewed,3982.95
8895,189,3,20240228,20250227,grace,1331.7
8896,189,1,20240605,20250605,renewed,2069.14
8897,189,2,20230813,20240812,renewed,1852.79
8898,189,4,20230709,20240708,renewed,2041.9
8899,189,2,20230718,20240717,renewed,3275.48
8900,189,1,20230912,20240911,renewed,4710.22
8901,189,1,20230822,20240821,lapsed,1344.35
8902,189,6,20230607,20240606,lapsed,6950.21
8903,189,1,20240920,20250920,renewed,2159.78
8904,189,3,20230112,20240112,renewed,665.99
8905,189,1,20231019,20241018,lapsed,3965.13
8906,189,5,20240414,20250414,lapsed,901.21
8907,189,5,20230625,20240624,lapsed,714.09
8908,189,6,20231129,20241128,renewed,4173.59
8909,189,1,20231129,20241128,renewed,1683.74
8910,189,4,20231214,20241213,renewed,1316.3
8911,189,1,20230529,20240528,renewed,1303.43
8912,189,6,20240609,20250609,renewed,1820.47
8913,189,2,20230115,20240115,renewed,4009.03
8914,189,1,20231217,20241216,lapsed,3219.58
8915,189,2,20230302,20240301,renewed,4824.36
8916,189,6,20240102,20250101,lapsed,1276.24
8917,189,2,20240312,20250312,grace,4218.07
8918,189,5,20240908,20250908,grace,466.49
8919,189,2,20230126,20240126,renewed,846.57
8920,189,6,20241025,20251025,renewed,5155.43
8921,189,1,20240713,20250713,renewed,427.42
8922,189,1,20240828,20250828,renewed,4763.58
8923,189,1,20241104,20251104,renewed,4239.37
8924,189,4,20240103,20250102,renewed,1466.36
8925,189,6,20240708,20250708,lapsed,6431.45
8926,189,1,20230504,20240503,renewed,4733.13
8927,189,4,20231114,20241113,renewed,1528.25
8928,189,4,20230314,20240313,grace,441.28
8929,189,6,20230804,20240803,lapsed,521.03
8930,189,6,20230626,20240625,lapsed,6794.68
8931,189,2,20240930,20250930,renewed,1533.37
8932,189,3,20231107,20241106,lapsed,2121.03
8933,189,2,20241104,20251104,renewed,1584.01
8934,189,2,20231007,20241006,renewed,4820.0
8935,189,1,20240708,20250708,renewed,2317.87
8936,189,1,20231102,20241101,renewed,4811.5
8937,189,5,20230326,20240325,renewed,753.63
8938,189,6,20240812,20250812,lapsed,1824.09
8939,189,5,20231120,20241119,grace,1138.71
8940,189,6,20230119,20240119,renewed,5924.82
8941,189,4,20230511,20240510,renewed,562.01
8942,189,4,20230711,20240710,renewed,1598.15
8943,189,6,20231109,20241108,renewed,1107.96
8944,189,5,20230424,20240423,renewed,1195.49
8945,189,1,20240415,20250415,renewed,2479.34
8946,189,3,20240425,20250425,renewed,416.02
8947,189,1,20240711,20250711,renewed,3971.38
8948,189,1,20230415,20240414,renewed,1293.24
8949,190,6,20240421,20250421,renewed,4355.19
8950,190,4,20231209,20241208,lapsed,1495.88
8951,190,4,20231008,20241007,renewed,1425.26
8952,190,1,20240525,20250525,renewed,2965.65
8953,190,4,20230105,20240105,renewed,896.08
8954,190,5,20231127,20241126,renewed,269.97
8955,190,6,20240208,20250207,lapsed,2748.19
8956,190,5,20240626,20250626,renewed,1049.48
8957,190,2,20240524,20250524,renewed,3352.32
8958,190,2,20231010,20241009,lapsed,4935.04
8959,190,4,20231223,20241222,renewed,2954.8
8960,190,1,20230602,20240601,renewed,4959.81
8961,190,4,20230218,20240218,lapsed,1655.05
8962,190,4,20240130,20250129,lapsed,1722.63
8963,190,4,20230502,20240501,renewed,1097.96
8964,190,1,20231011,20241010,renewed,2271.66
8965,190,1,20230820,20240819,renewed,3910.91
8966,190,3,20240803,20250803,renewed,2069.68
8967,190,4,20240309,20250309,renewed,261.44
8968,190,1,20240529,20250529,renewed,1893.73
8969,190,5,20230523,20240522,grace,279.14
8970,190,2,20230630,20240629,renewed,2713.36
8971,190,6,20230424,20240423,lapsed,7229.16
8972,190,2,20240807,20250807,renewed,2471.68
8973,190,6,20241014,20251014,renewed,1471.79
8974,190,1,20240107,20250106,lapsed,3631.14
8975,190,4,20240113,20250112,renewed,476.99
8976,190,1,20231010,20241009,lapsed,3034.72
8977,190,4,20240420,20250420,renewed,2080.99
8978,190,3,20230819,20240818,renewed,2044.78
8979,190,5,20240707,20250707,renewed,370.26
8980,190,3,20240825,20250825,lapsed,1883.56
8981,190,5,20240524,20250524,lapsed,395.08
8982,190,1,20230101,20240101,grace,4126.78
8983,190,5,20230807,20240806,renewed,1022.55
8984,190,4,20240629,20250629,grace,2202.82
8985,190,4,20230510,20240509,renewed,490.97
8986,190,2,20240710,20250710,lapsed,3949.09
8987,190,3,20230625,20240624,lapsed,811.13
8988,190,4,20240620,20250620,renewed,1415.32
8989,190,4,20231005,20241004,grace,1761.67
8990,190,4,20230109,20240109,renewed,1959.41
8991,190,2,20230324,20240323,renewed,680.0
8992,190,6,20240912,20250912,renewed,4789.65
8993,190,5,20230728,20240727,grace,1067.08
8994,190,5,20240202,20250201,renewed,1044.27
8995,190,1,20240715,20250715,renewed,3638.65
8996,190,3,20230703,20240702,renewed,1092.73
8997,190,4,20230918,20240917,renewed,923.96
8998,190,2,20240101,20241231,renewed,2186.21
8999,190,1,20240915,20250915,renewed,2382.93
9000,190,6,20230907,20240906,renewed,4170.72
9001,190,4,20240911,20250911,renewed,320.41
9002,190,5,20240910,20250910,renewed,579.65
9003,190,2,20240714,20250714,renewed,2282.57
9004,190,4,20231001,20240930,renewed,1441.43
9005,190,2,20240717,20250717,renewed,4372.38
9006,190,3,20230929,20240928,renewed,714.1
9007,190,4,20240909,20250909,renewed,2074.9
9008,190,2,20240929,20250929,lapsed,3158.23
9009,190,3,20230308,20240307,renewed,841.27
9010,190,6,20230417,20240416,renewed,5773.25
9011,191,4,20240818,20250818,renewed,1110.46
9012,191,1,20231231,20241230,renewed,1873.86
9013,191,4,20231229,20241228,grace,1945.44
9014,191,1,20230824,20240823,renewed,4685.05
9015,191,1,20240626,20250626,lapsed,561.54
9016,191,4,20230802,20240801,renewed,2901.07
9017,191,5,20240123,20250122,lapsed,833.94
9018,191,5,20240608,20250608,grace,1138.57
9019,191,3,20230406,20240405,renewed,1919.77
9020,191,6,20230723,20240722,renewed,3490.95
9021,191,2,20240410,20250410,renewed,3282.71
9022,191,3,20230517,20240516,lapsed,2488.81
9023,191,5,20231007,20241006,renewed,556.66
9024,191,6,20240717,20250717,lapsed,6998.05
9025,191,5,20230704,20240703,renewed,648.17
9026,191,2,20240708,20250708,grace,1728.68
9027,191,3,20231013,20241012,lapsed,1476.41
9028,191,6,20240916,20250916,renewed,2022.83
9029,191,4,20230104,20240104,renewed,2207.1
9030,191,1,20240831,20250831,grace,2644.8
9031,191,4,20230609,20240608,renewed,1488.58
9032,191,6,20231224,20241223,renewed,2441.01
9033,191,5,20240218,20250217,renewed,831.2
9034,191,5,20240516,20250516,renewed,485.94
9035,191,5,20231011,20241010,renewed,824.94
9036,191,5,20240119,20250118,renewed,502.69
9037,191,2,20230428,20240427,lapsed,4740.25
9038,191,1,20230516,20240515,renewed,3856.64
9039,191,6,20240105,20250104,lapsed,7969.31
9040,191,2,20231115,20241114,lapsed,3648.24
9041,191,1,20230302,20240301,renewed,2407.66
9042,191,4,20240108,20250107,lapsed,1460.14
9043,191,4,20230724,20240723,renewed,1632.43
9044,191,2,20240401,20250401,lapsed,4324.19
9045,191,4,20230227,20240227,lapsed,1657.73
9046,191,2,20240920,20250920,lapsed,3883.68
9047,191,4,20240609,20250609,lapsed,2328.78
9048,191,6,20230522,20240521,renewed,2330.28
9049,191,4,20230531,20240530,renewed,1421.37
9050,191,2,20240321,20250321,lapsed,3113.07
9051,191,4,20230404,20240403,lapsed,972.29
9052,191,6,20230512,20240511,renewed,1920.61
9053,191,3,20230606,20240605,renewed,1445.11
9054,191,6,20230611,20240610,renewed,7354.29
9055,191,4,20240224,20250223,renewed,1884.58
9056,191,3,20230409,20240408,renewed,2650.98
9057,191,3,20231102,20241101,lapsed,2970.87
9058,191,4,20241017,20251017,renewed,1817.17
9059,192,1,20231002,20241001,grace,4198.16
9060,192,6,20241028,20251028,renewed,1862.84
9061,192,6,20230930,20240929,lapsed,1921.43
9062,192,3,20241124,20251124,grace,379.36
9063,192,1,20240417,20250417,lapsed,1203.36
9064,192,1,20231229,20241228,lapsed,4272.21
9065,192,5,20230531,20240530,renewed,981.74
9066,192,4,20240907,20250907,lapsed,1100.2
9067,192,1,20230222,20240222,renewed,2563.35
9068,192,2,20241116,20251116,lapsed,4883.8
9069,192,6,20230202,20240202,renewed,2845.35
9070,192,2,20230530,20240529,renewed,4860.33
9071,192,2,20230618,20240617,lapsed,516.12
9072,192,1,20230612,20240611,renewed,4435.29
9073,192,2,20240724,20250724,lapsed,4156.91
9074,192,1,20240909,20250909,lapsed,1150.31
9075,192,3,20240715,20250715,lapsed,1741.76
9076,192,1,20241109,20251109,renewed,985.75
9077,192,5,20240801,20250801,renewed,1170.1
9078,192,4,20230126,20240126,renewed,2338.67
9079,192,6,20230129,20240129,lapsed,7642.32
9080,192,6,20241027,20251027,renewed,2211.57
9081,192,3,20240507,20250507,renewed,923.95
9082,192,6,20231230,20241229,renewed,1419.22
9083,192,1,20240709,20250709,renewed,4538.13
9084,192,2,20241024,20251024,renewed,4471.21
9085,192,6,20230907,20240906,renewed,1647.14
9086,192,1,20230305,20240304,renewed,3054.88
9087,192,3,20240409,20250409,lapsed,422.09
9088,192,1,20230701,20240630,lapsed,1265.18
9089,192,6,20231024,20241023,lapsed,882.4
9090,192,3,20240123,20250122,lapsed,2948.44
9091,192,3,20241005,20251005,renewed,2720.78
9092,192,1,20240716,20250716,renewed,4390.02
9093,192,3,20230413,20240412,renewed,597.2
9094,192,4,20231108,20241107,renewed,2133.05
9095,192,5,20240220,20250219,renewed,729.93
9096,192,5,20240124,20250123,lapsed,1124.54
9097,192,3,20241111,20251111,renewed,1171.66
9098,192,1,20240213,20250212,renewed,1561.06
9099,192,5,20240519,20250519,renewed,389.15
9100,192,2,20240906,20250906,lapsed,3296.65
9101,192,5,20240827,20250827,renewed,268.65
9102,192,1,20240913,20250913,grace,2781.35
9103,192,5,20240201,20250131,renewed,470.74
9104,192,5,20230225,20240225,renewed,368.45
9105,192,2,20240419,20250419,renewed,648.76
9106,192,4,20230429,20240428,lapsed,2113.27
9107,192,6,20231118,20241117,renewed,3712.96
9108,192,2,20230918,20240917,renewed,2785.72
9109,192,3,20240803,20250803,renewed,396.87
9110,192,2,20241005,20251005,renewed,3921.79
9111,192,6,20230109,20240109,renewed,2249.93
9112,192,4,20230606,20240605,renewed,1161.21
9113,192,6,20240201,20250131,renewed,1558.57
9114,192,4,20240106,20250105,lapsed,1951.95
9115,192,6,20231227,20241226,lapsed,5196.26
9116,192,1,20231214,20241213,renewed,2958.17
9117,192,3,20240115,20250114,renewed,795.16
9118,192,2,20230921,20240920,renewed,730.37
9119,193,4,20240208,20250207,renewed,1948.0
9120,193,2,20240103,20250102,renewed,871.88
9121,193,1,20230727,20240726,renewed,2120.35
9122,193,4,20240827,20250827,renewed,2970.62
9123,193,3,20230407,20240406,lapsed,2014.23
9124,193,6,20230305,20240304,lapsed,5142.04
9125,193,3,20231111,20241110,renewed,1277.25
9126,193,6,20230605,20240604,grace,1348.62
9127,193,2,20240714,20250714,lapsed,4251.83
9128,193,5,20230331,20240330,renewed,1094.91
9129,193,4,20230524,20240523,renewed,1685.51
9130,193,1,20230122,20240122,renewed,497.56
9131,193,3,20230222,20240222,renewed,2187.74
9132,193,4,20230610,20240609,grace,2426.96
9133,193,1,20230213,20240213,renewed,3954.14
9134,193,1,20240115,20250114,lapsed,2361.68
9135,193,2,20230130,20240130,renewed,4478.72
9136,193,5,20230630,20240629,renewed,239.2
9137,193,4,20240717,20250717,lapsed,742.7
9138,193,6,20240902,20250902,renewed,5770.65
9139,193,4,20240228,20250227,lapsed,599.84
9140,193,4,20230308,20240307,renewed,2881.87
9141,193,4,20230705,20240704,grace,469.58
9142,193,2,20230218,20240218,renewed,4889.09
9143,193,6,20241031,20251031,renewed,2292.95
9144,193,5,20241112,20251112,renewed,1122.63
9145,193,3,20230727,20240726,renewed,1674.19
9146,193,1,20231207,20241206,renewed,2104.57
9147,193,4,20240327,20250327,renewed,2861.49
9148,193,5,20241102,20251102,renewed,993.44
9149,193,4,20240830,20250830,renewed,1939.34
9150,193,4,20230310,20240309,renewed,1865.94
9151,193,5,20230204,20240204,lapsed,724.01
9152,193,5,20230615,20240614,renewed,964.65
9153,193,4,20240222,20250221,lapsed,820.65
9154,193,4,20230823,20240822,renewed,2666.21
9155,193,5,20240910,20250910,renewed,105.14
9156,193,6,20230907,20240906,renewed,5041.3
9157,193,6,20230919,20240918,lapsed,4431.34
9158,193,2,20230418,20240417,lapsed,1408.18
9159,194,2,20240106,20250105,renewed,4943.59
9160,194,2,20230124,20240124,renewed,3584.34
9161,194,4,20230505,20240504,renewed,2471.97
9162,194,2,20240511,20250511,lapsed,2512.0
9163,194,4,20230130,20240130,grace,1185.4
9164,194,5,20230208,20240208,renewed,945.77
9165,194,2,20230829,20240828,renewed,2521.62
9166,194,3,20230615,20240614,grace,2740.31
9167,194,6,20230330,20240329,renewed,1336.4
9168,194,4,20231107,20241106,renewed,978.22
9169,194,2,20240531,20250531,lapsed,3984.96
9170,194,5,20230705,20240704,renewed,210.72
9171,194,6,20230131,20240131,lapsed,3639.89
9172,194,5,20240225,20250224,renewed,665.07
9173,194,5,20240806,20250806,renewed,940.81
9174,194,6,20241026,20251026,lapsed,1341.46
9175,194,1,20240630,20250630,renewed,4938.94
9176,194,6,20230404,20240403,renewed,4903.85
9177,194,1,20231230,20241229,lapsed,4655.66
9178,194,3,20230916,20240915,renewed,2417.7
9179,194,4,20231118,20241117,renewed,2636.08
9180,194,3,20230811,20240810,renewed,1292.33
9181,194,4,20240109,20250108,lapsed,432.75
9182,194,2,20240204,20250203,renewed,3925.69
9183,194,4,20241001,20251001,renewed,1062.35
9184,194,3,20240906,20250906,renewed,1872.46
9185,194,2,20240831,20250831,renewed,1498.77
9186,194,6,20231216,20241215,renewed,6427.22
9187,194,1,20230417,20240416,renewed,4978.01
9188,194,5,20230813,20240812,renewed,1027.17
9189,194,1,20240307,20250307,renewed,3578.44
9190,194,1,20240305,20250305,renewed,1370.51
9191,194,2,20240906,20250906,renewed,968.32
9192,194,1,20240207,20250206,grace,4214.25
9193,194,6,20240606,20250606,renewed,6415.02
9194,194,5,20230804,20240803,lapsed,845.52
9195,194,1,20231114,20241113,renewed,4493.94
9196,194,2,20230924,20240923,renewed,580.96
9197,194,1,20230302,20240301,renewed,2249.58
9198,194,6,20240209,20250208,lapsed,706.78
9199,194,6,20230829,20240828,lapsed,4130.28
9200,194,5,20240903,20250903,renewed,782.58
9201,194,3,20240701,20250701,renewed,558.2
9202,194,2,20230802,20240801,lapsed,4961.96
9203,194,4,20240322,20250322,renewed,1952.73
9204,194,4,20230612,20240611,renewed,1184.81
9205,194,2,20230802,20240801,renewed,2945.03
9206,194,6,20240826,20250826,renewed,5617.43
9207,194,3,20240106,20250105,renewed,848.29
9208,194,4,20240102,20250101,renewed,341.36
9209,194,1,20240616,20250616,renewed,4602.1
9210,194,2,20240926,20250926,renewed,733.47
9211,194,4,20230712,20240711,lapsed,749.7
9212,194,2,20231220,20241219,renewed,2131.65
9213,194,5,20230720,20240719,renewed,921.5
9214,194,3,20230311,20240310,renewed,2014.08
9215,194,4,20240121,20250120,renewed,2145.24
9216,194,3,20241002,20251002,renewed,2402.01
9217,194,3,20230306,20240305,renewed,2323.14
9218,194,5,20240116,20250115,lapsed,853.81
9219,195,3,20241120,20251120,lapsed,1633.62
9220,195,2,20240916,20250916,renewed,2495.89
9221,195,6,20240103,20250102,lapsed,2478.62
9222,195,4,20240928,20250928,renewed,1142.54
9223,195,4,20241019,20251019,renewed,1168.74
9224,195,1,20240417,20250417,renewed,4850.22
9225,195,6,20240817,20250817,grace,6477.44
9226,195,5,20240911,20250911,renewed,747.43
9227,195,1,20241016,20251016,renewed,2227.27
9228,195,4,20240811,20250811,renewed,565.33
9229,195,6,20240723,20250723,renewed,6141.62
9230,195,2,20230104,20240104,grace,2798.34
9231,195,2,20231125,20241124,renewed,1759.82
9232,195,6,20230503,20240502,lapsed,2143.84
9233,195,6,20230123,20240123,renewed,1400.51
9234,195,6,20230831,20240830,lapsed,2116.51
9235,195,4,20240609,20250609,renewed,1992.49
9236,195,3,20231113,20241112,renewed,2881.13
9237,195,6,20240101,20241231,lapsed,6532.58
9238,195,6,20240204,20250203,renewed,4244.45
9239,195,2,20231031,20241030,renewed,4585.33
9240,195,5,20230725,20240724,renewed,787.85
9241,195,1,20240103,20250102,lapsed,1361.41
9242,195,5,20240428,20250428,renewed,330.03
9243,195,5,20240629,20250629,renewed,1042.27
9244,195,2,20230508,20240507,renewed,3721.09
9245,195,2,20230611,20240610,renewed,761.48
9246,195,4,20240627,20250627,renewed,1931.28
9247,195,6,20240616,20250616,renewed,3248.16
9248,195,1,20240503,20250503,renewed,2051.89
9249,195,5,20231113,20241112,renewed,407.62
9250,195,4,20230521,20240520,renewed,2224.43
9251,195,4,20231028,20241027,renewed,1025.72
9252,195,3,20240801,20250801,renewed,2998.04
9253,195,5,20240718,20250718,renewed,974.77
9254,195,3,20230227,20240227,renewed,2341.13
9255,195,2,20230808,20240807,renewed,450.23
9256,195,1,20240622,20250622,renewed,880.51
9257,195,6,20230103,20240103,renewed,1910.6
9258,195,1,20240228,20250227,renewed,2273.65
9259,195,2,20230317,20240316,grace,1725.28
9260,195,3,20240519,20250519,renewed,921.3
9261,195,2,20240511,20250511,lapsed,4094.86
9262,195,5,20231007,20241006,renewed,484.37
9263,195,6,20230505,20240504,renewed,1050.21
9264,195,2,20241018,20251018,renewed,4910.24
9265,195,4,20240207,20250206,renewed,854.65
9266,195,1,20230106,20240106,renewed,2451.98
9267,195,6,20230428,20240427,grace,4680.57
9268,195,3,20230429,20240428,renewed,2065.68
9269,195,3,20240902,20250902,renewed,1954.84
9270,195,3,20240602,20250602,renewed,1011.24
9271,195,4,20231016,20241015,lapsed,2519.51
9272,195,2,20230515,20240514,renewed,1593.48
9273,195,6,20240121,20250120,renewed,5063.83
9274,195,5,20230928,20240927,renewed,201.04
9275,195,2,20240716,20250716,renewed,4764.03
9276,195,2,20240526,20250526,renewed,2810.42
9277,195,2,20240404,20250404,renewed,4102.45
9278,195,5,20230201,20240201,lapsed,803.08
9279,195,1,20231209,20241208,renewed,4397.12
9280,195,3,20230308,20240307,renewed,1456.38
9281,195,3,20230122,20240122,renewed,466.5
9282,195,3,20240218,20250217,renewed,2135.3
9283,195,5,20231213,20241212,renewed,880.98
9284,195,4,20240921,20250921,renewed,1700.75
9285,195,6,20240621,20250621,renewed,3837.72
9286,195,2,20240111,20250110,renewed,1048.88
9287,195,4,20230317,20240316,renewed,504.59
9288,195,1,20231115,20241114,renewed,4154.46
9289,195,2,20230803,20240802,renewed,3210.1
9290,196,2,20230718,20240717,renewed,4483.24
9291,196,3,20240524,20250524,renewed,1323.04
9292,196,6,20230905,20240904,lapsed,1259.69
9293,196,5,20240129,20250128,lapsed,1134.85
9294,196,1,20240808,20250808,renewed,3245.77
9295,196,5,20240412,20250412,renewed,299.05
9296,196,3,20231117,20241116,renewed,2480.42
9297,196,5,20240429,20250429,lapsed,132.56
9298,196,4,20231206,20241205,renewed,962.17
9299,196,3,20230511,20240510,lapsed,285.99
9300,196,3,20230109,20240109,renewed,1756.72
9301,196,1,20230203,20240203,renewed,3315.54
9302,196,1,20230306,20240305,renewed,4080.34
9303,196,6,20231102,20241101,lapsed,7659.94
9304,196,1,20230827,20240826,renewed,1393.97
9305,196,5,20240801,20250801,renewed,264.07
9306,196,1,20240812,20250812,renewed,2400.25
9307,196,6,20240806,20250806,lapsed,3211.97
9308,196,6,20240512,20250512,lapsed,5957.0
9309,196,1,20240502,20250502,lapsed,3743.2
9310,196,2,20231005,20241004,renewed,1456.47
9311,196,6,20230808,20240807,renewed,5432.77
9312,196,2,20240202,20250201,renewed,1147.31
9313,196,5,20230802,20240801,lapsed,356.04
9314,196,5,20230627,20240626,lapsed,754.62
9315,196,4,20230807,20240806,lapsed,2460.21
9316,196,3,20240710,20250710,renewed,484.35
9317,197,3,20240415,20250415,renewed,2139.02
9318,197,6,20240214,20250213,lapsed,7584.12
9319,197,5,20230106,20240106,renewed,502.9
9320,197,1,20240326,20250326,renewed,3603.02
9321,197,2,20230328,20240327,renewed,4329.74
9322,197,3,20240914,20250914,renewed,2020.46
9323,197,5,20240513,20250513,lapsed,180.02
9324,197,2,20230207,20240207,lapsed,3315.89
9325,197,1,20230807,20240806,grace,3686.18
9326,197,4,20230323,20240322,lapsed,1765.46
9327,197,4,20240827,20250827,lapsed,2378.08
9328,197,6,20240211,20250210,lapsed,7687.3
9329,197,3,20240629,20250629,lapsed,2111.77
9330,197,1,20240530,20250530,lapsed,4421.12
9331,197,3,20230728,20240727,renewed,2963.64
9332,197,1,20231003,20241002,renewed,1384.33
9333,197,4,20240217,20250216,grace,1231.99
9334,197,4,20230613,20240612,lapsed,2331.98
9335,197,6,20241103,20251103,renewed,1450.67
9336,197,6,20230825,20240824,renewed,1755.84
9337,197,5,20230509,20240508,renewed,186.81
9338,197,2,20240331,20250331,lapsed,1022.1
9339,197,3,20240217,20250216,renewed,464.79
9340,197,5,20240402,20250402,lapsed,624.11
9341,197,6,20230926,20240925,lapsed,3494.71
9342,197,3,20230304,20240303,grace,1071.5
9343,197,3,20231113,20241112,grace,1267.75
9344,197,4,20230801,20240731,lapsed,1112.42
9345,197,4,20230621,20240620,lapsed,2072.76
9346,197,1,20231203,20241202,grace,3221.09
9347,197,1,20240623,20250623,lapsed,3025.24
9348,197,2,20240117,20250116,grace,3288.26
9349,197,6,20230504,20240503,renewed,6606.5
9350,197,1,20240115,20250114,renewed,1589.99
9351,197,5,20230119,20240119,lapsed,371.69
9352,197,5,20231220,20241219,renewed,873.97
9353,197,4,20240502,20250502,lapsed,2877.53
9354,197,3,20240202,20250201,renewed,2507.78
9355,197,3,20240703,20250703,grace,2132.22
9356,197,5,20231211,20241210,renewed,238.94
9357,197,3,20230709,20240708,grace,338.5
9358,197,3,20230118,20240118,renewed,619.86
9359,197,1,20240315,20250315,renewed,2430.29
9360,197,5,20240219,20250218,grace,881.02
9361,197,1,20230401,20240331,renewed,4952.4
9362,197,6,20240726,20250726,lapsed,4673.44
9363,197,5,20240909,20250909,renewed,809.03
9364,197,4,20230918,20240917,grace,2116.53
9365,197,4,20240520,20250520,lapsed,2203.5
9366,197,3,20240420,20250420,renewed,2626.56
9367,197,6,20241006,20251006,renewed,6168.46
9368,197,2,20230620,20240619,lapsed,572.31
9369,197,2,20230630,20240629,renewed,3839.61
9370,197,4,20230912,20240911,renewed,353.6
9371,197,5,20231106,20241105,renewed,1046.4
9372,197,4,20240815,20250815,renewed,1627.42
9373,197,5,20230218,20240218,lapsed,822.13
9374,197,1,20230225,20240225,renewed,460.11
9375,197,1,20240308,20250308,renewed,3012.7
9376,197,1,20241116,20251116,lapsed,740.73
9377,197,6,20241024,20251024,renewed,2268.54
9378,197,5,20230414,20240413,lapsed,1125.49
9379,197,6,20231201,20241130,lapsed,5606.67
9380,197,4,20240708,20250708,renewed,2040.95
9381,197,1,20240701,20250701,renewed,2111.43
9382,197,4,20240615,20250615,lapsed,2004.43
9383,197,3,20230724,20240723,renewed,1574.01
9384,197,5,20231205,20241204,lapsed,552.68
9385,197,6,20230612,20240611,renewed,1103.29
9386,197,4,20240226,20250225,renewed,973.87
9387,197,4,20230808,20240807,lapsed,381.07
9388,198,4,20241023,20251023,renewed,886.67
9389,198,1,20230923,20240922,renewed,1725.46
9390,198,4,20240715,20250715,lapsed,731.39
9391,198,6,20241030,20251030,renewed,3212.01
9392,198,4,20240117,20250116,renewed,1692.2
9393,198,6,20230531,20240530,renewed,5249.69
9394,198,1,20240311,20250311,renewed,661.27
9395,198,1,20240413,20250413,renewed,4843.13
9396,198,4,20240906,20250906,renewed,2415.69
9397,198,2,20230205,20240205,renewed,660.34
9398,198,3,20240818,20250818,renewed,1562.44
9399,198,5,20230220,20240220,renewed,532.76
9400,198,1,20240713,20250713,renewed,4195.12
9401,198,4,20240913,20250913,renewed,2238.75
9402,198,2,20240430,20250430,renewed,1076.27
9403,198,4,20241116,20251116,lapsed,909.14
9404,198,5,20230222,20240222,renewed,229.68
9405,198,5,20240410,20250410,lapsed,494.88
9406,198,4,20230214,20240214,lapsed,453.09
9407,198,3,20230815,20240814,renewed,2587.94
9408,198,3,20230523,20240522,renewed,1099.44
9409,198,3,20230712,20240711,renewed,2159.06
9410,198,1,20240731,20250731,renewed,1655.44
9411,198,5,20240124,20250123,renewed,364.05
9412,198,5,20240331,20250331,lapsed,1109.35
9413,198,3,20230410,20240409,renewed,1181.11
9414,198,2,20230203,20240203,renewed,2689.52
9415,198,6,20230104,20240104,renewed,4118.04
9416,198,5,20230407,20240406,renewed,373.38
9417,198,1,20230128,20240128,lapsed,505.21
9418,198,3,20240916,20250916,renewed,519.88
9419,198,1,20240803,20250803,renewed,1421.56
9420,198,4,20240214,20250213,renewed,1219.93
9421,198,5,20230301,20240229,renewed,863.61
9422,198,6,20240207,20250206,renewed,534.9
9423,198,6,20230619,20240618,renewed,6649.23
9424,198,1,20230528,20240527,renewed,3622.64
9425,198,5,20230828,20240827,lapsed,1146.64
9426,198,3,20230602,20240601,renewed,1760.04
9427,198,3,20240411,20250411,grace,2196.24
9428,198,1,20240429,20250429,lapsed,1296.04
9429,198,3,20230405,20240404,lapsed,2267.5
9430,198,6,20230920,20240919,lapsed,1240.41
9431,198,5,20231218,20241217,renewed,957.91
9432,198,2,20240801,20250801,lapsed,1493.67
9433,198,2,20240922,20250922,lapsed,657.84
9434,198,6,20241110,20251110,lapsed,3258.32
9435,198,6,20240121,20250120,renewed,7229.36
9436,198,5,20240420,20250420,renewed,633.57
9437,198,3,20230214,20240214,lapsed,266.73
9438,198,6,20231220,20241219,renewed,3001.83
9439,198,2,20240802,20250802,lapsed,3794.56
9440,198,1,20230305,20240304,grace,2788.98
9441,198,3,20241017,20251017,renewed,1849.63
9442,198,6,20230126,20240126,renewed,4231.64
9443,198,4,20231202,20241201,lapsed,1640.6
9444,198,4,20240126,20250125,lapsed,1114.93
9445,198,3,20230823,20240822,renewed,2963.45
9446,198,4,20240101,20241231,renewed,947.47
9447,198,1,20240417,20250417,renewed,3217.8
9448,198,3,20240816,20250816,renewed,2634.12
9449,198,5,20230318,20240317,renewed,253.21
9450,198,6,20230508,20240507,renewed,4920.12
9451,198,6,20230831,20240830,lapsed,4288.43
9452,198,4,20240211,20250210,lapsed,980.11
9453,198,1,20240411,20250411,grace,4362.81
9454,198,5,20240106,20250105,lapsed,103.58
9455,198,6,20231210,20241209,renewed,2608.36
9456,198,3,20240830,20250830,lapsed,2320.6
9457,199,4,20230811,20240810,renewed,2613.33
9458,199,1,20240618,20250618,renewed,3561.8
9459,199,1,20240628,20250628,lapsed,3529.96
9460,199,6,20240517,20250517,renewed,4458.03
9461,199,4,20230511,20240510,renewed,2477.26
9462,199,2,20240419,20250419,renewed,3054.6
9463,199,4,20231221,20241220,lapsed,1959.12
9464,199,3,20240209,20250208,renewed,1114.49
9465,199,6,20241113,20251113,lapsed,4620.88
9466,199,5,20230901,20240831,grace,700.36
9467,199,5,20240317,20250317,renewed,181.98
9468,199,4,20230828,20240827,grace,960.46
9469,199,4,20240209,20250208,lapsed,2964.97
9470,199,2,20230928,20240927,lapsed,4489.25
9471,199,6,20240925,20250925,lapsed,5361.87
9472,199,1,20240919,20250919,lapsed,1675.51
9473,199,5,20231023,20241022,renewed,1117.78
9474,199,1,20230923,20240922,renewed,1912.83
9475,199,3,20231204,20241203,lapsed,872.66
9476,199,1,20240722,20250722,lapsed,428.81
9477,199,6,20231201,20241130,renewed,789.94
9478,199,4,20240419,20250419,lapsed,2362.22
9479,199,3,20231011,20241010,lapsed,1822.0
9480,199,4,20240824,20250824,renewed,389.25
9481,199,3,20230519,20240518,renewed,1332.68
9482,199,5,20230609,20240608,lapsed,815.3
9483,199,6,20240305,20250305,lapsed,6811.74
9484,199,5,20230907,20240906,lapsed,639.41
9485,199,1,20231128,20241127,renewed,1315.25
9486,199,1,20231127,20241126,renewed,2632.96
9487,199,4,20230324,20240323,lapsed,1891.46
9488,199,1,20240602,20250602,lapsed,489.48
9489,199,2,20231216,20241215,lapsed,4444.73
9490,199,5,20240319,20250319,renewed,638.64
9491,199,6,20240605,20250605,renewed,2809.09
9492,199,3,20230603,20240602,renewed,2818.5
9493,199,4,20240305,20250305,renewed,2391.68
9494,199,3,20230105,20240105,renewed,1744.6
9495,199,1,20240113,20250112,renewed,586.07
9496,199,4,20240827,20250827,renewed,1962.45
9497,199,5,20241118,20251118,renewed,1172.9
9498,199,6,20240330,20250330,lapsed,4278.76
9499,199,2,20240814,20250814,renewed,1409.76
9500,199,1,20240829,20250829,lapsed,2303.88
9501,199,5,20240704,20250704,renewed,693.85
9502,199,5,20240528,20250528,lapsed,289.9
9503,199,4,20230915,20240914,renewed,1671.78
9504,199,5,20241020,20251020,renewed,1153.51
9505,199,4,20240404,20250404,renewed,2357.64
9506,199,2,20230617,20240616,lapsed,4502.92
9507,199,2,20230805,20240804,renewed,744.25
9508,199,1,20241010,20251010,renewed,436.53
9509,199,2,20240401,20250401,renewed,3194.89
9510,199,3,20230305,20240304,renewed,2757.98
9511,199,3,20230528,20240527,lapsed,2788.23
9512,199,1,20230918,20240917,renewed,1251.33
9513,199,2,20241008,20251008,renewed,1573.49
9514,199,2,20230617,20240616,lapsed,4117.95
9515,199,5,20240729,20250729,lapsed,111.26
9516,199,1,20241114,20251114,lapsed,4610.96
9517,199,3,20231209,20241208,lapsed,1162.57
9518,199,6,20230724,20240723,lapsed,5177.11
9519,199,5,20231113,20241112,renewed,1128.74
9520,199,2,20240904,20250904,lapsed,420.18
9521,199,2,20240310,20250310,renewed,4193.76
9522,199,1,20240320,20250320,lapsed,4091.09
9523,199,3,20230411,20240410,lapsed,2989.02
9524,199,1,20231129,20241128,lapsed,418.29
9525,199,4,20240224,20250223,lapsed,1754.76
9526,200,5,20230611,20240610,renewed,624.38
9527,200,4,20240423,20250423,renewed,1049.92
9528,200,4,20230828,20240827,renewed,1313.24
9529,200,2,20231128,20241127,renewed,3958.55
9530,200,4,20240114,20250113,renewed,1722.19
9531,200,4,20231021,20241020,renewed,934.39
9532,200,6,20230921,20240920,renewed,7092.22
9533,200,2,20230619,20240618,renewed,3699.31
9534,200,4,20240508,20250508,renewed,321.62
9535,200,2,20240528,20250528,lapsed,4332.47
9536,200,4,20240212,20250211,grace,2010.92
9537,200,5,20240830,20250830,lapsed,363.78
9538,200,1,20240827,20250827,renewed,1578.12
9539,200,1,20240520,20250520,lapsed,2296.34
9540,200,5,20240701,20250701,renewed,150.9
9541,200,6,20230517,20240516,renewed,1922.51
9542,200,2,20240405,20250405,renewed,1950.88
9543,200,5,20230728,20240727,renewed,251.83
9544,200,4,20230918,20240917,renewed,1495.75
9545,200,6,20240522,20250522,lapsed,1473.16
9546,200,3,20240416,20250416,renewed,577.91
9547,200,2,20230727,20240726,grace,2059.48
9548,200,5,20231004,20241003,renewed,1056.73
9549,200,5,20240611,20250611,renewed,917.99
9550,200,1,20240905,20250905,renewed,533.63
9551,200,5,20240916,20250916,lapsed,615.12
9552,200,6,20230425,20240424,renewed,6208.69
9553,200,5,20241101,20251101,lapsed,903.95
9554,200,4,20231221,20241220,renewed,749.21
9555,200,6,20230911,20240910,renewed,4140.91
9556,200,3,20230118,20240118,renewed,1116.45
9557,200,2,20230617,20240616,renewed,3340.04
9558,200,3,20230623,20240622,renewed,2124.69
9559,200,6,20240722,20250722,lapsed,5643.16
9560,200,6,20241013,20251013,renewed,7124.71
9561,200,3,20240703,20250703,renewed,2231.28
9562,200,5,20231010,20241009,renewed,1096.84
9563,200,3,20231021,20241020,renewed,2932.71
9564,200,3,20240511,20250511,renewed,1865.78
9565,200,5,20240914,20250914,lapsed,695.38
9566,200,6,20230419,20240418,grace,1883.52
9567,200,6,20240114,20250113,renewed,3947.06
9568,200,1,20230830,20240829,renewed,3044.74
9569,200,5,20231203,20241202,lapsed,182.46
9570,200,1,20240810,20250810,renewed,4979.07
9571,200,1,20240717,20250717,renewed,3962.85
9572,200,4,20231226,20241225,renewed,338.42
9573,200,5,20231224,20241223,grace,382.02
9574,200,2,20230512,20240511,renewed,3913.26
9575,200,2,20230129,20240129,grace,597.81
9576,200,2,20240410,20250410,renewed,2735.8
9577,200,1,20240831,20250831,lapsed,1773.25
9578,200,4,20241014,20251014,renewed,2241.98
9579,200,4,20240511,20250511,renewed,2025.63
9580,200,1,20240209,20250208,lapsed,1505.16
9581,200,3,20230318,20240317,renewed,2196.05
9582,200,6,20231021,20241020,renewed,4156.23
9583,200,4,20240326,20250326,renewed,1422.89
9584,200,5,20230917,20240916,renewed,957.75
9585,200,2,20230606,20240605,grace,4539.85
9586,200,2,20230124,20240124,renewed,1675.99
9587,200,3,20230616,20240615,renewed,2062.13
9588,200,1,20230821,20240820,renewed,2866.05
9589,200,3,20231125,20241124,renewed,961.05
9590,200,5,20240816,20250816,renewed,962.12
9591,200,4,20231109,20241108,renewed,1240.59
9592,200,1,20231119,20241118,lapsed,707.36
