sale_id,date_key,agent_id,product_id,ape_usd,fyp_usd,policies_issued,sale_channel
2550,20250806,32,6,3690.03,4466.78,2,tied_agency
10511,20240326,129,4,2863.9,2614.03,2,tied_agency
7202,20240923,87,2,3491.01,3190.41,1,bancassurance
12932,20230904,161,4,898.09,1338.17,2,bancassurance
10875,20230727,133,2,1308.7,1193.45,2,tied_agency
10074,20251030,125,1,4882.66,6463.01,1,bancassurance
10240,20251024,126,2,3258.72,4696.49,1,bancassurance
14033,20230106,176,2,2823.34,3995.99,1,bancassurance
15188,20250502,9002,5,1054.92,1363.87,2,tied_agency
213,20230731,5,4,2037.31,2978.02,1,bancassurance
1108,20231213,19,3,1689.57,2132.07,2,tied_agency
10076,20251215,125,6,4674.12,5135.93,2,bancassurance
2083,20250101,9003,4,2002.65,2628.14,2,bancassurance
15843,20241217,195,3,2161.73,2081.77,1,bancassurance
2393,20251203,31,4,1590.41,2370.64,1,tied_agency
835,20230413,15,6,3540.6,4299.32,1,tied_agency
5216,20240612,64,6,5206.46,6057.88,1,tied_agency
10862,20230112,133,6,5634.63,7475.65,2,tied_agency
2914,20230821,37,4,713.06,1002.43,1,tied_agency
7068,20241010,85,3,2651.78,3873.09,2,tied_agency
3661,20230712,47,5,1192.9,1315.2,1,tied_agency
8988,20250318,111,4,560.5,604.25,1,bancassurance
4301,20230216,54,6,2476.93,3444.06,1,bancassurance
14907,20240424,184,5,1172.15,1228.96,1,bancassurance
335,20230310,8,6,7365.85,10527.93,1,bancassurance
109,20250203,3,6,7860.19,11544.6,2,tied_agency
9134,20251119,113,2,864.72,1183.45,2,tied_agency
2195,20231122,29,4,1489.98,1752.74,1,tied_agency
7205,20241218,9003,5,459.46,501.71,2,bancassurance
14696,20231006,183,4,2005.19,1951.04,1,tied_agency
11969,20250813,149,6,2266.46,2653.07,2,bancassurance
3001,20250207,37,1,2596.43,3661.35,1,tied_agency
16062,20250415,199,2,4628.61,6721.28,2,bancassurance
11294,20251210,138,2,2186.3,2201.78,2,tied_agency
9008,20230517,112,6,1625.52,1876.88,1,bancassurance
356,20231002,8,1,1901.18,1756.49,2,bancassurance
7829,20250428,96,2,2298.62,2266.97,2,tied_agency
7859,20251009,96,6,5284.52,5558.78,2,tied_agency
168,20240725,4,2,4754.24,7080.76,2,tied_agency
1959,20230112,28,1,4202.04,6034.02,2,bancassurance
1287,20231225,21,5,792.5,828.01,2,tied_agency
6089,20230320,74,4,1351.57,1494.78,2,tied_agency
8007,20240301,98,2,2470.78,2282.35,1,bancassurance
1550,20230705,24,6,7594.05,9444.75,2,bancassurance
15083,20230706,186,6,1560.48,2297.76,1,tied_agency
2179,20230907,29,6,6676.36,9198.44,2,tied_agency
1259,20230814,21,5,231.97,217.63,1,tied_agency
3115,20250429,38,2,3477.51,3693.37,2,bancassurance
12696,20251024,157,3,2494.61,2419.92,1,bancassurance
2997,20250210,37,1,2975.41,3640.16,1,tied_agency
7391,20241016,90,4,1015.21,1362.56,2,bancassurance
2254,20241230,29,5,735.63,835.16,2,tied_agency
3251,20231026,40,6,1574.07,1957.51,2,tied_agency
13974,20231106,174,3,533.8,501.17,1,bancassurance
10402,20241115,128,1,3288.46,3012.7,2,tied_agency
15938,20241023,197,4,2509.39,3477.31,2,tied_agency
1925,20230626,27,2,2492.36,2252.03,2,bancassurance
9687,20240326,123,3,574.45,679.46,1,tied_agency
1839,20240822,26,2,2302.53,2172.63,2,tied_agency
4168,20240325,52,2,2802.8,3969.29,1,tied_agency
15472,20250605,190,1,2697.99,2748.23,1,tied_agency
14543,20240326,182,6,1286.12,1672.06,2,tied_agency
4839,20241126,61,1,2153.07,2632.54,1,bancassurance
16072,20230213,200,4,2209.79,2650.45,1,tied_agency
5612,20250331,68,6,6525.83,7752.75,2,tied_agency
10189,20241223,126,1,4732.64,5893.78,2,bancassurance
13429,20250123,166,5,927.29,1274.08,2,tied_agency
185,20250207,9008,2,4374.45,5165.41,1,tied_agency
12661,20250310,157,1,4330.32,4622.03,2,bancassurance
9513,20251022,121,1,937.38,1289.59,1,tied_agency
15249,20231218,187,4,746.88,1086.69,1,bancassurance
11768,20240122,148,5,299.41,347.57,1,bancassurance
4051,20240710,51,3,2092.93,2125.56,1,tied_agency
9540,20231208,122,4,1762.35,1691.26,2,tied_agency
6858,20250818,83,5,452.91,500.44,2,bancassurance
8296,20231030,9002,1,1518.5,1959.16,1,bancassurance
15080,20230628,186,3,2108.43,2152.05,1,tied_agency
10368,20240424,9011,2,1562.29,1495.97,2,tied_agency
2697,20230529,35,2,3489.97,4090.92,1,tied_agency
12155,20230829,152,2,1911.28,1924.46,2,bancassurance
12604,20240226,9008,1,4002.73,5681.38,1,bancassurance
6571,20230728,80,2,1710.67,1998.79,2,bancassurance
6149,20250512,74,5,1145.55,1541.47,2,tied_agency
9490,20240524,121,1,3986.03,4721.0,1,tied_agency
757,20241030,13,2,3345.01,3152.75,1,bancassurance
11654,20251212,144,5,315.27,424.35,2,bancassurance
12333,20230713,154,6,4751.49,6856.96,1,tied_agency
14330,20240306,180,6,5269.37,5833.87,1,tied_agency
1659,20250311,24,6,4862.38,6890.89,2,bancassurance
7322,20241227,89,1,4968.01,5074.32,1,bancassurance
2462,20240325,32,6,5184.17,6005.85,1,tied_agency
9339,20251211,116,1,4020.66,4669.08,2,bancassurance
923,20230223,16,3,782.91,930.82,1,tied_agency
10638,20240322,130,4,1322.59,1432.04,2,tied_agency
6520,20250121,79,4,1654.3,1850.09,2,bancassurance
2530,20250424,32,4,1795.12,1634.42,1,tied_agency
10082,20230103,126,2,810.0,737.08,1,bancassurance
14840,20230414,184,4,2197.28,3251.01,1,bancassurance
7041,20240325,85,4,2830.53,3934.02,2,tied_agency
1330,20240930,21,1,2511.47,2612.54,1,tied_agency
5284,20230831,65,1,1913.58,1894.79,2,tied_agency
7995,20231106,98,2,4719.02,6963.01,1,bancassurance
11912,20240723,149,4,2441.0,2664.84,1,bancassurance
1996,20230904,28,1,4423.65,5002.25,1,bancassurance
11504,20250407,141,6,5144.59,6450.42,2,bancassurance
1227,20230313,21,6,6042.17,8384.69,2,tied_agency
15446,20240826,190,1,3174.44,3706.3,2,tied_agency
11626,20250114,144,3,739.09,745.67,2,bancassurance
8480,20230809,103,5,1131.99,1146.0,1,tied_agency
3269,20240903,40,3,2303.94,3234.24,1,tied_agency
13162,20230417,9008,2,1873.96,1994.62,1,tied_agency
4260,20251103,52,2,2051.09,2416.61,1,tied_agency
3737,20230410,48,2,1480.35,1828.9,2,tied_agency
5194,20230829,64,4,2669.12,3840.38,1,tied_agency
15180,20250303,186,4,2222.78,2960.76,2,tied_agency
7247,20240226,88,3,1189.85,1330.59,1,bancassurance
9457,20240617,120,1,4271.94,4698.91,1,tied_agency
9204,20231009,115,6,5982.26,5861.67,1,tied_agency
3144,20230501,39,4,2652.26,3177.09,2,bancassurance
14779,20250401,183,6,4574.27,5243.44,1,tied_agency
3874,20240812,49,4,1268.26,1826.88,2,tied_agency
15139,20240613,186,4,2479.81,3257.98,1,tied_agency
9702,20240501,9001,5,625.23,867.82,2,tied_agency
4300,20230216,54,5,445.65,408.32,2,bancassurance
11642,20250701,144,5,1116.84,1138.78,2,bancassurance
12141,20230328,152,1,1281.04,1672.3,2,bancassurance
7403,20250331,90,4,2487.92,2283.94,1,bancassurance
2012,20231220,28,5,1138.83,1213.84,2,bancassurance
6285,20230508,76,6,6646.66,7847.35,2,tied_agency
4501,20250407,56,6,6072.94,6014.21,2,tied_agency
15735,20231114,194,4,2744.37,2639.25,1,bancassurance
216,20230825,5,4,1597.41,1955.0,1,bancassurance
12413,20251219,154,5,854.09,1112.55,2,tied_agency
13265,20250915,164,3,810.79,1140.75,2,tied_agency
2489,20240930,32,1,2304.95,3342.1,2,tied_agency
3517,20240924,45,3,777.48,799.84,1,tied_agency
10290,20251028,127,6,6200.14,5584.0,2,bancassurance
6113,20240214,9009,2,3323.47,4358.3,1,tied_agency
9983,20251201,124,4,797.08,782.11,1,bancassurance
2079,20241225,28,1,4844.26,6966.49,2,bancassurance
2770,20250901,35,5,553.55,576.7,2,tied_agency
10494,20231019,129,5,846.28,923.73,2,tied_agency
15051,20250225,9005,1,3060.37,2956.96,2,tied_agency
8315,20240226,101,3,2718.96,2875.55,2,bancassurance
2797,20230726,36,1,4045.91,4294.44,1,bancassurance
14377,20230531,181,1,3032.57,4002.11,1,tied_agency
11142,20240215,137,1,3189.04,4767.86,1,bancassurance
3368,20230904,43,5,512.35,735.49,2,tied_agency
3292,20250609,40,3,2260.76,2663.34,1,tied_agency
494,20251104,9,3,1963.93,2314.01,2,bancassurance
6707,20231030,82,2,2347.26,2450.76,2,bancassurance
11534,20251124,142,1,3587.16,5033.8,1,bancassurance
614,20230308,12,6,6426.38,7194.28,2,bancassurance
14359,20230118,9008,3,1184.76,1089.27,2,tied_agency
9056,20230517,113,3,1502.34,1902.73,2,tied_agency
8001,20240202,98,5,595.66,869.47,1,bancassurance
11765,20231219,9001,4,2884.08,3762.32,1,bancassurance
12349,20240101,154,1,1507.69,1517.01,1,tied_agency
11728,20250610,147,2,2579.95,3189.36,1,tied_agency
5021,20230501,63,6,4725.41,5151.89,1,bancassurance
6482,20231225,79,5,493.34,506.92,1,bancassurance
4939,20240118,62,4,1317.87,1744.01,2,tied_agency
7922,20240610,97,1,976.79,1389.98,2,bancassurance
914,20251020,15,6,2213.87,2177.21,2,tied_agency
9364,20231017,118,5,342.11,326.58,2,bancassurance
8320,20240325,101,4,2172.7,2813.12,1,bancassurance
8482,20230814,103,2,1008.88,1429.92,2,tied_agency
13172,20240617,163,1,2037.02,2200.12,2,tied_agency
8175,20231226,100,5,272.16,286.56,2,bancassurance
10422,20250304,128,5,1179.87,1678.71,2,tied_agency
4861,20250310,61,3,1442.11,1679.56,1,bancassurance
3484,20230717,45,2,4777.42,6771.12,1,tied_agency
10677,20241224,130,1,853.02,1186.41,2,tied_agency
11001,20240821,134,3,1652.58,2287.57,2,bancassurance
7655,20230904,95,5,221.44,291.46,2,bancassurance
4103,20230331,52,1,3440.48,3255.47,2,tied_agency
5768,20240126,70,3,1234.31,1810.59,2,tied_agency
7869,20251111,96,6,1793.17,1861.43,2,tied_agency
6489,20240228,79,3,2634.17,3804.46,2,bancassurance
67,20250313,2,3,2919.24,3850.73,1,tied_agency
5645,20230327,69,3,1298.66,1333.99,1,tied_agency
431,20230929,9,4,2331.46,3453.97,2,bancassurance
14151,20231113,177,2,3426.22,4037.03,1,tied_agency
657,20240813,12,3,700.1,645.95,2,bancassurance
9656,20230906,123,3,1533.88,2141.56,1,tied_agency
7056,20240711,85,4,1384.1,1662.39,2,tied_agency
14735,20240719,183,6,4188.0,4501.24,1,tied_agency
2977,20240916,37,4,2542.66,2618.47,2,tied_agency
14655,20230213,183,2,994.47,1263.02,2,tied_agency
11478,20251120,140,4,1304.68,1376.72,2,bancassurance
694,20250919,12,4,1250.09,1546.72,1,bancassurance
4014,20230417,51,5,627.96,896.28,2,tied_agency
963,20230102,17,2,3542.03,3189.67,2,tied_agency
5397,20240415,66,3,2716.8,3441.71,2,bancassurance
7240,20231208,88,2,2200.66,3275.41,1,bancassurance
15126,20240328,186,3,1771.23,1854.18,1,tied_agency
7695,20230320,96,1,1208.3,1596.16,2,tied_agency
12299,20250523,153,3,516.87,564.62,1,bancassurance
13875,20230710,173,5,884.92,1078.3,1,tied_agency
8203,20241029,100,5,455.07,520.19,1,bancassurance
9203,20231013,115,6,3784.07,4620.14,2,tied_agency
12211,20250630,152,6,2901.72,3512.7,2,bancassurance
10321,20230706,128,1,4626.41,5215.52,1,tied_agency
11456,20250214,140,5,1133.14,1590.34,2,bancassurance
11284,20250922,138,6,1820.56,1931.18,1,tied_agency
468,20250110,9,1,2964.13,2950.45,2,bancassurance
6655,20231102,81,4,1528.08,1740.31,1,tied_agency
9061,20230731,113,3,2207.38,2925.96,1,tied_agency
10387,20240820,128,3,2975.14,3497.08,1,tied_agency
12296,20250324,153,4,1329.9,1584.53,1,bancassurance
2266,20250220,29,5,661.18,692.27,2,tied_agency
10755,20240926,131,5,618.59,737.55,1,tied_agency
2840,20250108,9004,3,766.24,757.65,1,bancassurance
10428,20250421,128,6,3327.72,4546.88,2,tied_agency
2423,20230808,32,5,294.91,436.48,2,tied_agency
9592,20250616,122,2,1959.96,2866.07,1,tied_agency
1441,20230220,23,2,3335.58,4881.6,1,bancassurance
1025,20240118,18,2,3522.33,4659.78,1,tied_agency
14090,20250127,176,5,487.24,695.45,2,bancassurance
14888,20240117,184,4,1089.86,1052.75,2,bancassurance
15462,20250206,190,3,2927.81,3449.77,2,tied_agency
4317,20240301,54,1,2721.67,3942.75,2,bancassurance
10813,20240517,132,3,1969.05,2529.6,2,tied_agency
4431,20231229,56,2,875.98,907.11,2,tied_agency
13489,20240213,167,6,2499.16,2319.25,1,bancassurance
11561,20250120,143,1,1162.86,1433.67,1,bancassurance
2436,20231116,32,4,1005.37,1421.18,2,tied_agency
4026,20230801,51,6,7571.6,7488.54,2,tied_agency
8878,20241230,108,2,2239.08,2535.57,2,bancassurance
11019,20250526,134,2,2945.62,3965.96,1,bancassurance
908,20250730,15,5,994.35,1300.35,2,tied_agency
5015,20230413,63,6,5814.51,6794.42,1,bancassurance
7599,20251029,92,5,1005.79,1410.13,1,tied_agency
8204,20241028,100,6,6241.43,7715.72,2,bancassurance
6405,20240812,78,1,4936.6,5188.66,1,tied_agency
4603,20241125,58,6,6488.97,6222.76,1,tied_agency
6064,20250408,73,1,4754.38,6492.44,1,tied_agency
4922,20230817,62,5,1077.78,1110.16,1,tied_agency
1160,20250616,19,6,7640.98,8327.86,2,tied_agency
7964,20250904,97,1,1672.85,1762.35,2,bancassurance
5080,20240605,63,6,1218.75,1656.19,2,bancassurance
13838,20231106,171,2,4796.88,5405.19,1,bancassurance
6178,20230227,75,6,5416.87,4944.98,1,tied_agency
787,20250918,13,6,1912.63,1876.14,1,bancassurance
3638,20251021,46,2,4004.87,4875.74,1,bancassurance
13547,20230329,168,1,814.09,875.61,1,tied_agency
11777,20240502,148,1,4570.04,5870.79,1,bancassurance
2939,20240109,37,1,2503.29,2540.09,1,tied_agency
14882,20231211,184,2,2932.71,4183.45,2,bancassurance
10521,20241014,129,3,1304.62,1827.57,2,tied_agency
14668,20230411,183,6,2331.63,3060.27,2,tied_agency
4200,20241021,52,5,1159.83,1631.49,1,tied_agency
10329,20230818,128,4,2156.67,2502.5,1,tied_agency
1485,20240911,23,1,1761.84,2360.38,1,bancassurance
12323,20230220,154,1,3309.12,3402.71,1,tied_agency
6348,20250723,76,6,6109.05,8663.17,1,tied_agency
13408,20240311,166,1,3577.73,4029.8,1,tied_agency
10482,20230426,129,3,1974.26,1838.93,2,tied_agency
14027,20251208,174,3,1515.34,1428.84,1,bancassurance
1859,20241126,26,1,1907.65,2504.27,2,tied_agency
4264,20251215,52,4,2939.04,4179.86,2,tied_agency
14859,20230717,184,2,1665.21,2114.44,2,bancassurance
8602,20231024,104,1,3139.9,2882.05,2,bancassurance
3381,20240318,43,3,1286.87,1826.21,2,tied_agency
10068,20250814,125,1,4124.22,6038.2,1,bancassurance
4931,20231113,62,4,2475.77,3204.23,1,tied_agency
14903,20240313,184,4,1127.0,1138.62,1,bancassurance
5281,20230712,65,5,912.86,897.34,1,tied_agency
6427,20250408,78,2,2716.65,4038.51,1,tied_agency
4964,20241111,9005,2,1478.2,2061.31,1,tied_agency
15647,20231107,193,4,1111.8,1099.69,1,bancassurance
3439,20230810,44,2,2365.22,3259.55,1,bancassurance
11088,20240404,136,2,3076.28,2872.88,1,tied_agency
9137,20251211,113,3,2319.17,2570.17,2,tied_agency
4221,20250317,52,4,690.03,715.87,2,tied_agency
7950,20250311,97,3,1619.49,2328.81,1,bancassurance
5266,20230303,65,5,778.11,980.92,1,tied_agency
12341,20231023,154,5,303.1,441.38,2,tied_agency
2809,20231220,36,2,4180.32,4281.22,2,bancassurance
2193,20231113,29,5,951.85,930.85,1,tied_agency
12383,20241118,154,3,2244.72,2373.42,2,tied_agency
5693,20241113,69,6,5253.34,5879.88,1,tied_agency
10952,20230227,134,2,4761.08,6821.68,2,bancassurance
3390,20240506,43,6,5596.51,6079.88,2,tied_agency
4938,20240103,62,2,1873.45,2409.58,2,tied_agency
1584,20240123,24,1,2979.38,3726.71,1,bancassurance
12812,20230619,160,2,3950.3,4953.53,1,tied_agency
10201,20250320,126,5,1041.01,1002.98,2,bancassurance
5784,20240712,70,4,2843.06,3292.98,2,tied_agency
10188,20241216,9006,1,2717.23,4057.11,2,bancassurance
13931,20250714,173,1,1657.1,2246.54,1,tied_agency
15005,20250908,184,2,1380.17,1799.7,2,bancassurance
8127,20250127,99,6,5028.65,5150.95,1,bancassurance
10128,20231128,126,3,1071.71,1348.25,2,bancassurance
3538,20250611,45,1,2871.57,4282.15,2,tied_agency
12376,20240918,154,1,1677.94,1982.97,1,tied_agency
6861,20250915,83,4,2904.6,3622.74,2,bancassurance
3990,20250701,50,3,1662.12,2099.17,1,bancassurance
2131,20251110,28,1,2271.9,2806.92,2,bancassurance
1998,20230912,28,6,3136.04,3841.43,1,bancassurance
12493,20241030,156,3,1988.42,1891.71,1,bancassurance
2835,20241230,9005,3,1942.61,2386.99,2,bancassurance
12368,20240603,154,5,321.23,308.11,1,tied_agency
1549,20230719,24,1,1267.81,1399.84,1,bancassurance
14149,20231129,177,4,1673.96,2117.82,1,tied_agency
4832,20241004,61,1,2708.35,2642.3,2,bancassurance
6668,20250424,81,2,2462.97,2608.38,2,tied_agency
6584,20231113,80,1,2223.74,3282.75,1,bancassurance
9285,20231016,116,4,1538.14,2095.65,2,bancassurance
6421,20250115,78,2,3413.33,4796.41,1,tied_agency
1459,20230818,23,5,300.52,323.51,2,bancassurance
4885,20250926,61,2,4460.32,5001.27,1,bancassurance
3761,20240102,48,2,1218.86,1158.8,1,tied_agency
1674,20250630,24,2,3286.87,2975.66,2,bancassurance
460,20240919,9,4,1160.34,1500.17,2,bancassurance
13044,20250721,161,6,2778.02,2662.69,2,bancassurance
3500,20231211,45,5,747.95,1117.31,2,tied_agency
6614,20241121,80,3,2520.22,2878.15,1,bancassurance
7465,20240429,91,5,648.48,826.76,1,bancassurance
8084,20231102,9005,2,2614.48,3298.92,1,bancassurance
15398,20251016,189,5,910.37,858.36,1,bancassurance
13073,20230127,162,4,1650.58,1696.9,1,bancassurance
6330,20240826,76,2,4636.06,5912.29,2,tied_agency
13651,20230516,169,4,2160.07,2415.28,1,tied_agency
9845,20230914,124,3,758.69,859.05,1,bancassurance
6936,20250219,84,6,5762.78,7581.09,2,bancassurance
8785,20240405,106,1,4180.13,5642.2,2,tied_agency
12169,20240206,152,3,1695.44,2026.89,2,bancassurance
15400,20251105,189,1,1974.49,1909.89,2,bancassurance
11181,20250423,137,2,999.36,1469.78,1,bancassurance
1243,20230602,21,3,1923.58,2693.6,2,tied_agency
15740,20240201,194,6,6258.4,7652.11,1,bancassurance
5980,20250512,72,6,7643.37,9040.41,1,bancassurance
136,20230815,9011,4,682.43,638.72,2,tied_agency
4398,20230522,56,3,2616.57,2804.88,1,tied_agency
10559,20251209,129,6,1554.35,1624.73,2,tied_agency
646,20240219,12,6,6205.52,5611.46,1,bancassurance
3784,20240819,48,5,925.13,920.13,2,tied_agency
9449,20231002,120,4,1512.05,2245.52,2,tied_agency
7058,20240711,85,3,883.7,1003.54,1,tied_agency
15896,20240913,196,1,914.5,941.01,2,tied_agency
999,20230206,18,2,4099.07,4882.14,1,tied_agency
13601,20240822,168,3,1374.25,1747.86,2,tied_agency
5111,20241111,63,4,1918.0,1813.1,2,bancassurance
3373,20231226,43,5,737.82,1005.48,2,tied_agency
5600,20241119,68,2,1752.75,1734.59,2,tied_agency
4053,20240819,51,2,3402.97,5089.12,1,tied_agency
8177,20240110,100,1,4535.73,4183.97,2,bancassurance
10528,20241206,129,4,707.16,829.5,1,tied_agency
13145,20250630,162,6,3997.89,4792.36,2,bancassurance
14619,20250703,182,1,1776.23,2610.65,1,tied_agency
1935,20240627,27,2,3472.03,3509.82,1,bancassurance
15748,20240624,9008,6,7256.76,7996.72,1,bancassurance
8596,20230926,104,5,1177.4,1173.07,1,bancassurance
16137,20250206,200,3,1343.73,1464.34,2,tied_agency
13868,20230426,173,2,1013.3,1262.05,2,tied_agency
15849,20250220,195,4,2198.43,2763.24,2,bancassurance
13657,20230717,169,5,1038.82,1025.02,2,tied_agency
4269,20230320,53,1,852.21,1246.03,2,tied_agency
1318,20240701,21,2,1830.2,2422.03,2,tied_agency
9266,20251103,115,2,4138.5,3831.45,2,tied_agency
9450,20231013,120,1,4944.99,5802.98,2,tied_agency
3087,20240212,38,5,495.55,605.15,2,bancassurance
2024,20240201,28,4,2856.2,3074.52,1,bancassurance
12555,20230620,157,4,1401.49,1415.2,2,bancassurance
2451,20240112,32,6,2830.45,3900.58,2,tied_agency
1809,20240205,26,1,3782.1,3690.57,2,tied_agency
7635,20250317,94,3,1613.39,2361.66,2,bancassurance
4156,20240105,52,4,2229.07,2485.15,1,tied_agency
3973,20241212,50,1,3367.1,4493.38,2,bancassurance
3519,20241028,45,1,2639.86,2445.29,2,tied_agency
5118,20241224,63,5,812.92,1164.29,2,bancassurance
768,20250124,13,4,2410.46,2792.16,2,bancassurance
9857,20231115,124,3,2852.66,2656.84,2,bancassurance
13839,20231113,171,2,4728.88,7024.69,2,bancassurance
1520,20251215,23,4,954.96,1402.92,1,bancassurance
16143,20250414,200,5,1007.76,1113.6,1,tied_agency
7225,20230719,88,6,1202.91,1431.9,1,bancassurance
14031,20230123,176,4,2677.99,3763.9,1,bancassurance
4958,20240927,62,3,2347.15,2793.24,2,tied_agency
2699,20230531,35,4,860.89,812.1,2,tied_agency
13125,20240917,162,2,1790.57,1832.17,2,bancassurance
3596,20240821,46,1,3652.55,5150.43,1,bancassurance
16135,20250109,200,3,828.34,1164.33,2,tied_agency
15225,20230116,187,4,1258.46,1825.51,1,bancassurance
11162,20240930,137,4,507.81,613.0,1,bancassurance
2849,20250505,36,1,1145.7,1538.05,2,bancassurance
16147,20250617,200,5,454.02,502.33,2,tied_agency
15063,20230103,186,4,2507.94,3548.69,1,tied_agency
4785,20240105,61,4,2095.38,1994.49,2,bancassurance
7187,20230102,87,1,1276.98,1897.36,2,bancassurance
11494,20240808,141,1,4398.53,6211.87,2,bancassurance
1868,20250225,9002,1,2229.89,3095.97,2,tied_agency
7793,20240919,96,4,2825.59,3979.96,2,tied_agency
8136,20250513,99,1,3618.8,4505.11,1,bancassurance
15712,20230210,194,4,856.41,890.98,1,bancassurance
9675,20240122,123,4,1536.62,1757.11,1,tied_agency
15043,20240515,185,4,2238.38,2664.3,2,tied_agency
6470,20230807,79,1,989.23,997.87,2,bancassurance
14761,20250106,9011,4,684.51,974.57,2,tied_agency
802,20230821,14,1,880.13,1250.18,2,tied_agency
5862,20240516,71,1,2182.63,2823.3,2,tied_agency
4619,20250728,58,2,4906.66,6751.4,1,tied_agency
5293,20231219,9011,1,1892.96,1736.49,1,tied_agency
8200,20240903,100,6,6019.28,8953.56,2,bancassurance
12492,20241021,156,3,688.87,741.02,1,bancassurance
10193,20250121,126,3,1741.13,2471.34,2,bancassurance
2837,20241227,36,5,978.3,1024.45,1,bancassurance
2806,20231117,36,5,741.47,847.01,2,bancassurance
11454,20250123,140,4,1339.37,1629.4,2,bancassurance
6570,20230710,80,3,1936.06,1951.46,1,bancassurance
1811,20240319,26,1,2637.17,3368.55,1,tied_agency
3541,20250804,45,2,2092.4,2957.83,1,tied_agency
1410,20230616,22,6,4383.08,6458.25,2,bancassurance
2142,20230227,29,6,4301.82,4652.57,1,tied_agency
5028,20230620,63,6,5224.28,5522.76,1,bancassurance
12768,20250226,158,1,4498.98,5606.12,2,tied_agency
9803,20230130,124,6,6396.7,6734.49,2,bancassurance
12793,20251124,158,2,2580.71,3818.66,1,tied_agency
12519,20250811,156,2,1128.73,1169.58,2,bancassurance
13493,20240415,167,5,842.73,978.61,1,bancassurance
2647,20240515,34,5,1022.85,1420.35,1,tied_agency
11261,20250131,138,3,1769.54,2214.44,2,tied_agency
11948,20250328,149,2,3817.3,3448.37,1,bancassurance
12049,20230411,151,3,673.91,680.25,2,bancassurance
2090,20250303,28,5,739.77,1087.59,2,bancassurance
625,20230620,12,3,1717.15,2042.15,1,bancassurance
11619,20241018,144,5,408.99,491.64,2,bancassurance
7444,20230620,91,3,1477.73,1729.47,1,bancassurance
14805,20250912,183,1,4834.31,6137.46,2,tied_agency
6964,20230112,85,2,927.35,1285.25,1,tied_agency
6008,20230501,73,5,450.29,588.28,2,tied_agency
14134,20230509,177,4,835.41,852.96,2,tied_agency
8324,20240401,101,6,4772.81,5553.08,1,bancassurance
5934,20230710,72,3,1548.12,2038.85,1,bancassurance
10431,20250530,128,2,3583.37,3817.43,1,tied_agency
369,20240429,8,3,893.27,1218.42,1,bancassurance
789,20251013,13,2,1100.9,1503.9,1,bancassurance
4329,20250120,54,1,2243.71,2887.92,1,bancassurance
15137,20240626,186,4,2937.61,2652.27,2,tied_agency
13159,20251225,162,3,2583.94,3801.23,2,bancassurance
8995,20250804,111,6,1733.13,1658.64,2,bancassurance
13582,20240206,168,2,3423.69,4292.83,2,tied_agency
6718,20240119,82,2,2402.4,2869.77,1,bancassurance
3416,20250305,43,3,2297.97,2761.76,2,tied_agency
7588,20250612,92,3,1039.86,1090.02,1,tied_agency
8332,20240506,101,4,2781.47,3427.21,2,bancassurance
7509,20250922,91,1,1678.29,2070.85,2,bancassurance
5821,20251027,70,3,1904.82,2261.67,2,tied_agency
7088,20250127,85,1,2849.01,3195.0,1,tied_agency
14208,20250922,177,4,2257.53,3097.96,1,tied_agency
2988,20241216,9007,2,1107.49,1272.54,1,tied_agency
15695,20250613,193,3,1280.09,1759.14,1,bancassurance
7308,20230606,89,4,1972.47,2526.19,2,bancassurance
143,20231030,4,4,2989.92,3528.37,2,tied_agency
9384,20240523,118,6,3062.06,3374.54,1,bancassurance
1792,20231120,26,2,2727.06,3064.87,1,tied_agency
8691,20250305,104,2,2467.22,3163.81,1,bancassurance
14732,20240709,183,1,1703.7,1548.18,1,tied_agency
5235,20250318,64,4,2859.44,4194.31,2,tied_agency
1956,20230109,28,4,1593.79,1707.99,1,bancassurance
4225,20250325,52,5,625.72,731.56,1,tied_agency
12403,20250807,154,6,3978.22,4005.03,2,tied_agency
13855,20250922,171,5,1125.14,1401.82,2,bancassurance
10799,20231229,132,5,614.78,566.95,2,tied_agency
2228,20240624,29,3,1431.99,1414.88,1,tied_agency
424,20230510,9,6,5122.65,5149.34,2,bancassurance
11056,20240708,135,5,701.54,1009.22,1,tied_agency
9751,20250311,123,5,1125.61,1440.43,2,tied_agency
3578,20240119,46,4,1649.0,1877.77,1,bancassurance
9420,20250414,118,2,3033.15,4152.69,2,bancassurance
6833,20241001,83,2,4960.24,4777.17,2,bancassurance
5340,20250806,65,1,4088.96,5500.43,1,tied_agency
4896,20251125,61,6,1152.49,1342.09,1,bancassurance
13665,20231019,169,5,691.5,922.79,1,tied_agency
1080,20250804,18,4,1350.78,1953.87,1,tied_agency
7789,20240905,96,4,2581.31,2745.92,1,tied_agency
8168,20230711,100,3,1236.06,1249.99,2,bancassurance
4622,20250828,58,4,2044.78,2500.02,1,tied_agency
13406,20240207,166,4,2592.22,3546.75,1,tied_agency
9667,20231115,123,2,3094.38,2916.19,2,tied_agency
15929,20240318,197,6,4933.79,4710.97,2,tied_agency
16074,20230228,9009,2,3333.82,4803.78,1,tied_agency
15494,20230308,191,6,5008.82,4976.69,1,tied_agency
15583,20251229,191,1,2171.88,2595.94,1,tied_agency
8993,20250715,111,1,3082.21,2846.77,1,bancassurance
10830,20241218,132,2,2851.93,2568.83,2,tied_agency
6362,20230223,78,5,234.73,327.83,2,tied_agency
3900,20250826,49,6,2584.98,3586.14,1,tied_agency
801,20230822,14,1,1079.71,1399.55,2,tied_agency
3085,20240125,38,5,772.72,869.71,2,bancassurance
6134,20241231,74,1,4308.04,5588.74,1,tied_agency
3917,20230120,50,3,1822.04,1844.85,2,bancassurance
13362,20250922,165,4,873.09,1238.55,1,tied_agency
15840,20241101,195,2,2394.68,2331.1,1,bancassurance
5041,20230929,63,1,3728.6,4086.47,1,bancassurance
12618,20240527,157,3,1318.54,1795.96,2,bancassurance
11871,20231025,149,5,434.09,559.31,1,bancassurance
2917,20230911,37,2,2110.64,2940.75,1,tied_agency
7356,20230612,90,6,4684.23,5608.47,2,bancassurance
15042,20240527,185,4,696.56,842.92,2,tied_agency
2655,20240807,34,5,1098.58,1096.94,1,tied_agency
8435,20230228,102,1,1332.24,1786.5,2,bancassurance
4417,20230911,56,5,740.48,733.76,1,tied_agency
3325,20240521,42,1,3870.02,4731.1,2,tied_agency
342,20230512,8,6,6641.7,6388.79,2,bancassurance
5928,20230515,72,5,474.09,560.4,1,bancassurance
13026,20250307,161,6,2145.42,2020.39,1,bancassurance
8548,20251015,103,2,1176.52,1433.89,1,tied_agency
2198,20231218,29,1,2804.85,3104.48,2,tied_agency
13969,20230821,174,3,1051.79,947.93,1,bancassurance
10847,20250721,132,6,6780.06,8009.54,2,tied_agency
2353,20250311,30,3,2886.65,3165.14,1,tied_agency
6193,20230710,75,6,6258.83,7830.08,2,tied_agency
13184,20250630,163,1,970.24,1138.16,1,tied_agency
8874,20240909,108,2,3550.81,5100.06,1,bancassurance
11838,20230329,149,1,1880.75,2563.25,2,bancassurance
5555,20230731,68,2,1488.65,1511.81,1,tied_agency
2568,20251222,32,1,1544.39,1968.2,2,tied_agency
2366,20230523,31,1,1337.38,1328.63,2,tied_agency
14065,20240311,176,3,1644.3,1901.54,1,bancassurance
204,20251103,4,1,3932.38,4903.63,2,tied_agency
3655,20230523,47,2,4914.65,7266.33,1,tied_agency
1995,20230809,28,3,2567.95,2441.34,2,bancassurance
12834,20240228,160,5,719.05,665.07,2,tied_agency
4524,20250820,56,6,7069.17,6804.77,2,tied_agency
8122,20241104,99,2,2366.41,3215.87,1,bancassurance
3765,20240208,48,6,1252.38,1600.0,1,tied_agency
2908,20230823,37,6,4383.96,5487.9,1,tied_agency
14227,20230421,179,5,791.03,874.87,2,tied_agency
3175,20240429,9005,2,4438.43,4512.73,1,bancassurance
3098,20240814,38,2,4589.44,5689.81,2,bancassurance
3018,20250616,37,4,1444.3,1406.41,1,tied_agency
9009,20230605,112,1,1237.21,1747.27,1,bancassurance
7798,20241024,96,4,2602.84,2761.14,2,tied_agency
2689,20230123,35,3,1765.88,2500.18,1,tied_agency
13288,20230607,165,4,1360.5,1441.27,1,tied_agency
5949,20240108,72,6,2663.69,3494.11,1,bancassurance
15526,20240311,191,1,3880.61,5628.8,2,tied_agency
14551,20240416,182,3,2148.14,3029.91,1,tied_agency
6030,20231218,73,1,1443.4,1540.51,2,tied_agency
5286,20230925,65,2,2051.8,1940.22,2,tied_agency
14883,20231225,184,1,2997.73,4248.7,2,bancassurance
10239,20251024,126,3,2617.24,2408.08,2,bancassurance
8579,20230619,104,1,4465.38,6550.81,2,bancassurance
12458,20230703,156,1,4091.66,3848.85,1,bancassurance
6323,20240624,76,2,4349.39,5000.02,2,tied_agency
5264,20230112,65,6,3697.54,4044.54,1,tied_agency
735,20240130,13,4,1472.81,2174.94,2,bancassurance
6639,20250825,80,2,4632.25,6484.1,2,bancassurance
5082,20240627,63,2,2657.5,3006.06,1,bancassurance
5114,20241230,63,1,2656.7,2856.51,1,bancassurance
1543,20230508,24,1,2626.55,3491.89,2,bancassurance
3414,20250210,43,1,3348.31,3791.01,1,tied_agency
7164,20240219,86,5,595.86,715.8,2,bancassurance
13105,20240205,162,3,2025.46,1955.56,1,bancassurance
7515,20251209,91,2,2263.77,2968.08,1,bancassurance
3205,20250421,39,1,1454.96,1577.33,1,bancassurance
13323,20240812,165,1,4793.15,5959.68,2,tied_agency
10198,20250218,126,1,2427.41,2500.33,1,bancassurance
6931,20250127,84,5,1033.86,1311.66,1,bancassurance
14250,20240125,179,5,1102.32,1002.82,1,tied_agency
8242,20251124,100,5,533.67,753.93,2,bancassurance
6257,20250703,75,3,1496.56,2034.76,1,tied_agency
2969,20240715,37,1,3173.67,3117.17,1,tied_agency
14070,20240513,176,1,3146.3,3881.91,1,bancassurance
4865,20250416,61,3,646.03,649.96,2,bancassurance
15233,20230427,9003,6,1006.04,1301.67,1,bancassurance
9463,20250210,9001,1,938.87,935.39,2,tied_agency
3882,20241223,49,5,546.51,597.11,2,tied_agency
3701,20241209,47,4,2186.05,2526.94,1,tied_agency
15624,20251120,192,2,3270.17,4832.62,2,tied_agency
11673,20240212,146,5,706.91,847.23,2,bancassurance
9655,20230901,123,4,2811.58,2585.89,1,tied_agency
8,20230426,2,2,4947.61,6056.51,1,tied_agency
12306,20250708,153,2,3444.71,3984.46,2,bancassurance
13243,20241223,164,5,1164.5,1412.98,1,tied_agency
14796,20250707,183,1,3216.6,4222.53,2,tied_agency
8018,20240722,98,4,2605.68,2907.12,2,bancassurance
6272,20251215,75,2,2192.81,2494.7,2,tied_agency
15351,20240320,189,6,3754.83,5197.75,2,bancassurance
15258,20240315,187,6,7222.55,10284.75,2,bancassurance
9315,20250113,116,5,809.68,837.09,1,bancassurance
10593,20230705,130,2,1571.75,2126.45,1,tied_agency
1657,20250206,24,3,2771.2,2661.62,2,bancassurance
1676,20250606,24,3,2270.64,2795.82,1,bancassurance
813,20240605,9009,6,5935.95,7207.92,2,tied_agency
9049,20230323,113,1,2566.62,2569.89,1,tied_agency
14095,20250303,176,2,2962.23,3847.61,2,bancassurance
3145,20230426,39,5,979.89,968.06,1,bancassurance
13167,20231120,163,2,2931.87,4018.69,2,tied_agency
3664,20230804,47,4,2209.19,2640.13,1,tied_agency
8851,20230227,108,6,6224.04,6374.58,1,bancassurance
538,20230515,11,1,2728.2,3766.98,1,bancassurance
11516,20230901,142,3,2515.99,2958.79,2,bancassurance
4551,20230418,58,2,1646.68,1883.67,2,tied_agency
3719,20250929,47,5,254.61,233.33,2,tied_agency
12617,20240528,157,2,1416.91,1917.6,1,bancassurance
9930,20241209,124,6,6647.93,6345.64,1,bancassurance
6905,20240315,84,6,7052.26,9665.16,1,bancassurance
8155,20230217,100,1,2004.54,2910.04,1,bancassurance
8426,20251117,101,6,2809.35,4059.5,1,bancassurance
12153,20230628,152,6,1165.61,1222.76,2,bancassurance
13686,20240527,9008,6,3794.85,3910.44,1,tied_agency
11087,20240322,136,2,4235.71,4092.26,2,tied_agency
11524,20240807,142,2,4486.17,5011.8,1,bancassurance
9510,20250630,121,4,1601.52,1466.89,2,tied_agency
14892,20240227,184,1,3005.98,4100.6,2,bancassurance
6862,20251013,83,2,3430.79,4724.94,2,bancassurance
7657,20231020,95,1,1797.74,1649.8,2,bancassurance
10947,20251212,133,4,1902.19,2727.16,1,tied_agency
6039,20240626,9008,3,1545.92,2190.49,1,tied_agency
7661,20240513,95,4,2944.59,3140.48,1,bancassurance
11256,20241230,138,4,2780.52,3679.38,1,tied_agency
5416,20240923,66,4,1611.12,2055.66,1,bancassurance
10561,20230106,130,4,1136.65,1629.28,2,tied_agency
7910,20240221,97,1,2137.5,2879.28,2,bancassurance
3503,20240202,45,2,3068.81,3371.12,2,tied_agency
11340,20240524,139,6,1392.13,1617.78,2,bancassurance
6034,20240220,73,4,570.56,656.9,2,tied_agency
3846,20230927,49,1,2526.0,2640.98,2,tied_agency
13328,20240918,165,3,1274.93,1641.75,1,tied_agency
14272,20241018,179,6,4743.94,5898.59,2,tied_agency
3417,20250310,43,5,1093.79,1201.65,2,tied_agency
6646,20251105,80,5,798.6,878.66,2,bancassurance
550,20231005,11,4,2146.14,3162.8,2,bancassurance
8411,20250825,101,2,3025.65,4253.7,1,bancassurance
8192,20240513,100,6,2732.53,3416.65,2,bancassurance
12640,20241023,157,5,417.67,491.91,2,bancassurance
11816,20250911,148,6,4754.44,4347.08,1,bancassurance
15593,20230508,192,4,2036.17,1889.22,1,tied_agency
9848,20230912,124,5,377.08,480.23,2,bancassurance
6385,20231030,78,1,3428.94,4954.53,1,tied_agency
3716,20250725,47,4,2500.88,2448.73,1,tied_agency
13738,20230327,170,3,1169.82,1435.11,2,tied_agency
15170,20250124,186,6,5093.95,7284.33,2,tied_agency
1988,20230712,28,2,2662.88,2880.25,2,bancassurance
7207,20250203,87,4,2024.93,1882.59,1,bancassurance
4548,20230213,58,1,2541.84,2825.87,1,tied_agency
4527,20250917,56,2,4620.4,6422.23,2,tied_agency
9168,20250304,114,5,441.77,627.35,1,tied_agency
14123,20230126,177,5,1032.66,1463.64,2,tied_agency
1334,20241018,21,5,1185.31,1622.94,2,tied_agency
3536,20250513,45,1,811.67,969.51,1,tied_agency
3686,20240617,47,3,1271.92,1168.29,2,tied_agency
5606,20250110,68,4,1335.62,1952.4,1,tied_agency
9235,20240910,115,6,5812.07,8713.47,1,tied_agency
13909,20241119,173,2,4271.63,6246.28,1,tied_agency
12856,20250107,160,2,4083.21,5461.06,2,tied_agency
8807,20251121,106,6,1920.45,2533.44,2,tied_agency
15299,20250707,187,6,6678.99,7186.9,2,bancassurance
9979,20251024,124,1,3374.22,3200.88,2,bancassurance
1922,20230425,27,1,4821.47,5556.99,1,bancassurance
11062,20250127,135,3,2593.81,3224.9,1,tied_agency
14936,20240917,184,4,952.18,974.02,1,bancassurance
9380,20240422,118,5,1085.61,1267.41,1,bancassurance
4078,20250609,51,2,2115.47,2249.01,2,tied_agency
1321,20240613,21,4,560.14,681.55,2,tied_agency
11910,20240607,149,5,452.57,428.96,2,bancassurance
13478,20231113,167,4,1472.48,2113.7,2,bancassurance
9890,20240513,124,2,2162.61,1991.54,2,bancassurance
5643,20230220,69,3,2528.56,2681.75,1,tied_agency
15082,20230621,186,2,1943.15,2507.26,2,tied_agency
12484,20240624,156,4,2511.02,3712.62,1,bancassurance
4793,20240318,61,4,838.94,825.88,2,bancassurance
10825,20240927,132,3,1964.77,2576.38,1,tied_agency
14808,20251021,183,6,6038.67,6538.44,1,tied_agency
14891,20240103,9005,6,1241.85,1841.39,1,bancassurance
9639,20230619,123,2,4603.35,6250.37,1,tied_agency
6315,20240214,76,3,1549.02,1664.33,1,tied_agency
2593,20250210,33,2,2457.61,3444.65,2,bancassurance
13906,20240912,173,1,4407.12,5888.55,1,tied_agency
13278,20230214,165,2,2343.01,3243.18,2,tied_agency
7033,20240101,85,1,2118.98,2905.73,2,tied_agency
2316,20251128,29,2,4018.87,5511.83,1,tied_agency
636,20231024,12,5,859.65,910.12,2,bancassurance
14423,20241014,181,2,3261.3,4713.23,1,tied_agency
293,20230717,7,5,682.93,809.75,2,tied_agency
15246,20231103,187,3,1347.98,1997.0,2,bancassurance
8313,20240212,101,4,2177.91,3087.59,2,bancassurance
13728,20230105,170,3,2681.42,2822.39,2,tied_agency
7557,20240412,92,3,1637.7,2221.07,2,tied_agency
264,20240705,6,2,2396.0,3283.32,2,tied_agency
2678,20250807,34,3,2274.75,3028.43,2,tied_agency
8037,20250414,98,1,2781.74,3224.92,1,bancassurance
5825,20251209,70,6,2063.61,2740.36,2,tied_agency
11317,20230703,139,2,2080.87,2045.31,2,bancassurance
285,20230130,7,1,4121.03,4597.91,1,tied_agency
12692,20250929,157,3,1536.73,1621.13,2,bancassurance
6304,20231124,76,4,1855.8,2665.59,2,tied_agency
4326,20241126,54,2,4209.24,5549.57,1,bancassurance
12691,20250901,157,4,1129.4,1253.67,2,bancassurance
3310,20230117,42,2,977.65,1238.03,1,tied_agency
12239,20230626,153,1,1789.33,1740.24,2,bancassurance
1219,20230214,21,5,800.34,763.63,2,tied_agency
15996,20240730,198,6,3105.41,4449.31,1,bancassurance
13646,20230316,169,1,4115.1,4227.36,1,tied_agency
10213,20250514,126,3,2042.12,3004.92,2,bancassurance
8292,20231018,101,2,1122.35,1548.1,1,bancassurance
1689,20250908,24,2,4589.11,4388.17,2,bancassurance
7881,20230220,97,4,2613.86,2998.49,2,bancassurance
11837,20230313,149,6,7047.8,8913.04,1,bancassurance
2978,20240930,37,1,1172.58,1465.41,2,tied_agency
12359,20240325,154,6,2069.25,2946.25,1,tied_agency
931,20230821,16,1,3443.06,4293.1,1,tied_agency
10185,20241115,126,6,4034.86,3727.62,2,bancassurance
11868,20230914,149,2,2055.31,2812.61,2,bancassurance
839,20230607,15,6,2264.87,3259.43,1,tied_agency
1024,20231204,18,1,2408.41,2840.03,2,tied_agency
2040,20240605,28,1,2515.71,3026.44,2,bancassurance
6986,20230525,85,1,3068.74,2991.73,1,tied_agency
10097,20230419,126,3,918.28,1103.03,1,bancassurance
6171,20251212,74,3,2979.7,4197.09,2,tied_agency
6766,20250805,82,4,1399.14,1933.85,2,bancassurance
15324,20230605,189,2,1151.6,1151.71,2,bancassurance
4124,20230627,52,2,1630.02,1512.42,2,tied_agency
15922,20230828,197,1,3994.14,3777.47,2,tied_agency
2182,20230922,29,3,578.62,560.79,1,tied_agency
2675,20250603,34,3,556.4,688.79,1,tied_agency
3331,20240927,42,6,1655.88,2327.43,1,tied_agency
6539,20250929,79,2,1719.57,2537.46,1,bancassurance
7790,20240910,96,4,799.27,1168.08,1,tied_agency
13051,20250814,161,4,1628.59,2210.96,1,bancassurance
9625,20230403,123,3,680.48,982.13,1,tied_agency
14928,20240819,184,2,4161.37,4945.99,1,bancassurance
4992,20250703,62,5,1020.76,1279.2,2,tied_agency
4081,20250707,51,3,2011.5,2716.99,2,tied_agency
965,20230314,17,6,7579.38,9052.87,2,tied_agency
15050,20241216,185,5,489.01,693.44,2,tied_agency
5388,20240119,66,4,2933.92,3932.74,2,bancassurance
7595,20250818,92,2,3361.22,4798.18,1,tied_agency
1641,20241113,24,3,2377.72,3253.2,2,bancassurance
14383,20230714,181,1,4042.87,4901.73,2,tied_agency
11855,20230725,149,4,1697.86,1709.71,2,bancassurance
11724,20250120,147,1,2027.06,2116.28,2,tied_agency
8035,20250408,9009,4,2428.38,3348.14,2,bancassurance
10018,20231018,125,2,2338.13,2952.06,1,bancassurance
15606,20240415,192,6,2936.72,4285.6,1,tied_agency
1939,20240910,27,4,2533.73,2505.61,2,bancassurance
3156,20230911,39,5,1169.07,1506.96,2,bancassurance
6037,20240408,73,2,4315.39,6370.09,2,tied_agency
8831,20241107,107,1,3754.69,5573.98,2,bancassurance
13549,20230419,168,4,1042.25,1486.53,1,tied_agency
3937,20230915,50,4,2393.81,2355.31,1,bancassurance
14137,20230607,177,4,1372.63,1301.77,2,tied_agency
368,20240429,8,4,1776.95,1658.36,1,bancassurance
1575,20240101,24,4,1721.56,2260.05,1,bancassurance
14953,20241223,184,6,7342.07,9033.04,2,bancassurance
11928,20241024,149,6,7663.77,7954.47,2,bancassurance
2894,20230524,37,4,551.73,539.55,2,tied_agency
4428,20231213,56,5,247.05,246.51,1,tied_agency
14820,20251208,183,6,3071.85,3098.7,1,tied_agency
3724,20251110,9006,1,1896.58,2117.15,1,tied_agency
12786,20250819,158,3,934.06,1338.47,2,tied_agency
1624,20240819,24,2,1115.51,1565.78,2,bancassurance
882,20241209,15,6,1823.56,1804.58,1,tied_agency
15752,20240729,194,3,992.93,1266.51,2,bancassurance
6060,20250228,73,3,2094.32,2320.87,2,tied_agency
12980,20240603,9005,5,837.81,762.53,1,bancassurance
10788,20230925,132,4,2169.04,2970.82,1,tied_agency
2778,20230130,36,1,3073.31,3267.03,2,bancassurance
8066,20230411,99,1,1864.61,2795.31,2,bancassurance
6510,20241009,79,1,2445.31,3633.86,2,bancassurance
11783,20240710,148,6,6838.16,9455.43,1,bancassurance
12843,20240627,160,5,1072.69,1507.65,1,tied_agency
9678,20240108,123,4,2996.92,2721.54,2,tied_agency
8148,20250908,99,6,7231.17,9536.92,1,bancassurance
7767,20240506,96,1,984.77,1310.59,1,tied_agency
16124,20240816,200,2,2647.89,2446.93,2,tied_agency
1862,20241217,26,6,4127.46,4017.77,1,tied_agency
8019,20240711,98,6,1119.48,1566.09,1,bancassurance
10520,20240904,129,3,1298.57,1876.56,2,tied_agency
14396,20231201,181,4,2620.61,2754.95,1,tied_agency
4850,20250122,61,2,1435.14,1651.55,1,bancassurance
850,20231004,15,5,264.93,313.28,2,tied_agency
330,20230116,8,2,4866.14,6787.82,2,bancassurance
6791,20230922,83,6,7949.99,11608.52,2,bancassurance
112,20250519,3,6,3564.3,4026.63,1,tied_agency
4712,20250404,60,5,1116.12,1283.42,2,tied_agency
10906,20240715,133,4,2349.63,3511.48,1,tied_agency
11292,20251222,138,1,3255.59,3831.2,2,tied_agency
15768,20250314,194,4,518.07,510.44,2,bancassurance
8708,20250613,104,2,3166.55,3272.24,1,bancassurance
12636,20240909,157,4,629.1,795.35,1,bancassurance
8849,20230116,108,3,2646.46,2405.92,1,bancassurance
7070,20241014,85,6,7551.01,8082.41,2,tied_agency
15705,20251027,193,1,2295.33,3384.32,1,bancassurance
713,20230523,13,5,644.84,955.48,1,bancassurance
11229,20240221,138,1,4988.23,6588.66,1,tied_agency
1401,20251226,21,3,2152.27,3152.42,2,tied_agency
348,20230710,8,4,1286.26,1265.55,1,bancassurance
4879,20250825,61,5,408.69,605.9,2,bancassurance
5202,20231109,64,5,738.38,724.62,1,tied_agency
820,20250609,14,4,1684.62,1681.71,1,tied_agency
11420,20231106,140,5,814.7,1221.64,2,bancassurance
4928,20231011,62,1,4673.13,5653.51,2,tied_agency
10061,20250401,125,1,827.19,775.42,1,bancassurance
2141,20230105,29,3,694.47,1029.14,2,tied_agency
14691,20230901,183,3,920.65,1372.5,2,tied_agency
4914,20230424,62,4,2309.45,2962.75,1,tied_agency
15456,20250108,190,4,1402.61,1867.67,2,tied_agency
16061,20250224,199,1,1816.11,2008.07,1,bancassurance
1514,20250924,23,6,3881.26,5534.06,1,bancassurance
832,20230315,15,4,1308.65,1197.35,1,tied_agency
11345,20240715,139,4,1319.31,1279.08,1,bancassurance
7498,20250414,91,6,3094.37,4169.13,2,bancassurance
3979,20250305,50,5,930.19,1148.61,2,bancassurance
9075,20240122,113,6,1735.77,1897.22,2,tied_agency
4695,20240902,60,2,1369.87,1345.18,1,tied_agency
12847,20240812,160,3,2661.29,3753.68,1,tied_agency
6920,20241030,84,4,1706.06,1827.47,2,bancassurance
4310,20230828,54,6,4187.88,4428.34,2,bancassurance
2442,20231213,32,2,3806.73,4643.06,1,tied_agency
6310,20231221,76,3,1483.2,1876.18,1,tied_agency
11211,20230403,138,3,1500.83,1706.57,2,tied_agency
1870,20250217,26,2,1718.9,1922.05,1,tied_agency
8649,20240708,104,3,2516.09,2765.95,2,bancassurance
534,20230220,11,2,4323.94,5340.09,1,bancassurance
9290,20240108,9003,1,1132.95,1501.85,2,bancassurance
2160,20230529,29,1,4403.14,4695.89,1,tied_agency
4762,20230724,61,1,1653.77,1622.58,1,bancassurance
6112,20240116,74,3,2502.61,3318.54,1,tied_agency
3241,20230525,40,2,3600.23,4527.42,2,tied_agency
13403,20240124,166,4,1422.75,1390.17,2,tied_agency
8208,20241128,100,5,245.29,257.29,1,bancassurance
6466,20230719,79,6,7865.39,10187.29,1,bancassurance
11949,20250421,149,1,4625.6,5693.57,1,bancassurance
12430,20240719,155,6,5340.74,5076.86,1,tied_agency
104,20240917,3,6,4482.66,6520.42,2,tied_agency
3166,20240101,39,6,4724.98,6184.7,2,bancassurance
9185,20230324,115,5,565.86,598.65,2,tied_agency
13186,20250721,163,6,3468.02,5051.58,2,tied_agency
10798,20231219,132,1,4159.43,5585.2,1,tied_agency
14923,20240709,184,6,5261.62,5331.5,2,bancassurance
15121,20240205,186,2,3262.37,3289.02,1,tied_agency
2649,20240621,34,6,5784.65,5290.27,1,tied_agency
8165,20230628,100,5,804.49,1111.27,2,bancassurance
2975,20240819,37,1,4182.75,5749.86,1,tied_agency
5428,20250325,66,3,2049.78,2063.53,1,bancassurance
10721,20251023,130,2,1349.28,1916.96,1,tied_agency
4503,20250414,56,6,4543.62,6706.63,2,tied_agency
5380,20231027,66,6,4701.04,6403.44,2,bancassurance
8516,20241226,103,2,2432.97,3365.58,2,tied_agency
4919,20230627,62,5,1130.53,1271.3,1,tied_agency
12930,20230824,161,5,870.33,816.45,2,bancassurance
10803,20240207,132,5,652.34,897.85,2,tied_agency
11780,20240610,148,2,3154.67,4643.29,1,bancassurance
5514,20250305,67,3,2481.67,2999.44,1,tied_agency
15489,20230206,191,1,4705.28,6921.63,2,tied_agency
6788,20230808,83,2,842.12,828.36,2,bancassurance
6530,20250616,79,5,209.89,203.72,1,bancassurance
281,20251114,6,1,4239.66,5839.68,2,tied_agency
6107,20231019,74,3,1695.49,1848.41,1,tied_agency
12344,20231130,154,1,2661.23,3599.24,1,tied_agency
7796,20241024,96,4,2923.96,3963.61,1,tied_agency
14845,20230525,9001,5,1179.61,1641.72,2,bancassurance
2018,20240129,28,3,540.3,760.18,2,bancassurance
2057,20240930,28,4,1059.08,1060.77,2,bancassurance
15889,20240115,196,4,1616.98,1535.58,2,tied_agency
14096,20250303,176,6,5872.19,6680.2,2,bancassurance
3563,20230531,46,1,3099.45,3487.7,1,bancassurance
10053,20250207,125,4,2499.22,2600.38,1,bancassurance
9584,20250217,122,3,2117.96,3095.33,2,tied_agency
13600,20240805,168,1,1948.36,2449.5,1,tied_agency
8059,20230213,99,4,905.83,1324.79,2,bancassurance
12273,20240611,153,3,2175.82,2738.31,2,bancassurance
6795,20231009,83,3,2607.09,2427.35,1,bancassurance
1141,20250131,19,2,3575.39,4985.33,2,tied_agency
560,20231218,11,6,5550.6,8187.11,2,bancassurance
5378,20231013,9010,6,2547.44,3297.67,2,bancassurance
11658,20230320,146,6,3511.39,4566.61,2,bancassurance
14462,20251128,181,3,1424.92,1370.42,1,tied_agency
15815,20240228,195,3,2228.02,2832.6,2,bancassurance
12379,20240909,154,1,2946.7,3169.24,1,tied_agency
16018,20250514,198,5,580.06,756.01,1,bancassurance
584,20241231,11,6,2347.59,2836.68,1,bancassurance
8445,20240513,102,5,897.97,1083.49,2,bancassurance
3549,20251127,45,3,918.72,852.44,1,tied_agency
14267,20240904,179,2,3530.29,4322.83,2,tied_agency
13850,20250331,171,5,670.71,934.62,2,bancassurance
11850,20230627,149,1,4810.18,5883.58,1,bancassurance
6927,20241113,84,6,7057.41,9117.71,1,bancassurance
13146,20250623,162,4,1812.43,2200.22,1,bancassurance
13221,20240408,164,3,2826.95,2655.22,2,tied_agency
411,20250908,8,5,557.43,697.01,1,bancassurance
724,20230810,13,2,4384.62,4426.03,1,bancassurance
1829,20240612,26,3,1703.94,2508.09,2,tied_agency
8877,20241202,108,4,2016.65,2536.83,1,bancassurance
15115,20240129,186,1,3766.98,5393.34,2,tied_agency
14398,20240115,181,6,7107.74,8215.94,2,tied_agency
10456,20250910,128,3,2017.1,1957.36,2,tied_agency
13235,20241001,164,5,1029.56,1215.03,1,tied_agency
5064,20240212,63,4,844.27,1043.06,1,bancassurance
5605,20241220,9004,5,845.92,803.6,1,tied_agency
12405,20250901,154,1,1077.15,1526.09,2,tied_agency
5502,20240913,67,2,4521.4,5890.35,2,tied_agency
13515,20241206,167,2,3723.52,4537.43,1,bancassurance
2688,20230106,35,4,2384.26,3378.69,1,tied_agency
10930,20250418,133,2,2019.09,2492.6,1,tied_agency
15633,20230621,193,3,829.29,1212.3,2,bancassurance
10938,20250818,133,1,2789.65,3537.29,2,tied_agency
6977,20230403,85,1,4521.16,4836.76,2,tied_agency
13249,20250226,164,2,1238.51,1294.86,2,tied_agency
2609,20230228,34,4,895.79,1252.2,2,tied_agency
15264,20240603,187,1,2193.99,2826.88,2,bancassurance
365,20240328,8,2,2361.85,3188.18,2,bancassurance
2400,20230213,32,3,622.28,921.9,2,tied_agency
7611,20230529,94,6,7383.35,10211.69,2,bancassurance
5942,20231106,72,4,2724.48,3372.04,1,bancassurance
4007,20230227,51,4,697.26,822.33,2,tied_agency
1872,20250204,26,5,848.38,838.52,1,tied_agency
11415,20230922,140,6,3932.36,5690.19,2,bancassurance
9035,20250811,112,2,4178.28,5026.78,1,bancassurance
11563,20250623,143,2,4505.28,5425.29,1,bancassurance
338,20230403,9008,4,2138.71,2827.84,1,bancassurance
7860,20251030,96,6,5206.49,5905.11,2,tied_agency
3871,20240625,49,4,842.32,1229.34,1,tied_agency
7226,20230703,88,1,2689.37,2914.88,2,bancassurance
15864,20250728,195,2,3234.31,3500.15,2,bancassurance
9003,20230102,112,2,1712.29,1585.22,2,bancassurance
5670,20240212,69,4,2848.87,3098.42,1,tied_agency
4672,20240123,60,3,1189.98,1593.06,1,tied_agency
10271,20240502,127,3,1942.44,1797.78,1,bancassurance
15868,20250915,195,6,3935.98,4838.58,2,bancassurance
3968,20241008,50,4,534.81,561.89,1,bancassurance
16005,20241028,198,3,2784.25,4116.74,2,bancassurance
11920,20240902,149,2,4110.3,4864.32,2,bancassurance
12742,20240229,158,1,4725.35,5705.96,2,tied_agency
4159,20240115,52,5,1118.52,1357.87,1,tied_agency
8736,20230214,105,3,1676.18,2488.0,2,bancassurance
11274,20250513,9006,2,2762.53,4051.96,2,tied_agency
5228,20241210,64,5,993.05,1360.54,1,tied_agency
11971,20250818,149,5,523.54,553.24,2,bancassurance
6632,20250509,80,3,982.21,1032.09,1,bancassurance
9472,20251208,120,1,3579.13,5220.22,1,tied_agency
12671,20250519,157,5,736.41,698.76,1,bancassurance
248,20230331,6,3,2487.34,2356.53,2,tied_agency
8003,20240208,98,1,2021.82,2356.46,2,bancassurance
8890,20230214,109,4,1173.84,1440.94,2,bancassurance
967,20230519,17,6,6725.84,7998.64,2,tied_agency
9352,20230501,118,2,3462.85,4783.31,1,bancassurance
13348,20250327,9001,1,2799.37,4155.8,2,tied_agency
15604,20240322,192,2,930.48,1216.68,1,tied_agency
649,20240409,12,5,623.56,698.0,2,bancassurance
5048,20231009,63,5,398.63,537.56,1,bancassurance
11275,20250508,138,4,1195.41,1386.74,2,tied_agency
12755,20240919,158,6,6115.95,7366.19,1,tied_agency
10425,20250428,128,1,2707.41,2494.39,2,tied_agency
11905,20240606,149,3,2432.43,2506.15,1,bancassurance
12143,20230323,152,4,1349.19,1865.97,1,bancassurance
15224,20251209,186,4,2487.75,2953.23,1,tied_agency
5792,20241205,70,4,2884.41,3605.27,2,tied_agency
9392,20240814,118,6,4688.01,5614.9,1,bancassurance
4350,20230518,55,4,1410.58,1277.1,2,bancassurance
8895,20230505,9010,3,965.64,899.95,2,bancassurance
4464,20240814,9009,4,2659.23,2639.44,2,tied_agency
4444,20240318,56,1,2358.05,2305.13,1,tied_agency
10517,20240730,129,2,1602.33,1976.14,2,tied_agency
11343,20240610,9002,4,2014.0,2296.94,1,bancassurance
3816,20251103,48,6,6448.47,8772.39,1,tied_agency
6406,20240902,78,5,936.22,947.47,2,tied_agency
15131,20240426,186,6,1311.67,1952.14,2,tied_agency
5279,20230728,65,3,2458.89,3638.45,2,tied_agency
5303,20240419,9002,3,1510.29,2245.45,2,tied_agency
5762,20231030,70,1,906.48,844.96,2,tied_agency
1962,20230227,28,5,1099.76,1552.92,1,bancassurance
9489,20240424,121,3,1935.79,2461.69,1,tied_agency
9708,20240723,123,4,2843.15,3296.86,2,tied_agency
15844,20241223,195,4,2246.78,2310.36,1,bancassurance
13959,20230529,174,6,4228.95,5543.62,2,bancassurance
6416,20241119,78,3,2804.94,3122.69,2,tied_agency
7260,20240726,88,3,2953.93,3812.19,1,bancassurance
10046,20241022,125,2,3782.18,5290.36,2,bancassurance
11903,20240531,149,5,671.01,765.65,1,bancassurance
5115,20241209,63,3,2658.47,2482.71,2,bancassurance
4132,20230904,52,3,1081.68,1330.43,1,tied_agency
15200,20250811,186,2,4819.24,6098.52,1,tied_agency
1474,20240429,23,6,4753.27,7102.9,1,bancassurance
5742,20230324,70,5,561.16,505.5,2,tied_agency
12452,20230303,156,2,1933.54,1769.77,2,bancassurance
4143,20231002,52,4,2432.91,2873.6,2,tied_agency
6680,20230220,82,1,2686.14,3772.26,2,bancassurance
14749,20241028,183,1,3622.27,4068.67,2,tied_agency
2826,20240619,36,6,6455.16,8631.83,1,bancassurance
2174,20230731,29,4,1064.9,1078.69,1,tied_agency
14256,20240408,179,3,2903.01,3226.78,1,tied_agency
14547,20240405,182,6,5983.11,6763.49,1,tied_agency
529,20230102,11,5,579.75,646.51,1,bancassurance
14215,20251118,177,5,794.13,820.82,1,tied_agency
12964,20240206,9011,2,3056.89,3541.78,1,bancassurance
1240,20230516,21,1,2063.86,2431.34,2,tied_agency
12197,20241202,152,3,2185.55,2487.46,2,bancassurance
6607,20240923,80,3,2620.57,2763.64,1,bancassurance
4915,20230424,62,4,521.82,574.7,2,tied_agency
5166,20251006,63,5,651.66,636.65,2,bancassurance
5098,20240905,63,6,2662.83,2790.09,2,bancassurance
13502,20240715,167,5,833.63,1056.59,2,bancassurance
15731,20230915,194,2,1129.94,1415.37,1,bancassurance
15197,20250728,186,3,1055.25,969.68,2,tied_agency
6898,20240131,84,3,570.84,792.05,2,bancassurance
2355,20250616,30,1,1376.71,1981.54,1,tied_agency
13615,20250304,168,2,2042.12,2291.37,1,tied_agency
10172,20240917,126,4,2371.29,2312.27,1,bancassurance
271,20250106,6,3,1171.02,1156.45,2,tied_agency
845,20230828,15,2,4386.08,5702.77,2,tied_agency
3337,20250203,42,6,1825.4,2633.75,2,tied_agency
7339,20230126,90,3,543.41,534.26,2,bancassurance
15206,20250922,186,1,4258.11,5288.06,2,tied_agency
13708,20250103,169,4,2469.27,3689.59,2,tied_agency
7112,20250613,85,2,2454.27,3499.62,2,tied_agency
6417,20241230,78,3,2269.57,2467.32,1,tied_agency
7835,20250505,96,1,3984.4,5793.24,2,tied_agency
16043,20231103,199,3,671.13,678.38,2,bancassurance
140,20230904,9007,1,1923.38,2017.15,1,tied_agency
6048,20240925,73,5,1122.34,1418.0,2,tied_agency
5142,20250513,63,2,3390.71,3751.72,1,bancassurance
1442,20230315,23,3,1004.26,1501.02,1,bancassurance
12859,20250319,160,3,1415.55,1646.69,1,tied_agency
6526,20250407,79,4,1827.27,1939.36,1,bancassurance
8305,20231205,101,5,1042.68,1146.29,2,bancassurance
11771,20240205,148,6,5564.18,7115.14,1,bancassurance
15368,20241028,9005,4,867.11,873.09,2,bancassurance
2747,20241202,35,3,2590.81,3272.65,2,tied_agency
15643,20230908,193,1,1521.22,1399.54,1,bancassurance
13419,20240905,166,2,2912.09,4076.43,1,tied_agency
8612,20231208,104,2,4415.69,6119.64,1,bancassurance
12674,20250512,157,6,7856.66,9795.3,2,bancassurance
7838,20250623,96,6,5743.54,7040.21,1,tied_agency
15783,20250930,194,2,3017.74,2982.49,2,bancassurance
12875,20251022,160,5,679.42,873.0,1,tied_agency
11439,20240607,9004,4,1475.42,1799.55,2,bancassurance
9019,20240627,112,2,4714.87,5612.56,2,bancassurance
13332,20241031,165,2,1008.53,1174.53,1,tied_agency
1171,20251017,19,1,4262.48,5622.59,1,tied_agency
8075,20230721,99,1,2606.62,3564.49,2,bancassurance
14609,20250514,182,1,2783.32,3378.28,1,tied_agency
6450,20251212,78,6,3366.35,3735.87,2,tied_agency
6488,20240221,79,6,1548.15,1721.77,1,bancassurance
9484,20231024,121,1,4790.09,4420.65,1,tied_agency
16101,20240212,200,1,1948.28,2006.86,2,tied_agency
8273,20230626,101,4,1448.5,2061.49,1,bancassurance
10933,20250609,133,5,1035.32,1320.85,1,tied_agency
7053,20240618,85,3,1117.93,1136.25,1,tied_agency
8865,20240326,108,4,1320.35,1451.65,2,bancassurance
3291,20250505,40,6,5691.36,6651.25,1,tied_agency
14288,20250515,179,1,3657.94,5099.07,1,tied_agency
9319,20250205,116,1,1145.85,1599.33,2,bancassurance
11301,20230213,139,3,1076.45,1252.64,1,bancassurance
1683,20250707,24,3,1048.2,1550.43,2,bancassurance
10540,20250609,129,2,4574.32,6645.58,2,tied_agency
2110,20250623,28,6,3174.27,3130.66,1,bancassurance
6280,20230313,76,2,3305.6,3485.1,2,tied_agency
3916,20251215,49,2,1100.12,1481.99,1,tied_agency
15426,20240101,190,4,534.69,571.68,1,tied_agency
102,20240814,3,3,1183.04,1632.13,2,tied_agency
12750,20240610,158,1,1320.15,1707.93,2,tied_agency
6198,20230921,75,6,5984.72,6405.58,2,tied_agency
2181,20230907,9009,1,2955.74,3033.87,2,tied_agency
14828,20230227,9006,5,679.08,729.59,2,bancassurance
1415,20240115,22,1,2754.06,3505.02,2,bancassurance
12326,20230417,154,4,2907.65,3518.25,2,tied_agency
1112,20240105,19,2,2407.06,3147.29,2,tied_agency
1069,20250526,18,6,5513.5,5056.24,2,tied_agency
6365,20230322,78,1,2081.21,2703.69,1,tied_agency
11184,20250606,137,4,589.67,821.07,1,bancassurance
12598,20240129,157,2,2421.11,2921.83,1,bancassurance
6312,20240104,76,5,605.7,665.05,1,tied_agency
7541,20231016,92,6,1012.83,1101.27,1,tied_agency
7971,20251226,97,4,1823.74,1756.61,1,bancassurance
14563,20240628,182,1,4048.79,4944.81,1,tied_agency
3305,20251119,40,1,4139.43,3851.1,2,tied_agency
4741,20230306,61,3,1051.68,1016.51,2,bancassurance
6523,20250321,79,4,1946.95,2638.31,2,bancassurance
1191,20240101,20,3,2991.85,4378.85,1,tied_agency
12317,20251218,153,6,7749.56,7163.81,2,bancassurance
453,20240607,9,4,932.2,1389.56,1,bancassurance
2779,20230111,36,4,2473.97,3004.29,1,bancassurance
14516,20231010,182,1,4512.89,5812.2,1,tied_agency
5557,20230713,68,3,1199.81,1096.07,1,tied_agency
12225,20251031,152,5,460.83,656.26,2,bancassurance
5169,20251120,63,4,1336.66,1562.45,2,bancassurance
15769,20250415,194,2,3729.12,4691.19,1,bancassurance
4863,20250404,61,2,3646.25,4811.52,1,bancassurance
11874,20231121,149,5,1190.64,1345.39,2,bancassurance
9323,20250623,116,5,226.97,281.62,2,bancassurance
9349,20230316,118,3,1004.85,1467.53,1,bancassurance
10077,20251229,9005,5,1037.13,1137.95,1,bancassurance
6033,20240105,73,5,1003.32,984.92,1,tied_agency
7856,20250917,96,2,3378.79,4349.61,2,tied_agency
13932,20250804,173,3,2425.28,3280.22,1,tied_agency
3128,20250904,38,5,773.44,856.18,1,bancassurance
9894,20240624,124,6,7318.86,10920.98,2,bancassurance
15719,20230510,194,5,1128.44,1540.61,2,bancassurance
5776,20240318,70,6,1781.68,2394.26,2,tied_agency
12524,20251110,156,2,4371.34,4429.53,1,bancassurance
13678,20240212,169,4,1821.29,2581.02,2,tied_agency
414,20251124,8,2,1793.51,1956.37,2,bancassurance
12952,20231215,161,4,1996.23,2137.28,2,bancassurance
8098,20240325,99,5,1177.07,1763.41,1,bancassurance
11519,20231117,142,1,4299.47,4517.5,2,bancassurance
5400,20240503,66,4,2460.71,3450.59,2,bancassurance
7009,20231026,85,6,4541.63,5657.35,1,tied_agency
966,20230320,17,6,6466.56,8867.13,1,tied_agency
4838,20241202,61,6,5198.49,5797.89,1,bancassurance
11118,20230602,137,2,1047.49,1318.72,1,bancassurance
974,20240215,17,4,1834.85,2569.8,1,tied_agency
4137,20230915,52,2,3093.24,2925.64,2,tied_agency
2515,20250109,32,5,527.38,773.19,2,tied_agency
15871,20251027,195,5,998.52,1454.88,1,bancassurance
3258,20240322,40,1,1670.43,1621.73,2,tied_agency
13801,20250221,170,4,685.0,872.84,1,tied_agency
383,20241031,8,5,1183.12,1362.82,1,bancassurance
14745,20240927,183,5,668.4,728.61,2,tied_agency
1844,20240911,26,6,3952.25,5350.24,2,tied_agency
8392,20250407,101,5,1045.32,1326.92,2,bancassurance
3402,20240923,9009,4,1885.27,2798.16,1,tied_agency
7057,20240723,85,5,698.15,783.97,2,tied_agency
9322,20250509,116,1,4373.59,3988.45,1,bancassurance
8460,20250821,9007,4,2654.44,3751.28,1,bancassurance
10160,20240624,126,5,624.53,667.23,1,bancassurance
12703,20251120,157,4,864.71,974.99,2,bancassurance
1932,20240402,27,1,4297.45,5012.07,1,bancassurance
1565,20231018,24,6,7461.45,9854.08,2,bancassurance
15933,20240729,197,1,1263.75,1647.76,2,tied_agency
1134,20241113,19,3,618.83,926.84,1,tied_agency
14672,20230519,183,2,4071.91,4832.05,1,tied_agency
4237,20250609,52,4,2085.12,2914.39,1,tied_agency
15453,20241108,190,3,1395.13,1661.96,2,tied_agency
6376,20230718,78,3,2519.78,2872.58,2,tied_agency
3965,20240925,50,3,2867.78,3597.31,1,bancassurance
5750,20230605,70,5,1142.57,1197.6,1,tied_agency
1991,20230727,28,3,696.12,1007.45,1,bancassurance
7735,20231016,96,5,837.15,1199.69,2,tied_agency
11052,20240513,135,5,1166.6,1350.68,1,tied_agency
16152,20250805,200,3,2655.77,3025.09,2,tied_agency
6267,20251027,75,5,1192.04,1225.45,1,tied_agency
14166,20240503,177,4,1499.79,2236.67,1,tied_agency
13580,20240108,168,3,2031.14,2094.96,1,tied_agency
10781,20230717,132,3,769.66,947.04,2,tied_agency
3748,20230830,48,2,921.98,979.61,1,tied_agency
6764,20250818,82,4,1132.73,1583.56,2,bancassurance
8927,20230413,110,3,1141.24,1246.56,2,bancassurance
9292,20240314,116,1,2450.12,3156.48,2,bancassurance
10857,20251106,132,2,3109.14,3616.92,1,tied_agency
1751,20230307,26,6,6419.23,7270.3,1,tied_agency
5144,20250623,63,4,2335.9,3238.79,2,bancassurance
3211,20250605,39,5,819.96,1090.58,2,bancassurance
12438,20250825,155,2,4995.77,5517.35,2,tied_agency
1183,20230407,20,6,4459.04,4613.73,1,tied_agency
6051,20240906,73,1,3613.37,5072.6,2,tied_agency
10536,20250428,129,6,4977.07,6157.51,2,tied_agency
11592,20231127,144,5,391.95,523.65,2,bancassurance
4097,20230206,9002,3,2797.46,3314.73,1,tied_agency
973,20240226,17,5,438.49,496.92,2,tied_agency
14807,20250926,9006,3,915.05,968.28,2,tied_agency
14057,20231211,176,1,3169.14,3680.69,1,bancassurance
12202,20250106,152,1,4358.0,5657.47,2,bancassurance
5269,20230302,65,3,1810.45,2453.87,1,tied_agency
14922,20240703,184,4,1390.74,2035.8,2,bancassurance
4293,20250508,53,2,3653.63,4138.17,2,tied_agency
9462,20250124,120,2,1820.91,2642.06,1,tied_agency
11110,20230313,137,3,744.88,1029.95,1,bancassurance
3796,20250317,48,1,1236.72,1545.54,2,tied_agency
14950,20241119,184,5,573.64,580.69,1,bancassurance
4241,20250721,52,3,643.33,779.63,2,tied_agency
4039,20240122,51,5,1082.38,1180.88,2,tied_agency
7419,20250912,90,4,2314.71,2650.17,2,bancassurance
10052,20250120,125,5,464.48,650.32,1,bancassurance
3524,20241125,45,3,2432.15,2206.75,1,tied_agency
14281,20250213,179,6,1258.85,1461.89,1,tied_agency
8503,20240626,103,3,2832.39,3466.64,2,tied_agency
3540,20250722,45,2,3244.87,4142.54,1,tied_agency
1327,20240819,21,1,1650.75,2230.63,1,tied_agency
3202,20250317,39,6,6891.03,7392.83,1,bancassurance
12744,20240311,158,3,2896.29,3686.96,1,tied_agency
11840,20230410,149,6,3238.59,4852.81,2,bancassurance
3150,20230721,39,5,350.34,330.62,1,bancassurance
310,20240617,7,2,4223.91,6244.2,2,tied_agency
5690,20241017,69,5,235.32,273.18,2,tied_agency
15179,20250313,186,6,6722.72,7358.22,2,tied_agency
4184,20240729,52,4,1943.93,2744.22,2,tied_agency
4943,20240314,62,5,1014.38,1478.38,2,tied_agency
3456,20250116,44,5,1195.01,1549.03,1,bancassurance
13361,20250915,165,2,4402.78,4377.87,2,tied_agency
4408,20230704,56,6,3560.22,4490.74,2,tied_agency
3597,20240924,46,5,1150.37,1461.68,2,bancassurance
10377,20240603,128,1,2704.19,2743.26,2,tied_agency
13927,20250623,173,4,650.02,659.96,2,tied_agency
14865,20230804,184,3,2080.24,2261.13,1,bancassurance
11487,20240115,141,1,4827.6,5688.83,2,bancassurance
14280,20250217,179,4,2142.19,2681.87,2,tied_agency
2404,20230306,32,4,850.76,1011.18,1,tied_agency
11941,20250106,149,1,1545.61,1600.75,2,bancassurance
3427,20250904,43,5,903.08,1266.58,2,tied_agency
12532,20230222,157,2,3175.61,4679.05,2,bancassurance
3943,20240129,50,5,385.94,427.63,1,bancassurance
12798,20230116,160,2,3934.62,5858.77,1,tied_agency
1997,20230918,28,2,2393.17,3101.44,1,bancassurance
10190,20241205,126,1,2965.55,3311.38,2,bancassurance
15424,20231127,190,5,1046.28,981.84,2,tied_agency
2447,20240101,32,4,2119.74,2182.44,2,tied_agency
3513,20240610,45,2,2123.53,3083.26,1,tied_agency
7702,20230403,96,5,274.85,275.76,1,tied_agency
1785,20230904,26,6,4145.3,6141.99,1,tied_agency
1905,20251027,26,4,2488.33,3085.52,2,tied_agency
7795,20240909,96,6,6151.49,6937.99,2,tied_agency
3821,20251222,48,5,536.22,519.29,2,tied_agency
4231,20250421,52,5,1051.35,1252.23,2,tied_agency
14085,20241022,176,2,1318.45,1300.91,2,bancassurance
11623,20250109,144,4,514.23,572.72,1,bancassurance
558,20231207,9001,6,6157.73,7587.24,1,bancassurance
15421,20231121,190,6,1554.84,1996.92,1,tied_agency
4820,20240826,61,3,2734.66,3314.12,2,bancassurance
350,20230821,8,6,7130.79,7296.71,1,bancassurance
1284,20231225,21,1,3057.22,3466.88,1,tied_agency
9806,20230109,124,6,7188.73,10700.22,2,bancassurance
5629,20250905,68,1,3463.36,4201.13,1,tied_agency
7888,20230512,97,5,504.29,477.59,2,bancassurance
2766,20250718,35,1,4358.13,4647.57,2,tied_agency
11186,20250603,137,5,1010.76,1340.31,1,bancassurance
13820,20250904,170,5,455.53,617.64,2,tied_agency
11973,20250819,149,4,1934.34,2095.96,2,bancassurance
15160,20241101,9010,1,1308.49,1245.02,1,tied_agency
6774,20230214,83,5,321.0,453.52,2,bancassurance
3933,20230811,50,1,3210.66,4218.97,1,bancassurance
9132,20250922,113,2,1921.55,2259.98,1,tied_agency
13972,20230911,174,4,812.51,1198.0,2,bancassurance
9143,20230519,9009,4,2054.26,2279.15,2,tied_agency
6344,20250609,76,6,1919.16,1765.04,1,tied_agency
10775,20230421,132,4,1603.27,1901.08,2,tied_agency
232,20241118,5,3,2438.78,2751.91,2,bancassurance
5570,20231102,68,5,596.89,780.28,1,tied_agency
9698,20240523,123,4,1134.01,1086.34,2,tied_agency
6961,20230130,85,2,4473.26,4209.2,2,tied_agency
672,20250114,12,6,5908.23,8153.93,2,bancassurance
6434,20250731,78,3,1505.54,1358.36,2,tied_agency
14562,20240617,182,5,821.34,1048.25,1,tied_agency
8991,20250515,111,1,4121.06,3860.54,1,bancassurance
14199,20250512,177,6,6214.42,6991.78,1,tied_agency
12429,20240520,155,5,889.1,1060.58,2,tied_agency
2601,20250718,33,4,1250.62,1492.56,1,bancassurance
726,20230918,13,3,548.49,509.97,1,bancassurance
1053,20241107,18,1,2170.74,2745.75,1,tied_agency
11416,20230904,140,5,406.23,412.59,2,bancassurance
3190,20241016,39,5,1086.1,1510.25,1,bancassurance
2334,20230918,30,5,962.79,1017.12,2,tied_agency
7567,20240916,9008,3,614.57,831.76,2,tied_agency
12586,20231120,157,2,4328.53,6150.83,1,bancassurance
2032,20240430,28,3,987.56,1229.66,1,bancassurance
8255,20230320,101,1,4200.83,5863.69,1,bancassurance
4186,20240719,52,5,205.33,212.18,1,tied_agency
5001,20251230,62,4,2617.01,3724.24,1,tied_agency
11820,20251110,148,6,2413.14,3427.46,1,bancassurance
3396,20240712,43,2,3226.93,4612.85,2,tied_agency
4122,20230614,52,3,637.3,617.71,2,tied_agency
6581,20231107,80,2,3654.07,4159.72,1,bancassurance
711,20230403,13,2,3012.32,3019.44,2,bancassurance
4894,20251014,61,2,4237.38,3951.53,1,bancassurance
15517,20231218,191,5,1031.95,1287.26,2,tied_agency
2558,20251010,32,2,3923.05,5785.61,1,tied_agency
10455,20250929,128,1,3617.54,3359.87,2,tied_agency
11460,20250417,9008,1,2793.8,3273.09,2,bancassurance
7139,20251110,85,4,1533.03,1630.85,1,tied_agency
10049,20241024,125,2,3778.47,5150.86,2,bancassurance
5966,20240917,72,4,716.03,1033.18,2,bancassurance
2923,20231025,37,3,783.44,1163.24,2,tied_agency
7600,20251003,92,3,2262.04,2076.82,2,tied_agency
2794,20230626,36,5,252.15,325.97,1,bancassurance
5950,20240115,9008,6,5173.88,6450.77,1,bancassurance
4652,20230612,60,4,2881.37,2595.82,2,tied_agency
10867,20230424,133,1,3075.53,3201.69,2,tied_agency
2213,20240321,29,1,2072.41,2186.79,1,tied_agency
7014,20231027,85,2,4587.87,4868.65,1,tied_agency
2115,20250826,28,3,2225.99,3011.82,2,bancassurance
7388,20240902,90,2,2760.1,3613.81,2,bancassurance
15850,20250304,195,6,1388.9,2010.74,1,bancassurance
13958,20230531,174,6,2485.27,2824.99,2,bancassurance
15213,20251103,186,1,2444.41,3484.63,2,tied_agency
14474,20230201,182,3,1679.39,2182.48,1,tied_agency
1567,20231019,24,6,3128.52,4044.49,1,bancassurance
11931,20241114,149,6,7353.97,10037.1,2,bancassurance
8737,20230414,105,6,1972.99,2076.62,1,bancassurance
6517,20250120,79,1,3473.34,5031.42,1,bancassurance
1312,20240520,21,4,1082.06,1230.56,1,tied_agency
11381,20250821,9011,2,2753.52,3248.31,2,bancassurance
9211,20231205,115,5,597.9,586.03,1,tied_agency
12517,20250813,156,2,1871.62,2432.77,2,bancassurance
6695,20230619,82,6,6733.58,6322.25,2,bancassurance
10615,20231110,130,1,3332.71,3768.91,2,tied_agency
12783,20250613,158,4,807.23,960.63,1,tied_agency
4068,20250210,51,6,3163.89,4452.25,1,tied_agency
4088,20251009,51,5,223.2,255.14,1,tied_agency
814,20240819,9010,5,1117.11,1218.21,1,tied_agency
13740,20230405,170,1,4257.72,4716.75,2,tied_agency
10351,20240112,128,5,955.53,1288.61,2,tied_agency
3506,20240227,45,2,1665.16,1681.25,1,tied_agency
9985,20251110,124,5,1184.67,1101.64,1,bancassurance
14874,20231003,184,4,655.84,703.75,2,bancassurance
10784,20230803,132,2,3253.6,4214.59,1,tied_agency
10732,20251209,130,2,4027.12,4639.18,1,tied_agency
15020,20251110,184,3,2759.83,3492.7,2,bancassurance
9758,20250414,123,4,1340.75,1484.77,1,tied_agency
7814,20250217,96,5,784.77,1069.0,1,tied_agency
1316,20240617,21,5,721.75,974.6,1,tied_agency
1555,20230810,24,4,2199.95,2174.55,1,bancassurance
3993,20250918,50,2,1473.04,1422.21,2,bancassurance
12835,20240319,9010,1,2899.47,4183.75,1,tied_agency
9222,20240513,115,4,1950.05,2179.65,1,tied_agency
11333,20240226,139,4,2146.86,3002.25,1,bancassurance
14862,20230817,184,5,1144.59,1306.88,1,bancassurance
11537,20230417,143,2,4368.0,5083.95,2,bancassurance
9353,20230613,118,3,2766.56,3839.0,1,bancassurance
5789,20241112,70,6,7840.26,10094.59,2,tied_agency
14034,20230214,176,2,4586.88,6723.04,1,bancassurance
15952,20230227,198,3,787.84,1141.13,1,bancassurance
9299,20240610,116,3,2414.38,2506.47,2,bancassurance
3446,20240502,44,1,2191.91,3160.22,2,bancassurance
5499,20240802,67,2,4825.54,5787.72,2,tied_agency
9231,20240708,115,2,3294.83,3293.03,1,tied_agency
14198,20250530,177,6,1649.65,1766.32,1,tied_agency
13522,20250314,167,3,1495.9,1473.5,2,bancassurance
4235,20250519,52,6,7522.4,10341.27,1,tied_agency
15383,20250417,189,5,408.72,424.53,1,bancassurance
14238,20230720,179,6,3965.15,3661.75,1,tied_agency
7214,20230113,88,3,573.68,620.56,2,bancassurance
11848,20230612,149,2,4161.3,5597.45,1,bancassurance
1234,20230417,21,1,855.88,1107.06,2,tied_agency
1805,20240115,26,3,926.03,1151.34,1,tied_agency
6926,20241118,84,5,427.87,612.53,2,bancassurance
12625,20240624,157,6,6217.29,8055.44,2,bancassurance
6811,20240318,83,4,1698.72,1535.1,2,bancassurance
12067,20231020,151,5,1078.64,1031.43,2,bancassurance
1547,20230626,24,6,3402.58,4920.47,2,bancassurance
10383,20240722,128,6,1747.85,1673.69,2,tied_agency
1525,20230102,24,1,1056.44,1427.33,1,bancassurance
9345,20230202,118,1,4610.21,6768.23,1,bancassurance
13581,20240220,168,1,3583.18,3324.85,1,tied_agency
9,20230403,2,1,3576.44,3274.12,2,tied_agency
141,20231031,4,4,2660.41,3061.81,1,tied_agency
40,20240527,2,1,1658.58,2433.46,1,tied_agency
5013,20230306,63,4,2810.8,2819.62,1,bancassurance
3763,20240229,48,6,5299.34,6898.5,1,tied_agency
11232,20240423,138,6,3827.0,4662.43,1,tied_agency
3740,20230515,48,1,1372.43,1345.89,1,tied_agency
12106,20250113,151,2,1535.42,2128.63,1,bancassurance
12903,20230417,161,2,2238.3,2740.61,1,bancassurance
8207,20241107,100,3,2634.25,3113.72,2,bancassurance
9242,20250131,115,6,4656.01,5610.86,2,tied_agency
15165,20241204,186,5,1055.68,1408.44,1,tied_agency
15530,20240506,191,4,717.65,788.73,1,tied_agency
7025,20231211,85,3,2581.12,3467.56,2,tied_agency
10233,20250915,126,1,907.15,1017.08,1,bancassurance
2185,20231023,29,2,2569.91,2829.03,1,tied_agency
6642,20251017,80,1,4664.39,6280.09,1,bancassurance
3927,20230511,50,3,723.58,1011.16,1,bancassurance
7105,20250508,85,5,1064.87,1510.76,2,tied_agency
919,20251218,15,5,379.8,457.91,2,tied_agency
3510,20240506,45,1,3324.31,4361.52,2,tied_agency
7349,20230417,90,3,1865.49,2280.02,1,bancassurance
11551,20240701,143,5,556.04,548.1,2,bancassurance
6000,20251226,72,4,1252.95,1621.79,2,bancassurance
564,20240202,11,3,2208.48,2181.66,2,bancassurance
5572,20231129,68,1,4651.62,4281.86,1,tied_agency
9252,20250428,115,6,3567.13,4593.73,2,tied_agency
3614,20250304,46,4,1255.22,1466.11,1,bancassurance
257,20231128,6,2,3168.62,3929.14,2,tied_agency
13714,20250505,169,3,1270.77,1505.3,2,tied_agency
9147,20231030,114,5,1109.51,1430.44,1,tied_agency
16068,20251013,199,3,584.25,574.31,2,bancassurance
707,20230203,13,2,1501.02,1443.69,2,bancassurance
1708,20230213,25,5,351.1,406.28,1,tied_agency
376,20240625,8,1,4483.36,6364.66,2,bancassurance
8038,20250505,98,1,1807.19,2651.4,1,bancassurance
6391,20240129,78,6,5484.73,5183.41,1,tied_agency
127,20230302,4,2,2617.0,3785.3,1,tied_agency
10673,20241129,130,5,783.01,922.31,2,tied_agency
6800,20231219,83,6,6675.76,9968.73,1,bancassurance
1260,20230911,21,2,1306.89,1351.92,2,tied_agency
2144,20230217,29,3,1279.4,1552.16,1,tied_agency
10426,20250414,128,3,1537.56,1514.34,2,tied_agency
14578,20240916,182,1,4697.43,4788.61,2,tied_agency
12597,20240122,9005,2,4814.3,5824.86,1,bancassurance
6492,20240325,79,5,924.98,1209.44,2,bancassurance
2190,20231017,29,2,4005.33,5769.76,1,tied_agency
3049,20230116,9008,5,291.42,380.96,1,bancassurance
16132,20241114,9009,1,2069.18,2488.54,1,tied_agency
9194,20230605,115,5,754.81,917.46,2,tied_agency
6807,20240122,83,6,2616.89,3173.34,2,bancassurance
6997,20230719,85,5,647.6,674.6,2,tied_agency
9669,20240101,123,2,1471.48,1552.43,2,tied_agency
4291,20250418,53,1,2463.95,2772.2,2,tied_agency
4280,20240725,53,4,1931.5,2258.27,1,tied_agency
5899,20250819,71,2,2885.05,3089.14,2,tied_agency
9874,20240229,124,6,7893.85,8587.63,1,bancassurance
12694,20251002,157,3,2608.32,3109.5,1,bancassurance
4117,20230515,52,1,2440.95,2252.58,2,tied_agency
3485,20230717,45,5,336.16,311.39,1,tied_agency
12176,20240404,152,1,4100.22,4718.1,1,bancassurance
9395,20240923,118,5,727.81,918.31,2,bancassurance
2529,20250404,32,2,3097.92,3378.38,1,tied_agency
4877,20250707,61,2,3752.76,3542.19,2,bancassurance
14155,20231201,177,1,2059.03,1940.74,1,tied_agency
11188,20250717,137,2,2729.37,3612.63,1,bancassurance
8970,20230726,111,5,652.0,715.2,1,bancassurance
10570,20230327,130,2,1440.13,1972.99,2,tied_agency
12279,20240812,153,2,4063.48,3759.84,1,bancassurance
10003,20230517,125,1,1192.16,1499.08,1,bancassurance
3089,20240307,38,5,818.78,1215.82,1,bancassurance
5088,20240729,63,4,1927.55,1831.75,2,bancassurance
15491,20230215,9002,5,618.96,559.85,2,tied_agency
12635,20240917,157,5,468.38,633.83,2,bancassurance
2648,20240508,34,1,4003.61,5689.93,1,tied_agency
15879,20251229,195,4,1014.77,1225.56,1,bancassurance
6395,20240401,78,2,1206.01,1168.45,1,tied_agency
11999,20230703,150,3,522.6,565.47,1,tied_agency
5981,20250519,72,3,1065.22,1230.1,2,bancassurance
13688,20240605,169,6,6873.38,7398.14,1,tied_agency
14641,20251215,182,5,667.52,945.88,1,tied_agency
481,20250728,9005,1,2948.36,3825.24,2,bancassurance
11055,20240717,135,2,889.59,1053.59,1,tied_agency
1717,20231103,25,5,736.21,764.24,2,tied_agency
11985,20251023,149,3,1085.18,1176.93,1,bancassurance
9606,20251009,9003,4,989.6,1351.53,1,tied_agency
1237,20230504,21,1,1325.38,1203.88,1,tied_agency
6690,20230531,82,4,553.64,663.53,2,bancassurance
12,20230504,2,4,2445.04,2953.47,2,tied_agency
9391,20240802,118,5,997.91,960.63,2,bancassurance
181,20250130,4,4,2705.61,2720.42,1,tied_agency
12411,20251107,154,5,516.46,472.34,1,tied_agency
1869,20250228,26,3,2271.28,2937.16,1,tied_agency
3628,20250723,46,6,7536.31,9842.6,2,bancassurance
1616,20240703,24,3,1516.29,1649.18,1,bancassurance
7122,20250829,85,6,7701.38,11237.06,2,tied_agency
131,20230508,4,5,733.48,881.31,1,tied_agency
4953,20240605,62,1,4491.04,5392.65,2,tied_agency
12705,20251202,157,6,7723.91,8973.55,1,bancassurance
14861,20230731,184,2,2456.23,2912.25,1,bancassurance
2751,20241230,35,5,713.52,776.19,2,tied_agency
13071,20251218,161,6,5782.79,8470.91,2,bancassurance
8796,20250324,106,6,5345.75,7220.15,1,tied_agency
6965,20230116,85,4,2056.74,2889.26,2,tied_agency
11271,20250421,138,6,2649.43,2402.72,2,tied_agency
9011,20231130,9011,2,4435.42,5439.82,1,bancassurance
3791,20241108,48,1,1617.03,2157.62,1,tied_agency
1225,20230330,21,3,1921.34,2364.39,1,tied_agency
9310,20241206,116,1,2203.95,3242.71,1,bancassurance
14557,20240522,9008,3,511.86,688.07,1,tied_agency
10366,20240405,128,5,1093.7,1087.21,2,tied_agency
11003,20240828,134,4,1768.19,1696.49,1,bancassurance
10502,20231218,129,6,6321.15,8343.27,2,tied_agency
1529,20230202,9004,3,2162.7,2437.5,2,bancassurance
3495,20231020,45,2,2277.54,2817.06,2,tied_agency
4975,20250224,62,2,2138.31,2575.72,1,tied_agency
5103,20241030,63,4,2707.33,3041.71,1,bancassurance
4946,20240419,62,2,2811.76,3178.83,1,tied_agency
14007,20250120,174,3,2817.25,3449.79,1,bancassurance
7987,20230724,98,5,422.08,513.72,2,bancassurance
4824,20240808,61,2,2665.47,2548.03,2,bancassurance
13219,20240419,164,3,2379.63,2233.35,2,tied_agency
14268,20240910,179,5,1090.54,1303.23,2,tied_agency
3378,20240213,43,1,2031.93,2287.55,2,tied_agency
4219,20250217,52,6,1650.35,1686.48,2,tied_agency
6938,20250319,84,3,2844.58,3345.11,2,bancassurance
1906,20251030,26,3,775.48,701.81,1,tied_agency
4988,20250623,62,6,2420.43,2261.19,1,tied_agency
11591,20231106,144,4,2685.56,2620.83,2,bancassurance
1903,20250909,26,4,1972.87,2894.52,2,tied_agency
4564,20231019,58,4,2100.55,3092.02,2,tied_agency
3240,20230502,40,5,374.33,352.59,2,tied_agency
13052,20250806,161,1,4419.32,5844.67,2,bancassurance
14202,20250714,177,6,4730.32,5240.49,1,tied_agency
1990,20230731,28,1,2255.87,2586.36,2,bancassurance
15645,20231009,193,5,1074.8,1361.66,2,bancassurance
708,20230303,13,1,4037.92,4903.61,1,bancassurance
7959,20250701,97,2,4230.36,5508.23,2,bancassurance
8318,20240219,101,4,2477.43,2257.61,1,bancassurance
11616,20240910,144,2,3780.91,5435.81,2,bancassurance
8952,20250731,110,5,554.92,807.36,2,bancassurance
15256,20240209,187,4,750.78,781.05,2,bancassurance
15745,20240527,194,1,987.54,1005.98,2,bancassurance
2178,20230823,29,2,3059.38,3140.14,2,tied_agency
4701,20241224,60,1,4145.75,4125.0,2,tied_agency
2943,20240223,37,1,3213.21,4148.61,1,tied_agency
13091,20230831,162,6,6004.45,8188.34,2,bancassurance
3521,20241125,45,5,750.74,1094.92,2,tied_agency
3915,20251202,49,5,941.9,1323.89,1,tied_agency
15437,20240528,190,1,3507.87,4834.77,2,tied_agency
4390,20230203,56,1,3785.45,4129.14,1,tied_agency
1586,20240202,24,5,647.23,704.56,1,bancassurance
14434,20250227,181,1,4600.67,4949.43,2,tied_agency
603,20251117,11,3,745.51,995.52,2,bancassurance
16112,20240513,200,1,1022.98,1010.79,1,tied_agency
6360,20230220,78,4,1909.81,2020.9,2,tied_agency
535,20230316,11,6,7540.6,9073.91,2,bancassurance
11174,20250106,137,2,1576.65,2344.19,1,bancassurance
9156,20240520,114,5,969.65,1146.32,1,tied_agency
906,20250610,15,2,3575.7,4189.95,2,tied_agency
4515,20250707,56,3,1987.53,2558.77,1,tied_agency
4615,20250529,58,5,678.44,856.26,1,tied_agency
2052,20240802,28,1,1775.51,2123.47,2,bancassurance
3582,20240308,46,1,4765.27,4372.15,2,bancassurance
2199,20231213,29,6,2487.44,2943.6,2,tied_agency
12220,20250901,152,5,716.49,728.73,2,bancassurance
3625,20250609,46,2,2323.54,3442.73,1,bancassurance
14756,20241230,183,4,1388.16,1721.84,2,tied_agency
8675,20241216,104,5,1183.37,1469.74,2,bancassurance
1320,20240614,9010,4,2654.94,2426.5,1,tied_agency
8284,20230831,101,3,1489.17,2093.78,1,bancassurance
16148,20250730,200,6,3505.62,3517.97,1,tied_agency
7267,20241014,88,3,2079.76,1888.31,2,bancassurance
12869,20250707,9007,2,1551.35,2213.52,1,tied_agency
12132,20251124,151,2,1221.99,1728.71,2,bancassurance
2275,20250422,29,1,3832.38,4291.8,2,tied_agency
9808,20230227,124,1,3097.6,4307.79,1,bancassurance
11493,20240807,141,2,1199.68,1174.75,1,bancassurance
1992,20230712,28,3,2354.77,2417.08,1,bancassurance
10531,20250224,129,2,2184.88,2338.93,1,tied_agency
441,20231204,9,5,749.66,895.52,2,bancassurance
14647,20230123,183,5,720.91,926.13,2,tied_agency
3152,20230718,39,4,2387.41,3516.5,2,bancassurance
15551,20250116,191,2,2610.46,3378.27,2,tied_agency
4243,20250716,52,3,2248.68,2982.56,1,tied_agency
8822,20240422,107,1,2230.77,3078.16,1,bancassurance
1967,20230328,28,3,686.94,855.39,2,bancassurance
15466,20250526,190,6,3511.59,4307.39,1,tied_agency
12792,20251110,158,5,780.95,926.1,1,tied_agency
14056,20231225,176,1,882.38,1105.71,1,bancassurance
15214,20251107,186,6,3083.81,3621.29,1,tied_agency
12109,20250224,151,1,987.67,1169.04,2,bancassurance
14834,20230306,184,1,974.3,1176.11,1,bancassurance
10826,20241007,132,6,1559.87,1533.4,1,tied_agency
11844,20230525,149,3,2451.28,3114.6,1,bancassurance
1436,20250915,22,1,1584.11,1491.75,2,bancassurance
1658,20250324,24,3,1335.71,1291.52,1,bancassurance
13452,20251223,166,6,7722.54,7073.93,1,tied_agency
13818,20250811,170,2,3857.81,4572.34,1,tied_agency
6227,20240826,75,6,5935.34,6889.66,1,tied_agency
9645,20230814,123,6,5266.22,6473.94,1,tied_agency
2387,20250616,31,5,605.66,905.84,2,tied_agency
15090,20230814,186,5,210.85,213.14,2,tied_agency
15851,20250325,195,4,1560.29,2239.15,1,bancassurance
1653,20250214,24,3,1565.19,1466.29,1,bancassurance
3007,20250428,37,1,3689.42,4384.76,1,tied_agency
5589,20240611,68,1,2821.38,4077.26,2,tied_agency
13918,20250203,173,1,4379.44,6242.24,2,tied_agency
6513,20241125,79,4,2655.53,2981.42,2,bancassurance
9631,20230410,123,1,2216.76,2567.55,1,tied_agency
4775,20230906,61,5,863.46,1277.48,2,bancassurance
5329,20250320,65,3,2786.82,2680.02,2,tied_agency
14734,20240726,183,2,1311.75,1742.33,1,tied_agency
16,20230705,2,1,2152.87,2129.19,2,tied_agency
5267,20230317,65,1,3988.19,5127.3,2,tied_agency
3828,20230324,49,6,1304.14,1764.91,2,tied_agency
8639,20240521,104,1,2354.39,3319.85,2,bancassurance
15747,20240612,194,5,723.86,679.79,2,bancassurance
155,20240327,4,2,2450.41,3111.78,2,tied_agency
8358,20240930,101,2,4253.9,6140.96,2,bancassurance
13563,20230925,168,3,2694.07,3522.39,2,tied_agency
10070,20250930,125,3,2432.52,3520.49,2,bancassurance
14893,20240212,184,3,2076.03,3038.95,1,bancassurance
15321,20230502,189,2,1502.13,1357.01,1,bancassurance
14622,20250701,182,5,945.56,1172.55,2,tied_agency
3342,20250811,42,5,1126.23,1487.98,2,tied_agency
1047,20240916,18,1,4665.82,5331.81,1,tied_agency
8667,20241007,104,4,748.66,941.44,1,bancassurance
2135,20230106,29,2,1232.5,1269.31,2,tied_agency
12774,20250310,158,6,4673.68,6863.07,1,tied_agency
10316,20230516,128,5,803.0,910.19,1,tied_agency
7903,20231107,97,1,4457.34,5151.18,1,bancassurance
753,20240904,13,3,1524.51,1666.62,1,bancassurance
14163,20240513,177,6,6514.69,8262.81,2,tied_agency
8378,20250127,101,2,1862.15,1766.01,2,bancassurance
15122,20240202,186,4,2499.64,3000.33,2,tied_agency
10682,20250110,130,6,2638.45,2808.41,2,tied_agency
3895,20250729,49,1,2954.52,3556.11,1,tied_agency
9568,20240919,122,6,2286.82,2610.88,2,tied_agency
938,20240214,16,2,4317.98,5836.43,2,tied_agency
5435,20250509,66,2,3848.88,5380.89,1,bancassurance
12920,20230711,161,6,1122.46,1260.77,2,bancassurance
13082,20230501,162,4,2270.26,2377.64,2,bancassurance
9954,20250508,124,1,1797.9,2260.99,2,bancassurance
2296,20250708,29,1,2675.86,3247.88,2,tied_agency
4717,20250630,60,6,7164.87,8927.08,2,tied_agency
8105,20240523,99,1,2583.4,3393.14,1,bancassurance
6605,20240813,80,2,2034.57,2737.95,2,bancassurance
6114,20240206,74,4,1568.8,1803.5,2,tied_agency
13986,20240417,174,1,954.08,973.92,1,bancassurance
5121,20250127,63,3,521.27,713.37,1,bancassurance
5130,20250325,63,6,3707.15,3606.82,2,bancassurance
8623,20240212,104,5,694.97,674.43,1,bancassurance
1020,20231002,18,3,2067.03,2733.32,1,tied_agency
10497,20231115,129,2,3305.24,4209.56,2,tied_agency
5550,20230505,68,5,765.0,1067.37,2,tied_agency
2891,20230404,37,5,861.29,923.76,1,tied_agency
11826,20230118,149,4,2945.13,3824.23,1,bancassurance
14502,20230705,182,1,1829.06,2372.79,2,tied_agency
12621,20240528,157,4,2519.47,2285.82,1,bancassurance
8836,20250228,107,3,1541.21,1466.27,2,bancassurance
2987,20241203,37,6,6900.35,7950.68,1,tied_agency
15734,20231130,194,1,4241.9,5268.61,2,bancassurance
11151,20240603,137,6,3793.4,5085.17,2,bancassurance
12335,20230721,154,3,1384.8,1533.48,1,tied_agency
5173,20251218,63,4,1389.87,1866.13,1,bancassurance
10139,20240105,126,1,3857.95,5642.85,1,bancassurance
7849,20250901,96,1,3321.2,3006.36,1,tied_agency
313,20241015,7,2,3057.96,3060.79,2,tied_agency
11718,20240807,147,1,824.71,1210.6,2,tied_agency
16116,20240611,200,6,3683.85,4783.21,2,tied_agency
1745,20230119,26,5,1007.49,997.53,2,tied_agency
744,20240612,13,6,2350.76,3087.84,1,bancassurance
13900,20240724,173,6,3866.21,4083.04,2,tied_agency
12718,20230321,158,4,2696.43,4009.78,2,tied_agency
7812,20250113,96,5,516.9,697.6,2,tied_agency
1014,20230817,18,6,6380.24,5870.92,2,tied_agency
1115,20240304,19,5,746.62,1098.69,2,tied_agency
15433,20240401,190,2,4461.18,4649.44,2,tied_agency
10568,20230206,130,5,851.34,1150.06,2,tied_agency
612,20230217,12,6,1527.8,1392.1,1,bancassurance
7129,20251027,85,3,1737.7,1890.88,1,tied_agency
9026,20250203,112,2,3658.16,4549.01,2,bancassurance
9099,20241125,113,1,3359.38,4577.99,1,tied_agency
5440,20250822,66,2,3585.49,4988.09,2,bancassurance
2800,20230929,36,5,1013.31,1216.53,1,bancassurance
13707,20250123,169,3,1073.39,1145.11,1,tied_agency
3467,20230227,45,5,787.63,921.19,2,tied_agency
7108,20250512,85,4,2169.89,2066.86,1,tied_agency
10848,20250714,132,1,1233.03,1730.91,2,tied_agency
5217,20240703,9010,6,6150.87,7107.2,2,tied_agency
9088,20240729,113,6,2121.77,2832.0,1,tied_agency
12682,20250728,157,4,2630.95,3536.22,2,bancassurance
12686,20250821,157,3,1485.33,1339.46,2,bancassurance
2072,20241106,28,3,1675.29,1994.78,2,bancassurance
2311,20251014,29,4,907.83,852.76,2,tied_agency
1239,20230529,21,6,2016.08,2106.94,1,tied_agency
9891,20240520,124,1,2205.3,3158.27,1,bancassurance
3699,20241014,47,2,2148.6,1997.61,2,tied_agency
9528,20230503,122,2,2157.4,2409.14,2,tied_agency
1019,20231013,18,4,2429.59,3461.0,1,tied_agency
1431,20250130,22,5,223.24,306.11,1,bancassurance
10665,20240930,130,3,1803.54,2552.84,2,tied_agency
10223,20250704,126,3,2272.15,2779.54,2,bancassurance
2235,20240806,29,6,1320.2,1503.97,2,tied_agency
14253,20240401,179,6,3109.95,4067.58,1,tied_agency
8969,20230626,111,2,2679.54,3921.71,2,bancassurance
15393,20250807,189,1,3904.46,4519.25,1,bancassurance
4898,20251128,61,2,3217.22,3476.84,2,bancassurance
9585,20250313,9009,2,2489.84,2435.4,1,tied_agency
9502,20250218,121,2,4693.68,6131.33,1,tied_agency
4808,20240528,61,2,2065.39,2618.83,1,bancassurance
8574,20230517,104,5,869.53,1038.26,2,bancassurance
2580,20231002,33,2,2853.09,3024.29,2,bancassurance
3024,20250901,37,1,1054.99,1457.15,1,tied_agency
6401,20240607,78,5,722.68,881.61,2,tied_agency
2986,20241202,9011,4,1445.22,1449.3,1,tied_agency
7066,20240902,85,3,2861.38,3239.78,1,tied_agency
6770,20251119,82,5,378.28,359.89,1,bancassurance
15536,20240722,191,4,1064.23,1406.28,2,tied_agency
274,20250411,6,2,2079.56,3055.49,2,tied_agency
3404,20240925,43,2,1318.3,1627.44,1,tied_agency
10354,20240219,128,6,1430.49,1716.13,2,tied_agency
10224,20250707,126,2,3382.12,4175.68,1,bancassurance
5298,20240212,65,4,1565.96,1702.47,2,tied_agency
5896,20250625,71,5,851.96,1045.92,2,tied_agency
9128,20250815,113,3,1831.65,2180.83,2,tied_agency
2787,20230308,36,4,723.65,761.97,2,bancassurance
5368,20230627,66,6,1895.84,2761.27,1,bancassurance
11722,20241107,147,5,330.59,430.5,1,tied_agency
9318,20250213,116,4,1463.36,2044.57,1,bancassurance
2308,20250908,29,6,3097.46,4399.5,2,tied_agency
15941,20250610,197,4,2106.66,2006.5,1,tied_agency
4318,20240410,54,5,462.41,528.6,1,bancassurance
4670,20231219,60,2,3040.47,3714.14,1,tied_agency
234,20250107,5,4,2404.07,2625.58,2,bancassurance
11731,20250825,147,2,3164.64,3640.05,1,tied_agency
15741,20240318,194,4,2216.58,2456.04,1,bancassurance
1952,20250903,27,4,2389.53,2752.82,1,bancassurance
15059,20251124,185,4,952.63,1297.08,2,tied_agency
6590,20240102,80,1,2911.52,3946.51,2,bancassurance
4763,20230727,61,5,881.85,1283.74,1,bancassurance
6290,20230703,76,1,4147.18,5176.33,1,tied_agency
9166,20250227,114,5,521.0,645.61,1,tied_agency
1076,20250725,18,6,2282.73,2183.9,1,tied_agency
12652,20250131,157,5,880.29,967.52,1,bancassurance
14004,20241209,174,4,997.27,919.8,2,bancassurance
4066,20250120,51,4,2563.04,2345.42,1,tied_agency
3819,20251226,48,5,809.41,915.62,1,tied_agency
3284,20250312,40,3,1607.03,2099.17,2,tied_agency
1144,20250122,19,4,869.36,860.91,2,tied_agency
14589,20241217,182,3,923.45,1280.77,1,tied_agency
11792,20241118,148,5,311.62,449.52,1,bancassurance
5659,20230807,69,3,2532.53,3579.76,2,tied_agency
14707,20240102,183,2,4710.07,5217.36,2,tied_agency
11436,20240430,140,2,2498.23,2972.14,2,bancassurance
8550,20251215,103,4,2878.16,2723.61,2,tied_agency
5627,20250811,68,4,960.87,969.87,1,tied_agency
567,20240422,11,4,1468.89,2165.17,2,bancassurance
16142,20250421,200,5,1139.92,1235.2,2,tied_agency
4409,20230703,56,1,3515.77,4896.61,1,tied_agency
677,20250310,12,4,2342.78,2438.64,2,bancassurance
11198,20251110,137,2,3500.23,3710.04,2,bancassurance
93,20231018,3,5,707.33,1056.04,1,tied_agency
1888,20250506,26,6,4322.2,4756.29,2,tied_agency
12760,20241125,9009,5,319.21,332.53,2,tied_agency
12043,20230224,151,4,1367.47,2021.46,1,bancassurance
3403,20240906,43,3,2958.5,4345.42,2,tied_agency
16113,20240606,200,5,412.99,398.47,2,tied_agency
11066,20250505,135,1,1778.5,2424.66,2,tied_agency
15242,20231013,187,6,4597.34,4586.03,2,bancassurance
8597,20230914,104,1,3419.25,4808.61,1,bancassurance
113,20250612,3,2,3652.06,5365.95,2,tied_agency
14620,20250714,182,6,7519.38,10130.8,2,tied_agency
9070,20231025,113,1,3547.32,3816.0,2,tied_agency
13378,20230407,166,2,2854.88,3303.14,1,tied_agency
9841,20230815,124,2,3300.84,4589.91,2,bancassurance
14976,20250326,184,1,1849.93,1672.45,1,bancassurance
8717,20250806,104,4,2650.87,2843.18,1,bancassurance
7677,20250623,95,3,2518.09,2771.25,1,bancassurance
15699,20250728,193,1,1247.38,1341.11,1,bancassurance
11134,20231129,137,6,2519.64,3147.64,1,bancassurance
15104,20231107,186,4,1693.37,2380.34,2,tied_agency
2054,20240826,28,1,4218.75,5656.4,1,bancassurance
10527,20241202,129,6,4938.41,5002.44,2,tied_agency
3840,20230725,49,4,1170.29,1386.92,2,tied_agency
10002,20230417,125,2,2509.6,3737.79,1,bancassurance
8407,20250714,9008,5,1116.91,1627.7,2,bancassurance
1186,20230601,20,4,950.92,1307.97,2,tied_agency
10099,20230406,126,2,1413.29,1935.92,2,bancassurance
13864,20230303,173,3,2311.47,3142.01,2,tied_agency
3619,20250411,46,4,2541.45,2746.29,2,bancassurance
7304,20230320,89,2,2840.53,4021.7,2,bancassurance
10457,20250912,128,2,4997.19,5973.4,1,tied_agency
4648,20230512,60,2,2583.96,3647.63,1,tied_agency
4968,20241223,62,1,2319.75,2483.78,1,tied_agency
1573,20231120,24,1,4917.16,6343.42,2,bancassurance
1158,20250609,9010,2,1405.97,1413.13,2,tied_agency
14594,20250109,182,1,2264.32,2119.34,1,tied_agency
4112,20230403,52,5,1063.29,1530.93,1,tied_agency
11613,20240715,144,2,3080.76,3517.46,2,bancassurance
14454,20250818,181,2,4125.8,5783.43,2,tied_agency
6785,20230630,83,2,2017.24,2472.91,1,bancassurance
8693,20250321,104,1,1541.83,2174.51,1,bancassurance
193,20250519,4,4,1267.02,1448.52,2,tied_agency
579,20241001,11,5,1023.69,1523.95,1,bancassurance
7751,20240212,96,3,2158.47,2967.8,2,tied_agency
2981,20241007,37,6,2926.81,2936.3,1,tied_agency
607,20230109,12,2,820.29,859.42,2,bancassurance
4192,20240925,52,2,2261.86,2100.49,2,tied_agency
2886,20230410,37,3,510.71,529.88,2,tied_agency
15471,20250620,190,3,1863.78,2332.55,1,tied_agency
11045,20240125,135,5,569.04,825.93,2,tied_agency
3992,20250807,50,4,1040.47,1224.52,1,bancassurance
9801,20230110,124,2,4126.33,5098.05,1,bancassurance
296,20231016,7,2,3118.02,3425.44,2,tied_agency
11039,20230710,135,3,1692.04,2143.16,2,tied_agency
11485,20231127,141,1,3983.54,3953.58,1,bancassurance
4854,20250227,61,4,748.63,739.45,2,bancassurance
4062,20241225,51,1,2890.59,3346.23,2,tied_agency
9477,20230606,121,5,863.7,1057.94,1,tied_agency
13240,20241119,164,3,2816.12,2934.92,2,tied_agency
7806,20241202,96,3,2197.06,2489.94,2,tied_agency
1269,20231027,21,4,2423.05,2190.32,2,tied_agency
647,20240311,12,4,2136.37,2804.33,2,bancassurance
1788,20231027,26,6,5037.86,4577.51,2,tied_agency
10758,20250512,131,3,1509.92,2237.28,2,tied_agency
6150,20250529,74,1,1688.61,2299.17,2,tied_agency
6459,20230426,79,2,3352.78,3043.63,2,bancassurance
482,20250710,9,5,847.34,1072.25,1,bancassurance
7663,20240729,95,5,865.53,968.89,1,bancassurance
13066,20251110,161,4,1305.75,1565.43,1,bancassurance
4727,20250908,60,4,2742.34,3315.93,2,tied_agency
3244,20230726,40,2,4131.58,4702.89,1,tied_agency
1919,20230126,27,6,4228.08,4270.46,2,bancassurance
12237,20230529,9008,3,2362.72,2233.23,2,bancassurance
10824,20240906,132,6,7502.16,9359.18,2,tied_agency
2004,20231030,28,2,4833.28,5705.2,1,bancassurance
4994,20250808,62,2,3012.25,4486.56,2,tied_agency
9444,20230203,120,1,3734.53,5560.02,1,tied_agency
8811,20230626,107,3,681.68,910.44,2,bancassurance
2643,20240423,34,2,1229.46,1227.04,1,tied_agency
9616,20230123,123,4,904.83,999.18,1,tied_agency
11558,20241104,143,3,558.96,635.82,2,bancassurance
7707,20230420,96,2,895.34,1332.25,2,tied_agency
12161,20231006,152,6,5116.0,5508.79,1,bancassurance
4757,20230602,61,5,461.13,458.16,1,bancassurance
47,20240715,2,1,2634.19,2538.09,2,tied_agency
1001,20230327,18,6,5737.97,6285.44,1,tied_agency
3769,20240415,48,6,2781.69,2871.22,1,tied_agency
8999,20251201,111,3,2083.08,2812.6,2,bancassurance
16159,20251031,200,3,1749.61,2318.51,1,tied_agency
9330,20250917,9005,1,3705.73,4648.19,1,bancassurance
14600,20250217,182,2,2461.77,3121.34,1,tied_agency
13228,20240603,164,5,1139.67,1371.7,1,tied_agency
11392,20251202,139,2,4628.53,4682.14,1,bancassurance
14617,20250703,182,4,2911.23,4035.67,1,tied_agency
15980,20240122,198,5,435.0,484.84,1,bancassurance
5567,20231016,68,5,1002.16,1096.75,2,tied_agency
13078,20230223,162,5,794.34,959.26,1,bancassurance
12525,20251229,9005,4,2771.26,2951.92,2,bancassurance
14637,20251124,182,3,2627.97,2694.48,1,tied_agency
16134,20250120,200,3,1932.9,2590.27,1,tied_agency
13965,20230711,174,5,776.26,825.97,1,bancassurance
6303,20231120,76,4,1361.93,2032.57,1,tied_agency
15838,20241003,195,1,1385.77,1697.01,2,bancassurance
2853,20250630,36,6,5003.98,4624.97,2,bancassurance
12336,20230724,154,6,7526.65,8880.58,2,tied_agency
6783,20230511,83,1,1213.17,1136.72,1,bancassurance
8129,20250204,99,5,405.1,514.79,1,bancassurance
11220,20230906,138,2,3634.64,5180.55,2,tied_agency
3514,20240708,45,1,4550.47,5916.14,2,tied_agency
642,20240125,12,2,4741.37,5638.79,2,bancassurance
798,20230424,14,4,2057.6,3076.9,1,tied_agency
13144,20250630,162,5,269.01,361.56,1,bancassurance
6050,20240902,73,4,2708.57,2971.31,1,tied_agency
8507,20240819,103,3,1156.44,1384.8,1,tied_agency
16058,20241227,199,2,4113.02,3913.77,2,bancassurance
3713,20250616,47,1,3703.34,3588.86,1,tied_agency
6189,20230515,9011,6,5887.15,6547.91,1,tied_agency
14319,20230522,180,3,1731.57,1937.07,2,tied_agency
2912,20230830,37,5,555.42,829.02,2,tied_agency
5924,20230412,72,5,443.03,493.61,2,bancassurance
15629,20230316,193,4,798.22,960.25,1,bancassurance
9429,20250715,118,1,4768.44,6376.04,2,bancassurance
9640,20230602,9005,1,1236.09,1710.66,2,tied_agency
13345,20250205,165,1,3160.67,2914.05,1,tied_agency
10968,20230731,134,1,4886.81,7315.53,1,bancassurance
15101,20231023,186,3,2571.67,2770.99,1,tied_agency
10031,20240415,125,6,6380.59,6903.44,1,bancassurance
3370,20230920,43,1,1321.29,1296.0,1,tied_agency
9363,20230914,118,5,849.69,1198.79,2,bancassurance
6478,20231117,9008,1,4232.06,5297.45,2,bancassurance
7045,20240410,85,2,1096.56,1226.23,2,tied_agency
4755,20230626,61,3,860.95,1268.06,1,bancassurance
13268,20251016,164,6,3056.27,3247.03,1,tied_agency
10386,20240808,128,3,2903.33,3648.15,2,tied_agency
14738,20240812,183,4,836.48,1042.97,1,tied_agency
13862,20230125,173,5,736.24,830.07,1,tied_agency
8137,20250630,99,3,1282.9,1178.61,2,bancassurance
765,20250113,9004,1,1500.6,1512.96,2,bancassurance
2786,20230324,36,3,1452.43,1735.04,2,bancassurance
5952,20240304,72,2,4662.51,4314.1,1,bancassurance
6634,20250714,80,3,1639.78,1573.94,1,bancassurance
13068,20251113,161,6,6017.58,5523.81,2,bancassurance
4528,20250930,56,4,1250.43,1745.63,1,tied_agency
15853,20250401,195,3,1524.39,2042.55,1,bancassurance
6973,20230308,85,5,613.53,566.09,1,tied_agency
2903,20230731,37,5,1144.94,1528.71,1,tied_agency
12082,20240318,151,2,871.6,937.33,1,bancassurance
2154,20230410,29,1,4982.1,6589.12,1,tied_agency
15221,20251208,186,1,2587.65,3209.72,2,tied_agency
1333,20240909,21,4,709.77,909.56,1,tied_agency
15895,20240520,196,1,2688.66,3434.52,1,tied_agency
12118,20250605,151,5,382.34,378.86,1,bancassurance
4578,20240226,58,6,4840.45,6437.12,2,tied_agency
7342,20230130,90,5,677.51,673.66,2,bancassurance
2480,20240722,32,1,4462.81,6460.22,2,tied_agency
8116,20240909,99,5,1000.73,1324.65,2,bancassurance
12886,20230116,161,6,2235.04,2675.05,2,bancassurance
11763,20231205,148,6,1415.04,1406.26,1,bancassurance
14122,20230110,177,2,1361.84,1392.22,1,tied_agency
14525,20231201,182,2,4763.98,5469.93,1,tied_agency
7250,20240311,88,4,1348.83,1933.74,2,bancassurance
1081,20250929,18,5,421.11,426.61,1,tied_agency
15715,20230313,194,3,2313.14,3102.78,2,bancassurance
15447,20240905,190,3,2754.4,4111.38,2,tied_agency
5781,20240617,70,4,2147.13,2432.3,1,tied_agency
10442,20250723,128,4,2409.14,2278.29,2,tied_agency
6698,20230802,82,5,267.24,315.45,1,bancassurance
6372,20230626,78,5,1106.64,1085.45,2,tied_agency
533,20230222,11,6,6086.56,7237.88,2,bancassurance
10953,20230321,134,4,803.22,949.46,2,bancassurance
14444,20250515,181,5,350.83,453.22,2,tied_agency
108,20250113,3,4,605.89,861.59,2,tied_agency
5291,20231113,65,6,5600.58,6268.58,1,tied_agency
6641,20250904,80,3,822.14,840.78,1,bancassurance
9410,20250115,118,1,2663.18,2655.66,2,bancassurance
14042,20230518,176,4,1960.76,2338.37,2,bancassurance
8287,20230908,101,4,2878.94,3976.24,1,bancassurance
5691,20241011,69,4,1431.44,2034.13,2,tied_agency
7466,20240405,91,6,5782.69,7842.48,1,bancassurance
1089,20230103,19,4,797.31,838.62,2,tied_agency
2047,20240712,28,6,1316.66,1768.6,2,bancassurance
9196,20230712,115,5,760.55,704.48,2,tied_agency
14452,20250826,181,3,1243.71,1593.58,2,tied_agency
8140,20250725,99,5,923.54,1200.86,1,bancassurance
7334,20250908,89,5,404.32,440.34,1,bancassurance
7421,20251006,90,6,7626.77,10300.14,2,bancassurance
4901,20251215,61,3,2931.16,3909.65,1,bancassurance
7158,20231010,86,2,2848.93,3644.36,2,bancassurance
14752,20241118,183,3,2107.24,2526.42,1,tied_agency
15366,20240916,189,5,727.94,846.96,1,bancassurance
15019,20251124,184,4,1992.96,2061.77,2,bancassurance
6940,20250424,84,5,1110.33,1378.97,2,bancassurance
9065,20230807,113,2,2270.62,2433.4,1,tied_agency
2645,20240520,34,3,2377.13,2841.8,1,tied_agency
6263,20250915,75,6,5877.1,8080.6,1,tied_agency
11032,20251113,134,5,850.53,913.58,1,bancassurance
3515,20240712,45,3,2462.33,3545.9,1,tied_agency
15292,20250403,187,5,692.74,713.94,2,bancassurance
3146,20230522,39,1,2379.69,2346.8,1,bancassurance
314,20241125,7,5,313.21,303.35,2,tied_agency
11434,20240415,140,5,391.26,354.7,2,bancassurance
13177,20241212,163,1,4887.97,6217.79,1,tied_agency
3043,20251124,37,6,5817.8,5367.06,1,tied_agency
8680,20250123,104,2,4851.0,5404.42,2,bancassurance
8578,20230623,104,3,2801.49,2836.33,1,bancassurance
8848,20251201,107,5,1091.93,1342.37,2,bancassurance
7446,20230816,91,4,2735.66,3535.24,1,bancassurance
9227,20240701,115,4,672.15,905.74,1,tied_agency
5226,20241118,9005,2,3193.36,3321.85,2,tied_agency
8699,20250422,104,6,6897.41,7054.8,2,bancassurance
9453,20240101,120,2,3310.15,3088.69,1,tied_agency
10423,20250326,128,6,6303.85,8073.73,1,tied_agency
9746,20250217,123,2,4179.27,4197.86,2,tied_agency
13826,20251229,170,2,3757.8,5093.06,1,tied_agency
1900,20250901,26,3,1015.77,968.6,2,tied_agency
247,20230220,6,1,3002.42,3136.27,2,tied_agency
10454,20250903,128,2,2107.36,2214.12,2,tied_agency
8420,20251024,101,2,2842.64,2638.45,1,bancassurance
11710,20231023,147,1,3509.88,3183.5,2,tied_agency
8773,20230406,106,4,950.14,1088.25,2,tied_agency
11467,20250714,140,6,3409.98,5000.47,1,bancassurance
15452,20241125,9010,2,4906.38,5889.42,1,tied_agency
1088,20230119,19,1,937.73,1215.18,1,tied_agency
7692,20230213,96,6,6051.99,5621.9,1,tied_agency
6439,20250820,9003,4,1153.57,1585.31,1,tied_agency
15226,20230110,187,6,2296.97,2566.78,2,bancassurance
13930,20250701,173,5,776.22,814.9,2,tied_agency
1559,20230926,24,3,2260.35,2545.21,2,bancassurance
1368,20250428,21,4,1579.87,1444.66,2,tied_agency
1596,20240415,24,4,685.9,722.24,1,bancassurance
14022,20251020,174,6,6567.3,8771.32,1,bancassurance
8956,20250922,110,4,855.47,1228.6,2,bancassurance
9754,20250401,123,4,2936.25,3217.31,2,tied_agency
13943,20251222,173,2,1248.69,1524.02,1,tied_agency
5929,20230622,72,1,3114.25,3268.62,1,bancassurance
12713,20230125,158,2,4504.51,6751.8,2,tied_agency
13981,20240215,174,6,7201.54,7362.69,1,bancassurance
14104,20250616,176,1,2446.87,3088.85,2,bancassurance
13349,20250317,165,1,3733.06,3377.36,2,tied_agency
11086,20240219,136,3,1832.7,2442.92,2,tied_agency
2196,20231103,29,2,4508.41,4872.55,1,tied_agency
5168,20251113,63,4,2241.31,3056.26,1,bancassurance
5989,20250818,72,6,2205.04,3176.87,2,bancassurance
6921,20241008,84,5,590.52,812.91,1,bancassurance
1501,20250612,23,4,2850.71,4225.59,2,bancassurance
12839,20240530,160,4,1704.5,2428.74,2,tied_agency
3936,20230828,50,1,4604.26,6720.38,2,bancassurance
8692,20250324,104,5,852.34,805.54,2,bancassurance
12038,20251204,150,4,2425.96,3592.46,1,tied_agency
6666,20241216,81,1,4457.67,5131.5,1,tied_agency
6648,20251107,80,1,4821.41,6658.68,2,bancassurance
7604,20251103,92,5,1182.93,1390.29,2,tied_agency
12546,20230403,157,2,1773.51,1942.11,2,bancassurance
10044,20240808,125,5,918.33,1033.82,1,bancassurance
2337,20231225,30,3,1332.53,1741.09,2,tied_agency
12666,20250415,157,3,2225.88,2261.31,2,bancassurance
11049,20240410,135,4,2847.15,2882.23,1,tied_agency
10480,20230308,129,3,1962.84,2073.19,2,tied_agency
1,20230116,2,1,3699.18,3811.49,1,tied_agency
15775,20250617,194,6,5437.03,5019.24,2,bancassurance
15516,20231218,191,2,2331.74,3081.91,1,tied_agency
1079,20250812,18,2,854.17,1034.32,2,tied_agency
4050,20240605,51,4,1155.2,1264.78,2,tied_agency
13834,20230620,171,3,2503.99,3392.98,2,bancassurance
12372,20240806,154,1,2934.51,3614.13,1,tied_agency
2553,20250915,32,5,981.86,1000.21,2,tied_agency
947,20240819,16,6,6243.64,8370.15,1,tied_agency
12230,20251216,152,1,3520.11,4933.2,1,bancassurance
3319,20230807,42,1,3788.24,5480.23,2,tied_agency
7434,20230202,91,1,3762.99,4499.16,2,bancassurance
7803,20241213,9010,1,3444.1,4828.99,2,tied_agency
2358,20250930,30,1,1189.98,1196.0,1,tied_agency
13215,20240215,164,5,685.02,845.75,1,tied_agency
2936,20240119,37,5,492.71,483.71,2,tied_agency
4800,20240423,61,2,2366.71,3240.15,1,bancassurance
14422,20241029,181,3,2799.77,2607.06,1,tied_agency
13264,20250919,164,2,3992.57,3870.94,1,tied_agency
13584,20240318,168,1,1598.25,1751.34,1,tied_agency
8663,20240911,104,5,500.08,492.13,1,bancassurance
14337,20240715,180,2,3960.1,5631.46,1,tied_agency
12212,20250630,152,2,4875.26,4859.89,2,bancassurance
6546,20251028,79,6,1272.87,1906.79,2,bancassurance
11379,20250728,139,1,3858.6,4361.08,1,bancassurance
231,20241030,5,6,5230.81,5349.59,1,bancassurance
12866,20250505,160,3,2942.44,3309.59,1,tied_agency
3798,20250407,48,6,1006.72,1386.02,2,tied_agency
13511,20241111,167,6,4407.04,6153.22,1,bancassurance
5244,20250613,64,3,2348.93,2974.48,2,tied_agency
4972,20250106,62,4,522.28,627.96,2,tied_agency
14246,20231130,179,1,4922.36,6023.31,2,tied_agency
1070,20250526,18,4,2985.83,2806.78,2,tied_agency
12603,20240212,157,4,644.88,675.54,1,bancassurance
6899,20240129,84,2,2395.76,2609.27,1,bancassurance
139,20230908,4,3,1787.45,1722.58,2,tied_agency
5710,20250509,69,1,2865.22,4252.55,1,tied_agency
10063,20250407,125,2,3749.39,4633.35,1,bancassurance
14772,20250306,183,6,3070.4,3055.66,1,tied_agency
585,20241218,11,2,4880.84,6657.42,1,bancassurance
10484,20230526,129,1,1617.9,2095.43,2,tied_agency
1656,20250210,24,1,3573.81,3906.12,2,bancassurance
12055,20230613,151,4,1850.14,2032.62,1,bancassurance
3758,20240101,48,2,2129.96,1968.21,2,tied_agency
9971,20250901,124,5,322.47,309.52,2,bancassurance
9276,20230405,116,4,2015.0,2172.95,1,bancassurance
11814,20250908,148,3,1899.27,1766.68,1,bancassurance
10362,20240417,128,6,1068.39,1558.13,1,tied_agency
5642,20230214,9006,6,5937.31,5561.47,2,tied_agency
446,20240215,9,3,2713.73,3043.83,1,bancassurance
12896,20230320,161,4,2169.12,1973.48,2,bancassurance
13715,20250602,169,6,1445.22,2077.07,2,tied_agency
14009,20250217,174,2,1621.55,2100.19,1,bancassurance
1045,20240819,18,4,1151.02,1163.33,1,tied_agency
8524,20250310,103,1,4130.51,4245.75,2,tied_agency
10645,20240404,130,2,4672.78,4817.97,2,tied_agency
15920,20230720,197,3,1079.83,1378.67,2,tied_agency
10629,20240129,130,6,5012.96,5505.9,1,tied_agency
10253,20230201,127,6,4997.48,5560.25,1,bancassurance
2439,20231218,32,6,5496.15,5923.32,1,tied_agency
10151,20240424,126,1,1316.65,1974.83,1,bancassurance
1031,20240423,18,5,568.15,740.86,1,tied_agency
1739,20250820,25,2,3074.59,2887.63,1,tied_agency
7699,20230313,96,2,3763.74,5022.53,1,tied_agency
2521,20250317,32,5,570.9,766.72,1,tied_agency
13754,20230918,170,5,536.28,676.46,1,tied_agency
10231,20250808,126,3,1698.3,2029.77,2,bancassurance
6066,20250502,73,3,2272.96,3121.22,1,tied_agency
5208,20240305,64,1,3766.66,3797.38,1,tied_agency
3631,20250804,46,4,970.75,1146.28,2,bancassurance
13402,20231227,166,5,1060.37,1157.82,1,tied_agency
12511,20250512,156,1,1217.91,1789.05,2,bancassurance
8871,20240614,108,1,2014.33,1836.65,1,bancassurance
13273,20251229,164,1,1406.73,2093.01,1,tied_agency
8686,20250213,104,2,902.09,953.53,2,bancassurance
4227,20250423,52,2,1936.02,1964.35,1,tied_agency
8759,20250728,105,6,4790.53,5488.24,1,bancassurance
683,20250502,9007,4,1055.23,1314.82,2,bancassurance
6339,20250226,76,5,1071.53,1517.03,2,tied_agency
1149,20250331,9007,5,1191.29,1373.81,1,tied_agency
5847,20231120,71,6,3768.92,3541.78,2,tied_agency
12976,20240509,161,5,1184.99,1390.28,1,bancassurance
9504,20250312,9010,5,1083.47,1189.95,1,tied_agency
2356,20250724,30,1,2664.6,3587.53,1,tied_agency
11047,20240222,135,5,984.18,1325.03,2,tied_agency
8739,20230623,105,1,3508.91,3403.14,2,bancassurance
11120,20230711,137,2,1848.24,2460.04,2,bancassurance
722,20230808,13,2,1904.52,2196.57,2,bancassurance
13530,20250730,9008,1,3929.63,5066.84,2,bancassurance
8343,20240718,101,6,6931.57,10351.45,1,bancassurance
1040,20240710,18,3,1918.13,2760.13,1,tied_agency
467,20250116,9,2,4636.42,5305.47,2,bancassurance
8898,20230904,9003,3,2762.08,3242.2,1,bancassurance
5634,20251027,68,3,1122.99,1411.68,1,tied_agency
3985,20250618,50,2,1011.09,917.26,2,bancassurance
13164,20230802,163,5,362.19,516.16,1,tied_agency
13724,20250915,169,4,1904.1,2086.73,1,tied_agency
10474,20251223,128,4,2178.92,2303.18,1,tied_agency
4679,20240401,60,1,3836.96,4687.03,1,tied_agency
10374,20240614,128,3,2270.95,2061.59,1,tied_agency
3420,20250609,43,4,1363.35,1367.92,2,tied_agency
4491,20250219,56,2,1800.85,1817.81,1,tied_agency
9424,20250519,118,5,833.9,1005.77,1,bancassurance
15365,20240806,189,5,560.8,757.24,2,bancassurance
5161,20250903,63,4,2322.34,3051.69,2,bancassurance
8775,20230703,106,6,5310.6,6598.87,2,tied_agency
11481,20230626,141,5,917.53,1279.95,2,bancassurance
10419,20250331,128,5,306.54,392.81,2,tied_agency
15774,20250624,194,4,2217.57,2260.59,1,bancassurance
7172,20240705,86,4,1552.07,1460.3,1,bancassurance
13747,20230720,170,1,4152.75,6216.85,2,tied_agency
10955,20230324,134,6,5318.8,5164.06,1,bancassurance
3093,20240614,38,4,2100.6,2466.75,1,bancassurance
7222,20230609,88,1,4986.54,7326.72,2,bancassurance
12809,20230515,160,5,745.72,797.69,2,tied_agency
11978,20250922,149,5,507.47,561.88,1,bancassurance
12021,20241105,150,3,1490.41,2068.45,2,tied_agency
10125,20231009,126,6,4683.01,5289.88,1,bancassurance
15057,20250807,185,6,6568.66,9405.12,1,tied_agency
14279,20250210,179,5,373.23,406.66,2,tied_agency
15178,20250314,186,2,4494.47,4853.41,1,tied_agency
14702,20231211,183,2,3212.69,3937.51,2,tied_agency
14491,20230530,182,4,1819.15,2007.84,1,tied_agency
3565,20230605,46,1,3560.9,5331.58,1,bancassurance
4028,20230908,51,1,876.33,1061.58,2,tied_agency
13518,20250101,167,3,582.3,797.43,1,bancassurance
1422,20240712,22,1,4034.32,4313.12,2,bancassurance
3633,20250804,46,2,4217.42,6155.14,1,bancassurance
7358,20230703,90,4,1997.79,2213.53,1,bancassurance
13193,20230223,164,2,4400.47,5812.46,1,tied_agency
1654,20250212,24,3,775.14,866.72,2,bancassurance
12974,20240523,161,2,1872.68,2713.46,2,bancassurance
4532,20251028,56,1,2185.28,2683.51,2,tied_agency
15615,20250506,192,4,2917.44,3948.58,1,tied_agency
14413,20240628,181,5,1154.62,1227.3,2,tied_agency
13126,20240919,162,1,2914.52,3432.59,2,bancassurance
15340,20231229,189,3,1284.74,1514.96,2,bancassurance
8527,20250407,103,1,4167.44,5715.8,2,tied_agency
7311,20231101,89,5,539.42,497.79,1,bancassurance
7522,20230317,92,4,750.65,1048.65,2,tied_agency
639,20231129,12,2,3343.15,3364.72,1,bancassurance
8290,20230929,101,6,5612.76,5332.44,1,bancassurance
15325,20230629,189,1,1234.75,1519.96,1,bancassurance
9326,20250721,116,1,2442.74,3227.65,2,bancassurance
2555,20250917,32,3,2025.9,2751.24,1,tied_agency
25,20231023,2,6,1855.62,2063.74,2,tied_agency
1980,20230529,28,5,337.77,392.75,2,bancassurance
4796,20240301,61,2,1534.95,1524.23,2,bancassurance
10792,20231103,132,3,2429.75,2691.39,1,tied_agency
976,20240628,17,6,4661.84,6825.18,1,tied_agency
8145,20250811,99,1,4966.84,5740.18,1,bancassurance
5497,20240701,67,4,860.95,1086.71,2,tied_agency
11990,20251127,149,2,1375.96,1344.61,1,bancassurance
3047,20251217,37,1,1197.21,1508.38,2,tied_agency
16094,20231109,200,4,2425.25,3111.01,2,tied_agency
2584,20240715,33,2,3247.57,4804.41,2,bancassurance
2370,20230707,31,1,4103.54,3767.0,2,tied_agency
13365,20251013,165,2,1429.79,1668.99,1,tied_agency
12088,20240510,151,5,623.72,672.06,1,bancassurance
11553,20240816,143,6,5457.45,6726.5,1,bancassurance
1615,20240710,24,6,7169.71,9954.53,1,bancassurance
11026,20250804,134,2,3872.95,4325.41,2,bancassurance
13016,20250115,161,2,4109.54,5335.09,1,bancassurance
11201,20251209,137,3,2926.6,2775.08,1,bancassurance
7836,20250502,96,6,5790.06,7039.56,2,tied_agency
15877,20251203,195,4,2586.46,2745.33,1,bancassurance
3792,20241209,48,3,1934.74,2729.92,1,tied_agency
582,20241230,11,3,1850.59,1979.57,2,bancassurance
12879,20251104,160,4,1516.42,1384.39,1,tied_agency
7565,20240705,92,4,2341.67,3494.03,2,tied_agency
1478,20240617,23,3,544.12,787.48,2,bancassurance
1630,20240912,24,1,3385.23,3714.04,1,bancassurance
7705,20230425,9007,4,2288.58,3256.7,2,tied_agency
32,20240222,2,1,1561.9,1539.96,2,tied_agency
332,20230130,8,5,1052.42,1444.95,1,bancassurance
5238,20250416,64,5,471.98,703.86,1,tied_agency
14193,20250417,177,5,720.64,662.67,2,tied_agency
8534,20250625,103,3,2188.81,3011.95,1,tied_agency
1124,20240814,19,1,2598.22,3884.77,2,tied_agency
7360,20230811,90,4,858.13,1102.7,1,bancassurance
1910,20251124,26,4,1264.55,1464.59,1,tied_agency
11013,20241216,134,2,4857.08,5144.47,1,bancassurance
5601,20241128,68,1,4291.63,5343.98,1,tied_agency
14352,20250609,180,1,2828.37,3617.59,1,tied_agency
8474,20230510,103,2,2102.47,2617.96,2,tied_agency
14802,20250826,183,3,1035.84,1484.57,2,tied_agency
10162,20240724,126,5,620.7,757.33,2,bancassurance
8517,20241223,103,3,1192.78,1150.53,1,tied_agency
13975,20231106,174,5,355.15,509.63,2,bancassurance
10900,20240425,133,6,2483.93,2994.08,1,tied_agency
13916,20250205,173,2,4433.08,4136.12,1,tied_agency
15207,20250929,186,2,3977.26,4493.64,2,tied_agency
16037,20230602,199,5,601.19,643.89,2,bancassurance
6741,20241028,82,5,843.22,896.81,1,bancassurance
13353,20250522,165,5,694.9,1011.67,1,tied_agency
7782,20240726,96,4,1031.69,1487.61,1,tied_agency
12086,20240422,151,1,2795.92,3983.77,2,bancassurance
8715,20250812,104,5,455.67,583.2,2,bancassurance
6098,20230828,74,2,1052.18,1076.07,1,tied_agency
3787,20241024,48,2,2630.74,3098.92,1,tied_agency
15897,20250128,196,3,1319.22,1352.41,2,tied_agency
5918,20230224,72,5,533.03,724.65,1,bancassurance
5528,20251015,67,5,653.55,914.73,2,tied_agency
1578,20231204,24,3,529.01,513.13,2,bancassurance
10816,20240701,132,3,1567.48,1856.7,1,tied_agency
15211,20251017,186,2,4203.59,4507.34,1,tied_agency
15480,20251015,190,3,642.11,907.53,1,tied_agency
8903,20240116,109,4,1647.63,2363.34,2,bancassurance
6872,20230217,84,1,2690.74,3937.73,2,bancassurance
13775,20240404,170,2,2295.46,2436.43,2,tied_agency
5003,20230125,63,6,4839.36,4971.25,1,bancassurance
14906,20240426,184,1,2039.5,2440.41,1,bancassurance
12070,20231107,151,3,2189.38,2696.05,2,bancassurance
2361,20251015,30,4,1138.21,1100.87,1,tied_agency
13554,20230717,168,5,995.02,1455.0,1,tied_agency
1382,20250825,21,5,635.85,938.42,2,tied_agency
14850,20230608,184,4,1553.98,2296.75,1,bancassurance
6336,20241120,76,4,2796.02,3694.09,2,tied_agency
406,20250829,8,4,843.09,859.68,1,bancassurance
12990,20240819,161,1,2468.96,2707.78,2,bancassurance
704,20230116,13,5,844.64,897.64,2,bancassurance
14715,20240206,183,5,1008.51,1311.53,1,tied_agency
10245,20251113,126,2,1134.89,1028.73,2,bancassurance
10012,20230809,125,2,2652.07,3959.28,2,bancassurance
599,20251007,11,6,6190.01,8267.14,2,bancassurance
9699,20240527,123,3,2537.03,3788.33,1,tied_agency
10496,20231116,129,1,3492.07,3726.87,2,tied_agency
11171,20241216,137,3,2937.93,3860.38,2,bancassurance
15255,20240205,9008,2,2189.87,3012.22,1,bancassurance
6960,20230130,85,6,6511.08,9654.31,2,tied_agency
15800,20230526,195,5,494.66,521.99,1,bancassurance
3987,20250626,50,1,933.55,1027.96,1,bancassurance
8415,20250813,101,3,748.19,984.2,1,bancassurance
1780,20230803,26,5,983.07,1236.97,1,tied_agency
11789,20241024,148,1,4310.28,5950.18,2,bancassurance
7404,20250310,90,6,3739.15,4228.84,2,bancassurance
382,20240910,8,6,3633.92,4879.81,1,bancassurance
12465,20231124,156,2,2660.24,3880.38,2,bancassurance
11258,20241226,138,1,1569.46,1996.86,1,tied_agency
11878,20231218,149,3,527.94,478.01,2,bancassurance
12916,20230612,161,4,1391.14,1766.28,1,bancassurance
5765,20231016,70,2,4226.67,6173.22,1,tied_agency
2671,20250325,34,3,1543.72,1410.09,1,tied_agency
13153,20251007,162,6,3081.19,3370.13,1,bancassurance
9950,20250417,124,6,6606.75,7868.6,1,bancassurance
11411,20230704,9009,5,454.14,605.98,1,bancassurance
3583,20240305,46,1,3404.37,3864.4,1,bancassurance
14838,20230501,184,6,1026.2,952.21,1,bancassurance
6966,20230116,85,2,1242.89,1215.68,1,tied_agency
7682,20251001,95,1,3914.14,4720.59,1,bancassurance
11993,20251215,149,1,1412.02,1523.85,1,bancassurance
9479,20230717,121,1,1381.3,1258.52,1,tied_agency
11409,20230605,140,5,399.78,435.82,2,bancassurance
2920,20230918,9001,1,4895.54,5474.54,2,tied_agency
15333,20230920,189,5,1132.76,1198.9,2,bancassurance
4418,20230929,56,5,897.81,856.8,2,tied_agency
14981,20250403,184,1,2076.98,2508.04,1,bancassurance
6822,20240722,83,2,2487.99,2769.85,1,bancassurance
12781,20250630,158,4,1432.9,1863.42,1,tied_agency
13267,20251027,164,1,1516.4,1439.71,2,tied_agency
15413,20230720,190,1,1499.39,2212.03,2,tied_agency
15644,20230919,193,1,2527.16,3233.01,1,bancassurance
12917,20230725,161,4,2367.22,3123.16,2,bancassurance
12620,20240531,157,6,7013.62,8366.85,2,bancassurance
12639,20241028,157,6,2770.27,2920.04,2,bancassurance
7131,20251023,85,4,1922.2,2175.86,2,tied_agency
7012,20231009,85,3,2792.18,3871.97,2,tied_agency
870,20240625,15,2,3299.81,4681.63,2,tied_agency
7038,20240318,85,4,517.67,563.94,1,tied_agency
14441,20250409,181,3,2968.66,4072.34,1,tied_agency
3785,20240930,48,1,2154.84,3057.31,2,tied_agency
12142,20230306,152,4,705.27,958.05,1,bancassurance
2660,20241028,34,2,1576.29,1458.06,1,tied_agency
15733,20231114,194,2,2159.11,2609.33,2,bancassurance
7703,20230427,96,1,1827.7,1731.6,2,tied_agency
14848,20230515,184,3,2630.43,2717.99,2,bancassurance
14630,20250905,182,4,555.42,614.6,2,tied_agency
15035,20230726,185,5,924.1,1253.31,1,tied_agency
4002,20251110,50,3,952.71,1378.4,1,bancassurance
3267,20240812,40,3,2649.61,3301.04,1,tied_agency
8803,20250829,106,1,3529.72,3183.71,1,tied_agency
13997,20241008,174,5,931.83,1142.8,1,bancassurance
13250,20250324,164,1,4163.44,5098.44,2,tied_agency
3012,20250512,37,5,868.14,1062.61,2,tied_agency
7590,20250723,92,4,2935.68,3299.94,2,tied_agency
9935,20250121,124,1,2418.58,2832.18,1,bancassurance
984,20250505,17,2,2209.12,2148.25,2,tied_agency
4139,20231009,52,4,1766.72,1951.91,1,tied_agency
6448,20251118,78,4,2392.86,2180.82,1,tied_agency
7103,20250516,85,2,4544.88,6305.63,1,tied_agency
2445,20231211,32,1,1832.8,1819.98,1,tied_agency
11975,20250929,149,5,840.49,1031.14,2,bancassurance
4057,20241009,51,4,2004.04,2067.04,2,tied_agency
8543,20250923,103,1,4856.59,7132.94,1,tied_agency
11678,20240515,146,3,1884.75,2556.77,2,bancassurance
12628,20240722,157,3,1583.12,1758.13,2,bancassurance
13894,20240401,173,4,1243.73,1393.33,1,tied_agency
8864,20240229,108,2,1766.6,2321.81,2,bancassurance
14587,20241205,182,5,1120.75,1081.69,1,tied_agency
1193,20240417,20,1,3238.05,3419.95,2,tied_agency
16069,20251121,199,1,3915.13,4431.05,2,bancassurance
6443,20251021,78,2,1196.9,1222.55,2,tied_agency
5667,20231204,69,2,873.29,1196.67,2,tied_agency
13645,20230220,169,6,6895.0,9251.75,2,tied_agency
15777,20250707,194,1,1783.92,1800.39,1,bancassurance
8635,20240415,104,5,1151.75,1536.86,1,bancassurance
13226,20240607,164,5,393.25,526.45,2,tied_agency
1128,20240930,19,6,7043.58,8739.88,2,tied_agency
10621,20231219,130,3,2446.69,3307.91,2,tied_agency
6157,20250804,74,1,2450.16,2927.1,1,tied_agency
1214,20251028,20,3,945.03,1397.73,2,tied_agency
2379,20241022,31,2,4182.88,4122.47,1,tied_agency
9167,20250303,114,2,2546.19,2429.78,2,tied_agency
6358,20230116,78,5,901.47,1185.5,1,tied_agency
9660,20231013,123,1,3257.62,2993.18,2,tied_agency
7310,20230710,89,2,4103.46,4671.56,1,bancassurance
14880,20231107,184,5,1147.12,1432.4,1,bancassurance
1380,20250716,21,6,4562.29,5078.9,2,tied_agency
13176,20241104,163,1,874.5,976.99,1,tied_agency
2931,20231120,37,4,1854.91,1963.55,1,tied_agency
6731,20240624,82,3,1314.14,1563.06,2,bancassurance
8514,20241223,103,5,1124.61,1348.69,2,tied_agency
7900,20231120,97,5,1136.87,1176.25,1,bancassurance
11842,20230404,149,4,1069.62,1569.54,2,bancassurance
2352,20250131,30,2,1223.77,1493.06,1,tied_agency
10410,20250101,128,4,1835.03,2497.39,1,tied_agency
3567,20230605,46,5,413.75,445.5,1,bancassurance
4256,20251007,52,1,4844.07,5409.78,1,tied_agency
14960,20250102,184,3,2341.77,2430.66,1,bancassurance
14433,20250227,181,5,1124.16,1141.25,2,tied_agency
9797,20251210,123,3,1441.86,1768.46,1,tied_agency
5746,20230525,70,3,1286.76,1254.7,1,tied_agency
10993,20240506,134,3,1319.16,1825.64,1,bancassurance
566,20240318,11,6,5529.84,6267.14,2,bancassurance
12207,20250512,152,1,3455.74,4984.22,1,bancassurance
5669,20240101,69,6,4028.03,4388.8,1,tied_agency
9603,20251029,122,5,983.69,921.34,2,tied_agency
9910,20240917,9003,4,2676.77,2590.58,1,bancassurance
2396,20230126,32,5,1059.93,1287.84,2,tied_agency
3950,20240212,50,5,1199.18,1411.55,1,bancassurance
5997,20251219,72,4,2490.55,2832.46,2,bancassurance
2979,20241025,37,4,2240.95,3273.56,2,tied_agency
1757,20230404,26,4,2125.73,2092.29,2,tied_agency
9940,20250204,124,6,3328.87,4260.26,1,bancassurance
3142,20230414,39,6,5120.28,6817.7,2,bancassurance
14431,20250108,181,5,1155.26,1099.22,1,tied_agency
9355,20230712,118,6,4641.79,6424.16,1,bancassurance
492,20251008,9,6,7297.14,9432.73,2,bancassurance
14765,20250214,9007,3,964.06,1436.88,1,tied_agency
15661,20240430,193,5,236.09,344.08,2,bancassurance
7608,20230130,94,2,4615.8,5266.07,1,bancassurance
1621,20240729,24,4,534.75,542.3,1,bancassurance
8915,20241204,109,6,3355.39,3227.59,2,bancassurance
327,20251201,7,5,949.8,1250.72,2,tied_agency
6247,20250214,75,2,2477.65,3603.72,1,tied_agency
1051,20241022,18,6,4352.87,4022.26,1,tied_agency
11833,20230207,149,3,544.5,630.34,1,bancassurance
9103,20241212,113,4,704.11,887.12,2,tied_agency
4217,20250212,52,1,2820.71,3061.58,2,tied_agency
9771,20250609,123,5,957.38,1061.02,2,tied_agency
5008,20230214,63,6,1726.92,2395.89,2,bancassurance
11587,20230915,144,2,4080.38,5676.1,2,bancassurance
6085,20230221,74,3,1509.25,1377.5,2,tied_agency
13445,20250905,166,2,4262.03,6159.25,1,tied_agency
8989,20250305,111,1,2470.85,2431.75,2,bancassurance
1758,20230414,26,1,2326.58,2494.04,1,tied_agency
7569,20241031,92,3,618.18,894.85,1,tied_agency
9291,20240207,116,3,1019.52,1143.77,2,bancassurance
16088,20230925,200,4,2147.9,2651.03,2,tied_agency
13841,20240129,171,6,7523.37,9312.82,1,bancassurance
10407,20241218,128,4,980.37,1254.33,1,tied_agency
9734,20241217,123,5,887.75,891.51,2,tied_agency
8789,20240710,106,3,2483.75,2857.64,2,tied_agency
13760,20231122,170,4,1710.12,2032.04,2,tied_agency
9142,20230328,114,3,1513.02,1602.31,1,tied_agency
12724,20230613,158,6,4551.57,4282.28,1,tied_agency
9338,20251229,116,1,2689.66,2871.08,1,bancassurance
2192,20231129,29,2,2951.26,4289.4,1,tied_agency
2371,20230821,31,6,3612.29,5074.74,2,tied_agency
12303,20250602,153,5,437.18,474.25,1,bancassurance
4858,20250212,61,2,801.98,1103.81,1,bancassurance
4482,20241226,56,5,465.36,657.7,1,tied_agency
9052,20230425,113,3,1803.02,1764.04,2,tied_agency
5780,20240522,70,5,576.12,632.43,1,tied_agency
698,20251028,12,3,549.59,534.61,1,bancassurance
4438,20240226,56,4,949.5,1040.68,2,tied_agency
6704,20230915,82,3,1585.04,2343.46,1,bancassurance
7852,20250915,96,5,686.81,715.48,2,tied_agency
1860,20241216,26,6,2192.37,2154.35,1,tied_agency
2665,20241206,34,4,2960.57,3733.54,2,tied_agency
12844,20240610,160,3,1945.31,2056.66,1,tied_agency
8496,20240219,103,6,3546.09,4390.95,1,tied_agency
5938,20230928,72,2,3513.9,4191.71,1,bancassurance
9459,20240722,120,4,2132.9,3167.54,1,tied_agency
3659,20230621,47,6,6709.81,10027.73,1,tied_agency
3557,20230306,46,6,3562.29,3407.96,1,bancassurance
3832,20230428,49,3,2924.84,3367.66,1,tied_agency
4640,20230206,60,6,7523.24,10964.77,2,tied_agency
5679,20240617,69,6,4749.6,5278.65,2,tied_agency
2822,20240417,36,1,903.67,931.88,2,bancassurance
14768,20250217,183,4,1586.16,1735.1,1,tied_agency
6350,20250814,76,5,920.64,903.51,1,tied_agency
13055,20250926,161,6,2379.53,3213.9,1,bancassurance
3751,20231027,48,1,4500.54,4208.43,2,tied_agency
6133,20241107,74,1,4267.14,5775.75,1,tied_agency
3352,20230421,9011,3,2152.95,3212.81,1,tied_agency
10258,20230602,127,1,1205.89,1631.5,2,bancassurance
16034,20230324,199,1,2192.27,3265.99,2,bancassurance
464,20241223,9,3,1200.87,1435.01,1,bancassurance
10789,20230922,132,1,2188.15,2892.17,2,tied_agency
5760,20230919,70,5,578.57,741.35,2,tied_agency
11464,20250609,140,4,1208.94,1772.86,1,bancassurance
15613,20250423,192,6,1292.7,1932.71,2,tied_agency
4685,20240603,60,4,2105.79,2718.61,1,tied_agency
1140,20241202,19,6,6344.1,6397.14,1,tied_agency
2368,20230606,31,5,614.88,611.49,1,tied_agency
9104,20241223,113,5,688.25,705.3,1,tied_agency
14388,20230925,181,4,1318.0,1586.81,2,tied_agency
6649,20251222,9002,1,2110.87,2998.3,2,bancassurance
3859,20231222,49,6,3414.39,3872.69,2,tied_agency
6243,20250113,75,2,2207.05,2559.31,1,tied_agency
13130,20241014,162,1,2623.69,2878.48,2,bancassurance
5393,20240313,66,6,5452.79,8083.43,1,bancassurance
5379,20231017,66,1,4192.88,4417.23,2,bancassurance
5278,20230602,65,4,1611.24,1752.86,2,tied_agency
15656,20240325,193,6,7382.84,10072.05,2,bancassurance
1068,20250414,18,1,3546.01,5090.69,1,tied_agency
8012,20240506,98,2,3214.57,4186.57,2,bancassurance
13475,20231016,167,3,1346.32,1961.98,1,bancassurance
15124,20240318,9010,6,1441.43,1827.75,2,tied_agency
11909,20240621,149,2,2316.39,3474.43,1,bancassurance
915,20251028,15,3,2599.91,2580.57,1,tied_agency
5148,20250618,63,4,1018.68,976.98,2,bancassurance
11584,20230807,144,6,1909.27,2391.13,2,bancassurance
14331,20240304,180,4,2273.5,2855.91,1,tied_agency
13316,20240520,165,2,4107.49,4933.17,2,tied_agency
14546,20240415,182,5,269.43,297.86,1,tied_agency
13014,20250108,161,3,2042.37,2843.13,2,bancassurance
12838,20240405,160,1,3360.09,4617.24,2,tied_agency
5500,20240819,67,5,723.55,875.27,1,tied_agency
6156,20250901,74,3,1793.15,2407.9,2,tied_agency
12634,20240923,157,5,746.17,854.16,2,bancassurance
1307,20240402,21,1,3099.66,2915.35,2,tied_agency
6124,20240823,9011,1,4965.15,7369.67,1,tied_agency
1336,20241030,21,6,7804.57,7026.66,2,tied_agency
11306,20230501,139,5,1096.81,1058.72,2,bancassurance
3172,20240307,39,5,593.17,745.11,1,bancassurance
10270,20240328,127,2,4915.41,4619.66,1,bancassurance
6022,20231016,73,5,1032.18,1041.01,2,tied_agency
15203,20250924,186,3,767.06,1137.19,2,tied_agency
12559,20230620,157,5,280.66,359.37,2,bancassurance
1670,20250523,24,1,4814.37,4508.54,1,bancassurance
930,20230821,16,5,949.43,1268.61,2,tied_agency
6659,20240506,81,6,7241.53,9764.72,2,tied_agency
455,20240711,9,6,2035.15,2558.24,1,bancassurance
1729,20241202,25,3,1609.93,2071.83,2,tied_agency
5685,20240801,69,4,1026.95,1183.03,2,tied_agency
5384,20231113,66,1,3013.16,2990.73,1,bancassurance
3459,20250828,44,6,6348.0,7078.68,1,bancassurance
14150,20231124,177,5,436.71,482.04,1,tied_agency
13420,20240925,166,6,3946.48,4573.25,1,tied_agency
14986,20250609,184,5,1026.35,969.27,2,bancassurance
13426,20241128,166,6,1235.06,1435.83,2,tied_agency
5831,20230313,71,4,2631.79,2867.36,1,tied_agency
4206,20241120,52,3,2633.77,2464.23,1,tied_agency
14925,20240902,184,4,2837.4,2703.78,1,bancassurance
9756,20250409,123,5,1045.68,1507.4,1,tied_agency
2020,20240208,28,5,643.81,776.83,1,bancassurance
10745,20230717,131,1,4664.6,4760.42,1,tied_agency
3064,20230612,38,1,1808.6,1926.18,2,bancassurance
6231,20240916,75,6,3131.28,3645.29,1,tied_agency
11071,20251020,135,1,890.45,1107.29,2,tied_agency
209,20251218,4,6,7022.01,6819.63,2,tied_agency
10123,20231019,126,1,3644.81,4014.9,2,bancassurance
11395,20230215,140,3,2780.46,4082.61,2,bancassurance
4226,20250324,52,1,818.94,1028.47,2,tied_agency
10469,20251117,128,5,457.24,657.0,1,tied_agency
15992,20240603,198,6,1901.22,2387.91,2,bancassurance
993,20251218,17,1,3399.47,4819.22,1,tied_agency
9361,20230926,118,1,2230.0,3051.34,1,bancassurance
4251,20250908,52,2,3513.7,3353.42,1,tied_agency
14915,20240503,184,4,1186.13,1325.92,2,bancassurance
5517,20250326,67,4,1405.22,1466.47,2,tied_agency
3512,20240620,45,2,3462.15,3959.57,2,tied_agency
5006,20230110,63,5,784.53,764.82,1,bancassurance
8810,20230508,107,4,658.65,613.08,1,bancassurance
5189,20230525,64,6,5183.91,6488.17,1,tied_agency
10605,20230920,130,1,3638.2,3548.05,2,tied_agency
14332,20240402,180,3,2465.1,3488.01,1,tied_agency
3185,20240805,39,6,7257.07,10120.69,1,bancassurance
5308,20240603,65,2,1081.76,1009.15,1,tied_agency
9672,20231218,123,2,4987.74,5334.79,1,tied_agency
8539,20250811,103,6,1679.18,2378.84,2,tied_agency
6270,20251125,75,2,1197.33,1443.84,2,tied_agency
11867,20230921,149,3,2612.12,3599.58,2,bancassurance
14326,20231225,180,4,1967.48,2344.09,1,tied_agency
14017,20250804,174,2,1424.27,1396.21,1,bancassurance
3886,20250203,49,4,666.4,734.1,1,tied_agency
5518,20250414,67,4,1278.75,1855.42,1,tied_agency
1526,20230113,24,1,1686.49,2319.05,2,bancassurance
9947,20250314,124,6,1754.32,2459.52,1,bancassurance
14494,20230622,182,6,1514.83,2053.97,1,tied_agency
12192,20241008,152,3,1202.99,1205.72,1,bancassurance
6460,20230403,79,4,787.45,1117.81,1,bancassurance
4041,20240209,51,2,4885.67,4951.47,1,tied_agency
14692,20230913,183,3,611.1,910.46,1,tied_agency
14015,20250714,174,6,1487.35,1542.14,1,bancassurance
8636,20240405,104,5,260.49,289.47,1,bancassurance
9908,20240819,124,2,2801.95,3475.13,2,bancassurance
11935,20241223,149,5,575.15,757.93,1,bancassurance
2874,20230131,37,2,1808.1,2282.46,2,tied_agency
7920,20240610,97,6,3676.85,4272.63,2,bancassurance
2210,20240313,29,6,6128.69,7927.59,1,tied_agency
8171,20230918,100,1,1291.58,1467.41,2,bancassurance
12918,20230725,161,1,1854.59,2643.46,2,bancassurance
14428,20250113,181,4,1362.14,1735.66,1,tied_agency
15821,20240424,195,6,7171.32,8410.69,2,bancassurance
5345,20251124,65,2,3589.45,3519.09,1,tied_agency
9529,20230623,122,1,4734.42,6144.79,2,tied_agency
15931,20240405,197,4,556.83,703.1,1,tied_agency
617,20230419,12,4,898.06,1113.43,1,bancassurance
1818,20240409,26,5,322.68,317.87,1,tied_agency
11779,20240502,148,5,283.63,294.06,1,bancassurance
6110,20240129,74,3,1516.59,1443.5,1,tied_agency
3869,20240605,49,2,2063.71,1905.16,1,tied_agency
14152,20231122,177,6,7342.23,7496.79,1,tied_agency
1929,20240212,27,6,6965.79,7526.78,1,bancassurance
15832,20240822,195,6,3617.29,3535.07,2,bancassurance
1861,20241219,26,2,2141.2,2117.22,2,tied_agency
9690,20240311,123,5,734.26,979.72,1,tied_agency
1412,20231030,22,2,2462.78,2668.67,2,bancassurance
1487,20241007,23,5,1072.71,1301.07,2,bancassurance
11549,20240516,143,4,1000.25,1078.8,2,bancassurance
5774,20240306,70,5,894.73,1119.67,2,tied_agency
678,20250327,12,2,1762.67,2469.44,2,bancassurance
4441,20240201,56,4,2532.39,3657.61,1,tied_agency
4565,20231027,58,6,1131.87,1247.4,1,tied_agency
6912,20240619,84,5,306.47,432.4,2,bancassurance
15040,20240409,185,5,1025.31,972.0,1,tied_agency
6676,20230102,82,3,1083.22,1578.73,1,bancassurance
8432,20251201,101,6,5786.26,5980.34,2,bancassurance
7235,20231127,88,6,3965.82,5267.88,2,bancassurance
15279,20241202,187,1,2753.41,3115.03,1,bancassurance
5622,20250723,68,3,2697.45,3084.02,1,tied_agency
195,20250616,4,2,4820.91,5721.98,2,tied_agency
1309,20240506,21,4,2586.15,3621.15,1,tied_agency
650,20240416,12,2,2535.56,3474.41,1,bancassurance
7752,20240223,96,4,639.94,723.13,1,tied_agency
9084,20240402,113,3,1549.45,2315.52,1,tied_agency
7728,20230914,96,4,701.66,1041.19,1,tied_agency
8374,20241226,101,2,2944.19,3535.45,1,bancassurance
10942,20251201,133,1,1134.69,1515.93,1,tied_agency
14588,20241223,182,6,6731.32,7211.52,1,tied_agency
3647,20230203,47,2,1342.65,1549.33,2,tied_agency
7981,20230504,98,2,933.34,882.37,1,bancassurance
14358,20230117,181,4,2446.75,2541.96,2,tied_agency
14518,20231113,182,5,398.76,359.3,2,tied_agency
15461,20250228,190,1,1830.65,2372.18,2,tied_agency
10652,20240708,130,4,716.17,806.88,2,tied_agency
11943,20250221,149,4,1184.69,1228.59,1,bancassurance
11991,20251211,149,6,6880.99,9641.74,2,bancassurance
6563,20230421,80,6,1213.14,1508.25,2,bancassurance
7942,20250108,97,4,2988.32,3352.34,1,bancassurance
5843,20230816,71,5,548.94,554.61,1,tied_agency
12999,20241021,161,6,4063.57,5637.88,1,bancassurance
11784,20240729,148,1,3471.05,4343.14,2,bancassurance
7499,20250519,91,6,2687.31,2751.65,1,bancassurance
1572,20231106,24,1,1203.4,1786.44,1,bancassurance
15286,20250106,187,4,1405.01,1755.59,1,bancassurance
4135,20230914,52,5,1020.26,1276.47,1,tied_agency
15323,20230619,189,1,3445.83,3834.47,1,bancassurance
7184,20250829,86,4,2672.05,3756.2,1,bancassurance
10651,20240621,130,2,3765.87,4024.14,2,tied_agency
5222,20240927,9001,4,2650.19,3446.41,1,tied_agency
51,20241021,2,1,1415.07,1441.06,1,tied_agency
6970,20230201,85,5,258.79,256.32,2,tied_agency
9982,20251127,124,3,1136.23,1365.33,1,bancassurance
4604,20241213,58,6,6792.64,6142.08,2,tied_agency
14791,20250725,183,3,1431.21,1573.74,2,tied_agency
11853,20230717,149,2,1305.44,1751.69,2,bancassurance
4721,20250708,60,2,3928.78,4825.45,2,tied_agency
15714,20230329,194,5,429.02,538.7,2,bancassurance
14212,20251006,177,2,1301.15,1241.12,1,tied_agency
5633,20251030,68,6,4369.1,5181.75,1,tied_agency
1495,20250303,23,2,4242.34,5838.03,2,bancassurance
8489,20231106,103,6,2917.63,3711.85,1,tied_agency
12479,20240424,156,5,242.03,230.9,1,bancassurance
2776,20230116,36,2,1775.16,2500.08,2,bancassurance
12105,20241206,151,5,1161.4,1688.77,2,bancassurance
11927,20241007,149,2,3866.79,4064.09,2,bancassurance
4354,20231009,55,3,1055.76,1434.21,1,bancassurance
2279,20250421,29,3,2468.43,3257.68,2,tied_agency
10505,20240125,129,3,2189.74,2966.45,2,tied_agency
7747,20240219,96,1,1754.55,1977.51,1,tied_agency
4875,20250701,61,5,511.57,467.03,1,bancassurance
588,20250324,11,6,5802.3,5304.76,2,bancassurance
13133,20250116,162,4,2083.48,2091.82,1,bancassurance
11571,20230112,144,2,1329.23,1954.05,1,bancassurance
11234,20240522,138,6,1050.03,1540.43,2,tied_agency
9173,20250725,114,2,4206.03,4959.49,1,tied_agency
372,20240524,8,1,3122.03,4521.85,2,bancassurance
8269,20230529,9010,5,1085.05,1454.27,2,bancassurance
8078,20230918,99,6,1736.3,2274.83,1,bancassurance
10027,20240312,125,5,918.27,1029.87,1,bancassurance
8230,20250730,100,1,3680.47,3666.96,2,bancassurance
9921,20241125,124,3,780.54,932.34,1,bancassurance
14240,20230904,179,3,1333.76,1895.64,1,tied_agency
8367,20241111,101,5,1177.53,1508.74,1,bancassurance
11994,20230203,150,6,1493.84,2090.16,1,tied_agency
10293,20251201,127,3,2872.5,2585.38,1,bancassurance
7779,20240730,96,1,1556.17,1603.3,2,tied_agency
8545,20251013,103,2,3596.21,4129.95,1,tied_agency
6691,20230508,82,3,516.77,546.01,1,bancassurance
11805,20250501,148,6,4607.81,6515.11,2,bancassurance
14580,20241004,182,2,4304.01,5801.87,1,tied_agency
1915,20251209,26,4,2917.27,2797.32,2,tied_agency
14028,20251215,174,4,2910.46,2913.65,2,bancassurance
12684,20250721,157,4,1072.13,1073.7,1,bancassurance
3285,20250310,40,3,1562.93,1568.38,2,tied_agency
13335,20241107,165,4,2233.7,3307.2,1,tied_agency
851,20231023,15,3,1817.63,2208.03,1,tied_agency
6349,20250819,76,2,1049.01,1148.38,2,tied_agency
15609,20240819,192,6,4780.1,6586.57,2,tied_agency
4434,20240105,9007,5,878.9,1149.03,1,tied_agency
2744,20241104,35,1,2617.51,2404.31,1,tied_agency
15839,20241018,195,5,687.44,961.27,1,bancassurance
4788,20240122,61,6,1299.83,1399.18,2,bancassurance
2765,20250604,35,4,1282.85,1262.11,2,tied_agency
14629,20250924,9011,3,2905.64,3283.16,1,tied_agency
15979,20240102,198,2,3641.37,3789.16,1,bancassurance
95,20231113,3,6,1113.7,1529.23,1,tied_agency
15234,20230426,187,5,1136.65,1337.88,2,bancassurance
2078,20241204,28,5,557.13,662.19,1,bancassurance
8768,20230130,106,3,2840.52,3029.15,2,tied_agency
15529,20240415,191,3,1727.76,1955.28,2,tied_agency
2046,20240711,28,1,2214.59,3088.98,1,bancassurance
4360,20240320,55,4,2516.99,3177.93,2,bancassurance
13866,20230321,173,6,2611.0,3862.24,1,tied_agency
14561,20240612,182,2,4061.33,4008.38,2,tied_agency
207,20251229,4,3,2982.14,3368.29,2,tied_agency
3069,20230928,38,1,3934.64,4548.09,1,bancassurance
11727,20250407,147,1,2152.51,2824.35,1,tied_agency
5852,20240124,71,2,1810.63,1671.16,1,tied_agency
703,20251211,12,1,1480.4,1535.07,2,bancassurance
12940,20231017,161,5,1154.98,1140.34,1,bancassurance
8827,20240614,107,1,4946.31,5049.82,1,bancassurance
12478,20240307,156,4,1269.36,1840.45,2,bancassurance
9254,20250627,115,6,1004.73,1008.37,1,tied_agency
4580,20240325,58,1,4367.09,5092.34,1,tied_agency
9386,20240620,118,4,2950.22,4407.84,1,bancassurance
12520,20250910,156,4,505.53,709.64,2,bancassurance
7603,20251120,92,1,1956.93,2452.19,1,tied_agency
12571,20230824,157,3,2894.74,3908.73,1,bancassurance
15869,20250915,195,1,3546.85,4406.61,2,bancassurance
12529,20230123,157,1,1391.76,1997.31,2,bancassurance
15487,20230123,191,2,1450.89,1494.12,2,tied_agency
12022,20241223,150,3,567.47,635.48,2,tied_agency
6624,20250310,80,4,1753.61,1632.39,2,bancassurance
7233,20231016,88,2,3440.21,3796.86,1,bancassurance
3852,20231101,49,3,1882.19,2712.31,1,tied_agency
6818,20240520,83,2,3773.52,5077.26,1,bancassurance
14081,20240930,176,1,2629.44,2909.95,2,bancassurance
12399,20250630,154,5,941.1,1035.3,2,tied_agency
415,20251219,8,6,5903.93,8670.13,1,bancassurance
6217,20240404,75,3,1105.63,1216.86,1,tied_agency
5777,20240419,70,1,4976.69,5125.36,2,tied_agency
11883,20240103,149,5,374.18,429.76,2,bancassurance
5304,20240409,65,1,3012.37,3829.61,1,tied_agency
1056,20250113,18,4,869.86,1228.49,2,tied_agency
10649,20240606,130,3,1207.18,1699.88,2,tied_agency
3671,20231214,47,6,5617.82,6297.42,2,tied_agency
6919,20240923,84,2,2304.14,2461.51,2,bancassurance
2630,20231020,34,6,2317.37,3369.98,1,tied_agency
11952,20250423,149,1,1862.76,2036.26,1,bancassurance
14634,20251008,182,3,1852.43,1868.35,2,tied_agency
911,20250801,15,3,2752.69,4076.02,2,tied_agency
4093,20230124,52,2,2886.02,2771.41,2,tied_agency
8605,20231101,104,6,4389.14,4700.43,1,bancassurance
4533,20251023,56,1,2429.32,2258.5,1,tied_agency
5265,20230203,65,6,6879.29,6281.08,1,tied_agency
3569,20230707,46,3,1718.19,1833.75,1,bancassurance
14305,20251027,179,3,1417.83,1745.67,1,tied_agency
15055,20250609,185,1,2796.29,3790.67,2,tied_agency
15232,20230403,187,3,500.95,514.7,2,bancassurance
3971,20241230,50,3,2468.81,3658.61,2,bancassurance
14182,20241230,177,1,3324.74,3759.45,2,tied_agency
4782,20231221,61,1,2350.83,2949.14,2,bancassurance
9238,20241125,115,5,906.23,1307.72,2,tied_agency
571,20240702,11,2,3887.33,3776.98,2,bancassurance
13272,20251203,164,4,1844.79,2575.17,1,tied_agency
2871,20230119,37,6,3203.52,4642.85,1,tied_agency
4534,20251112,56,6,6063.36,7550.83,2,tied_agency
4667,20231011,60,1,4885.77,6575.13,2,tied_agency
4312,20230927,54,1,2509.97,2569.1,1,bancassurance
12392,20250227,154,4,1205.12,1294.73,1,tied_agency
4511,20250630,56,3,1922.94,1733.44,2,tied_agency
5828,20230220,71,1,3047.79,2755.29,2,tied_agency
7301,20251208,88,3,1513.2,1580.15,2,bancassurance
818,20250423,14,2,3686.99,4113.05,2,tied_agency
8588,20230714,104,6,1740.83,2513.39,1,bancassurance
10263,20231025,9010,6,5134.11,4786.24,2,bancassurance
14349,20250407,180,6,7506.01,9629.94,1,tied_agency
10147,20240311,126,6,3458.73,3518.22,1,bancassurance
15793,20230220,195,6,2256.43,2579.78,2,bancassurance
76,20250808,2,6,6486.6,6748.67,2,tied_agency
8005,20240301,98,2,3229.97,3284.9,1,bancassurance
5427,20250207,66,3,2010.04,2008.28,1,bancassurance
5422,20241111,66,4,1694.23,2045.27,2,bancassurance
8348,20240715,101,6,5576.39,7421.96,1,bancassurance
7332,20250709,89,5,530.82,751.92,1,bancassurance
1898,20250822,26,2,4910.28,6941.95,1,tied_agency
5803,20250331,70,6,7222.78,10743.26,1,tied_agency
16057,20241120,199,1,1404.43,1358.03,1,bancassurance
8886,20251201,108,3,1336.21,1739.76,1,bancassurance
10976,20230904,134,2,1591.38,2064.56,2,bancassurance
3309,20251223,40,5,203.03,213.1,1,tied_agency
439,20231107,9,2,1024.93,1126.05,2,bancassurance
5987,20250901,72,5,673.56,883.47,1,bancassurance
1533,20230316,24,4,2045.88,2650.08,2,bancassurance
4520,20250807,9004,3,1993.04,2750.92,1,tied_agency
7897,20230914,97,2,4378.63,5014.62,2,bancassurance
7320,20241104,89,2,3567.85,4691.46,2,bancassurance
14177,20241002,9010,4,990.39,1140.22,1,tied_agency
13346,20250311,165,1,2478.55,2686.82,2,tied_agency
16149,20250707,200,6,6856.78,8578.82,2,tied_agency
10556,20251128,129,6,2907.75,3756.72,1,tied_agency
11869,20231023,149,1,3404.91,3980.37,2,bancassurance
13857,20251007,171,4,1815.73,2677.15,2,bancassurance
9258,20250714,115,2,2575.85,2949.08,1,tied_agency
8980,20240613,111,4,706.39,906.42,2,bancassurance
13290,20230710,165,1,4093.28,6033.32,2,tied_agency
10058,20250321,125,1,2957.26,2896.22,2,bancassurance
11136,20231211,137,6,2062.2,2173.67,1,bancassurance
4489,20250120,56,2,2645.04,3838.13,1,tied_agency
8620,20240104,104,1,3623.24,4066.71,1,bancassurance
3739,20230505,48,2,1644.38,1993.3,1,tied_agency
2380,20241029,31,6,1663.52,1900.24,1,tied_agency
9341,20230130,118,2,4268.06,4709.35,1,bancassurance
7285,20250623,88,4,2938.21,3807.39,2,bancassurance
11737,20230131,148,1,2101.98,3038.74,1,bancassurance
1200,20240909,20,1,1765.41,1626.86,1,tied_agency
4167,20240208,52,1,3264.13,4627.21,2,tied_agency
8879,20250415,9004,6,2468.18,2842.01,1,bancassurance
11247,20241018,138,1,2742.84,2713.43,2,tied_agency
3951,20240311,50,5,1072.19,1373.36,2,bancassurance
8484,20230925,103,4,2262.27,2436.35,2,tied_agency
795,20251229,13,5,1126.73,1601.37,2,bancassurance
3744,20230720,48,4,854.99,1014.9,2,tied_agency
9039,20251103,112,1,4875.6,6072.13,2,bancassurance
5470,20231011,67,4,2627.66,3819.91,2,tied_agency
8092,20240103,9009,4,2804.25,2781.53,2,bancassurance
12151,20230606,152,3,2672.47,3192.98,1,bancassurance
6320,20240523,76,5,988.65,1311.05,1,tied_agency
4157,20240116,52,5,631.24,758.98,1,tied_agency
11734,20251107,147,3,2802.2,3590.39,1,tied_agency
9375,20240216,118,3,2831.21,2829.98,2,bancassurance
12222,20250917,9003,5,1197.15,1692.4,2,bancassurance
13687,20240513,169,4,929.07,962.56,1,tied_agency
8138,20250630,99,1,865.16,1252.98,2,bancassurance
12263,20240307,153,6,2649.9,3433.66,2,bancassurance
3397,20240705,43,1,4710.14,5011.2,2,tied_agency
8984,20241024,111,2,848.03,765.86,2,bancassurance
8072,20230725,99,4,1296.51,1217.13,2,bancassurance
12868,20250603,160,6,6132.85,6891.01,1,tied_agency
378,20240708,8,5,984.51,1322.93,2,bancassurance
9720,20240924,123,2,4887.81,4670.73,1,tied_agency
4772,20230921,61,5,1198.76,1200.67,1,bancassurance
13710,20250331,169,3,1518.42,1505.08,1,tied_agency
13476,20231107,167,1,3140.09,2921.78,1,bancassurance
11046,20240116,135,4,1295.34,1794.65,1,tied_agency
1265,20230921,21,5,241.97,233.08,1,tied_agency
14080,20240808,176,3,2518.98,2801.84,1,bancassurance
3054,20230227,38,2,1676.55,1535.62,1,bancassurance
8314,20240226,101,1,3137.96,3580.09,2,bancassurance
14040,20230420,176,6,6455.18,7119.13,2,bancassurance
9186,20230321,115,5,563.66,638.67,1,tied_agency
243,20251222,5,1,3394.91,4413.56,2,bancassurance
10067,20250721,125,1,4322.96,4175.68,2,bancassurance
4198,20241014,52,1,2558.52,3062.8,2,tied_agency
12275,20240703,153,2,1832.85,1668.56,2,bancassurance
2066,20241011,28,6,6553.24,8757.86,1,bancassurance
8416,20250929,101,1,3166.46,4104.17,2,bancassurance
11319,20230918,139,5,784.11,985.56,1,bancassurance
14339,20240813,180,2,1315.54,1761.79,2,tied_agency
1937,20240816,27,3,2168.84,3200.03,2,bancassurance
13755,20230904,170,5,512.87,652.07,2,tied_agency
1353,20250110,21,2,1177.86,1493.6,1,tied_agency
8466,20251230,102,6,2093.9,2917.54,2,bancassurance
5668,20240122,69,1,3619.67,5152.84,2,tied_agency
13325,20240813,165,4,893.31,1048.72,1,tied_agency
3457,20250206,44,1,2358.18,2959.08,2,bancassurance
12133,20251222,151,5,1126.63,1575.26,2,bancassurance
2437,20231127,32,3,2514.74,3614.86,1,tied_agency
2752,20250107,35,5,391.27,580.41,2,tied_agency
14093,20250210,176,4,1013.86,1157.69,1,bancassurance
2542,20250714,32,2,4755.9,5482.05,2,tied_agency
186,20250324,4,2,3870.7,4989.22,1,tied_agency
15228,20230202,187,5,292.78,427.0,1,bancassurance
386,20241127,9004,5,295.58,289.7,2,bancassurance
3125,20250707,38,2,4368.09,6287.73,1,bancassurance
2626,20230828,34,1,2687.84,3672.83,2,tied_agency
4881,20250811,61,4,1356.25,1278.87,1,bancassurance
11936,20241203,149,2,1890.06,2252.02,1,bancassurance
12172,20240304,152,1,3859.7,3805.81,1,bancassurance
15610,20241216,192,5,1145.91,1361.76,2,tied_agency
6211,20240103,75,3,1136.45,1508.68,1,tied_agency
11656,20230119,146,1,924.25,1190.05,1,bancassurance
5162,20250905,63,5,1175.53,1584.72,1,bancassurance
6575,20230928,80,4,2740.97,3983.22,1,bancassurance
13399,20231220,9008,5,1146.81,1428.58,2,tied_agency
2716,20231218,35,3,1964.15,2590.58,1,tied_agency
9253,20250505,115,5,838.03,945.8,1,tied_agency
388,20241202,8,2,2025.04,2856.42,2,bancassurance
6067,20250617,73,3,1344.38,1942.56,1,tied_agency
11007,20240912,134,5,217.31,230.19,1,bancassurance
9256,20250623,115,6,1723.12,1665.12,1,tied_agency
8587,20230706,104,1,3185.17,4147.3,1,bancassurance
9981,20251021,124,6,2591.9,3355.46,2,bancassurance
9419,20250409,118,3,786.2,798.75,1,bancassurance
5537,20230113,68,1,3073.89,4593.92,1,tied_agency
5123,20250124,63,3,2063.58,2521.45,1,bancassurance
10564,20230102,130,2,3318.75,4428.34,2,tied_agency
8233,20250811,100,1,4776.38,5890.2,1,bancassurance
2755,20250218,35,2,3685.83,4116.67,2,tied_agency
13523,20250312,167,2,2195.4,3289.93,1,bancassurance
5610,20250326,9007,6,5025.73,7468.43,2,tied_agency
4733,20230116,61,5,968.21,1326.25,2,bancassurance
15880,20251215,195,2,2916.76,4333.66,1,bancassurance
4347,20230424,55,6,3066.65,3977.92,1,bancassurance
1634,20240912,24,2,2776.93,3122.9,2,bancassurance
15862,20250722,195,2,3427.3,3532.65,2,bancassurance
14489,20230522,182,1,4326.87,5049.17,1,tied_agency
9637,20230616,123,5,927.62,853.21,2,tied_agency
11154,20240715,137,6,4549.61,4978.4,1,bancassurance
12334,20230711,154,1,2863.04,3448.52,2,tied_agency
6502,20240819,79,4,1402.41,1456.09,2,bancassurance
15874,20251013,195,2,3145.86,3846.79,1,bancassurance
2947,20240307,37,6,2410.84,3088.36,2,tied_agency
12274,20240729,153,4,1401.39,1621.48,1,bancassurance
15816,20240304,195,6,5997.63,6230.69,1,bancassurance
2108,20250619,28,5,914.58,1071.3,1,bancassurance
8853,20230310,108,6,4296.64,4813.46,1,bancassurance
2150,20230301,29,4,1435.51,2095.72,1,tied_agency
13223,20240502,164,4,2035.27,2586.02,2,tied_agency
671,20250127,12,1,1882.84,2126.86,1,bancassurance
5452,20230123,67,5,1197.09,1396.71,1,tied_agency
5983,20250603,72,4,708.09,660.1,1,bancassurance
3400,20240812,43,2,3888.75,5563.63,1,tied_agency
7101,20250408,85,3,2576.27,2662.7,1,tied_agency
10821,20240812,132,4,1227.54,1635.45,2,tied_agency
9494,20240715,121,3,1855.08,1896.62,1,tied_agency
6776,20230302,83,4,1254.93,1161.78,2,bancassurance
2354,20250314,30,6,2461.65,2662.91,2,tied_agency
16114,20240627,200,6,6968.24,10050.52,2,tied_agency
1858,20241104,26,3,2708.3,2507.47,2,tied_agency
6908,20240422,84,6,6351.13,7891.44,2,bancassurance
3249,20230926,40,1,4154.51,6038.7,1,tied_agency
15007,20250929,184,4,1000.96,1257.29,1,bancassurance
5468,20230915,67,1,1942.84,1803.49,2,tied_agency
4748,20230428,61,1,3859.16,5684.57,2,bancassurance
10899,20240411,133,3,1745.69,1925.64,1,tied_agency
655,20240703,12,4,2911.43,2629.53,1,bancassurance
1511,20250917,23,6,5103.12,7351.54,1,bancassurance
15177,20250304,186,2,3383.73,3600.81,1,tied_agency
13118,20240705,162,5,1080.4,1589.57,2,bancassurance
352,20230921,8,4,1464.71,1530.11,1,bancassurance
2428,20231002,32,1,2027.56,2326.19,2,tied_agency
8325,20240408,9007,4,1837.19,2647.4,2,bancassurance
11707,20230802,147,4,675.4,899.4,2,tied_agency
2310,20251017,29,2,2847.84,3108.49,2,tied_agency
3826,20230331,49,3,2270.62,3084.76,1,tied_agency
5748,20230508,70,1,2710.97,2875.36,1,tied_agency
7574,20241202,92,5,519.32,473.73,2,tied_agency
13387,20230721,166,1,2319.12,2985.59,1,tied_agency
899,20250428,15,4,1459.54,1611.96,2,tied_agency
1577,20231211,24,4,2662.24,3434.79,2,bancassurance
9460,20241107,120,3,1281.78,1579.31,2,tied_agency
10010,20230731,125,3,1426.46,2053.57,1,bancassurance
5519,20250505,67,1,909.19,907.15,2,tied_agency
15257,20240205,187,6,5069.82,5017.07,1,bancassurance
1147,20250204,19,6,5208.63,5956.17,1,tied_agency
11760,20231107,148,2,2661.55,2708.12,1,bancassurance
12560,20230612,157,1,4279.92,4435.65,2,bancassurance
1452,20230615,23,5,966.54,1058.95,1,bancassurance
1747,20230203,26,6,4241.74,6070.45,1,tied_agency
10861,20251229,132,5,1021.67,1325.94,2,tied_agency
4934,20231227,62,1,3188.75,3769.15,2,tied_agency
4941,20240205,62,3,898.06,1023.89,1,tied_agency
6356,20251231,76,4,2465.06,3366.25,1,tied_agency
6253,20250521,75,5,892.93,970.9,1,tied_agency
13010,20241205,161,2,1301.77,1834.5,1,bancassurance
4743,20230320,61,1,2485.68,3308.56,2,bancassurance
5581,20240301,68,3,2211.94,2189.9,1,tied_agency
9372,20240115,118,4,1348.63,1843.24,2,bancassurance
1075,20250630,18,1,2017.4,2456.72,1,tied_agency
5276,20230629,65,3,2665.97,3136.75,2,tied_agency
2398,20230123,32,3,896.87,1173.32,1,tied_agency
15022,20251222,184,5,606.64,794.72,1,bancassurance
9770,20250623,123,4,1427.29,1466.27,2,tied_agency
2171,20230731,29,3,2593.27,3333.36,1,tied_agency
5814,20250929,70,4,2778.77,2792.34,1,tied_agency
265,20240812,6,3,766.38,692.13,2,tied_agency
1908,20251103,26,4,1220.65,1684.34,2,tied_agency
12056,20230612,151,2,2176.61,3085.58,1,bancassurance
5755,20230803,70,4,2813.65,3201.78,1,tied_agency
2763,20250602,9006,5,767.45,782.43,2,tied_agency
16078,20230406,200,3,2945.97,3909.59,1,tied_agency
5420,20241106,66,3,1872.56,1785.68,2,bancassurance
883,20241204,15,1,4824.85,5962.43,1,tied_agency
13274,20251229,164,3,2517.78,2877.11,1,tied_agency
5607,20250227,9008,2,2055.91,2850.36,1,tied_agency
10624,20240111,130,5,245.97,302.12,1,tied_agency
14458,20251001,181,5,610.44,793.6,2,tied_agency
10256,20230331,127,2,874.51,907.2,2,bancassurance
4887,20250922,61,2,2853.84,3997.24,2,bancassurance
9295,20240506,116,2,2896.9,2736.5,1,bancassurance
11373,20250519,139,4,1071.39,1437.73,1,bancassurance
15875,20251117,195,4,1990.05,2514.21,2,bancassurance
1774,20230724,26,3,1512.67,1632.17,2,tied_agency
12130,20251006,151,2,2572.07,2944.06,1,bancassurance
7546,20231229,92,6,3658.14,5093.55,2,tied_agency
3612,20250203,46,5,1117.07,1210.69,2,bancassurance
12258,20231204,153,6,4684.16,5983.8,2,bancassurance
13115,20240702,162,4,634.69,643.44,2,bancassurance
3392,20240701,43,6,7884.46,7532.66,2,tied_agency
14218,20251205,177,4,1963.63,2061.34,2,tied_agency
3091,20240415,38,3,2451.32,3347.92,2,bancassurance
7134,20251020,85,4,2359.89,2341.17,2,tied_agency
10232,20250821,126,1,1494.43,2012.34,1,bancassurance
3562,20230522,9003,4,1837.45,2544.83,1,bancassurance
12052,20230501,151,5,575.33,565.61,1,bancassurance
11987,20251124,149,3,1050.88,1102.53,2,bancassurance
6203,20231018,75,6,2492.87,2496.33,2,tied_agency
2406,20230331,32,2,4304.18,4055.91,2,tied_agency
4169,20240325,52,4,2321.61,2340.55,1,tied_agency
6126,20240826,74,5,315.15,379.35,2,tied_agency
7276,20250106,88,5,1161.92,1491.12,1,bancassurance
10138,20240112,126,2,4688.22,5028.78,2,bancassurance
9428,20250623,118,4,1395.13,1989.16,1,bancassurance
14809,20251030,183,2,1252.0,1325.64,2,tied_agency
6403,20240703,78,6,3253.51,3566.37,2,tied_agency
4071,20250317,51,4,2170.45,2192.08,1,tied_agency
12957,20240123,161,2,2178.56,2676.54,1,bancassurance
9219,20240422,115,5,522.71,589.82,2,tied_agency
15617,20250626,192,3,1595.5,1939.26,2,tied_agency
5185,20230403,64,3,1945.99,2632.12,2,tied_agency
14955,20241212,184,2,3528.83,3697.17,1,bancassurance
5277,20230613,65,2,3635.85,5214.23,1,tied_agency
171,20240923,4,2,2019.9,2166.5,1,tied_agency
16054,20241014,199,1,2756.11,4057.02,2,bancassurance
10747,20231228,131,5,1015.56,1395.22,2,tied_agency
290,20230419,7,3,1477.84,2014.89,1,tied_agency
9129,20250901,113,2,4801.11,7077.95,1,tied_agency
3919,20230227,50,3,2527.21,3472.25,1,bancassurance
3343,20250922,42,5,448.65,475.07,2,tied_agency
5069,20240327,63,2,3952.51,5028.64,2,bancassurance
13446,20250909,166,4,1255.26,1142.28,2,tied_agency
14261,20240624,179,1,3422.39,4715.85,2,tied_agency
5507,20241204,67,3,826.72,1147.99,2,tied_agency
14873,20231009,184,5,633.17,874.44,2,bancassurance
6947,20250701,84,4,2795.3,2969.65,2,bancassurance
12794,20251231,158,4,1187.42,1380.44,2,tied_agency
11497,20241009,141,3,761.47,733.96,2,bancassurance
13605,20240906,168,5,1016.26,1185.74,2,tied_agency
7627,20241104,94,1,1425.79,1945.54,1,bancassurance
9517,20230126,122,2,1017.32,1505.94,2,tied_agency
11988,20251110,149,5,957.13,1153.88,1,bancassurance
11683,20241028,146,3,2303.48,3287.94,2,bancassurance
9366,20231009,118,5,776.13,799.67,2,bancassurance
12766,20250124,158,6,3410.65,4246.01,2,tied_agency
5307,20240614,65,4,2201.02,2803.85,1,tied_agency
12321,20230113,154,1,3713.05,4269.22,2,tied_agency
14467,20230109,182,2,3826.89,4827.88,2,tied_agency
10360,20240328,128,6,4058.28,5023.34,1,tied_agency
13602,20240816,168,3,1006.86,1274.07,2,tied_agency
11100,20250609,136,5,312.79,335.0,2,tied_agency
6446,20251106,78,3,745.19,1102.97,1,tied_agency
15665,20240531,193,4,2021.75,2293.13,2,bancassurance
6340,20250307,76,6,1365.13,2041.16,2,tied_agency
12059,20230828,151,3,2542.47,2361.48,1,bancassurance
13713,20250501,169,6,4558.08,5274.6,2,tied_agency
13092,20230823,162,1,4316.84,5008.48,1,bancassurance
14568,20240724,182,2,4103.6,4139.38,1,tied_agency
9914,20240930,124,2,1498.98,1422.42,2,bancassurance
531,20230102,11,1,1066.01,1378.33,1,bancassurance
1644,20241220,24,6,6808.85,7883.28,1,bancassurance
10934,20250613,133,5,279.0,344.33,2,tied_agency
4724,20250819,60,4,2326.82,2299.52,2,tied_agency
8044,20250730,98,6,4471.93,5855.37,2,bancassurance
7593,20250811,92,5,269.5,293.5,1,tied_agency
19,20230829,2,6,1800.9,2328.25,1,tied_agency
14939,20241007,184,1,1823.16,1707.14,2,bancassurance
3529,20250108,9010,5,559.17,758.22,2,tied_agency
15010,20250911,184,3,1520.08,1704.44,2,bancassurance
15239,20230809,9009,3,2641.68,2585.28,2,bancassurance
2958,20240404,37,6,3595.84,3786.01,2,tied_agency
13230,20240715,164,4,2609.06,2913.03,2,tied_agency
13456,20230131,167,4,2567.23,2963.89,2,bancassurance
13988,20240624,174,5,885.23,1244.65,2,bancassurance
902,20250519,15,1,3287.09,3871.35,1,tied_agency
8478,20230724,103,6,5011.09,5569.4,2,tied_agency
10312,20230418,128,4,1571.18,1603.96,1,tied_agency
9051,20230404,113,4,1691.94,1731.6,1,tied_agency
12762,20241118,158,5,448.15,656.79,1,tied_agency
4985,20250512,62,5,591.12,549.61,2,tied_agency
11531,20250729,142,4,762.8,706.48,1,bancassurance
1783,20230914,26,3,784.02,1161.91,2,tied_agency
11022,20250714,134,4,1926.3,2304.12,1,bancassurance
5143,20250609,63,2,2704.78,3243.33,2,bancassurance
5261,20251208,64,6,7992.94,9245.43,2,tied_agency
9574,20241025,122,4,1285.45,1664.53,2,tied_agency
15455,20241204,190,6,6574.79,8066.57,2,tied_agency
5808,20250521,70,4,1461.02,1874.26,1,tied_agency
13784,20240826,170,4,1105.33,1464.14,2,tied_agency
374,20240624,8,1,3200.45,3109.69,1,bancassurance
5561,20230811,68,5,505.52,496.38,1,tied_agency
11376,20250606,139,4,2228.24,3116.95,1,bancassurance
5786,20240902,70,6,1850.05,1816.28,2,tied_agency
9324,20250616,116,4,2745.46,2827.31,1,bancassurance
10849,20250811,132,2,1291.89,1194.86,1,tied_agency
1496,20250331,23,4,2635.11,3571.4,2,bancassurance
12343,20231016,154,4,1164.78,1308.2,2,tied_agency
12148,20230502,152,1,1938.49,2651.39,1,bancassurance
1642,20241101,24,2,1260.88,1216.41,1,bancassurance
15716,20230322,194,3,2447.65,2769.56,1,bancassurance
1296,20240207,21,1,2584.52,2527.76,2,tied_agency
11560,20250113,143,6,4815.06,5958.36,2,bancassurance
11254,20241125,138,1,4783.95,6797.42,1,tied_agency
5498,20240821,67,6,4379.46,6144.39,2,tied_agency
4107,20230414,52,6,2586.88,2501.95,1,tied_agency
4454,20240521,56,6,3251.77,4509.53,1,tied_agency
11854,20230710,149,3,1974.28,2737.94,2,bancassurance
6197,20230904,75,1,2753.52,4074.04,1,tied_agency
14021,20250911,174,3,721.81,827.64,2,bancassurance
7884,20230306,97,4,2260.64,2849.22,1,bancassurance
12514,20250611,156,3,603.95,617.52,2,bancassurance
1363,20250317,21,6,4628.07,5541.4,1,tied_agency
15550,20241202,191,4,1705.46,2513.35,1,tied_agency
3222,20251024,39,3,1700.2,1857.48,2,bancassurance
1471,20240207,23,4,2134.98,1936.83,2,bancassurance
6518,20250124,79,2,3318.8,3463.15,2,bancassurance
14126,20230228,177,1,1854.81,2678.73,2,tied_agency
15677,20241029,193,6,1293.08,1793.46,1,bancassurance
10771,20230330,132,6,4258.56,6192.28,2,tied_agency
6361,20230222,78,1,4244.95,3849.88,2,tied_agency
4774,20230904,61,1,4664.34,4807.43,2,bancassurance
12693,20251014,9004,1,2499.85,2573.44,2,bancassurance
14248,20231123,179,5,617.68,759.52,2,tied_agency
233,20241118,5,3,1153.9,1393.55,2,bancassurance
3243,20230725,40,2,1426.81,1979.55,1,tied_agency
7351,20230522,90,1,2413.19,3221.94,1,bancassurance
8455,20250502,102,4,2733.6,4072.45,1,bancassurance
14049,20230710,176,6,3023.34,2989.68,2,bancassurance
4678,20240219,60,1,3733.13,5161.56,1,tied_agency
6775,20230206,83,2,824.03,801.31,1,bancassurance
4907,20230213,62,4,2414.84,2818.51,1,tied_agency
9012,20231127,112,6,7426.17,9149.29,1,bancassurance
3259,20240304,40,4,1666.38,2159.81,1,tied_agency
3523,20241122,45,1,840.84,954.86,1,tied_agency
8720,20250901,104,5,722.3,1053.68,2,bancassurance
611,20230221,12,5,396.43,531.27,1,bancassurance
7566,20240802,92,2,4527.08,4876.61,1,tied_agency
8802,20250701,106,5,938.14,1137.08,2,tied_agency
221,20240112,5,6,3990.4,4778.0,2,bancassurance
14650,20230125,183,2,2983.27,2962.81,1,tied_agency
179,20250121,4,6,1414.14,1924.98,1,tied_agency
502,20230414,10,1,1343.51,1558.78,2,tied_agency
13673,20240108,169,6,3905.76,4570.16,1,tied_agency
13060,20251006,9002,3,1370.07,1340.86,2,bancassurance
8672,20241118,104,4,2634.2,2706.5,1,bancassurance
9512,20250909,9003,3,2237.6,2267.77,1,tied_agency
3741,20230501,48,2,1658.53,1502.59,1,tied_agency
2460,20240322,32,4,2668.94,2638.86,2,tied_agency
4502,20250403,56,4,1668.6,1720.34,2,tied_agency
14226,20230407,179,1,1472.1,1844.89,1,tied_agency
6319,20240415,76,2,3853.5,5355.17,2,tied_agency
9913,20240904,124,6,7553.62,7743.05,2,bancassurance
15478,20250929,190,2,2001.89,2781.21,1,tied_agency
15357,20240606,189,3,1809.44,2568.36,1,bancassurance
3599,20240909,46,6,5205.5,6817.22,1,bancassurance
11585,20230810,144,5,889.95,902.12,2,bancassurance
11131,20231011,137,6,7149.06,10538.46,2,bancassurance
9098,20241112,113,6,5585.06,7090.01,1,tied_agency
1378,20250721,21,5,392.48,377.41,1,tied_agency
1066,20250303,18,4,1898.2,2236.21,1,tied_agency
7774,20240610,96,5,894.63,1288.38,1,tied_agency
11267,20250327,138,6,7588.39,9606.34,1,tied_agency
13371,20230112,166,2,3318.15,4939.74,2,tied_agency
8141,20250721,99,6,4887.84,4924.59,1,bancassurance
10163,20240716,126,5,493.26,641.23,2,bancassurance
8794,20250113,106,6,7967.82,7668.46,2,tied_agency
15595,20230619,192,4,1460.78,1819.28,1,tied_agency
8609,20231121,104,6,7509.32,8647.79,1,bancassurance
10983,20231120,134,4,946.25,857.78,2,bancassurance
9844,20230801,124,6,6212.7,6366.21,1,bancassurance
7738,20231109,96,3,503.84,523.13,1,tied_agency
9600,20250811,122,3,1538.49,1686.58,1,tied_agency
13854,20250714,171,2,3132.91,2893.22,2,bancassurance
14185,20250120,9011,2,3582.98,3360.21,1,tied_agency
400,20250626,8,2,1186.31,1670.76,2,bancassurance
12992,20240819,161,3,2462.68,3378.43,1,bancassurance
8838,20250310,107,3,1907.15,2503.7,2,bancassurance
4056,20240930,51,6,7063.94,8042.65,1,tied_agency
16020,20250624,198,2,1944.23,2087.27,2,bancassurance
7943,20250106,97,2,4437.54,4576.97,1,bancassurance
12623,20240604,157,6,3938.44,3610.71,1,bancassurance
5219,20240819,64,3,1737.48,1764.31,1,tied_agency
13461,20230424,167,4,2036.3,2752.1,1,bancassurance
7076,20241106,9001,2,3068.11,3977.02,1,tied_agency
4910,20230224,62,1,4251.17,5971.22,2,tied_agency
5837,20230403,71,6,6951.14,7112.21,1,tied_agency
3090,20240429,38,1,1576.81,2157.39,1,bancassurance
15959,20230630,198,5,214.37,217.71,2,bancassurance
10697,20250526,130,4,927.82,1275.32,2,tied_agency
7770,20240513,96,1,2151.61,2353.9,1,tied_agency
226,20240513,5,6,1553.49,1817.38,1,bancassurance
12328,20230417,154,5,516.56,531.44,1,tied_agency
4018,20230529,51,5,232.53,249.96,1,tied_agency
5463,20230707,9005,4,1504.51,1579.72,2,tied_agency
10302,20230213,128,5,568.04,803.87,2,tied_agency
11017,20250326,134,5,628.5,750.28,1,bancassurance
12008,20240222,150,1,4512.56,6494.34,1,tied_agency
2498,20241001,32,6,3195.58,2967.97,1,tied_agency
3982,20250421,50,1,1913.06,2743.41,1,bancassurance
5263,20251208,64,2,2972.67,3188.23,2,tied_agency
12236,20230531,153,1,3699.07,4644.47,1,bancassurance
5241,20250505,64,4,1320.34,1393.18,1,tied_agency
10161,20240722,126,4,706.11,700.83,1,bancassurance
13432,20250331,166,6,5749.17,5218.96,2,tied_agency
2248,20241010,29,4,2989.56,2732.59,2,tied_agency
8468,20230106,103,1,2896.11,4271.68,1,tied_agency
14446,20250623,181,4,799.75,1165.53,1,tied_agency
3178,20240506,39,2,4638.61,5130.35,1,bancassurance
6625,20250331,80,3,1960.3,2571.7,2,bancassurance
74,20250707,2,6,6397.68,8863.51,2,tied_agency
10869,20230529,133,4,677.21,791.11,1,tied_agency
10126,20231121,126,4,1542.95,1598.18,1,bancassurance
12026,20250228,150,5,1130.77,1143.48,2,tied_agency
1650,20250109,24,2,1305.94,1489.78,1,bancassurance
13912,20250113,173,6,4495.52,4342.14,1,tied_agency
6746,20241104,82,5,1093.65,1392.73,1,bancassurance
11288,20251110,138,1,4974.98,7073.91,1,tied_agency
15788,20251107,194,6,4621.81,4457.87,2,bancassurance
4859,20250321,61,6,2640.33,3900.89,2,bancassurance
14603,20250304,182,6,6232.5,9193.42,2,tied_agency
5714,20250625,69,2,1410.14,1400.44,2,tied_agency
13973,20231016,174,5,781.48,1061.19,2,bancassurance
11307,20230417,139,4,1998.67,2115.36,2,bancassurance
640,20231116,12,5,703.33,682.59,1,bancassurance
6476,20231115,79,6,5330.04,7462.71,2,bancassurance
11374,20250512,139,5,694.33,765.48,1,bancassurance
630,20230821,12,1,1823.42,1780.99,1,bancassurance
3747,20230710,48,2,3885.81,4793.84,2,tied_agency
3050,20230109,38,2,2500.98,2735.6,1,bancassurance
9978,20251027,124,3,870.79,1188.72,1,bancassurance
4675,20240205,60,5,1023.9,1052.77,1,tied_agency
1973,20230420,28,3,2952.64,4340.22,1,bancassurance
189,20250407,4,1,2483.5,2377.28,2,tied_agency
4366,20240829,55,4,2025.68,2540.21,1,bancassurance
6714,20231208,82,6,4850.46,4994.5,2,bancassurance
2761,20250507,35,5,1183.87,1067.8,2,tied_agency
3688,20240716,47,3,2605.41,3555.75,2,tied_agency
10526,20241209,129,4,2027.07,1873.77,2,tied_agency
7243,20240105,88,1,1290.1,1696.09,1,bancassurance
15798,20230518,195,5,219.98,321.08,1,bancassurance
11795,20241202,148,6,7476.29,7369.14,1,bancassurance
11177,20250217,137,1,4206.58,5357.25,1,bancassurance
15387,20250521,189,1,4298.02,5871.68,2,bancassurance
13653,20230605,169,4,682.97,912.38,1,tied_agency
14378,20230612,9001,1,1560.78,1603.75,1,tied_agency
5947,20231214,72,3,1273.35,1171.35,2,bancassurance
5112,20241118,63,2,3653.47,4242.01,1,bancassurance
12256,20231106,153,2,1789.39,2681.44,2,bancassurance
8025,20240902,98,6,3944.31,4545.09,1,bancassurance
15708,20251222,193,3,1059.07,1321.73,1,bancassurance
2872,20230109,37,1,4450.53,4443.89,2,tied_agency
13610,20241111,168,5,640.01,948.66,1,tied_agency
8673,20241202,104,1,3803.43,3596.35,1,bancassurance
11756,20230811,148,6,5655.48,8205.43,1,bancassurance
7493,20250224,91,1,2143.02,2478.82,2,bancassurance
11611,20240712,144,3,2798.32,3934.62,1,bancassurance
1552,20230712,24,4,2949.62,3220.35,1,bancassurance
3663,20230802,47,1,4391.35,4254.53,2,tied_agency
10872,20230613,133,4,978.63,906.59,2,tied_agency
5647,20230427,69,4,995.32,1389.81,1,tied_agency
14744,20240909,183,3,2473.84,3051.27,2,tied_agency
7986,20230728,98,2,2578.17,3152.19,1,bancassurance
4997,20250915,62,3,2265.69,2900.12,2,tied_agency
14394,20231201,181,2,1389.36,1498.53,2,tied_agency
4129,20230804,52,3,2645.38,2455.2,2,tied_agency
7144,20251212,85,5,352.83,446.12,1,tied_agency
13880,20230821,173,1,4353.99,4525.79,1,tied_agency
11404,20230417,140,5,229.08,215.79,1,bancassurance
1877,20250314,26,1,3524.21,4719.63,1,tied_agency
10622,20231220,130,4,674.84,986.2,1,tied_agency
4729,20251125,60,4,647.33,851.03,1,tied_agency
11482,20230731,141,6,5374.62,7107.91,1,bancassurance
7749,20240206,96,5,1032.19,1469.74,1,tied_agency
12418,20230713,155,1,4589.25,6141.73,1,tied_agency
5237,20250421,64,2,4891.14,6904.03,2,tied_agency
8948,20250310,110,2,2178.42,2994.03,1,bancassurance
12584,20231113,157,3,1900.76,2075.25,2,bancassurance
16160,20251017,200,6,7964.5,7785.28,1,tied_agency
13840,20231211,171,5,549.5,681.62,2,bancassurance
8434,20230127,102,6,6431.59,8513.0,1,bancassurance
1800,20231225,26,4,1532.34,2133.4,2,tied_agency
3854,20231120,49,2,802.29,1144.35,1,tied_agency
5486,20240307,67,1,1698.08,2467.0,1,tied_agency
12057,20230718,151,5,1181.82,1284.46,2,bancassurance
7299,20251128,88,5,223.34,306.21,2,bancassurance
3217,20250721,39,2,4312.62,4208.16,1,bancassurance
12260,20240219,153,4,2159.46,2594.83,2,bancassurance
2116,20250808,28,5,699.82,1032.71,2,bancassurance
4385,20230118,56,6,7914.16,8879.79,1,tied_agency
10766,20230116,132,5,900.53,983.61,1,tied_agency
9737,20241220,123,6,2231.97,3269.52,1,tied_agency
8911,20240917,109,2,2072.79,2884.41,2,bancassurance
806,20231212,14,6,2099.04,2325.88,2,tied_agency
12509,20250519,156,6,5961.21,5798.29,1,bancassurance
3155,20230828,39,5,891.79,925.57,2,bancassurance
6982,20230404,9010,1,3268.34,4069.16,2,tied_agency
12483,20240516,156,4,1200.79,1556.17,2,bancassurance
12330,20230510,154,2,3597.84,4034.01,2,tied_agency
8345,20240704,101,2,1055.48,1086.84,1,bancassurance
250,20230515,6,6,6317.1,6039.78,2,tied_agency
13369,20251230,165,6,6206.38,8228.43,1,tied_agency
9120,20250609,113,5,224.49,294.65,2,tied_agency
5521,20250519,67,2,1164.48,1278.89,2,tied_agency
4204,20241108,52,2,1527.92,2252.83,2,tied_agency
7151,20230515,86,3,1498.1,2229.66,2,bancassurance
12044,20230216,151,3,2782.38,3437.4,1,bancassurance
8659,20240925,104,6,4467.55,6161.91,1,bancassurance
14952,20241230,184,1,2558.11,2512.59,2,bancassurance
9163,20241212,114,1,1363.49,1570.68,2,tied_agency
10132,20231207,126,3,2851.25,3432.13,1,bancassurance
828,20230227,15,4,1495.1,1618.79,2,tied_agency
10222,20250610,126,3,1614.63,2078.73,2,bancassurance
13201,20230503,164,3,845.98,786.06,1,tied_agency
3949,20240229,50,6,5780.7,5468.11,1,bancassurance
9892,20240625,124,2,2723.63,3815.66,2,bancassurance
29,20240129,2,4,2612.89,3879.43,1,tied_agency
8701,20250505,104,6,2312.46,2264.43,1,bancassurance
7353,20230515,90,6,7998.41,11990.11,2,bancassurance
8289,20230920,101,2,2703.21,2815.74,2,bancassurance
3527,20250120,45,1,1102.44,1190.56,1,tied_agency
15561,20250409,191,2,2726.88,2756.04,1,tied_agency
14649,20230102,183,6,1790.83,2270.63,1,tied_agency
9772,20250619,123,3,2516.97,2907.09,2,tied_agency
1332,20240919,21,5,851.55,830.55,2,tied_agency
12489,20240715,156,6,5442.84,5290.42,1,bancassurance
5227,20241104,64,1,3188.46,3047.27,1,tied_agency
10057,20250317,125,3,628.84,790.23,1,bancassurance
3419,20250519,43,6,7108.11,8276.15,2,tied_agency
14523,20231110,182,3,1104.47,1312.02,1,tied_agency
7329,20250528,89,4,2457.81,2882.89,2,bancassurance
15697,20250620,193,4,645.2,768.57,2,bancassurance
2956,20240415,37,1,4080.23,5251.8,1,tied_agency
10939,20250901,133,1,4128.08,3785.29,1,tied_agency
15054,20250421,185,3,2020.45,1986.72,2,tied_agency
13716,20250616,169,1,3067.35,3694.63,1,tied_agency
2836,20241223,36,6,5654.59,6876.13,2,bancassurance
13470,20230807,167,1,1409.1,1899.61,1,bancassurance
8086,20231225,99,2,1121.31,1553.23,2,bancassurance
15572,20250721,191,3,1101.63,1259.82,2,tied_agency
1295,20240205,21,2,3788.89,5293.32,1,tied_agency
785,20250916,9005,4,870.03,958.51,1,bancassurance
14811,20251107,183,4,1128.36,1204.97,1,tied_agency
9029,20250423,112,6,1118.78,1419.76,1,bancassurance
10954,20230313,134,5,1086.91,1066.66,2,bancassurance
8326,20240430,101,3,1941.95,1927.38,1,bancassurance
7183,20250721,86,1,3736.46,4910.29,1,bancassurance
15070,20230331,186,2,1139.32,1295.71,1,tied_agency
3483,20230724,45,4,702.18,1002.76,2,tied_agency
12047,20230501,151,1,4757.23,5386.65,2,bancassurance
1055,20241220,18,5,594.42,709.9,1,tied_agency
11140,20240212,137,4,1876.66,2179.43,1,bancassurance
4684,20240627,60,3,822.18,1115.36,1,tied_agency
9718,20240906,123,2,1560.65,1497.07,2,tied_agency
3600,20240930,46,2,3150.76,4357.5,1,bancassurance
4005,20230106,51,4,2042.56,2093.51,2,tied_agency
280,20251015,6,6,4231.36,5606.64,2,tied_agency
7182,20250729,86,4,1714.89,1872.87,1,bancassurance
8071,20230608,99,6,5911.85,7496.4,2,bancassurance
4022,20230717,51,3,1622.62,2385.82,1,tied_agency
12881,20230123,161,6,4121.1,3837.19,2,bancassurance
4893,20251028,61,3,1457.69,2124.27,1,bancassurance
5551,20230529,68,2,2887.41,3619.53,2,tied_agency
9346,20230215,118,4,1739.26,2144.73,2,bancassurance
14161,20240306,177,1,2297.19,2262.08,2,tied_agency
13872,20230623,173,6,3829.25,3537.58,1,tied_agency
8783,20240318,106,1,1083.01,1605.01,2,tied_agency
2633,20231101,34,3,1152.47,1136.84,1,tied_agency
4363,20240531,55,5,724.43,732.19,2,bancassurance
6976,20230330,85,2,1502.87,1364.99,1,tied_agency
13418,20240801,166,1,4002.69,5099.0,2,tied_agency
5616,20250508,68,4,2381.71,3360.23,1,tied_agency
3095,20240712,38,3,2175.37,2744.1,1,bancassurance
4381,20251124,55,3,2771.48,3042.26,1,bancassurance
6753,20250304,82,2,813.64,819.11,1,bancassurance
4478,20241125,56,5,435.05,621.54,2,tied_agency
11889,20240212,149,3,2933.79,4073.9,1,bancassurance
1291,20240119,9001,2,4182.63,6246.34,1,tied_agency
574,20240920,11,5,250.86,366.11,2,bancassurance
5174,20251222,63,1,2617.21,3128.9,2,bancassurance
5799,20250221,70,6,6179.07,7459.35,1,tied_agency
14995,20250725,184,1,1781.78,1910.23,1,bancassurance
14725,20240527,183,4,544.82,808.27,1,tied_agency
12257,20231204,153,6,5518.39,5121.23,1,bancassurance
1444,20230303,23,4,1656.74,1529.92,2,bancassurance
12093,20240703,151,5,280.41,408.8,1,bancassurance
3997,20251006,50,1,4994.93,4827.98,1,bancassurance
4170,20240304,52,2,4763.51,4707.94,1,tied_agency
1017,20230821,9010,2,1357.39,1462.55,1,tied_agency
4736,20230220,61,5,308.88,303.7,2,bancassurance
4804,20240430,61,4,1223.17,1570.22,2,bancassurance
8225,20250530,9006,4,1145.84,1654.45,2,bancassurance
1731,20250122,9005,2,845.64,1183.56,2,tied_agency
347,20230713,8,2,3960.27,4965.17,2,bancassurance
219,20231114,5,2,4939.92,5990.89,2,bancassurance
2388,20250623,31,5,639.86,861.88,2,tied_agency
11018,20250423,134,6,7039.73,8901.87,2,bancassurance
13966,20230717,9008,5,376.24,361.72,2,bancassurance
12242,20230731,153,2,2574.0,3591.57,1,bancassurance
9140,20230217,114,2,3562.94,3869.1,2,tied_agency
12533,20230214,157,4,2945.71,3090.03,2,bancassurance
10054,20250217,125,4,2504.9,3448.73,2,bancassurance
14875,20231004,184,6,7787.27,9448.54,2,bancassurance
346,20230703,8,5,886.57,1255.36,1,bancassurance
9724,20241010,123,2,1506.82,1447.56,2,tied_agency
11755,20230829,148,1,1943.36,1767.76,1,bancassurance
10609,20231016,130,4,1774.18,2602.07,2,tied_agency
7988,20230829,98,1,1263.46,1346.37,1,bancassurance
1694,20251027,24,6,4687.45,6262.71,1,bancassurance
8372,20241218,101,3,1246.96,1279.19,1,bancassurance
1807,20240213,26,5,629.1,920.77,1,tied_agency
9279,20230503,116,4,923.87,938.1,2,bancassurance
13070,20251231,161,2,4713.95,4332.72,2,bancassurance
10141,20240216,126,1,1259.97,1761.17,2,bancassurance
1628,20240930,24,4,1043.66,1130.17,1,bancassurance
9545,20240118,122,2,3003.78,2827.2,1,tied_agency
10690,20250304,130,4,510.39,674.58,2,tied_agency
4942,20240304,62,6,4373.84,5404.91,2,tied_agency
771,20250331,13,3,1989.41,2408.31,2,bancassurance
14005,20250116,174,4,595.39,823.33,1,bancassurance
4723,20250826,60,2,3608.77,3304.48,1,tied_agency
7406,20250314,90,5,273.64,286.71,2,bancassurance
3124,20250715,38,1,2762.21,4022.61,1,bancassurance
10576,20230428,130,1,2647.42,2597.56,2,tied_agency
2113,20250710,28,1,4023.12,4229.16,2,bancassurance
5539,20230216,68,5,918.12,990.96,2,tied_agency
15761,20241119,194,6,1776.96,2177.76,2,bancassurance
11304,20230330,139,5,503.16,453.43,1,bancassurance
10199,20250221,126,5,415.52,542.75,1,bancassurance
12534,20230207,157,4,984.44,1425.13,2,bancassurance
2055,20240820,28,4,1797.84,2238.46,2,bancassurance
6004,20230220,73,4,1138.73,1250.8,2,tied_agency
5655,20230712,69,4,2271.75,2542.96,2,tied_agency
1691,20251029,24,6,2974.31,3230.39,1,bancassurance
12611,20240311,157,1,1207.25,1699.15,2,bancassurance
7947,20250210,9010,1,2758.24,2865.6,1,bancassurance
12700,20251117,157,6,4485.28,5384.49,1,bancassurance
7594,20250829,92,2,2220.87,2648.37,2,tied_agency
881,20241118,9011,3,1001.39,1073.43,2,tied_agency
5725,20251027,69,3,888.23,876.55,2,tied_agency
13477,20231124,167,5,734.49,786.6,1,bancassurance
2121,20251001,28,6,7119.51,8193.76,2,bancassurance
5007,20230116,63,6,3955.34,4112.24,2,bancassurance
15315,20230215,189,1,3081.62,2979.17,2,bancassurance
8784,20240328,106,2,2006.42,2032.63,2,tied_agency
955,20250203,16,2,1864.01,2199.85,2,tied_agency
760,20241118,13,6,1408.1,1788.51,1,bancassurance
2624,20230803,34,4,2375.48,3026.75,2,tied_agency
4516,20250723,56,5,1125.31,1675.1,2,tied_agency
1122,20240702,19,3,1301.21,1193.06,1,tied_agency
2635,20231215,34,6,3674.14,3652.78,2,tied_agency
5444,20250929,66,3,738.08,900.74,2,bancassurance
13178,20250116,163,2,3135.5,3002.71,2,tied_agency
14930,20240819,184,6,3638.8,3770.27,1,bancassurance
15807,20230926,195,3,1064.69,1125.73,1,bancassurance
10131,20231124,126,4,2175.66,3003.46,2,bancassurance
5730,20251110,69,6,5110.12,4972.51,1,tied_agency
6480,20231211,79,1,946.72,1281.59,2,bancassurance
2877,20230217,37,1,2827.75,3943.56,1,tied_agency
15412,20230705,190,2,3505.85,4937.74,1,tied_agency
5224,20241002,64,6,5045.35,7537.98,1,tied_agency
16000,20240819,198,6,7609.37,10447.26,2,bancassurance
847,20230925,15,6,2990.66,3877.55,1,tied_agency
14035,20230207,176,4,775.55,959.54,1,bancassurance
7010,20231006,85,3,1085.32,1436.29,2,tied_agency
7585,20250507,92,1,3144.98,3855.55,2,tied_agency
13867,20230501,173,3,846.47,924.83,1,tied_agency
6500,20240708,79,3,503.27,718.64,1,bancassurance
5214,20240522,64,5,1072.62,1139.61,1,tied_agency
117,20250811,3,6,4123.91,6176.87,2,tied_agency
12254,20231002,153,4,1019.41,1051.79,1,bancassurance
3777,20240725,9008,5,884.35,833.79,2,tied_agency
6485,20240126,79,3,1986.32,2751.22,2,bancassurance
9822,20230421,124,3,525.05,486.53,1,bancassurance
9437,20251023,118,6,6068.08,7747.13,1,bancassurance
3808,20250806,9010,5,890.65,853.17,1,tied_agency
5756,20230814,70,1,912.4,1113.39,2,tied_agency
8655,20240802,104,5,798.82,881.83,2,bancassurance
4961,20241014,62,4,1411.91,1787.41,2,tied_agency
5285,20230915,65,4,1386.73,1504.43,2,tied_agency
3611,20250203,46,3,1424.85,1740.16,2,bancassurance
7756,20240315,96,5,1150.26,1319.24,2,tied_agency
6857,20250812,83,5,676.55,624.66,1,bancassurance
13099,20231211,162,4,1901.37,1798.15,1,bancassurance
14029,20251224,174,6,6873.72,9673.76,1,bancassurance
14321,20230713,180,5,563.83,743.01,1,tied_agency
16090,20231012,200,2,1437.3,1655.47,2,tied_agency
11090,20240513,136,5,959.85,1221.32,2,tied_agency
12566,20230710,157,6,5638.07,5948.48,1,bancassurance
2284,20250509,29,2,3351.29,4743.71,1,tied_agency
12564,20230713,157,2,1169.72,1467.9,1,bancassurance
9100,20241118,113,2,2309.72,3255.57,2,tied_agency
9155,20240508,114,2,2641.66,3954.2,2,tied_agency
4092,20251224,51,6,3810.14,4140.0,2,tied_agency
3593,20240710,46,4,2705.16,2625.31,1,bancassurance
15428,20240108,190,5,1146.18,1102.54,2,tied_agency
627,20230720,12,2,1431.01,1423.02,1,bancassurance
9135,20251125,113,3,1641.72,1689.13,2,tied_agency
6186,20230412,75,3,2528.25,3176.37,2,tied_agency
11741,20230227,148,1,3990.73,4739.47,1,bancassurance
13993,20240821,174,5,398.51,385.9,2,bancassurance
9264,20251027,115,1,3721.05,5371.0,1,tied_agency
10642,20240417,130,5,814.4,793.24,2,tied_agency
5778,20240417,70,4,2236.18,2220.22,2,tied_agency
15681,20250121,193,1,3788.51,4507.4,1,bancassurance
182,20250228,9004,4,965.78,1303.23,2,tied_agency
1744,20230116,26,2,3751.16,3595.22,1,tied_agency
13106,20240327,162,4,2973.41,3580.3,2,bancassurance
14416,20240816,181,4,905.36,893.44,1,tied_agency
8310,20240116,101,6,4627.56,5549.3,1,bancassurance
10594,20230727,130,2,4501.68,5906.94,2,tied_agency
15302,20250818,187,3,2309.63,2119.83,2,bancassurance
10946,20251230,133,3,1443.54,1747.59,2,tied_agency
9189,20230403,115,2,990.93,1132.99,1,tied_agency
14308,20251121,179,5,828.28,835.72,2,tied_agency
16146,20250506,200,6,2377.55,3024.3,1,tied_agency
2883,20230315,37,4,2573.88,2960.86,1,tied_agency
8752,20240806,105,4,1887.51,2101.48,2,bancassurance
10723,20251002,130,1,3173.42,3390.29,1,tied_agency
13448,20251001,166,3,2387.31,2796.01,2,tied_agency
49,20240917,2,1,2944.03,2851.05,1,tied_agency
5977,20250303,72,5,756.37,799.49,2,bancassurance
6821,20240729,83,3,1356.56,1768.3,2,bancassurance
11870,20231019,149,4,2394.06,3250.66,1,bancassurance
2619,20230616,34,3,2084.68,3004.24,2,tied_agency
4367,20240918,55,6,5222.42,7681.19,1,bancassurance
7769,20240506,96,6,3913.52,3657.67,2,tied_agency
4714,20250602,60,2,2011.88,2343.68,2,tied_agency
9559,20240513,122,3,1407.24,1909.94,1,tied_agency
12870,20250707,160,2,3190.17,4091.48,2,tied_agency
1924,20230602,27,5,1099.91,1569.22,2,bancassurance
5731,20251114,69,5,962.23,1252.56,1,tied_agency
7665,20240930,95,2,2388.29,3305.09,2,bancassurance
9862,20231226,124,1,4361.93,5353.29,2,bancassurance
14740,20240827,183,1,2686.72,2988.39,1,tied_agency
2856,20250728,36,1,1922.79,2066.72,1,bancassurance
6374,20230626,78,1,3985.93,4512.74,2,tied_agency
14133,20230515,177,3,1309.26,1207.77,2,tied_agency
4633,20251208,58,6,2145.74,2988.99,1,tied_agency
15855,20250407,195,1,1737.49,2179.31,2,bancassurance
9497,20240812,121,6,3914.47,4988.76,1,tied_agency
14924,20240705,184,5,982.15,1019.86,2,bancassurance
11637,20250506,144,5,787.08,883.87,1,bancassurance
6473,20231023,79,3,2051.12,2423.16,2,bancassurance
1350,20250123,21,4,942.97,1283.17,1,tied_agency
13031,20250424,161,2,2932.0,3712.25,1,bancassurance
11289,20251124,138,2,4070.57,3801.49,1,tied_agency
1582,20240123,24,5,325.24,356.18,1,bancassurance
14067,20240422,9007,5,220.71,312.98,1,bancassurance
2945,20240205,37,2,1417.35,1826.65,2,tied_agency
8544,20250929,103,4,1616.89,2100.18,2,tied_agency
15671,20240711,193,6,5452.6,6919.73,1,bancassurance
14706,20231201,183,1,1552.7,2203.45,1,tied_agency
503,20230508,10,4,1458.29,1345.47,2,tied_agency
14943,20241023,9009,6,3856.78,4050.13,1,bancassurance
12485,20240613,156,2,2071.41,2498.63,2,bancassurance
7013,20231009,85,6,5240.24,6910.15,1,tied_agency
3013,20250506,37,5,1110.25,1050.25,2,tied_agency
9015,20240111,112,6,7158.19,6700.4,2,bancassurance
702,20251114,12,2,3490.44,5086.06,2,bancassurance
14710,20240129,183,5,934.27,1213.23,2,tied_agency
2333,20230808,30,5,399.99,381.11,2,tied_agency
15263,20240603,187,2,2519.86,2905.92,2,bancassurance
1580,20240119,24,3,2234.31,2137.64,1,bancassurance
13297,20230929,165,5,933.99,1060.72,2,tied_agency
6234,20240912,75,4,833.08,985.15,2,tied_agency
12194,20241017,9002,3,2785.95,2522.9,1,bancassurance
2140,20230130,29,5,346.49,346.11,1,tied_agency
13903,20240822,173,2,1597.51,2229.71,2,tied_agency
6422,20250226,78,1,3950.02,5323.79,2,tied_agency
6809,20240208,83,6,1566.12,1589.14,2,bancassurance
3926,20230414,50,2,3153.15,3642.31,1,bancassurance
6576,20230919,80,4,1565.93,1594.88,2,bancassurance
4106,20230417,52,6,1024.24,1006.38,1,tied_agency
9791,20251020,123,3,720.1,950.53,1,tied_agency
13568,20231018,168,5,466.53,643.05,2,tied_agency
13757,20231004,170,2,3856.55,4257.84,1,tied_agency
9749,20250220,123,3,722.68,836.88,1,tied_agency
11273,20250526,138,6,7958.78,9915.56,2,tied_agency
11660,20230515,146,1,833.1,967.14,1,bancassurance
15857,20250516,195,4,1997.7,2624.26,2,bancassurance
2854,20250702,36,1,963.56,1204.18,1,bancassurance
13079,20230227,162,4,2354.87,3449.95,1,bancassurance
7396,20241107,90,3,2662.18,3972.44,2,bancassurance
13802,20250204,170,4,1256.59,1189.89,2,tied_agency
15291,20250421,9011,5,274.44,380.57,1,bancassurance
4711,20250421,60,2,2352.87,2465.27,1,tied_agency
8316,20240209,101,1,4589.7,6626.07,1,bancassurance
3206,20250408,39,5,847.34,880.6,1,bancassurance
12361,20240425,154,1,3280.24,3423.1,1,tied_agency
2812,20240105,36,2,2629.26,3373.53,2,bancassurance
3019,20250722,9006,5,427.84,467.62,1,tied_agency
10858,20251224,132,2,2625.74,3015.69,2,tied_agency
7847,20250707,96,1,1561.54,1859.72,2,tied_agency
5593,20240809,68,4,622.44,593.03,2,tied_agency
10668,20241021,130,6,3594.88,5155.05,2,tied_agency
680,20250402,12,5,206.62,292.21,2,bancassurance
12508,20250429,156,2,3056.64,3478.91,2,bancassurance
2843,20250224,36,2,1482.27,1761.98,1,bancassurance
3872,20240708,49,2,1324.51,1198.35,1,tied_agency
12833,20240223,9009,6,6002.9,8528.88,2,tied_agency
9176,20251202,114,1,1344.79,1810.31,2,tied_agency
12585,20231110,157,2,1462.54,1349.67,2,bancassurance
12806,20230403,160,1,2361.48,2536.77,1,tied_agency
9880,20240311,124,2,4017.82,3911.35,2,bancassurance
14260,20240520,179,1,4750.56,4552.57,2,tied_agency
7297,20251013,88,1,1172.13,1259.55,1,bancassurance
5764,20231010,70,6,4363.3,5430.01,1,tied_agency
1837,20240827,26,3,1967.17,2116.84,2,tied_agency
4636,20230109,60,4,559.91,660.66,2,tied_agency
4089,20251106,51,1,4229.55,6326.47,1,tied_agency
5871,20240812,71,4,2987.65,3001.44,1,tied_agency
8149,20251023,99,1,3206.9,4785.18,2,bancassurance
12592,20231220,157,4,2487.26,2520.47,2,bancassurance
8338,20240624,101,3,896.1,1318.37,2,bancassurance
11818,20251009,148,2,2849.91,3888.69,1,bancassurance
8757,20250204,105,3,2071.61,2814.96,2,bancassurance
10206,20250403,126,4,827.92,1041.74,2,bancassurance
557,20231129,11,2,1380.36,1741.34,2,bancassurance
15432,20240325,190,5,497.15,497.97,1,tied_agency
7917,20240430,97,3,648.17,764.94,2,bancassurance
10988,20240228,134,4,2524.93,3651.13,1,bancassurance
4000,20251029,50,3,1232.84,1691.35,1,bancassurance
7791,20240926,96,3,1475.12,1770.54,1,tied_agency
14242,20230914,179,6,7138.97,7294.22,1,tied_agency
7891,20230605,97,3,2503.87,2727.81,2,bancassurance
7160,20231225,86,6,2893.37,2911.02,1,bancassurance
9367,20231103,118,3,975.48,1232.9,1,bancassurance
6794,20231011,83,2,1115.16,1303.95,1,bancassurance
10534,20250331,129,4,2239.66,2602.43,2,tied_agency
13351,20250416,165,5,315.12,301.31,2,tied_agency
15182,20250429,186,2,2798.23,2539.23,2,tied_agency
6291,20230724,76,3,1871.79,2168.42,1,tied_agency
8536,20250714,103,2,1173.16,1581.56,1,tied_agency
12778,20250417,158,3,1361.46,1588.77,1,tied_agency
5834,20230414,71,4,529.62,702.43,1,tied_agency
3609,20241220,46,3,1482.57,2162.65,2,bancassurance
701,20251121,12,1,2400.5,2573.13,1,bancassurance
7381,20240701,9008,6,2387.38,2967.49,1,bancassurance
7221,20230504,88,2,3078.12,3984.89,1,bancassurance
84,20251103,2,4,2986.31,3359.44,2,tied_agency
5965,20240930,72,3,1696.38,1993.06,1,bancassurance
4471,20241023,56,3,1605.84,1700.92,2,tied_agency
3825,20230220,49,3,2744.28,3229.06,1,tied_agency
5365,20230518,66,4,2513.15,2594.41,2,bancassurance
2824,20240619,36,3,1419.92,1960.53,1,bancassurance
14575,20240930,182,5,923.78,1344.52,1,tied_agency
5375,20230802,66,3,1649.0,2041.49,2,bancassurance
15577,20250807,191,1,2799.02,4111.42,1,tied_agency
2272,20250310,29,4,1702.02,2273.25,2,tied_agency
2961,20240506,37,6,4479.26,5451.24,1,tied_agency
6002,20230102,73,3,1970.58,1814.74,1,tied_agency
6685,20230424,82,5,969.08,982.18,1,bancassurance
12689,20250811,157,2,3881.81,5639.09,1,bancassurance
3855,20231110,49,6,6631.49,7280.9,1,tied_agency
9748,20250205,123,2,4946.56,5716.79,1,tied_agency
4095,20230119,52,1,3297.63,4057.59,1,tied_agency
7980,20230414,98,6,3312.34,3784.69,2,bancassurance
7392,20241007,90,3,1478.98,1980.13,2,bancassurance
2743,20241008,9006,6,7103.1,9100.54,2,tied_agency
3374,20231225,43,2,2569.25,2695.48,1,tied_agency
9331,20250929,116,3,2958.85,4373.25,2,bancassurance
7161,20231214,86,3,2095.08,2985.79,2,bancassurance
5548,20230420,68,4,2454.47,2910.55,2,tied_agency
8585,20230727,104,4,1271.46,1609.0,1,bancassurance
7315,20240320,89,4,2263.58,2490.45,2,bancassurance
16044,20240115,199,4,1484.68,1429.85,2,bancassurance
9757,20250428,123,2,3332.62,3931.27,2,tied_agency
11396,20230210,140,6,5197.93,5222.97,2,bancassurance
8670,20241028,104,3,2455.13,2610.29,2,bancassurance
5439,20250820,9006,4,2647.02,3599.68,2,bancassurance
11829,20230112,149,4,1401.59,1709.2,1,bancassurance
1824,20240516,26,1,4898.85,7329.87,1,tied_agency
7862,20251008,96,3,1693.68,2015.52,2,tied_agency
8515,20241220,9011,2,3741.55,4830.57,2,tied_agency
15097,20230906,186,4,893.05,1049.46,1,tied_agency
3231,20230210,40,6,6977.07,6594.85,1,tied_agency
8272,20230612,9003,4,2798.31,2658.62,1,bancassurance
6040,20240624,73,2,3427.28,3515.79,1,tied_agency
12822,20231009,160,4,2159.71,3161.36,1,tied_agency
15655,20240306,193,3,617.15,914.59,1,bancassurance
1344,20241205,21,5,528.46,765.43,1,tied_agency
1873,20250210,9006,2,869.67,1023.17,1,tied_agency
2137,20230120,29,3,1939.14,2738.14,2,tied_agency
12935,20230922,161,1,4726.38,5091.47,1,bancassurance
2698,20230517,35,6,1004.17,1381.89,1,tied_agency
12495,20241007,156,1,2147.39,3208.84,2,bancassurance
11227,20240131,138,2,1131.39,1678.01,2,tied_agency
2227,20240603,9004,6,6743.4,8371.53,1,tied_agency
12836,20240301,160,6,2703.2,2546.95,1,tied_agency
8949,20250425,110,5,472.87,513.36,2,bancassurance
15320,20230403,189,6,5864.86,7503.11,1,bancassurance
5128,20250218,63,2,1425.37,1367.11,1,bancassurance
12733,20231023,158,2,1139.04,1471.04,1,tied_agency
9182,20230206,115,1,4208.43,4622.81,2,tied_agency
15749,20240611,194,4,1930.25,2739.79,1,bancassurance
14495,20230628,182,2,1630.72,2429.78,1,tied_agency
14023,20251007,174,6,1271.43,1861.08,2,bancassurance
1325,20240812,21,6,1409.51,1598.33,1,tied_agency
7192,20230609,87,5,1070.43,1101.28,1,bancassurance
14967,20250207,184,4,962.94,942.45,2,bancassurance
6161,20250903,9010,6,6433.77,6767.28,2,tied_agency
8683,20250128,104,1,2095.36,2769.96,1,bancassurance
13314,20240508,165,1,3721.01,4735.64,2,tied_agency
6538,20250820,79,2,3349.62,4216.74,2,bancassurance
8475,20230522,103,3,850.37,985.27,2,tied_agency
3530,20250203,45,2,991.96,1123.65,1,tied_agency
13023,20250312,161,6,5710.27,8360.62,2,bancassurance
15760,20241128,9002,4,2411.77,2723.49,1,bancassurance
15208,20250929,186,5,734.73,882.59,1,tied_agency
3359,20230628,43,1,4108.33,4723.9,1,tied_agency
15105,20231101,186,3,555.11,654.71,2,tied_agency
13508,20241014,167,4,1254.95,1862.56,1,bancassurance
7744,20240109,96,4,2424.91,2845.86,2,tied_agency
11954,20250505,149,5,498.73,459.29,2,bancassurance
5441,20250812,9001,6,4755.92,4661.25,2,bancassurance
3330,20240816,42,1,1889.9,1754.0,2,tied_agency
14678,20230605,183,6,6645.19,8271.29,2,tied_agency
10007,20230605,125,6,3453.03,4897.3,1,bancassurance
8397,20250505,101,3,2880.81,3546.72,2,bancassurance
6087,20230313,74,3,2020.38,2618.47,2,tied_agency
4948,20240412,62,2,2143.73,3054.54,2,tied_agency
7753,20240321,96,2,3010.14,3145.02,1,tied_agency
9572,20241031,122,2,3171.9,3817.76,1,tied_agency
1964,20230206,28,2,4086.03,4408.57,2,bancassurance
6569,20230616,80,4,2419.1,2833.29,2,bancassurance
8624,20240208,104,3,874.13,1301.05,1,bancassurance
6249,20250224,75,2,1427.68,2093.27,2,tied_agency
14979,20250418,184,2,1284.58,1563.3,1,bancassurance
15181,20250414,186,4,1269.04,1684.06,1,tied_agency
11793,20241111,148,6,3724.1,4402.89,1,bancassurance
14325,20231106,180,2,4913.97,5074.26,1,tied_agency
370,20240429,8,2,3911.28,3526.18,1,bancassurance
1203,20241105,20,4,781.23,1040.49,1,tied_agency
13513,20241218,167,4,541.04,725.14,1,bancassurance
12460,20230817,156,6,3408.26,3958.15,2,bancassurance
5163,20251020,63,4,2837.61,3206.45,1,bancassurance
7194,20230705,87,6,4156.08,4139.9,1,bancassurance
12915,20230626,161,3,1138.63,1257.52,2,bancassurance
7478,20240815,91,4,1773.39,1656.15,2,bancassurance
12480,20240516,156,2,1812.22,2646.59,2,bancassurance
3835,20230518,9008,3,2239.83,3120.5,2,tied_agency
13717,20250623,169,6,6125.23,8305.21,1,tied_agency
11682,20240830,146,6,1151.14,1577.97,2,bancassurance
12253,20231013,153,5,355.59,389.2,1,bancassurance
3746,20230731,48,6,3591.37,3353.01,1,tied_agency
466,20241203,9,3,2322.0,2932.66,1,bancassurance
8344,20240711,101,1,1540.74,2102.38,2,bancassurance
6756,20250310,82,1,3953.15,4141.6,1,bancassurance
15721,20230616,194,6,7051.85,8549.46,2,bancassurance
9431,20250815,118,6,2027.21,2883.42,1,bancassurance
13416,20240701,166,2,1294.33,1852.61,2,tied_agency
10587,20230607,130,2,1165.03,1260.07,1,tied_agency
1198,20240826,20,2,2125.28,3180.99,1,tied_agency
10877,20230927,133,2,1331.9,1568.73,1,tied_agency
8271,20230509,101,4,914.35,1090.41,2,bancassurance
4756,20230612,61,3,1754.86,2361.39,2,bancassurance
6266,20251009,75,5,729.32,926.27,1,tied_agency
12053,20230516,151,6,2675.79,3018.76,1,bancassurance
16109,20240520,200,3,1943.39,2174.07,2,tied_agency
2122,20251030,28,1,2629.01,2830.22,2,bancassurance
14542,20240320,182,1,2974.44,2703.63,2,tied_agency
2427,20230906,32,6,7356.57,7574.5,1,tied_agency
7049,20240527,85,4,2726.03,2731.76,2,tied_agency
1100,20230720,19,4,789.31,844.69,2,tied_agency
5031,20230704,63,2,3276.53,2984.3,1,bancassurance
148,20231219,4,4,1414.84,1613.41,1,tied_agency
14373,20230421,181,6,2230.06,2250.48,2,tied_agency
10306,20230301,128,2,2253.25,2650.49,2,tied_agency
461,20241021,9002,2,1956.74,1929.96,2,bancassurance
9986,20251216,124,5,1036.06,1342.14,1,bancassurance
12873,20250925,160,4,2620.35,2440.71,1,tied_agency
177,20241223,4,5,1177.91,1171.74,2,tied_agency
7668,20241231,95,3,2954.44,2673.88,1,bancassurance
6228,20240826,75,2,953.65,1316.35,1,tied_agency
11164,20241004,137,2,4781.27,6464.53,1,bancassurance
15963,20230821,198,1,2523.07,2292.26,1,bancassurance
12467,20231221,156,2,1982.6,1960.59,1,bancassurance
3016,20250612,37,6,2829.0,2963.0,2,tied_agency
4470,20241021,56,3,1255.56,1287.59,2,tied_agency
9136,20251231,113,5,1048.97,1182.07,2,tied_agency
6454,20230116,79,4,1499.37,1734.17,2,bancassurance
10744,20230412,131,4,1791.49,2248.38,1,tied_agency
5004,20230130,63,1,4420.48,5125.95,1,bancassurance
4214,20250127,52,2,4494.76,4200.44,2,tied_agency
6169,20251126,74,4,1630.19,2434.17,1,tied_agency
5198,20231009,64,3,1084.39,1180.22,1,tied_agency
11747,20230511,148,2,2134.16,2099.24,1,bancassurance
3046,20251226,37,4,2321.13,3212.5,1,tied_agency
14376,20230511,181,6,3907.17,5230.01,1,tied_agency
1587,20240219,24,5,406.23,404.9,2,bancassurance
15951,20230119,198,3,603.54,589.45,2,bancassurance
6873,20230228,84,4,1669.96,2472.56,1,bancassurance
10478,20230214,129,2,4085.11,4220.69,2,tied_agency
2569,20251231,32,2,1266.08,1849.76,1,tied_agency
12923,20230705,161,5,493.92,524.51,1,bancassurance
5833,20230316,71,3,2205.47,2082.17,1,tied_agency
2403,20230207,32,3,2270.85,2954.09,1,tied_agency
9114,20250331,113,3,2337.55,3282.33,2,tied_agency
12016,20240815,150,6,3136.1,4174.69,2,tied_agency
12094,20240722,151,6,1149.35,1716.47,1,bancassurance
4479,20241218,56,6,5693.87,6696.01,1,tied_agency
7153,20230607,86,6,7774.29,9953.19,2,bancassurance
4525,20250801,56,5,1132.79,1174.46,1,tied_agency
7513,20251124,91,6,7741.08,11301.17,1,bancassurance
5,20230307,2,2,4953.05,6796.51,1,tied_agency
240,20250917,5,5,1190.32,1754.94,1,bancassurance
2552,20250922,32,6,5764.41,7848.5,2,tied_agency
6768,20251013,9009,4,2116.99,2030.92,2,bancassurance
4921,20230821,62,5,915.4,1315.2,1,tied_agency
2710,20230904,35,6,6814.41,8714.13,2,tied_agency
8583,20230626,104,1,4308.22,4864.47,1,bancassurance
15616,20250613,192,3,1022.87,1340.46,2,tied_agency
14662,20230301,183,4,1663.36,2309.31,2,tied_agency
4933,20231214,62,4,2952.38,3573.61,1,tied_agency
5804,20250331,70,6,7942.99,11228.58,2,tied_agency
8049,20250910,98,2,3837.94,3721.29,2,bancassurance
16080,20230417,200,6,7129.05,8419.33,1,tied_agency
15939,20250106,197,3,2382.92,3005.24,2,tied_agency
8304,20231211,101,5,637.02,592.31,2,bancassurance
7761,20240422,96,6,4067.59,4221.32,2,tied_agency
15852,20250310,195,6,7834.18,8842.75,1,bancassurance
1103,20230822,19,6,3572.09,3242.28,2,tied_agency
16042,20230901,199,1,4658.25,5425.29,1,bancassurance
9933,20250116,124,2,3375.44,4916.2,2,bancassurance
37,20240408,9007,4,2017.69,2317.34,1,tied_agency
3137,20230106,39,3,1798.56,2669.44,2,bancassurance
2586,20240823,33,6,7485.93,7570.86,1,bancassurance
1343,20241209,21,2,3581.56,3914.58,2,tied_agency
4623,20250825,58,2,3483.0,3766.98,2,tied_agency
13154,20251014,162,3,2950.42,4285.72,1,bancassurance
6874,20230227,84,6,6010.65,8041.95,1,bancassurance
4749,20230509,61,5,416.51,393.33,1,bancassurance
5882,20241219,71,1,3658.6,5016.5,1,tied_agency
9877,20240321,124,2,1360.58,1808.61,2,bancassurance
2077,20241216,28,2,4475.16,5821.22,2,bancassurance
1647,20250108,9011,1,4429.5,6628.99,2,bancassurance
4255,20251029,52,4,500.62,726.47,2,tied_agency
7993,20231023,98,1,4792.41,5493.25,1,bancassurance
8441,20231214,102,6,7048.15,8363.02,1,bancassurance
2118,20250925,9003,4,2248.14,2530.08,1,bancassurance
1360,20250224,21,2,4360.2,3984.66,2,tied_agency
3931,20230717,50,5,325.65,405.14,2,bancassurance
11070,20250922,135,3,710.66,719.24,2,tied_agency
933,20230926,16,1,1332.65,1260.84,2,tied_agency
384,20241030,8,2,3788.94,3621.53,1,bancassurance
4566,20231006,58,2,3563.02,4130.67,2,tied_agency
10468,20251128,128,5,594.04,793.57,1,tied_agency
7338,20251201,89,3,2366.78,2170.56,1,bancassurance
6201,20231006,75,1,3735.17,5273.73,1,tied_agency
5944,20231102,72,4,760.46,1037.23,2,bancassurance
15736,20240101,194,1,2835.28,3686.18,1,bancassurance
8758,20250211,105,2,3020.59,4274.11,2,bancassurance
7402,20250206,90,6,1720.82,2225.91,1,bancassurance
15921,20230814,197,5,1127.15,1055.27,2,tied_agency
4830,20240930,61,6,2289.3,3082.24,2,bancassurance
7093,20250321,85,2,3977.26,4746.37,1,tied_agency
12651,20241205,157,6,1939.01,2217.38,1,bancassurance
15594,20230607,192,6,4102.3,5726.54,2,tied_agency
9283,20230801,116,1,4163.0,4672.06,1,bancassurance
5462,20230626,67,1,3946.9,4416.97,1,tied_agency
12423,20240126,155,4,823.54,1137.44,1,tied_agency
8008,20240429,98,4,1213.54,1693.12,2,bancassurance
11132,20231016,137,6,3104.9,4389.1,1,bancassurance
10006,20230612,125,1,2411.09,2827.28,1,bancassurance
11677,20240426,146,4,2306.15,2244.87,2,bancassurance
12386,20241216,154,6,5709.77,5457.26,1,tied_agency
8193,20240604,100,2,2321.33,3431.03,2,bancassurance
6268,20251020,75,2,3333.57,4227.52,2,tied_agency
8521,20250226,103,4,2821.3,3294.71,2,tied_agency
10679,20241204,130,2,4991.02,4984.86,1,tied_agency
3321,20230914,42,5,1044.25,1006.05,1,tied_agency
7281,20250409,88,1,1968.71,2090.4,2,bancassurance
4076,20250514,51,6,2453.85,2230.62,1,tied_agency
9736,20241203,123,5,863.81,1043.95,2,tied_agency
1463,20231020,23,4,2225.87,2596.24,1,bancassurance
3955,20240404,50,2,4721.23,5691.28,2,bancassurance
12936,20230904,161,2,2142.93,3025.28,1,bancassurance
15474,20250811,190,2,4478.03,4794.04,2,tied_agency
9468,20250926,120,2,2184.95,2452.69,1,tied_agency
2148,20230315,29,2,906.24,1014.46,2,tied_agency
11260,20250103,138,4,2335.47,2820.22,1,tied_agency
6979,20230403,85,1,4776.63,6972.22,2,tied_agency
5127,20250204,63,2,1827.18,2055.9,2,bancassurance
1820,20240415,26,4,751.68,1035.26,1,tied_agency
14223,20230102,179,2,4261.46,5478.03,2,tied_agency
5091,20240722,63,3,581.22,638.16,1,bancassurance
11389,20251016,139,1,4084.8,3733.51,2,bancassurance
11641,20250609,144,4,2224.57,3184.39,2,bancassurance
6803,20231219,83,5,369.26,537.92,1,bancassurance
7107,20250512,85,5,442.42,583.15,2,tied_agency
7816,20250227,96,3,1231.1,1513.58,2,tied_agency
14190,20250318,177,4,1795.84,2282.96,2,tied_agency
33,20240304,2,2,3912.07,5801.94,1,tied_agency
7220,20230410,88,4,2345.69,2961.43,2,bancassurance
805,20231113,14,1,1839.05,2239.32,2,tied_agency
6292,20230724,76,6,4096.56,6086.25,1,tied_agency
1749,20230221,26,5,716.3,957.86,2,tied_agency
777,20250723,13,4,932.26,1300.9,1,bancassurance
15116,20240110,186,6,1115.0,1437.4,1,tied_agency
15876,20251106,195,1,4894.39,4477.9,1,bancassurance
11602,20240306,144,3,565.66,833.94,2,bancassurance
11581,20230721,144,3,2557.71,2664.05,1,bancassurance
7072,20241104,85,5,926.89,1171.33,1,tied_agency
523,20250324,10,3,2503.99,2723.4,1,tied_agency
14405,20240308,181,6,6881.78,8802.19,2,tied_agency
15927,20240105,197,5,1121.52,1019.8,1,tied_agency
325,20250922,7,4,855.43,1094.47,2,tied_agency
3630,20250822,46,4,830.14,961.29,2,bancassurance
3892,20250501,49,3,1078.42,1300.93,1,tied_agency
12395,20250415,154,2,879.84,1310.77,2,tied_agency
12829,20240115,160,5,896.05,1084.97,2,tied_agency
14341,20241129,180,5,922.59,1297.89,2,tied_agency
7936,20241115,97,6,5027.47,4855.0,1,bancassurance
5146,20250627,63,1,1364.78,1557.26,2,bancassurance
13625,20250828,168,6,4590.85,4828.49,2,tied_agency
6689,20230508,82,2,4912.29,5405.63,2,bancassurance
4338,20250611,54,2,2968.63,3846.94,1,bancassurance
6294,20230831,76,5,557.4,623.08,2,tied_agency
13139,20250408,162,1,4938.69,7383.72,2,bancassurance
12979,20240610,161,5,1006.68,1488.13,1,bancassurance
11327,20231228,139,2,2807.92,3730.75,2,bancassurance
3447,20240603,44,6,3729.54,3957.8,1,bancassurance
8733,20251212,104,3,1044.71,1481.58,2,bancassurance
11752,20230630,148,2,4196.26,4543.08,1,bancassurance
1426,20241007,22,3,2479.79,2697.63,2,bancassurance
1984,20230602,28,1,1332.21,1343.34,2,bancassurance
15867,20250903,195,3,841.45,987.1,1,bancassurance
13374,20230227,166,5,747.22,1039.07,1,tied_agency
10643,20240417,130,2,1011.51,1421.96,1,tied_agency
13318,20240607,165,1,4034.47,5187.79,2,tied_agency
15649,20231204,193,2,3079.77,3368.28,1,bancassurance
6023,20231116,73,5,1193.15,1449.49,2,tied_agency
210,20251229,4,5,327.35,486.85,1,tied_agency
11016,20250310,134,4,817.69,1021.72,1,bancassurance
14929,20240814,184,3,2458.74,2477.81,1,bancassurance
12348,20231227,154,5,260.53,353.27,1,tied_agency
4929,20231027,62,3,1618.45,1929.57,2,tied_agency
9130,20250901,113,4,830.08,1014.32,1,tied_agency
11831,20230209,149,4,1195.26,1547.4,2,bancassurance
12144,20230403,152,2,2389.65,2833.14,2,bancassurance
10140,20240220,126,1,1273.61,1632.39,2,bancassurance
5172,20251118,63,1,2859.4,2762.83,2,bancassurance
9630,20230406,123,5,576.31,722.78,2,tied_agency
14985,20250516,184,1,3342.03,3745.62,2,bancassurance
7248,20240212,88,6,7354.32,9497.69,1,bancassurance
519,20241022,10,4,1326.51,1196.04,1,tied_agency
15990,20240701,198,4,1847.38,2025.2,2,bancassurance
3051,20230227,38,1,3838.12,5656.34,2,bancassurance
10585,20230508,130,3,728.6,836.97,2,tied_agency
6289,20230605,76,3,1910.7,2405.64,2,tied_agency
8792,20241209,106,6,4658.78,5882.41,1,tied_agency
5553,20230614,68,3,808.01,995.74,1,tied_agency
5425,20250113,66,5,704.87,827.27,2,bancassurance
2372,20231128,31,1,4533.05,4172.83,1,tied_agency
5574,20231225,68,5,1011.11,1253.29,2,tied_agency
10917,20241211,133,1,3765.8,5619.34,2,tied_agency
6778,20230403,83,4,1409.97,1520.48,1,bancassurance
12490,20240812,156,1,1993.03,2408.01,1,bancassurance
12867,20250623,160,2,1514.63,1465.58,1,tied_agency
6724,20240325,82,1,1370.16,1788.5,2,bancassurance
8250,20230112,101,6,3655.34,4555.76,1,bancassurance
5541,20230210,68,4,1266.68,1481.69,2,tied_agency
6669,20250501,81,6,3316.42,3204.4,1,tied_agency
8000,20240112,98,5,1198.83,1422.49,1,bancassurance
13526,20250530,167,2,4656.66,6462.56,2,bancassurance
1166,20250925,19,3,1252.22,1830.49,1,tied_agency
15253,20240115,187,1,2054.84,1890.95,1,bancassurance
4876,20250708,61,4,2575.45,3512.26,1,bancassurance
11453,20250106,140,4,2205.43,3273.03,1,bancassurance
7823,20250314,96,1,3834.22,4263.33,1,tied_agency
2238,20240812,29,1,1729.56,1575.36,1,tied_agency
14170,20240617,177,5,735.9,668.43,1,tied_agency
5381,20231106,66,6,5625.81,7064.9,2,bancassurance
12609,20240321,9011,6,4309.2,6449.73,1,bancassurance
4930,20231102,62,1,1183.08,1722.9,1,tied_agency
66,20250331,2,3,703.75,913.59,2,tied_agency
747,20240627,13,3,2331.01,2482.98,1,bancassurance
6138,20250101,74,4,1497.34,1762.36,2,tied_agency
449,20240325,9,6,3406.54,4172.57,1,bancassurance
4617,20250507,58,3,1419.11,1710.68,1,tied_agency
4423,20231020,56,4,606.43,807.7,2,tied_agency
451,20240528,9,4,1247.13,1417.84,1,bancassurance
5333,20250521,65,2,1847.73,2031.4,2,tied_agency
10158,20240701,126,3,2458.65,2623.78,1,bancassurance
2270,20250303,29,5,1195.53,1694.43,2,tied_agency
600,20251006,11,6,6960.21,6859.1,1,bancassurance
5999,20251216,72,1,4317.43,4715.23,1,bancassurance
5805,20250407,70,6,3932.94,4969.45,1,tied_agency
3492,20230920,45,4,2590.83,2468.68,1,tied_agency
9972,20250829,124,2,3157.72,3783.42,1,bancassurance
7624,20240625,94,1,2870.81,2796.04,2,bancassurance
1484,20240927,23,5,991.78,1139.49,2,bancassurance
9612,20251210,122,3,890.03,1148.18,1,tied_agency
5074,20240417,63,6,3407.62,4481.5,2,bancassurance
14754,20241118,183,1,2295.06,2520.68,2,tied_agency
6631,20250509,80,4,591.05,677.73,2,bancassurance
1946,20250313,27,1,4647.87,5982.18,2,bancassurance
371,20240430,8,2,993.12,1110.69,1,bancassurance
9753,20250429,123,2,3480.39,3851.79,1,tied_agency
4606,20250220,58,5,754.84,854.91,1,tied_agency
163,20240617,4,4,1754.55,2222.82,1,tied_agency
4638,20230124,60,4,941.71,916.66,2,tied_agency
2712,20231030,35,3,1274.53,1741.39,2,tied_agency
6245,20250120,75,3,805.43,890.45,1,tied_agency
3364,20230828,43,4,1792.43,2683.56,1,tied_agency
831,20230306,15,5,1137.84,1499.3,2,tied_agency
7086,20250102,85,1,3624.76,5206.54,1,tied_agency
7265,20241014,88,5,839.95,1172.18,1,bancassurance
3810,20250825,48,4,1524.55,2046.71,1,tied_agency
5576,20240126,68,2,4183.38,5189.19,2,tied_agency
5301,20240321,65,6,5084.85,5796.41,2,tied_agency
2302,20250815,29,6,1511.38,1793.98,1,tied_agency
15465,20250421,190,6,5711.69,8211.77,2,tied_agency
14402,20240206,181,1,4020.83,4456.12,1,tied_agency
13045,20250725,161,2,4401.06,4079.25,2,bancassurance
7385,20240812,90,1,4753.42,4660.66,2,bancassurance
6224,20240701,75,1,4027.85,3627.88,1,tied_agency
7631,20250109,94,2,2704.5,2768.54,2,bancassurance
9076,20240129,113,2,4275.85,5391.61,1,tied_agency
5412,20240823,66,6,6772.87,7732.86,1,bancassurance
5660,20230918,69,5,1000.78,922.07,1,tied_agency
11733,20251117,147,3,658.41,877.95,1,tied_agency
14254,20240401,179,3,1526.94,1834.64,2,tied_agency
13170,20240305,163,2,4601.57,5191.25,2,tied_agency
15118,20240219,186,2,2145.51,2901.78,2,tied_agency
15945,20250806,197,6,5233.79,5705.04,2,tied_agency
3277,20250115,40,1,1498.68,1905.8,1,tied_agency
3743,20230612,48,6,7306.33,10009.58,1,tied_agency
6230,20240823,75,5,471.32,467.89,2,tied_agency
4405,20230612,56,5,1013.94,1252.22,1,tied_agency
5838,20230524,71,3,1494.81,1568.87,1,tied_agency
11697,20230127,147,1,1550.66,1516.4,1,tied_agency
12522,20251120,156,3,2835.01,3184.75,1,bancassurance
1093,20230417,19,1,4242.26,5760.76,1,tied_agency
6782,20230504,83,3,978.47,968.41,1,bancassurance
1083,20251006,18,4,1370.52,1801.73,2,tied_agency
2031,20240415,28,5,672.33,816.66,2,bancassurance
14941,20241030,184,3,2031.94,2895.14,2,bancassurance
6352,20250922,76,5,858.11,1032.25,1,tied_agency
14201,20250716,177,5,1038.63,1136.11,1,tied_agency
14570,20240815,182,6,1542.15,1769.02,1,tied_agency
10,20230410,2,2,3273.18,2976.85,1,tied_agency
14430,20250116,181,5,1067.2,1550.34,2,tied_agency
7238,20231120,88,6,3427.62,4545.26,1,bancassurance
10336,20230911,128,1,3608.26,3589.13,1,tied_agency
9990,20251216,124,1,4722.74,5852.82,2,bancassurance
1061,20250211,18,3,1686.53,2395.74,1,tied_agency
14360,20230109,181,4,2083.91,2531.88,1,tied_agency
12984,20240708,161,1,2468.73,2818.2,2,bancassurance
7487,20241125,91,3,2245.03,2148.15,2,bancassurance
14479,20230306,182,2,3275.5,4453.25,1,tied_agency
14173,20240813,177,3,1351.57,1973.21,2,tied_agency
8926,20230206,110,4,2846.62,3613.3,1,bancassurance
15511,20231127,191,6,6742.37,9823.55,2,tied_agency
13910,20241209,173,2,1720.6,2516.25,1,tied_agency
14012,20250520,174,5,1096.26,1471.64,2,bancassurance
4306,20230508,54,4,2378.57,2957.95,2,bancassurance
6696,20230731,82,6,1822.78,2723.08,1,bancassurance
4303,20230320,54,5,842.37,1150.39,1,bancassurance
2470,20240523,32,1,1195.48,1365.4,2,tied_agency
7650,20230608,95,1,1404.11,1556.66,1,bancassurance
6326,20240729,76,2,4117.24,3734.08,1,tied_agency
5611,20250321,68,6,4146.72,5622.27,2,tied_agency
11196,20251009,9002,1,2506.08,3348.73,2,bancassurance
11299,20230223,139,1,2936.85,3366.06,1,bancassurance
6250,20250326,75,5,430.88,423.94,1,tied_agency
15956,20230413,198,5,607.99,699.19,2,bancassurance
312,20241002,7,1,4142.7,4276.58,2,tied_agency
5957,20240520,72,1,4919.57,4921.77,1,bancassurance
3466,20230120,45,4,1165.68,1162.92,2,tied_agency
2304,20250929,29,5,209.6,242.69,1,tied_agency
1948,20250421,27,2,3730.63,4675.64,2,bancassurance
12814,20230704,160,4,1082.54,1264.42,2,tied_agency
4573,20231214,58,6,3161.34,3819.19,2,tied_agency
10183,20241108,126,1,2905.99,2784.68,1,bancassurance
9925,20241204,124,3,910.16,969.32,2,bancassurance
2795,20230706,36,5,670.25,773.44,1,bancassurance
15395,20250903,189,2,4327.84,5261.47,2,bancassurance
9415,20250331,118,6,3310.35,4172.05,2,bancassurance
693,20250929,12,1,1541.75,1849.73,2,bancassurance
11740,20230209,148,4,2370.37,2153.77,1,bancassurance
6465,20230703,79,3,2563.8,3390.42,2,bancassurance
9662,20231127,123,5,271.28,262.93,2,tied_agency
13317,20240603,165,4,2312.23,2328.94,2,tied_agency
12723,20230619,158,6,7379.75,9754.67,2,tied_agency
3164,20240129,39,5,697.23,981.22,1,bancassurance
14632,20251031,182,4,1268.05,1367.14,1,tied_agency
11257,20241227,138,1,4474.8,5796.1,2,tied_agency
1254,20230720,21,4,2499.39,3515.94,1,tied_agency
1408,20230517,22,4,2378.27,3060.94,2,bancassurance
8498,20240313,103,3,2196.37,2438.95,2,tied_agency
13104,20240215,162,1,2987.84,2940.88,1,bancassurance
11719,20240910,147,3,878.68,921.64,1,tied_agency
13292,20230720,165,6,7837.2,8524.31,1,tied_agency
5455,20230213,67,5,549.3,599.62,1,tied_agency
3817,20251106,48,4,1495.27,1971.52,2,tied_agency
5994,20251006,72,1,1981.38,2264.08,2,bancassurance
9680,20240208,123,2,3153.32,3282.35,2,tied_agency
11612,20240724,144,1,1326.15,1443.28,2,bancassurance
13847,20250217,171,3,614.36,687.6,1,bancassurance
7219,20230331,88,6,5601.55,5591.0,2,bancassurance
8577,20230606,104,6,3741.96,4909.21,2,bancassurance
4316,20240131,54,5,353.92,467.69,1,bancassurance
9417,20250407,118,4,1456.06,1538.22,1,bancassurance
11297,20230119,139,1,2831.92,3736.45,2,bancassurance
5083,20240612,63,1,3604.76,5040.44,2,bancassurance
15248,20231207,187,5,725.52,799.2,2,bancassurance
14783,20250515,183,2,3871.06,3606.44,1,tied_agency
9286,20231113,116,3,790.04,958.66,1,bancassurance
4540,20251215,56,5,1080.06,1242.4,2,tied_agency
6380,20230911,78,2,1164.3,1703.01,1,tied_agency
9177,20251215,114,1,4080.94,5761.86,1,tied_agency
8731,20251124,104,3,1228.68,1210.98,2,bancassurance
9124,20250730,113,6,1260.19,1236.56,2,tied_agency
2566,20251201,9007,5,771.91,901.9,2,tied_agency
443,20240110,9,1,908.09,910.36,1,bancassurance
14469,20230120,182,5,901.84,873.38,2,tied_agency
4440,20240205,56,1,3907.43,4222.85,2,tied_agency
1362,20250310,21,3,1581.37,2367.41,1,tied_agency
5156,20250901,63,5,937.12,959.92,2,bancassurance
9158,20240621,114,6,4539.51,4307.53,1,tied_agency
9273,20230201,116,1,2760.06,3575.46,2,bancassurance
1882,20250428,26,4,1482.21,1529.54,2,tied_agency
320,20250318,7,2,4182.85,5195.29,2,tied_agency
10359,20240320,128,4,2605.93,3603.9,2,tied_agency
15928,20240222,197,1,3162.74,3257.93,2,tied_agency
9889,20240515,9001,3,1178.58,1086.21,2,bancassurance
11486,20231219,141,2,2347.39,2755.61,1,bancassurance
14241,20230915,179,6,1365.35,1275.7,1,tied_agency
9617,20230116,123,6,1747.98,1865.37,2,tied_agency
7242,20231207,88,1,4378.82,5020.78,1,bancassurance
937,20231211,16,2,4157.36,5891.85,1,tied_agency
10207,20250407,126,2,3681.72,4671.38,1,bancassurance
15764,20250110,194,3,1273.7,1415.16,1,bancassurance
4976,20250304,62,4,2736.08,3447.66,2,tied_agency
14667,20230407,183,1,3958.84,5210.5,2,tied_agency
6136,20241216,74,3,2426.36,3188.28,1,tied_agency
14544,20240312,182,2,4116.95,5354.04,2,tied_agency
10894,20240321,133,5,952.16,1212.95,1,tied_agency
1592,20240320,24,5,1110.78,1664.04,1,bancassurance
13024,20250324,161,2,1832.72,1670.22,1,bancassurance
15023,20251219,9005,6,4500.27,5572.49,2,bancassurance
2954,20240429,37,4,1002.31,1421.58,2,tied_agency
15347,20240212,189,3,1569.04,1801.51,1,bancassurance
6813,20240318,83,2,4085.4,4794.79,2,bancassurance
16011,20250207,198,2,4667.2,4269.25,1,bancassurance
10060,20250326,125,1,813.58,1176.64,1,bancassurance
1778,20230823,26,5,888.83,885.64,2,tied_agency
10346,20231117,128,5,848.34,1117.04,1,tied_agency
1606,20240510,24,1,1538.07,2056.39,2,bancassurance
12531,20230124,157,4,2530.02,2340.64,1,bancassurance
11176,20250228,137,6,6111.39,8198.9,2,bancassurance
5187,20230417,64,5,557.26,600.45,2,tied_agency
9723,20241017,123,2,3860.71,4231.94,1,tied_agency
3042,20251117,37,3,1328.88,1971.37,1,tied_agency
723,20230809,13,3,2121.14,2586.02,2,bancassurance
6001,20230103,73,5,923.59,1117.29,2,tied_agency
13447,20251027,166,2,4555.07,5092.42,2,tied_agency
7660,20240408,95,2,3890.71,3918.94,1,bancassurance
11128,20230912,137,4,1920.44,2855.56,1,bancassurance
7480,20240905,91,1,4473.2,4184.43,2,bancassurance
1411,20230619,22,5,600.95,873.01,1,bancassurance
11929,20241008,149,6,6331.4,7573.45,1,bancassurance
7616,20231120,94,3,2523.04,3321.69,1,bancassurance
5126,20250127,63,4,931.31,865.26,2,bancassurance
192,20250522,4,6,3516.86,3663.8,1,tied_agency
13161,20230213,163,2,2709.94,2709.15,2,tied_agency
11065,20250521,135,1,4393.85,5187.69,1,tied_agency
300,20240112,7,1,4157.91,5081.52,2,tied_agency
1449,20230501,23,2,4519.28,4495.6,2,bancassurance
13289,20230627,165,6,4350.64,5313.71,2,tied_agency
2582,20240425,33,1,1446.83,1997.89,1,bancassurance
8615,20240117,104,3,2625.83,2623.87,1,bancassurance
486,20250805,9,5,604.1,659.53,1,bancassurance
7905,20240101,97,4,2445.91,3321.0,1,bancassurance
1125,20240821,19,1,3577.21,3750.95,2,tied_agency
15425,20231204,190,3,1321.01,1212.31,2,tied_agency
13982,20240221,9004,6,4145.68,3755.11,2,bancassurance
8706,20250505,104,3,2938.66,3487.18,1,bancassurance
15987,20240415,198,4,2948.25,4194.98,2,bancassurance
1812,20240304,26,1,3396.02,4164.21,2,tied_agency
1335,20241015,21,5,651.74,586.96,2,tied_agency
6762,20250606,82,6,2241.25,3244.38,2,bancassurance
12472,20240108,156,2,2741.64,3866.61,2,bancassurance
8629,20240325,104,6,2813.2,3697.87,2,bancassurance
5414,20240919,66,6,6967.96,7520.85,1,bancassurance
8190,20240506,100,2,4237.95,5932.67,1,bancassurance
10599,20230814,130,6,3712.94,3356.16,2,tied_agency
4506,20250519,56,3,2035.91,2039.33,2,tied_agency
12128,20251024,151,5,809.21,729.39,1,bancassurance
8876,20241009,108,6,2143.28,2946.26,2,bancassurance
12966,20240401,161,4,1059.27,1199.48,2,bancassurance
13947,20230105,174,2,881.85,943.3,2,bancassurance
13654,20230615,169,3,808.33,1028.7,1,tied_agency
2565,20251103,32,4,1448.42,1451.71,2,tied_agency
6420,20250130,78,2,4526.09,6206.6,2,tied_agency
220,20231225,5,1,3138.22,3938.47,1,bancassurance
14497,20230608,182,4,554.9,519.44,2,tied_agency
8262,20230424,101,1,3887.47,3521.41,1,bancassurance
9262,20250924,115,4,1300.42,1833.86,1,tied_agency
2600,20250624,33,6,6878.08,8050.6,2,bancassurance
1960,20230106,28,5,746.58,704.16,2,bancassurance
497,20251205,9,4,635.15,897.18,1,bancassurance
107,20241223,3,4,2006.55,2318.91,2,tied_agency
5960,20240603,72,5,616.96,811.65,2,bancassurance
4709,20250331,60,3,2220.89,3327.71,2,tied_agency
2466,20240419,32,5,252.97,342.19,1,tied_agency
8841,20250609,107,4,593.83,580.95,2,bancassurance
11968,20250818,149,1,1934.11,2728.4,2,bancassurance
11008,20241007,134,1,4779.58,5387.4,1,bancassurance
4052,20240701,51,2,2246.65,2634.56,2,tied_agency
13851,20250513,171,1,4992.92,5191.21,2,bancassurance
11730,20250721,147,1,3697.09,5382.08,2,tied_agency
1092,20230317,19,5,547.84,545.83,1,tied_agency
7833,20250522,96,6,4491.86,5154.03,2,tied_agency
13443,20250822,166,6,2460.72,3663.97,2,tied_agency
1821,20240422,26,4,2898.04,2740.93,2,tied_agency
13305,20240223,165,2,1557.47,1827.84,1,tied_agency
11836,20230316,149,1,2026.46,2120.45,1,bancassurance
952,20241120,16,6,7257.77,7476.19,1,tied_agency
5906,20251030,71,5,852.26,1030.58,2,tied_agency
13247,20250227,164,3,1833.48,2315.44,2,tied_agency
14522,20231127,182,1,2627.63,2620.44,1,tied_agency
9663,20231120,123,5,536.79,540.99,1,tied_agency
15099,20231013,186,1,1507.21,1473.27,1,tied_agency
11084,20240108,9006,2,1280.5,1869.61,1,tied_agency
3187,20240912,39,3,2483.63,2363.44,1,bancassurance
9321,20250421,116,6,4935.77,6999.32,2,bancassurance
8500,20240415,103,3,1188.08,1580.19,1,tied_agency
13729,20230123,170,6,4122.22,5905.79,2,tied_agency
11694,20251006,146,6,1321.66,1789.47,1,bancassurance
2732,20240617,35,1,3003.17,3181.96,1,tied_agency
15460,20250207,190,1,3545.23,3242.13,1,tied_agency
1894,20250722,26,6,3455.47,4241.34,2,tied_agency
8695,20250408,104,5,587.52,833.8,2,bancassurance
6579,20231024,80,4,1577.31,1668.96,1,bancassurance
11934,20241122,149,1,4553.38,6000.99,2,bancassurance
255,20230928,6,5,858.11,864.64,2,tied_agency
648,20240409,12,1,1450.07,1871.96,2,bancassurance
10150,20240429,126,2,2108.11,2568.73,2,bancassurance
473,20250306,9,2,2364.36,2970.64,2,bancassurance
14846,20230505,184,6,6608.24,7001.24,2,bancassurance
1814,20240311,26,2,1806.83,2599.57,1,tied_agency
5749,20230519,70,4,1163.81,1479.14,2,tied_agency
15075,20230403,186,5,1102.84,1243.94,2,tied_agency
2162,20230524,29,6,2184.49,3258.74,2,tied_agency
2009,20231206,28,6,3246.93,3437.56,2,bancassurance
10928,20250409,133,4,2065.98,3041.92,2,tied_agency
6137,20241213,74,2,3990.71,4964.44,1,tied_agency
7288,20250728,88,6,6745.56,8666.61,1,bancassurance
10854,20251027,132,4,976.01,988.18,2,tied_agency
15127,20240326,186,5,651.47,814.81,2,tied_agency
662,20241014,12,1,4986.63,6820.73,2,bancassurance
323,20250605,9001,1,4968.44,7056.32,1,tied_agency
8469,20230125,103,4,2979.64,3349.44,2,tied_agency
58,20241219,2,5,794.08,897.86,1,tied_agency
714,20230522,13,5,797.58,1019.81,2,bancassurance
9433,20250922,118,2,903.54,1259.34,2,bancassurance
3161,20231113,39,1,4722.4,5530.89,1,bancassurance
10790,20230906,132,4,1837.47,1980.09,1,tied_agency
6006,20230206,73,2,4890.86,6563.45,1,tied_agency
15999,20240902,198,2,4023.01,3955.8,2,bancassurance
9583,20250217,122,2,3248.17,4703.68,1,tied_agency
7842,20250710,96,2,4286.32,5878.62,2,tied_agency
1974,20230424,28,5,678.77,663.62,1,bancassurance
556,20231110,11,3,1494.67,1652.68,2,bancassurance
696,20250924,12,4,2597.43,2487.77,2,bancassurance
11054,20240618,135,5,333.51,310.43,1,tied_agency
5258,20251117,64,2,4140.7,4806.44,1,tied_agency
15110,20240111,186,3,794.66,831.54,2,tied_agency
15540,20240905,191,3,1637.06,2211.34,1,tied_agency
14379,20230619,181,1,3602.2,4845.93,1,tied_agency
11702,20230515,147,2,3061.93,3116.37,2,tied_agency
11536,20230117,143,6,4687.1,5268.87,2,bancassurance
9179,20230124,115,2,3528.12,5221.13,2,tied_agency
8231,20250725,9007,2,3017.48,3995.34,1,bancassurance
6777,20230417,83,4,2045.68,2458.74,2,bancassurance
9432,20250922,118,6,4623.94,4914.56,2,bancassurance
12862,20250404,160,3,2203.52,2933.14,1,tied_agency
8357,20240918,101,5,468.23,593.49,2,bancassurance
11449,20241108,140,6,7619.51,10727.96,2,bancassurance
7206,20250116,87,4,1616.45,1680.48,2,bancassurance
834,20230424,15,6,6132.84,5855.11,2,tied_agency
5936,20230823,72,1,1329.49,1521.91,2,bancassurance
6699,20230807,82,2,2898.3,3314.87,1,bancassurance
11059,20240916,135,1,1688.63,2259.14,1,tied_agency
9486,20231127,121,5,216.95,299.89,1,tied_agency
3885,20250116,49,4,789.14,948.08,2,tied_agency
3902,20250916,49,2,2028.66,2883.97,1,tied_agency
10488,20230731,129,3,2136.81,2233.85,2,tied_agency
3991,20250731,50,1,2878.72,2826.72,1,bancassurance
2733,20240716,35,2,2142.02,2240.99,1,tied_agency
1755,20230403,26,1,1976.49,2209.71,1,tied_agency
11847,20230612,149,2,3407.76,4720.42,2,bancassurance
6381,20230905,78,3,948.28,969.0,2,tied_agency
1776,20230831,26,1,4558.82,5275.1,2,tied_agency
5982,20250523,72,6,4098.44,4621.34,1,bancassurance
5591,20240716,68,5,1167.6,1406.51,1,tied_agency
1966,20230328,28,3,1476.07,1645.44,1,bancassurance
4895,20251006,61,4,2689.54,3567.88,1,bancassurance
1566,20231019,24,1,1349.78,1824.04,1,bancassurance
1734,20250203,25,2,3921.17,4471.08,1,tied_agency
7357,20230717,90,4,2726.45,3741.99,2,bancassurance
803,20231011,14,5,1176.61,1129.27,2,tied_agency
4560,20230905,58,2,4330.94,4772.61,2,tied_agency
2892,20230522,37,5,925.72,931.59,1,tied_agency
4457,20240604,56,1,3141.24,4015.68,2,tied_agency
3256,20240304,40,1,1683.75,2114.94,1,tied_agency
16075,20230313,200,1,2251.77,2714.3,1,tied_agency
2617,20230417,34,6,7048.68,7906.79,1,tied_agency
7477,20240729,91,5,525.7,543.3,1,bancassurance
15564,20250401,191,3,1812.68,2573.79,2,tied_agency
14879,20231113,184,2,2145.77,2647.64,2,bancassurance
11085,20240122,9007,3,527.51,581.87,1,tied_agency
1063,20250325,18,2,3134.42,4156.71,1,tied_agency
10043,20240729,125,3,1630.99,1826.29,1,bancassurance
12221,20250910,152,4,2491.71,3378.89,1,bancassurance
5246,20250723,9010,1,2516.05,2425.21,1,tied_agency
13711,20250418,9007,5,422.33,552.41,2,tied_agency
2139,20230109,29,2,811.22,842.94,1,tied_agency
15382,20250313,189,3,2161.62,2881.48,2,bancassurance
8546,20251006,9002,6,4112.89,4492.49,1,tied_agency
8227,20250522,100,4,2855.58,4179.76,2,bancassurance
15831,20240808,195,4,1989.81,2417.28,1,bancassurance
9006,20230327,112,1,898.51,1020.34,2,bancassurance
10883,20231002,133,6,4535.19,4104.42,1,tied_agency
4339,20250703,54,6,4268.49,4547.5,2,bancassurance
9633,20230510,123,1,2880.1,2672.75,1,tied_agency
1064,20250318,18,2,1581.23,1785.31,2,tied_agency
2159,20230417,29,4,2585.16,2511.89,1,tied_agency
10774,20230421,132,3,1763.38,1752.32,1,tied_agency
1667,20250415,24,5,1175.13,1688.6,1,bancassurance
12897,20230414,161,5,672.61,827.75,1,bancassurance
1339,20241104,21,6,4738.63,4463.61,2,tied_agency
10948,20230116,134,4,2860.03,3639.74,2,bancassurance
15737,20240130,194,3,2098.33,2575.53,2,bancassurance
166,20240724,4,5,554.29,755.6,2,tied_agency
8679,20250106,104,6,7675.66,11010.2,1,bancassurance
6993,20230724,85,5,935.78,1327.81,2,tied_agency
7051,20240610,9002,1,2395.59,2844.46,2,tied_agency
3873,20240726,49,6,5532.61,5958.27,1,tied_agency
15198,20250811,186,3,719.12,714.09,1,tied_agency
14395,20231225,9002,4,2315.08,2959.04,2,tied_agency
14002,20241216,9011,5,534.28,593.05,2,bancassurance
8671,20241128,104,1,4329.74,4348.23,2,bancassurance
12189,20240812,152,2,4644.52,5079.19,1,bancassurance
4211,20241218,52,5,626.75,566.8,1,tied_agency
14704,20231215,183,3,2511.85,3660.66,1,tied_agency
15215,20251104,186,6,7166.33,10565.45,2,tied_agency
9649,20230807,123,6,5115.83,6043.32,1,tied_agency
1707,20230203,25,3,795.88,1157.2,1,tied_agency
6025,20231101,73,3,2916.19,3036.8,1,tied_agency
14001,20241118,174,5,947.82,891.61,1,bancassurance
14229,20230411,9001,1,3690.81,4831.14,1,tied_agency
15027,20230202,185,2,4048.62,5276.23,2,tied_agency
3132,20251215,38,3,1211.9,1129.18,1,bancassurance
16016,20250521,198,6,5981.85,6508.67,2,bancassurance
10285,20250611,127,3,1710.59,2554.67,2,bancassurance
2340,20240304,9011,3,540.5,628.24,2,tied_agency
4480,20241206,56,3,2216.66,2060.4,1,tied_agency
528,20230116,11,5,682.67,847.44,1,bancassurance
14235,20230623,179,3,2786.02,3516.45,1,tied_agency
712,20230530,13,4,1667.98,2372.77,2,bancassurance
14963,20250204,184,4,1765.54,2519.74,2,bancassurance
14897,20240215,184,5,870.28,915.04,2,bancassurance
5713,20250620,69,6,2362.56,2267.74,2,tied_agency
15199,20250804,186,6,1594.9,1570.76,1,tied_agency
1594,20240307,24,2,1395.0,1972.04,1,bancassurance
3767,20240329,48,2,3312.35,4442.3,1,tied_agency
3487,20230821,45,3,2765.13,3865.61,1,tied_agency
2408,20230425,32,2,2662.2,3469.76,2,tied_agency
5460,20230623,67,5,233.44,286.15,1,tied_agency
3004,20250328,37,4,911.59,971.56,2,tied_agency
7845,20250707,96,4,1942.89,2751.85,2,tied_agency
12658,20250310,157,3,2361.86,2277.04,2,bancassurance
2081,20241223,28,1,1540.02,2269.67,1,bancassurance
4984,20250505,62,6,7164.06,9350.39,1,tied_agency
11843,20230530,149,5,447.16,414.83,2,bancassurance
11834,20230214,149,4,2579.28,3556.27,2,bancassurance
3357,20230504,43,4,861.61,839.85,2,tied_agency
272,20250212,6,4,1249.38,1711.15,2,tied_agency
11923,20240916,149,4,2275.55,3275.95,2,bancassurance
9657,20230911,123,4,2543.8,3785.73,2,tied_agency
9700,20240527,123,4,510.54,581.7,2,tied_agency
15273,20240917,187,5,429.52,405.89,2,bancassurance
8054,20251103,98,5,551.88,741.82,1,bancassurance
14686,20230821,183,1,1649.57,2209.79,2,tied_agency
5151,20250710,63,6,3665.47,3450.34,2,bancassurance
10486,20230623,129,6,1178.51,1457.82,2,tied_agency
2611,20230222,34,4,2868.33,2856.55,1,tied_agency
4543,20230111,9007,6,7487.52,10993.28,2,tied_agency
4558,20230825,58,3,2169.93,1968.71,2,tied_agency
13224,20240531,164,2,4013.13,5255.9,2,tied_agency
7686,20230116,96,2,4555.81,5508.87,1,tied_agency
1679,20250609,24,6,7860.17,11740.91,1,bancassurance
12342,20231019,154,3,2611.95,3913.8,2,tied_agency
7962,20250812,97,3,978.2,971.31,2,bancassurance
11979,20250922,149,1,4898.86,5956.16,1,bancassurance
14618,20250710,182,6,3875.94,4304.02,1,tied_agency
15106,20231214,186,1,3573.25,5242.29,2,tied_agency
15883,20230529,196,6,6430.29,7985.05,1,tied_agency
6445,20251006,78,5,1078.28,1334.32,2,tied_agency
13140,20250417,162,2,4448.19,4674.53,2,bancassurance
3623,20250612,46,2,1396.77,1357.87,2,bancassurance
15464,20250310,190,6,4532.42,6738.83,2,tied_agency
1023,20231102,18,5,1080.85,1449.91,2,tied_agency
15944,20250826,197,3,1884.24,2094.85,2,tied_agency
2772,20251009,35,2,1182.95,1590.21,2,tied_agency
5110,20241104,63,2,4244.41,4216.28,1,bancassurance
6701,20230904,82,4,2627.84,3602.6,2,bancassurance
13892,20240202,173,6,3147.46,3760.58,2,tied_agency
11699,20230216,147,1,3925.6,4289.34,2,tied_agency
7084,20241209,85,2,3629.11,3465.1,1,tied_agency
15049,20241107,185,3,527.83,769.9,1,tied_agency
13928,20250606,173,5,733.53,700.34,1,tied_agency
8611,20231204,104,3,688.21,855.83,1,bancassurance
5316,20241016,65,3,2814.18,3992.52,2,tied_agency
12001,20230821,150,6,7190.01,7356.41,2,tied_agency
3795,20250313,48,4,1858.6,2270.23,2,tied_agency
2830,20240826,9001,2,2557.18,2598.6,1,bancassurance
2516,20250210,32,5,486.44,687.49,1,tied_agency
8267,20230523,101,6,6418.18,7744.28,2,bancassurance
4010,20230206,51,1,2405.51,2354.63,1,tied_agency
14628,20250915,182,6,6279.07,7464.0,1,tied_agency
11237,20240612,138,6,1806.79,1724.49,2,tied_agency
3602,20241009,46,3,1829.07,1892.99,1,bancassurance
5754,20230721,70,3,1084.36,1018.45,1,tied_agency
12145,20230410,152,6,1529.86,1481.96,1,bancassurance
7712,20230619,96,2,4971.51,7139.12,2,tied_agency
490,20250908,9,6,3509.48,3790.65,1,bancassurance
12209,20250602,152,2,3948.52,4454.87,2,bancassurance
1424,20240916,22,2,1753.09,2365.76,1,bancassurance
4445,20240301,56,6,5433.01,5756.76,1,tied_agency
6535,20250828,79,6,7212.25,8376.51,2,bancassurance
14843,20230410,184,4,1725.39,2326.6,1,bancassurance
1914,20251215,26,3,1121.82,1466.33,2,tied_agency
11431,20240301,140,3,2062.99,2162.76,2,bancassurance
10809,20240422,132,6,4401.22,4727.21,1,tied_agency
304,20240304,7,5,284.75,279.16,1,tied_agency
4720,20250723,60,2,3492.01,4951.83,2,tied_agency
14234,20230613,179,2,1239.34,1345.21,2,tied_agency
16012,20250310,198,2,1626.31,2213.76,2,bancassurance
14900,20240320,184,2,2763.38,3623.55,1,bancassurance
13744,20230612,170,5,885.59,1097.45,2,tied_agency
7395,20241125,90,2,2095.86,2544.91,2,bancassurance
5125,20250122,63,1,4532.4,6336.58,1,bancassurance
15153,20240902,186,3,1760.09,2343.55,1,tied_agency
15847,20250224,195,3,689.83,783.96,1,bancassurance
7277,20250224,9009,5,591.11,560.35,2,bancassurance
15130,20240412,186,4,1648.53,1721.02,2,tied_agency
7820,20250225,96,1,1457.74,1530.38,2,tied_agency
8788,20240731,106,3,1280.09,1367.57,2,tied_agency
14751,20241122,183,5,497.14,680.95,2,tied_agency
17,20230711,2,5,833.08,1023.87,2,tied_agency
4691,20240805,60,6,1669.04,1791.82,1,tied_agency
815,20240826,14,2,2133.91,3046.76,1,tied_agency
1010,20230710,18,2,3284.64,4605.7,1,tied_agency
13487,20240129,167,4,1100.49,1127.09,1,bancassurance
12698,20251111,157,1,3713.46,4534.93,2,bancassurance
6889,20230925,84,4,1605.78,2018.27,1,bancassurance
3367,20231002,43,6,5329.82,6205.02,2,tied_agency
10949,20230123,134,4,2709.9,3951.8,1,bancassurance
7469,20240529,91,6,4665.12,6823.91,1,bancassurance
8828,20240715,107,5,646.44,777.2,1,bancassurance
5718,20250717,69,2,2309.59,2992.25,1,tied_agency
13433,20250325,166,2,1623.4,2259.25,2,tied_agency
8630,20240311,104,6,4662.41,6990.87,1,bancassurance
7540,20231003,92,2,1483.93,1847.44,1,tied_agency
11671,20231218,146,1,1265.72,1781.71,2,bancassurance
8825,20240503,107,1,4978.89,5308.34,1,bancassurance
343,20230605,8,4,2433.65,3290.04,1,bancassurance
783,20250804,13,3,1756.0,1813.03,2,bancassurance
14833,20230306,184,6,1371.54,1744.56,2,bancassurance
15958,20230508,198,5,1196.08,1659.39,1,bancassurance
9145,20230612,114,3,2545.65,3344.12,2,tied_agency
8922,20250709,109,2,4185.82,3803.86,1,bancassurance
8656,20240826,104,6,6942.37,7079.89,1,bancassurance
1536,20230313,24,6,4110.14,5195.45,1,bancassurance
13842,20240304,171,3,1807.52,2195.1,2,bancassurance
2112,20250716,28,1,1393.59,1769.71,1,bancassurance
1218,20230113,21,5,399.87,466.75,2,tied_agency
9151,20240215,114,3,691.39,899.25,2,tied_agency
14310,20251203,179,3,2605.13,2458.39,2,tied_agency
15885,20230602,196,3,1094.12,1429.24,1,tied_agency
15701,20250811,9003,6,4015.3,5178.23,1,bancassurance
10350,20240101,128,3,661.99,701.95,2,tied_agency
14608,20250526,182,1,2275.68,2208.05,2,tied_agency
10550,20250818,129,4,1326.34,1523.45,2,tied_agency
5271,20230407,65,2,1865.66,2440.29,2,tied_agency
11653,20251107,144,5,765.71,1046.24,2,bancassurance
1943,20241217,27,3,2756.38,3349.09,1,bancassurance
9089,20240701,113,1,4615.07,6918.63,2,tied_agency
16110,20240524,200,4,2433.58,3499.42,2,tied_agency
14186,20250120,177,5,522.57,600.53,2,tied_agency
10541,20250602,9002,2,1651.34,2357.66,1,tied_agency
14675,20230623,183,6,3992.9,4217.13,1,tied_agency
3518,20241015,45,6,5804.7,7272.83,2,tied_agency
12402,20250811,154,4,2530.18,3107.31,1,tied_agency
687,20250606,12,3,1404.01,1989.63,2,bancassurance
5979,20250515,72,1,2341.48,2162.7,1,bancassurance
11564,20250630,143,3,2395.82,2398.71,2,bancassurance
13061,20251006,161,5,386.38,408.5,2,bancassurance
9347,20230327,118,4,2878.79,4065.01,2,bancassurance
7468,20240527,91,4,590.68,755.87,1,bancassurance
12277,20240715,153,6,1626.57,1488.92,1,bancassurance
7399,20250122,90,2,4306.18,5270.87,2,bancassurance
92,20230803,3,5,616.57,800.69,2,tied_agency
13806,20250328,170,6,4038.2,5590.57,2,tied_agency
10779,20230522,132,5,881.42,1241.46,2,tied_agency
4694,20240930,60,4,1561.04,1638.95,1,tied_agency
13752,20230823,170,3,2734.54,3851.55,1,tied_agency
9087,20240729,113,5,353.78,524.74,2,tied_agency
11147,20240429,137,6,6559.29,9593.97,2,bancassurance
2431,20231018,32,2,1679.4,2288.16,2,tied_agency
6769,20251124,82,5,259.54,284.85,2,bancassurance
1376,20250630,21,4,1459.8,2010.29,1,tied_agency
5063,20240108,63,6,5402.2,7084.31,1,bancassurance
14613,20250613,182,3,2398.44,2699.2,1,tied_agency
10696,20250512,130,3,1599.83,2256.38,2,tied_agency
12600,20240221,157,2,4862.55,4571.04,2,bancassurance
10729,20251124,130,5,524.91,490.15,2,tied_agency
9573,20241028,122,4,782.96,754.44,2,tied_agency
3425,20250819,43,5,935.34,1292.96,2,tied_agency
8761,20250820,105,2,3026.35,3096.24,1,bancassurance
13929,20250707,173,3,2804.4,4081.22,2,tied_agency
8080,20231018,99,4,2369.23,2208.38,1,bancassurance
13583,20240207,168,5,1126.68,1306.41,1,tied_agency
10181,20241104,126,6,4420.56,6419.4,2,bancassurance
124,20230327,4,6,6032.09,7331.51,2,tied_agency
12959,20240122,161,3,2027.42,2903.09,1,bancassurance
5480,20240103,67,3,2666.84,3688.41,1,tied_agency
4044,20240328,51,3,1955.01,2585.37,2,tied_agency
15288,20250224,187,2,2425.45,3164.74,2,bancassurance
4686,20240610,60,4,2554.92,3305.88,1,tied_agency
6553,20230116,80,3,2645.05,3230.85,1,bancassurance
6155,20250710,74,4,1138.34,1273.18,2,tied_agency
12108,20250203,151,2,2565.74,3079.08,1,bancassurance
2506,20241227,32,4,2566.43,2882.28,2,tied_agency
10174,20241024,126,2,1513.08,1983.41,1,bancassurance
11809,20250630,148,2,3995.84,5110.93,2,bancassurance
1892,20250725,26,5,703.15,951.36,1,tied_agency
14175,20240917,177,1,4975.54,6828.88,1,tied_agency
5433,20250425,66,6,6847.41,7077.44,2,bancassurance
15442,20240614,190,4,1061.98,1303.4,2,tied_agency
416,20230102,9,4,1855.31,1865.21,1,bancassurance
4319,20240722,54,6,5139.51,6743.95,1,bancassurance
7130,20251027,85,5,566.45,777.49,2,tied_agency
3213,20250605,39,6,7646.2,9832.15,1,bancassurance
15015,20251127,184,3,2603.1,3614.95,1,bancassurance
7178,20250127,86,6,2517.96,2366.73,1,bancassurance
983,20250205,17,1,4898.58,6101.57,2,tied_agency
5481,20240205,67,6,4825.88,6677.17,2,tied_agency
5273,20230405,65,2,1240.8,1170.28,1,tied_agency
4728,20251007,60,1,1828.34,2190.83,2,tied_agency
5404,20240617,66,4,1883.24,2336.41,2,bancassurance
3558,20230418,46,2,3049.23,3352.29,1,bancassurance
6011,20230619,73,6,2924.99,4276.91,1,tied_agency
4805,20240515,61,5,1180.54,1486.63,1,bancassurance
14302,20250911,179,5,947.07,1304.27,2,tied_agency
3061,20230515,38,1,3064.76,3173.58,2,bancassurance
12963,20240206,161,4,2691.17,2749.36,2,bancassurance
6527,20250414,79,2,1868.08,2624.38,2,bancassurance
6733,20240710,82,2,1111.49,1084.06,1,bancassurance
14364,20230217,181,2,2295.65,2588.52,1,tied_agency
7458,20240111,91,1,1684.8,2096.95,2,bancassurance
10840,20250505,132,5,348.52,370.43,1,tied_agency
8814,20230914,107,6,1211.97,1518.11,2,bancassurance
15825,20240618,195,1,4204.16,5372.96,2,bancassurance
7490,20241127,91,3,848.74,977.37,1,bancassurance
11450,20241216,140,4,1436.45,1457.82,1,bancassurance
8978,20240521,111,4,2774.46,3513.17,1,bancassurance
7857,20251020,96,4,2515.6,3027.72,2,tied_agency
9482,20230914,121,3,2850.58,3403.71,1,tied_agency
8214,20250106,100,5,857.82,1086.62,2,bancassurance
4864,20250414,61,6,4159.52,4988.81,2,bancassurance
15727,20230807,194,1,4910.15,4992.3,2,bancassurance
11753,20230717,148,3,2561.7,3326.6,2,bancassurance
13179,20250319,163,5,757.78,823.62,2,tied_agency
10170,20240911,126,1,4016.6,3816.88,2,bancassurance
14485,20230501,9003,2,1367.35,2036.22,2,tied_agency
14206,20250806,177,6,4299.66,5556.65,2,tied_agency
3850,20231027,49,1,2172.0,2177.52,1,tied_agency
8938,20231227,110,3,2955.2,3261.92,2,bancassurance
11636,20250519,144,4,2496.99,3510.75,1,bancassurance
13086,20230622,162,5,568.32,552.07,2,bancassurance
13552,20230605,168,5,347.77,369.68,1,tied_agency
6433,20250613,78,3,515.94,469.92,2,tied_agency
11266,20250303,138,5,959.4,1351.09,2,tied_agency
11102,20250718,136,3,1417.96,1883.37,1,tied_agency
7732,20231003,96,6,2973.12,3115.9,1,tied_agency
2767,20250807,35,1,4688.14,6151.0,1,tied_agency
570,20240606,11,6,7750.03,8342.96,1,bancassurance
5608,20250212,68,5,612.05,692.4,1,tied_agency
14159,20240226,177,5,1156.55,1568.98,1,tied_agency
5331,20250416,9003,2,1065.92,1160.4,1,tied_agency
9270,20251218,115,3,1966.16,2101.89,2,tied_agency
6730,20240612,82,6,6048.55,8506.65,1,bancassurance
14387,20230808,181,3,2357.93,3166.05,2,tied_agency
14869,20230905,184,4,1884.25,2086.31,2,bancassurance
7483,20241021,91,4,1722.01,2047.99,1,bancassurance
15262,20240509,187,2,4875.64,6932.9,2,bancassurance
6882,20230614,84,1,3721.96,4606.93,2,bancassurance
203,20251113,4,6,6648.41,8868.77,2,tied_agency
3575,20231229,46,2,2914.02,3353.33,1,bancassurance
14443,20250502,181,2,2750.0,3933.86,1,tied_agency
11726,20250205,147,1,918.22,1238.19,2,tied_agency
4795,20240318,61,6,2129.36,2209.47,1,bancassurance
14890,20240129,184,2,4629.33,5251.15,1,bancassurance
161,20240520,4,2,4250.98,4443.63,1,tied_agency
14368,20230306,181,4,2576.94,2379.53,1,tied_agency
10025,20240122,9005,6,6189.31,6363.88,2,bancassurance
9041,20230102,113,4,1124.2,1305.28,2,tied_agency
4130,20230825,52,1,2383.64,3174.57,2,tied_agency
8782,20240215,106,4,1125.88,1460.21,1,tied_agency
7533,20230726,92,3,2021.66,2444.87,2,tied_agency
15108,20231208,186,3,2246.94,2947.25,1,tied_agency
11629,20250210,144,4,910.66,1128.46,2,bancassurance
10252,20230106,127,4,1972.27,2849.41,1,bancassurance
12398,20250630,154,1,3135.15,3761.38,2,tied_agency
1233,20230403,21,6,1744.31,2129.15,2,tied_agency
2592,20250225,33,1,1590.43,2241.19,1,bancassurance
12337,20230807,154,3,898.05,1234.64,2,tied_agency
7037,20240325,85,1,3883.17,4577.46,2,tied_agency
3994,20250929,9007,5,241.26,290.86,1,bancassurance
3579,20240103,46,5,737.27,721.94,1,bancassurance
8046,20250818,98,3,1817.31,2664.77,1,bancassurance
2680,20251028,9011,6,1308.86,1620.27,2,tied_agency
10969,20230721,9003,2,1080.18,1113.36,2,bancassurance
15219,20251224,186,3,1839.63,2248.16,2,tied_agency
15285,20250106,187,6,4330.45,5771.5,1,bancassurance
2320,20251112,29,3,862.47,948.92,2,tied_agency
4252,20250919,52,2,4672.64,4449.82,1,tied_agency
5305,20240520,65,6,2620.9,3506.76,1,tied_agency
1502,20250603,23,4,1269.53,1894.79,2,bancassurance
15638,20230830,193,1,4923.81,5361.42,1,bancassurance
1815,20240415,26,2,3850.51,5330.1,2,tied_agency
7602,20251128,92,2,3622.24,4681.83,2,tied_agency
15552,20250107,191,5,584.88,777.13,2,tied_agency
12892,20230301,9006,5,510.71,542.7,1,bancassurance
8657,20240919,104,2,1096.53,1082.74,2,bancassurance
9599,20250818,122,6,5438.07,5228.2,1,tied_agency
7851,20250804,96,6,4945.71,4937.34,2,tied_agency
7118,20250702,85,5,519.61,618.05,1,tied_agency
4677,20240219,60,4,2126.58,2456.11,1,tied_agency
6789,20230828,83,2,1815.31,2095.5,1,bancassurance
6103,20230919,74,3,524.02,692.41,1,tied_agency
5501,20240827,67,6,3098.63,3720.22,1,tied_agency
1538,20230424,24,6,3694.01,4670.35,1,bancassurance
738,20240301,13,1,1791.06,2078.52,1,bancassurance
1443,20230313,23,4,2012.12,2108.91,2,bancassurance
13472,20230921,9005,5,1039.96,1386.65,1,bancassurance
6264,20250923,75,4,1223.41,1338.32,1,tied_agency
8725,20251031,104,6,5461.61,6603.75,2,bancassurance
8380,20250128,101,1,3822.13,3719.89,1,bancassurance
1256,20230828,21,2,1456.52,1741.0,2,tied_agency
2373,20231225,31,1,3065.79,4161.81,1,tied_agency
7539,20230911,92,3,2375.33,2898.03,2,tied_agency
6942,20250506,84,4,2332.61,3325.15,2,bancassurance
1120,20240715,19,5,1054.35,1269.45,2,tied_agency
2345,20240515,30,6,4016.63,4282.21,1,tied_agency
7365,20231026,90,6,4411.29,5606.09,1,bancassurance
5538,20230102,68,3,2612.81,2605.8,2,tied_agency
7451,20231002,91,6,1228.66,1347.43,2,bancassurance
1182,20230425,20,1,859.28,1044.46,2,tied_agency
13911,20241223,173,6,2021.64,2708.97,1,tied_agency
7018,20231109,85,1,2590.0,2369.69,2,tied_agency
4285,20240930,53,2,2903.61,3200.74,2,tied_agency
9301,20240823,116,5,1183.1,1734.84,2,bancassurance
5199,20231026,64,5,442.36,635.61,2,tied_agency
13200,20230508,164,2,1734.64,1899.83,1,tied_agency
10981,20231027,134,2,1875.62,2163.52,1,bancassurance
5827,20230109,71,4,2312.11,2381.05,2,tied_agency
1096,20230627,19,4,2183.81,2106.05,2,tied_agency
13025,20250328,161,1,3951.47,5151.02,1,bancassurance
11302,20230201,139,5,372.39,534.81,1,bancassurance
9909,20240819,124,5,892.71,933.46,2,bancassurance
7363,20230828,90,6,4467.01,4743.56,2,bancassurance
6802,20231208,83,5,750.91,990.89,1,bancassurance
11896,20240315,149,6,5774.82,8279.7,1,bancassurance
6168,20251125,74,5,953.06,1386.64,1,tied_agency
10984,20231103,134,2,3150.5,3766.39,1,bancassurance
10111,20230721,126,2,1777.59,2277.69,2,bancassurance
9348,20230322,118,1,4532.14,4754.21,2,bancassurance
4555,20230614,9004,2,4648.49,5613.59,1,tied_agency
1772,20230731,26,2,1027.13,1459.36,2,tied_agency
3822,20230118,49,4,1637.19,1716.92,2,tied_agency
709,20230501,13,5,355.27,459.33,2,bancassurance
6604,20240819,80,6,1055.31,1097.05,1,bancassurance
8678,20250120,9009,6,4307.67,5072.68,1,bancassurance
7913,20240326,97,1,3438.37,4975.9,2,bancassurance
15779,20250710,194,1,3716.56,4403.46,1,bancassurance
15236,20230622,187,2,1850.85,2672.75,2,bancassurance
12983,20240718,161,3,716.65,875.27,2,bancassurance
2444,20231208,32,5,770.11,731.09,2,tied_agency
14172,20240819,177,1,1448.82,2133.53,2,tied_agency
12556,20230620,157,5,313.96,401.47,2,bancassurance
8584,20230706,104,1,3049.95,4403.45,2,bancassurance
10977,20230911,134,6,2974.25,4056.16,1,bancassurance
12246,20230803,9008,2,914.88,1207.9,1,bancassurance
7578,20250108,9007,3,1142.89,1421.11,1,tied_agency
956,20250224,16,3,2423.4,3187.58,2,tied_agency
142,20231009,9007,3,2834.38,3777.31,1,tied_agency
8095,20240205,99,3,692.41,1013.65,1,bancassurance
11860,20230821,149,2,962.09,1435.9,1,bancassurance
12876,20251030,160,6,4781.45,6593.86,1,tied_agency
4494,20250303,56,2,4838.41,5790.54,1,tied_agency
583,20241202,11,5,1002.82,1170.63,2,bancassurance
15107,20231214,186,6,3079.83,4144.98,1,tied_agency
345,20230705,8,3,2306.08,2944.51,2,bancassurance
4490,20250205,56,6,4744.42,5232.57,1,tied_agency
13036,20250522,161,2,1615.08,2231.31,2,bancassurance
3413,20250203,43,1,4570.5,5083.21,1,tied_agency
654,20240626,12,2,2935.04,4025.84,1,bancassurance
5383,20231129,66,5,1106.23,1471.44,1,bancassurance
4446,20240319,56,1,4410.24,5521.55,1,tied_agency
10380,20240610,128,2,2922.32,4316.45,1,tied_agency
14990,20250627,184,2,1964.77,2606.58,1,bancassurance
2155,20230501,29,5,1023.33,1450.99,2,tied_agency
2603,20250915,33,3,2808.62,3954.23,2,bancassurance
14530,20240116,182,2,4466.64,4639.05,2,tied_agency
7788,20240813,96,4,2605.92,3903.33,2,tied_agency
5348,20251222,65,2,3531.61,3985.84,2,tied_agency
10785,20230828,132,2,1082.72,1323.22,1,tied_agency
11511,20251104,141,2,1080.09,1591.76,1,bancassurance
12477,20240311,156,3,793.0,819.37,2,bancassurance
7961,20250804,97,1,4146.38,4814.77,1,bancassurance
3257,20240325,40,2,2470.84,3162.61,1,tied_agency
12995,20240917,161,2,2060.46,2583.67,2,bancassurance
11270,20250428,138,6,1096.54,1446.62,2,tied_agency
3988,20250605,50,4,2733.16,3138.93,1,bancassurance
4086,20250926,51,3,1063.37,1389.08,2,tied_agency
13989,20240625,174,3,977.37,1247.58,2,bancassurance
13308,20240319,165,2,3472.61,4857.06,1,tied_agency
4872,20250603,61,1,3064.43,3835.02,1,bancassurance
12381,20241014,154,6,2917.18,4080.01,1,tied_agency
7175,20241007,86,2,1202.36,1633.56,1,bancassurance
11811,20250710,148,2,3958.81,4706.52,2,bancassurance
8248,20230116,101,3,1079.25,1509.57,1,bancassurance
13791,20240905,170,2,2198.23,2367.41,1,tied_agency
2204,20240122,29,3,1349.63,1881.31,2,tied_agency
9652,20230912,123,4,2154.99,2777.99,2,tied_agency
5822,20251126,70,6,3434.04,4481.04,1,tied_agency
6636,20250731,80,5,1171.01,1298.14,1,bancassurance
5065,20240223,63,3,596.13,583.96,1,bancassurance
57,20241230,2,3,691.83,981.4,1,tied_agency
10669,20241126,130,2,2943.04,2674.77,2,tied_agency
644,20240108,12,4,834.71,990.2,1,bancassurance
12301,20250502,153,4,1527.28,1834.9,2,bancassurance
13042,20250729,161,6,4156.71,4445.55,2,bancassurance
9281,20230605,116,3,641.5,679.31,1,bancassurance
7030,20240122,85,2,2556.71,3388.36,1,tied_agency
749,20240826,13,1,4058.86,4885.14,1,bancassurance
4539,20251202,56,2,1645.59,2274.85,1,tied_agency
10476,20230123,129,2,1021.59,1028.14,2,tied_agency
8023,20240823,98,2,4016.71,6004.28,1,bancassurance
1488,20241003,23,6,1042.3,1482.07,1,bancassurance
9083,20240408,9002,2,3003.65,4377.16,2,tied_agency
2654,20240805,34,5,691.47,767.28,2,tied_agency
13660,20230913,169,1,2512.51,2452.19,2,tied_agency
6911,20240506,84,5,1171.23,1336.24,2,bancassurance
8852,20230302,108,1,1786.63,2275.25,1,bancassurance
14112,20251003,176,1,4499.35,6467.99,2,bancassurance
3036,20251027,37,2,2289.64,3091.42,2,tied_agency
9271,20230113,116,4,1595.79,2035.66,2,bancassurance
11647,20250919,144,1,2273.11,2416.59,1,bancassurance
1897,20250821,26,1,1933.74,2342.89,1,tied_agency
5190,20230607,64,4,2626.53,3938.52,1,tied_agency
15620,20250826,192,1,2147.14,2105.51,2,tied_agency
2262,20250226,29,3,556.8,702.02,2,tied_agency
6095,20230522,74,4,2735.55,3731.79,1,tied_agency
5661,20230925,69,5,291.13,305.59,2,tied_agency
15578,20250915,191,6,2359.01,3013.43,2,tied_agency
13294,20230919,165,6,5774.12,6282.64,1,tied_agency
4111,20230417,52,4,1347.12,1395.63,2,tied_agency
7417,20250804,90,1,4609.13,4352.41,2,bancassurance
9582,20250116,122,1,4125.59,4004.39,2,tied_agency
13309,20240311,165,6,1435.17,2002.53,2,tied_agency
12660,20250324,157,4,2472.6,3656.4,1,bancassurance
4021,20230710,51,3,2949.12,3147.19,2,tied_agency
661,20241001,12,6,1252.43,1306.98,1,bancassurance
896,20250313,15,5,774.68,933.31,1,tied_agency
13520,20250217,167,6,3950.0,5442.24,1,bancassurance
4642,20230220,60,1,2957.21,2828.35,1,tied_agency
14581,20241024,182,4,664.07,978.53,1,tied_agency
12796,20251201,9010,1,2145.98,2365.61,1,tied_agency
10962,20230508,134,5,333.11,430.84,2,bancassurance
924,20230228,16,2,3866.78,4701.4,2,tied_agency
6308,20231208,76,2,3937.01,3679.74,1,tied_agency
10728,20251120,130,1,3624.81,5038.91,1,tied_agency
5937,20230825,72,4,516.54,619.36,2,bancassurance
7647,20230501,95,4,893.21,1190.13,1,bancassurance
14480,20230329,182,2,2292.18,2975.96,1,tied_agency
11720,20241016,147,5,958.07,915.21,2,tied_agency
4902,20251223,61,3,790.54,958.02,1,bancassurance
8199,20240925,100,6,5169.88,6856.01,2,bancassurance
10175,20241021,126,5,525.34,526.93,1,bancassurance
10501,20231208,129,1,1504.14,1919.95,1,tied_agency
11166,20241119,137,1,4390.49,4156.79,1,bancassurance
14154,20231228,177,6,6877.81,8050.06,2,tied_agency
12647,20241104,157,5,1199.72,1102.48,1,bancassurance
12874,20251001,160,2,3666.73,5420.7,2,tied_agency
15605,20240416,192,5,218.46,232.08,1,tied_agency
12240,20230613,153,5,659.98,710.12,1,bancassurance
1864,20241225,26,6,4378.94,4182.24,2,tied_agency
14003,20241230,174,3,1508.42,1478.27,1,bancassurance
4185,20240715,52,2,3165.45,4335.12,1,tied_agency
11902,20240503,149,6,7610.57,6980.73,2,bancassurance
5842,20230814,71,6,4089.64,5438.25,2,tied_agency
3192,20241125,39,5,465.75,655.76,1,bancassurance
5530,20251127,67,3,1311.49,1931.17,2,tied_agency
13283,20230523,165,1,4606.93,4308.72,1,tied_agency
3160,20231107,39,5,601.65,682.45,1,bancassurance
14899,20240311,184,5,843.4,1108.45,1,bancassurance
289,20230320,7,2,2944.84,3567.02,1,tied_agency
10761,20250725,131,3,558.26,771.79,2,tied_agency
15120,20240214,186,2,1685.1,1670.12,1,tied_agency
7822,20250321,96,5,465.91,615.11,2,tied_agency
10491,20230814,129,6,7846.26,7797.88,2,tied_agency
9311,20241209,116,6,7145.77,7067.51,1,bancassurance
6688,20230424,82,6,3099.84,3507.23,2,bancassurance
2088,20250206,28,3,1619.09,1672.17,1,bancassurance
3700,20241118,47,2,2345.63,2266.05,1,tied_agency
2305,20250908,29,6,7205.62,9846.03,2,tied_agency
16093,20231113,200,4,2281.11,3237.29,1,tied_agency
1165,20250813,19,5,1066.95,1509.29,1,tied_agency
3656,20230517,47,2,4799.59,6967.98,1,tied_agency
11145,20240318,137,2,4408.47,4875.71,1,bancassurance
15675,20240916,193,1,3455.82,4247.09,2,bancassurance
10045,20240926,125,3,1279.41,1464.17,1,bancassurance
5554,20230619,68,2,3574.89,3287.07,1,tied_agency
14545,20240314,182,1,1367.84,1888.21,1,tied_agency
436,20231129,9,2,3874.34,4758.57,1,bancassurance
11915,20240702,149,3,2191.07,2617.51,1,bancassurance
12214,20250602,152,4,2780.92,3650.02,2,bancassurance
393,20250123,8,2,4191.91,4537.86,1,bancassurance
12861,20250324,160,6,5953.17,7251.79,1,tied_agency
12741,20240103,158,4,1155.47,1247.15,1,tied_agency
901,20250523,15,6,5687.24,7641.49,2,tied_agency
2236,20240826,29,3,512.63,525.08,2,tied_agency
6379,20230830,78,2,1064.2,1190.15,2,tied_agency
13809,20250519,170,1,4793.67,6310.55,2,tied_agency
7195,20240108,87,4,1910.0,2550.48,1,bancassurance
12541,20230313,157,3,2357.89,3196.7,1,bancassurance
10693,20250410,130,5,722.21,704.8,1,tied_agency
302,20240213,7,6,3193.83,3619.2,1,tied_agency
9869,20240110,124,2,3239.57,4221.77,2,bancassurance
5549,20230502,68,4,1597.58,1796.88,1,tied_agency
12294,20250326,153,3,2345.3,2621.28,1,bancassurance
9208,20231108,115,6,6934.21,7829.28,2,tied_agency
12894,20230324,161,3,2494.56,2616.4,1,bancassurance
1743,20230113,26,4,1750.54,1905.78,2,tied_agency
3224,20251127,39,3,856.11,816.85,2,bancassurance
10411,20250124,128,3,1464.69,2021.45,1,tied_agency
12570,20230810,157,3,2379.46,3052.96,2,bancassurance
6072,20250731,73,4,2021.81,2179.94,2,tied_agency
5188,20230529,64,3,2237.11,3226.55,1,tied_agency
8963,20230328,111,5,540.11,544.47,1,bancassurance
13081,20230323,162,1,4893.15,4983.18,1,bancassurance
7262,20240829,88,1,2226.34,2625.57,1,bancassurance
3590,20240624,9006,6,3143.19,4281.42,1,bancassurance
12158,20230927,152,2,1021.26,1281.23,2,bancassurance
15295,20250526,187,2,1197.9,1470.76,1,bancassurance
1687,20250926,24,3,1171.98,1463.8,2,bancassurance
5664,20231113,69,6,4480.49,6066.0,2,tied_agency
8889,20230109,109,4,1928.56,2841.88,2,bancassurance
5275,20230529,65,4,2706.99,3797.69,2,tied_agency
14719,20240401,183,3,1665.2,2199.06,2,tied_agency
6541,20250922,79,1,4909.58,4505.08,1,bancassurance
10671,20241113,130,3,1572.0,2180.79,2,tied_agency
5487,20240318,67,6,3366.89,3147.24,1,tied_agency
740,20240422,13,5,983.48,1165.58,1,bancassurance
10801,20240131,132,6,1936.06,2898.16,2,tied_agency
13956,20230310,174,1,2719.56,3741.46,1,bancassurance
4334,20250321,54,5,829.1,761.83,1,bancassurance
4645,20230315,60,5,403.4,480.9,2,tied_agency
4278,20240325,53,5,419.19,454.65,2,tied_agency
8234,20250827,100,6,7169.82,10679.51,2,bancassurance
12329,20230530,154,6,4620.7,4409.15,2,tied_agency
11729,20250714,147,4,2483.19,2932.19,2,tied_agency
53,20241202,2,5,959.88,1122.43,2,tied_agency
7736,20231023,96,6,2799.05,3328.75,1,tied_agency
4355,20231127,55,5,1015.15,1394.68,2,bancassurance
1027,20240131,18,6,7574.04,9452.94,1,tied_agency
12680,20250627,157,2,4802.03,6614.26,1,bancassurance
12962,20240201,161,4,1264.7,1744.63,1,bancassurance
13614,20250306,168,5,834.03,799.47,1,tied_agency
2546,20250714,32,4,1870.51,2540.87,2,tied_agency
11133,20231108,137,2,4278.67,4931.6,2,bancassurance
9557,20240527,122,2,937.56,1195.46,2,tied_agency
7558,20240430,92,6,6672.65,6688.82,1,tied_agency
8004,20240215,98,2,1026.45,1346.23,1,bancassurance
1041,20240710,18,3,1066.95,1198.34,1,tied_agency
10475,20251203,128,6,5271.45,4894.79,2,tied_agency
14437,20250313,181,6,4540.12,4261.45,1,tied_agency
24,20231018,2,2,3136.76,3926.84,2,tied_agency
2257,20241223,29,5,1029.87,1398.32,1,tied_agency
10815,20240529,132,2,3226.04,4416.34,2,tied_agency
5410,20240808,66,3,1542.07,1402.46,1,bancassurance
13149,20250718,162,4,871.45,1182.6,1,bancassurance
4461,20240715,56,5,695.04,756.86,2,tied_agency
6925,20241118,84,3,2515.57,3475.0,2,bancassurance
13411,20240520,166,3,2817.79,3541.83,1,tied_agency
11614,20240826,144,4,2678.55,3226.72,2,bancassurance
9821,20230403,124,1,2794.51,3093.53,2,bancassurance
134,20230717,4,5,616.59,791.33,2,tied_agency
6839,20250117,83,5,287.24,266.36,2,bancassurance
10507,20240205,129,5,1170.58,1448.19,2,tied_agency
3790,20241118,48,5,714.37,919.95,2,tied_agency
13491,20240429,9001,1,2671.85,3157.84,2,bancassurance
14733,20240717,183,5,869.17,1098.11,2,tied_agency
6599,20240507,80,6,5745.06,5988.76,2,bancassurance
3234,20230306,40,5,1139.7,1208.16,2,tied_agency
15930,20240326,197,2,4189.96,4037.5,1,tied_agency
4704,20250106,60,5,642.72,884.27,2,tied_agency
9731,20241114,123,3,1256.73,1496.59,1,tied_agency
5131,20250318,63,2,2544.41,2303.77,1,bancassurance
2321,20251215,29,3,1563.24,1776.04,1,tied_agency
732,20231204,13,3,2543.13,3552.63,1,bancassurance
9535,20230914,122,2,1318.49,1833.6,2,tied_agency
9427,20250609,118,4,584.07,615.74,2,bancassurance
8910,20240905,109,1,1815.52,2656.24,2,bancassurance
3594,20240830,46,2,4100.49,5327.68,2,bancassurance
13865,20230306,173,3,2877.22,3202.22,2,tied_agency
4311,20230925,54,1,3089.27,3524.5,2,bancassurance
13870,20230531,173,4,2907.7,3443.82,1,tied_agency
15158,20241118,186,6,6032.49,6573.94,2,tied_agency
7026,20231205,85,5,637.13,620.03,2,tied_agency
385,20241125,8,6,7269.05,8541.68,1,bancassurance
15673,20240917,193,2,2536.98,3031.85,1,bancassurance
14852,20230607,184,6,4263.21,5215.81,1,bancassurance
3476,20230403,45,6,7198.35,7687.83,1,tied_agency
6394,20240228,78,5,962.06,953.09,2,tied_agency
13117,20240712,162,6,7155.1,8515.63,1,bancassurance
9164,20241205,114,6,6921.27,7471.62,2,tied_agency
2029,20240418,28,5,703.5,875.62,2,bancassurance
15718,20230529,194,4,1884.2,2172.42,1,bancassurance
7383,20240806,90,5,1075.05,1605.63,2,bancassurance
3768,20240329,48,4,755.06,759.06,2,tied_agency
7960,20250811,97,6,5731.11,6227.4,2,bancassurance
4257,20251002,52,1,2804.3,3003.47,1,tied_agency
11051,20240510,135,3,1869.86,2216.82,2,tied_agency
11384,20250909,139,5,580.99,710.52,2,bancassurance
9036,20250929,112,2,4681.09,6988.13,1,bancassurance
13822,20251013,170,3,1356.99,1631.02,2,tied_agency
12406,20250917,154,6,3573.9,3255.37,2,tied_agency
13895,20240422,173,2,2272.98,3229.41,1,tied_agency
2687,20251230,34,5,453.2,445.31,2,tied_agency
4849,20250113,61,3,1829.1,2675.19,1,bancassurance
14344,20241230,180,4,2389.44,2574.91,1,tied_agency
13743,20230614,170,1,3794.86,4771.04,1,tied_agency
2850,20250623,36,1,4724.37,6501.46,1,bancassurance
6175,20230105,75,5,671.58,712.03,1,tied_agency
5034,20230705,63,4,2153.92,2714.88,1,bancassurance
15283,20241209,187,3,1898.7,1774.7,1,bancassurance
7307,20230628,89,4,2513.59,3427.82,1,bancassurance
10720,20251020,130,5,1074.22,1508.8,2,tied_agency
7521,20230227,92,3,2959.63,3692.86,2,tied_agency
12062,20230911,9011,5,515.72,512.54,1,bancassurance
5321,20241118,65,6,2174.51,2112.22,2,tied_agency
2927,20231102,37,1,4560.37,6162.8,2,tied_agency
3907,20251027,49,1,3360.28,4183.78,1,tied_agency
7333,20250804,89,6,6053.42,5839.9,1,bancassurance
686,20250613,12,6,1058.93,1381.33,1,bancassurance
9223,20240521,115,3,508.69,515.57,2,tied_agency
13968,20230829,174,6,7859.05,10513.27,1,bancassurance
12314,20251007,9007,3,1396.98,1791.74,2,bancassurance
14931,20240906,9003,1,3011.5,3344.45,1,bancassurance
13199,20230515,164,4,1828.11,2110.61,1,tied_agency
5113,20241122,63,1,2307.74,2859.12,2,bancassurance
87,20251229,2,6,4283.77,5437.0,1,tied_agency
3757,20231130,48,6,2038.37,2453.12,1,tied_agency
7934,20241024,97,3,2253.69,3208.78,2,bancassurance
3881,20241218,49,4,892.63,1217.05,1,tied_agency
405,20250702,8,4,1529.98,1882.51,1,bancassurance
9050,20230413,113,3,1162.03,1596.37,1,tied_agency
13319,20240607,165,1,4216.71,5595.88,2,tied_agency
3496,20231110,9008,6,2282.23,2695.23,1,tied_agency
11459,20250428,140,6,3119.22,3695.85,1,bancassurance
8015,20240612,98,5,737.01,1011.51,2,bancassurance
13123,20240903,162,3,2790.09,3356.29,2,bancassurance
6246,20250101,75,4,2400.14,2987.82,1,tied_agency
6321,20240502,76,6,4941.2,6341.03,2,tied_agency
15032,20230501,185,1,3756.75,3711.7,1,tied_agency
4768,20230828,61,5,413.13,479.93,2,bancassurance
10578,20230417,130,1,2095.2,2699.25,2,tied_agency
14927,20240812,184,4,879.13,1202.48,1,bancassurance
5973,20250120,72,3,2998.64,4442.93,2,bancassurance
9866,20231228,124,2,4004.71,4397.75,1,bancassurance
2133,20251225,28,5,929.32,1041.18,2,bancassurance
7346,20230322,90,4,2795.57,3094.49,1,bancassurance
9641,20230707,123,6,7539.75,7466.13,1,tied_agency
12770,20250203,158,6,2845.3,3555.79,1,tied_agency
13736,20230320,170,2,1677.34,1814.49,2,tied_agency
12826,20231211,160,2,4537.11,5329.26,2,tied_agency
12704,20251120,157,4,2826.77,2926.89,2,bancassurance
5797,20250225,70,2,3159.76,4337.3,1,tied_agency
7188,20230131,87,1,1360.17,1338.92,1,bancassurance
7279,20250331,88,5,804.51,1031.37,2,bancassurance
12114,20250502,151,1,2847.37,2746.31,1,bancassurance
3697,20241003,47,5,386.47,455.51,1,tied_agency
8855,20230515,108,3,1298.36,1403.23,1,bancassurance
3440,20230911,9007,2,4570.51,4906.98,1,bancassurance
10866,20230405,133,2,4950.2,5521.29,1,tied_agency
1762,20230529,26,6,6748.65,6105.95,1,tied_agency
14348,20250411,180,4,1319.19,1232.67,1,tied_agency
1569,20231023,24,2,4178.31,4250.98,1,bancassurance
3065,20230724,38,1,1871.62,1725.43,2,bancassurance
3845,20230926,49,3,688.17,829.54,2,tied_agency
1210,20250602,20,6,7686.41,9658.15,2,tied_agency
12325,20230320,154,3,636.16,688.92,1,tied_agency
8073,20230725,99,3,1561.72,1709.85,1,bancassurance
16024,20250908,198,4,631.83,931.02,1,bancassurance
11570,20230131,144,2,2885.69,2779.55,2,bancassurance
3922,20230328,50,5,702.78,949.59,1,bancassurance
13578,20240108,168,6,4342.31,5984.5,2,tied_agency
14471,20230222,182,4,994.84,899.32,1,tied_agency
13765,20240115,170,3,788.63,1109.22,1,tied_agency
14682,20230705,183,5,602.93,753.44,1,tied_agency
12504,20250314,156,1,3351.87,3900.42,2,bancassurance
15111,20240130,186,2,1311.21,1550.69,1,tied_agency
13038,20250507,161,6,3794.6,3708.17,1,bancassurance
13442,20250715,166,1,1403.1,1533.28,1,tied_agency
14625,20250825,182,4,677.45,818.38,1,tied_agency
12360,20240422,154,5,508.54,551.2,2,tied_agency
10525,20241111,129,2,3766.31,4278.33,2,tied_agency
13450,20251218,166,2,2067.53,2015.49,2,tied_agency
6062,20250303,73,4,1749.26,2323.55,1,tied_agency
1663,20250327,24,5,1168.33,1671.21,1,bancassurance
6504,20240923,79,4,1202.83,1390.74,2,bancassurance
2417,20230621,32,6,6127.1,8840.42,2,tied_agency
10616,20231106,130,5,294.02,359.89,2,tied_agency
119,20230118,4,6,3431.98,3222.5,2,tied_agency
1297,20240219,21,1,2351.04,2858.28,2,tied_agency
6560,20230313,80,3,1154.5,1386.65,1,bancassurance
12181,20240603,152,2,1025.55,1428.82,1,bancassurance
1771,20230714,26,1,4733.13,5286.41,2,tied_agency
2517,20250207,32,1,2458.61,3519.16,1,tied_agency
842,20230717,15,5,859.47,1007.51,1,tied_agency
9948,20250310,124,5,457.13,411.94,2,bancassurance
4924,20230929,62,2,1068.27,1221.46,2,tied_agency
7162,20240131,86,1,993.09,953.44,2,bancassurance
9126,20250714,113,2,2094.71,2223.72,1,tied_agency
11025,20250819,134,2,4772.91,6309.29,1,bancassurance
10212,20250526,126,6,7651.26,10559.22,2,bancassurance
1938,20240904,27,3,1477.97,1948.84,2,bancassurance
3274,20241125,40,1,1889.3,1785.33,1,tied_agency
14143,20230828,177,1,1860.76,2063.9,1,tied_agency
9783,20250915,123,2,2346.36,3408.19,2,tied_agency
478,20250610,9,2,1860.04,2572.53,2,bancassurance
10462,20251017,128,2,1921.94,2455.42,1,tied_agency
13631,20251006,168,3,2999.3,2915.09,1,tied_agency
11606,20240405,144,6,5985.7,8002.68,1,bancassurance
3528,20250120,45,2,4960.04,5466.39,1,tied_agency
4487,20250113,56,3,1100.18,1098.33,2,tied_agency
2375,20240506,31,4,2640.35,3226.6,1,tied_agency
15984,20240314,198,1,1574.88,1980.48,1,bancassurance
638,20231130,9005,1,869.56,1055.32,2,bancassurance
8960,20230109,111,2,3329.92,4541.1,1,bancassurance
5054,20231114,63,2,1468.09,2099.8,1,bancassurance
4484,20250106,56,2,1711.46,2413.48,2,tied_agency
493,20251027,9,2,3925.68,4256.42,2,bancassurance
2862,20250905,36,6,3286.27,3432.21,1,bancassurance
16117,20240715,200,1,1572.97,1442.16,1,tied_agency
11645,20250703,144,5,698.11,1026.82,2,bancassurance
9390,20240716,118,3,2156.99,2201.95,1,bancassurance
11443,20240709,140,5,500.75,745.38,1,bancassurance
9786,20251027,123,1,2459.97,3181.61,1,tied_agency
13588,20240417,168,5,1112.12,1252.21,2,tied_agency
14503,20230830,182,2,2650.06,2760.75,1,tied_agency
786,20250917,13,5,599.19,569.86,2,bancassurance
12241,20230612,153,2,1493.04,1815.28,2,bancassurance
8549,20251110,103,4,1387.82,1336.82,2,tied_agency
9589,20250505,122,3,2115.34,2487.03,1,tied_agency
15911,20230206,9004,3,1619.76,2385.91,1,tied_agency
1145,20250203,19,4,1296.63,1812.86,1,tied_agency
9747,20250225,123,1,3584.79,4060.57,2,tied_agency
7529,20230515,92,4,2832.27,3678.06,1,tied_agency
970,20230831,17,6,2421.84,2985.37,2,tied_agency
1828,20240605,26,2,1723.0,2303.04,2,tied_agency
11170,20241202,137,1,2839.13,3832.48,1,bancassurance
9800,20251208,123,3,665.52,965.9,2,tied_agency
2595,20250331,33,6,2685.39,2428.1,2,bancassurance
6692,20230605,82,5,1080.74,1180.39,1,bancassurance
8258,20230316,101,2,3142.02,3219.58,2,bancassurance
10714,20250905,130,2,2318.47,3298.81,2,tied_agency
8215,20250203,100,5,696.22,1014.4,2,bancassurance
1356,20250217,21,1,4453.65,5529.03,1,tied_agency
5184,20230417,64,1,4169.79,4358.46,2,tied_agency
3934,20230811,50,5,917.18,848.97,1,bancassurance
12528,20230116,157,3,1776.65,1853.5,2,bancassurance
9980,20251006,124,2,1268.69,1288.52,2,bancassurance
4045,20240304,51,4,1604.04,2132.84,1,tied_agency
1052,20241115,18,1,2486.85,3492.85,2,tied_agency
362,20231204,8,1,1826.81,2657.6,2,bancassurance
5631,20251021,68,3,908.96,1131.77,1,tied_agency
13693,20240725,169,6,1380.76,1362.18,1,tied_agency
761,20241107,13,6,1492.72,1615.63,1,bancassurance
13483,20231218,167,3,798.27,787.63,2,bancassurance
8381,20250101,101,5,835.1,795.58,2,bancassurance
8696,20250429,104,1,4729.82,5662.53,2,bancassurance
11006,20240930,134,6,6743.68,6943.59,1,bancassurance
5361,20230424,66,3,1627.89,2251.02,2,bancassurance
15138,20240612,186,4,1127.8,1224.29,2,tied_agency
14145,20230821,9003,3,2574.66,3474.8,1,tied_agency
5869,20240715,71,3,1758.04,2160.54,2,tied_agency
7840,20250609,96,4,1986.35,2745.59,2,tied_agency
15554,20250224,191,5,312.14,457.2,2,tied_agency
731,20231116,13,3,2439.13,2299.69,1,bancassurance
11897,20240422,149,3,1671.18,1552.27,1,bancassurance
10461,20251001,128,4,2738.93,3315.82,1,tied_agency
880,20241129,15,1,3225.75,3507.31,1,tied_agency
10611,20231009,9008,4,1989.65,2278.15,1,tied_agency
10155,20240520,126,3,1050.7,1257.99,2,bancassurance
9277,20230424,116,1,3903.34,4642.71,1,bancassurance
15358,20240716,189,3,815.31,759.73,2,bancassurance
7698,20230306,96,4,2573.65,3514.24,1,tied_agency
11413,20230818,140,2,995.59,1481.59,1,bancassurance
15940,20250205,197,1,2271.93,2541.97,2,tied_agency
13211,20231206,164,1,3589.37,3882.51,1,tied_agency
2385,20250310,31,2,3465.45,4855.88,1,tied_agency
463,20241227,9,3,2742.58,2501.62,2,bancassurance
2852,20250623,36,3,2196.85,3187.3,2,bancassurance
5900,20250821,71,3,1281.58,1679.38,2,tied_agency
3118,20250501,38,6,1910.2,1876.42,1,bancassurance
12729,20230821,158,3,2380.7,2432.31,1,tied_agency
1564,20230918,9003,3,2394.29,2716.65,2,bancassurance
3017,20250617,37,1,2318.16,2803.89,1,tied_agency
13187,20250911,163,6,2353.65,3088.25,2,tied_agency
4144,20231009,52,1,2654.48,2432.54,1,tied_agency
10804,20240201,132,1,2393.44,2496.57,1,tied_agency
11600,20240219,144,5,619.4,787.39,1,bancassurance
12091,20240722,151,2,3122.26,2932.98,2,bancassurance
4630,20251022,58,5,1110.01,1444.81,2,tied_agency
3665,20230918,47,4,2172.51,2253.91,2,tied_agency
13667,20231106,169,3,669.2,967.53,2,tied_agency
11857,20230804,149,5,984.75,1155.92,2,bancassurance
14771,20250303,183,2,2140.29,2847.87,2,tied_agency
14119,20251223,176,5,973.89,977.71,1,bancassurance
6759,20250430,82,4,626.81,861.77,1,bancassurance
2104,20250521,28,4,1006.67,1065.62,2,bancassurance
3913,20251230,49,5,570.71,572.09,2,tied_agency
5210,20240327,64,6,5317.11,7591.43,1,tied_agency
7915,20240401,97,4,2073.21,1923.69,1,bancassurance
30,20240109,9010,5,1129.08,1578.09,1,tied_agency
13709,20250212,169,5,810.34,1189.58,2,tied_agency
12322,20230214,154,2,4255.92,6225.91,2,tied_agency
14168,20240701,177,5,609.45,577.46,2,tied_agency
6389,20231229,78,5,285.2,281.81,2,tied_agency
2719,20240115,35,2,2825.01,2964.64,1,tied_agency
3953,20240305,50,2,3610.97,4434.7,2,bancassurance
12286,20241119,153,5,697.37,1008.35,2,bancassurance
15404,20230202,190,2,800.66,736.45,1,tied_agency
5801,20250307,70,4,819.64,1069.07,1,tied_agency
2312,20251021,29,1,4686.24,5463.78,1,tied_agency
12944,20231129,9007,4,2218.67,2996.87,2,bancassurance
8112,20240722,99,2,2237.99,3326.82,2,bancassurance
12165,20231211,152,5,694.43,671.23,1,bancassurance
8388,20250306,101,5,1135.67,1481.63,1,bancassurance
5482,20240226,67,5,1065.15,1210.64,2,tied_agency
7104,20250505,85,2,3760.39,5262.06,1,tied_agency
10266,20240103,127,3,2077.55,2373.43,2,bancassurance
420,20230331,9,1,4355.22,6168.74,1,bancassurance
9226,20240627,115,6,7787.29,8985.31,1,tied_agency
5872,20240805,71,5,564.13,768.88,1,tied_agency
5456,20230327,67,4,2847.08,3199.31,2,tied_agency
4646,20230424,60,6,7973.57,10005.99,1,tied_agency
12249,20230929,153,6,3329.78,3277.68,1,bancassurance
4400,20230503,56,2,4052.76,4413.97,1,tied_agency
3434,20251223,43,5,1066.93,1551.84,1,tied_agency
6288,20230630,76,2,4777.71,4886.18,2,tied_agency
13074,20230104,162,2,4667.87,6624.83,1,bancassurance
11029,20251001,134,6,7506.92,10858.59,2,bancassurance
5839,20230605,71,6,2769.22,3551.51,2,tied_agency
1211,20250825,20,5,1150.9,1260.18,1,tied_agency
1681,20250707,24,6,7187.9,7607.84,2,bancassurance
9082,20240418,113,2,4249.99,5456.87,2,tied_agency
12048,20230424,151,5,394.23,557.13,2,bancassurance
1087,20251215,18,1,878.99,1046.48,1,tied_agency
2075,20241111,28,6,2246.81,2585.84,2,bancassurance
13430,20250224,166,2,4642.19,5246.57,1,tied_agency
2589,20241223,33,6,2302.45,2470.16,1,bancassurance
793,20251107,13,4,612.19,851.5,2,bancassurance
2289,20250616,9004,4,2120.94,3016.97,1,tied_agency
433,20230925,9,4,2471.82,3081.95,1,bancassurance
4031,20231101,51,3,797.78,1100.13,1,tied_agency
7215,20230227,88,1,3632.51,4659.86,2,bancassurance
8722,20250904,104,3,580.86,860.5,1,bancassurance
4475,20241118,56,6,7526.84,9651.93,2,tied_agency
13946,20251222,173,4,1005.51,1023.38,1,tied_agency
14914,20240520,184,2,1543.86,1403.18,2,bancassurance
14323,20230927,180,1,4656.51,4977.34,1,tied_agency
13587,20240422,168,6,5062.54,6109.63,2,tied_agency
8918,20250224,109,5,209.15,191.19,1,bancassurance
366,20240301,8,6,7204.9,9819.26,2,bancassurance
6188,20230525,9004,2,4308.29,6413.25,2,tied_agency
9937,20250127,124,2,1924.88,2260.26,2,bancassurance
8817,20231102,107,5,423.29,573.18,1,bancassurance
16035,20230413,199,5,341.6,372.37,2,bancassurance
1669,20250505,24,2,3316.45,4371.16,2,bancassurance
4425,20231127,56,5,899.29,859.36,2,tied_agency
2224,20240513,29,3,2329.76,2839.42,1,tied_agency
2282,20250516,29,6,2108.12,2699.1,2,tied_agency
15535,20240624,191,5,391.01,501.27,2,tied_agency
5310,20240719,65,4,2669.04,2743.58,1,tied_agency
11970,20250812,149,6,6838.34,7344.4,1,bancassurance
1696,20251125,24,6,7542.74,7386.66,1,bancassurance
6173,20230105,9005,1,3324.09,3816.71,1,tied_agency
4610,20250307,58,5,982.94,1394.81,2,tied_agency
1170,20251023,19,6,3890.73,5465.3,2,tied_agency
4254,20251006,52,2,4292.2,5004.84,2,tied_agency
5708,20250403,69,6,1416.07,1299.87,2,tied_agency
2482,20240701,32,5,348.85,485.39,1,tied_agency
8765,20251103,105,5,342.32,449.53,1,bancassurance
3239,20230417,40,5,1024.87,1451.59,1,tied_agency
3038,20251007,37,3,1858.67,1881.3,1,tied_agency
14484,20230421,182,2,3708.0,3822.3,1,tied_agency
218,20231011,9004,5,797.92,1040.1,1,bancassurance
11839,20230413,149,2,1806.85,1680.04,2,bancassurance
4229,20250424,52,1,2134.74,2268.25,1,tied_agency
7302,20251225,88,6,2709.2,3694.62,2,bancassurance
10225,20250717,126,2,4556.01,6575.68,2,bancassurance
13459,20230320,167,5,357.6,414.75,1,bancassurance
12775,20250310,158,2,4306.57,5268.08,2,tied_agency
15833,20240802,195,6,7009.47,7480.6,1,bancassurance
8866,20240318,108,3,1483.0,1349.56,1,bancassurance
1119,20240618,19,1,3189.19,3808.95,2,tied_agency
11109,20230320,137,1,1041.02,1002.23,2,bancassurance
16065,20250819,199,6,1475.15,1488.53,2,bancassurance
11691,20250609,146,6,6676.38,9552.07,1,bancassurance
4473,20241021,56,6,7572.78,10986.14,1,tied_agency
12147,20230406,152,4,2163.51,2557.42,1,bancassurance
5447,20251027,66,6,6249.14,8570.41,2,bancassurance
1369,20250411,21,3,1117.88,1323.73,1,tied_agency
3654,20230505,47,2,2162.11,2923.72,1,tied_agency
12568,20230703,157,3,1402.72,1777.38,1,bancassurance
15301,20250804,187,4,1786.1,2305.24,1,bancassurance
10388,20240822,128,4,2103.67,3082.44,2,tied_agency
3938,20230920,50,2,3698.87,4460.08,2,bancassurance
170,20240813,4,3,804.69,1050.9,2,tied_agency
11235,20240619,9011,2,2176.52,3071.95,2,tied_agency
3805,20250728,48,2,3369.28,4107.62,1,tied_agency
2164,20230505,29,1,1610.35,2184.88,2,tied_agency
1142,20250120,19,3,2842.91,3467.3,2,tied_agency
2926,20231130,37,5,1070.3,1313.94,2,tied_agency
7264,20240930,88,2,1854.18,2758.68,1,bancassurance
14786,20250602,183,3,1829.91,2091.66,1,tied_agency
267,20241003,6,5,712.44,685.35,2,tied_agency
12707,20251203,157,5,522.61,555.34,2,bancassurance
4860,20250303,61,4,2790.12,3405.86,2,bancassurance
14043,20230508,176,2,1147.71,1267.73,2,bancassurance
13155,20251024,162,4,585.53,825.51,2,bancassurance
2240,20240819,29,5,620.76,780.38,2,tied_agency
11097,20250319,136,3,2432.65,3598.37,2,tied_agency
7362,20230816,90,6,3167.11,2996.18,1,bancassurance
15848,20250217,195,6,5540.09,5185.13,1,bancassurance
860,20240311,15,6,2971.39,4083.04,2,tied_agency
5358,20230327,66,6,7634.08,8700.26,2,bancassurance
4357,20231225,9003,5,346.87,385.5,2,bancassurance
6532,20250717,79,6,4634.8,6246.17,2,bancassurance
403,20250715,8,2,4614.88,4914.8,1,bancassurance
3923,20230316,50,1,3228.11,4086.31,1,bancassurance
885,20241220,15,5,444.83,419.36,2,tied_agency
7511,20250929,91,4,1816.52,2256.99,1,bancassurance
6035,20240304,73,3,2919.5,2806.47,1,tied_agency
16001,20240927,198,5,627.23,860.36,1,bancassurance
14457,20251020,181,6,5008.86,7139.37,2,tied_agency
9034,20250822,112,6,5260.49,6960.09,1,bancassurance
14481,20230322,182,6,2377.83,3009.13,1,tied_agency
3030,20250924,37,6,3800.58,4966.38,1,tied_agency
6586,20231214,9001,4,2503.55,3692.56,1,bancassurance
3387,20240402,43,5,808.24,838.42,1,tied_agency
11339,20240524,139,2,3043.5,4437.88,2,bancassurance
9541,20231226,122,3,1482.7,1485.55,1,tied_agency
9556,20240422,122,2,2412.63,3293.14,1,tied_agency
1732,20250120,25,5,911.41,961.38,2,tied_agency
2970,20240724,37,2,2761.75,3372.06,1,tied_agency
8601,20231016,104,5,478.31,708.96,2,bancassurance
4925,20230907,62,1,3685.84,5160.85,1,tied_agency
9597,20250724,122,5,617.62,916.2,2,tied_agency
2668,20250109,34,5,250.03,226.71,1,tied_agency
9705,20240605,123,5,285.72,413.59,1,tied_agency
13500,20240704,167,4,2720.58,3886.83,2,bancassurance
15402,20230109,190,4,2047.88,2946.18,2,tied_agency
4857,20250220,61,1,3853.8,4808.08,1,bancassurance
14421,20241003,181,6,3849.57,5232.57,1,tied_agency
3543,20250918,45,3,1110.71,1424.29,2,tied_agency
1235,20230522,21,6,4407.06,5601.81,2,tied_agency
7983,20230619,98,1,4643.58,5724.36,1,bancassurance
6317,20240226,76,3,1603.24,1884.98,1,tied_agency
11625,20250116,144,4,1428.11,1516.88,2,bancassurance
13279,20230315,165,4,1356.81,1862.94,2,tied_agency
8982,20240715,111,6,5011.98,5552.98,2,bancassurance
10164,20240815,126,1,2120.86,2413.98,1,bancassurance
10084,20230124,126,5,615.32,710.81,2,bancassurance
1473,20240311,23,1,1082.79,1116.5,2,bancassurance
12672,20250502,157,1,3977.53,5365.98,2,bancassurance
14153,20231204,177,1,1759.75,2368.71,1,tied_agency
3707,20250219,47,6,7613.25,8032.64,2,tied_agency
14438,20250312,181,3,2719.13,3179.99,2,tied_agency
13181,20250424,163,6,7009.57,7664.42,1,tied_agency
8236,20250909,100,4,1587.95,2262.96,1,bancassurance
14766,20250221,183,3,2048.52,2979.65,2,tied_agency
8079,20231024,99,5,628.24,880.39,2,bancassurance
14815,20251201,183,2,2687.87,3874.89,1,tied_agency
5396,20240412,66,3,2467.83,2327.57,2,bancassurance
8451,20250108,102,2,2640.83,3841.07,2,bancassurance
331,20230119,8,3,2570.86,2834.77,1,bancassurance
6823,20240716,83,3,2334.94,2454.22,1,bancassurance
3056,20230424,38,6,3641.04,4308.67,2,bancassurance
9943,20250210,124,5,1140.5,1663.12,2,bancassurance
11334,20240401,139,6,7656.36,9130.26,2,bancassurance
7412,20250611,90,4,2576.17,3218.22,1,bancassurance
9984,20251119,124,3,1739.4,2412.04,2,bancassurance
12370,20240731,154,3,2708.04,3387.57,1,tied_agency
4496,20250311,56,1,2178.67,2312.09,1,tied_agency
14391,20231030,181,6,6928.12,8050.42,1,tied_agency
12453,20230424,156,1,1459.27,1870.91,1,bancassurance
7251,20240429,88,4,2103.86,2103.9,1,bancassurance
6084,20230116,74,1,2337.1,2409.73,2,tied_agency
3196,20250117,39,3,1402.47,1459.98,2,bancassurance
15329,20230814,189,6,7213.42,10004.98,1,bancassurance
4884,20250806,61,2,3741.38,4249.28,2,bancassurance
11318,20230821,139,5,414.28,503.36,1,bancassurance
10112,20230712,126,1,4127.82,3908.19,2,bancassurance
3754,20231130,48,1,3413.65,4777.21,1,tied_agency
12394,20250422,154,5,935.7,1293.85,2,tied_agency
4845,20241230,61,3,2211.24,2773.35,2,bancassurance
5747,20230522,70,4,1320.31,1962.02,2,tied_agency
652,20240528,12,6,3786.91,3721.93,1,bancassurance
6441,20250929,78,5,366.1,496.54,2,tied_agency
9287,20231211,116,4,552.55,613.72,1,bancassurance
1143,20250107,19,5,926.62,867.25,2,tied_agency
2658,20241004,34,2,2173.64,2295.81,2,tied_agency
375,20240603,8,2,1737.38,2101.3,2,bancassurance
6375,20230717,78,1,4025.57,4368.0,1,tied_agency
9701,20240508,123,5,983.27,1403.37,1,tied_agency
10444,20250730,9003,6,7629.0,11393.87,2,tied_agency
284,20251230,6,5,600.81,723.36,2,tied_agency
13876,20230721,173,4,843.59,1036.89,1,tied_agency
15502,20230711,191,5,466.76,491.36,2,tied_agency
12574,20230807,9007,4,2409.16,3116.36,2,bancassurance
7054,20240703,85,2,1815.62,1655.65,1,tied_agency
1133,20241028,19,6,6931.34,9511.81,1,tied_agency
15724,20230712,194,5,855.96,1125.48,1,bancassurance
3003,20250324,37,4,2302.3,2827.31,2,tied_agency
15192,20250602,186,1,3560.5,4127.89,1,tied_agency
9434,20250909,118,6,2680.43,2923.68,1,bancassurance
8329,20240401,101,4,2458.57,2688.37,2,bancassurance
2614,20230321,34,4,1726.27,2544.72,1,tied_agency
2785,20230320,36,4,2282.67,2084.37,2,bancassurance
8749,20240614,105,4,2129.31,3162.79,1,bancassurance
2890,20230419,37,5,863.31,1034.23,1,tied_agency
4364,20240613,55,5,328.81,371.65,1,bancassurance
390,20241205,8,2,4075.74,5098.04,1,bancassurance
2309,20251015,29,6,4928.85,5349.19,1,tied_agency
9906,20240809,9009,4,1013.74,1071.07,1,bancassurance
8201,20240919,9009,3,2928.52,4233.74,2,bancassurance
3143,20230417,39,6,7489.74,7275.51,1,bancassurance
2906,20230714,37,3,2633.77,3623.01,1,tied_agency
5344,20251201,65,6,5311.02,4834.95,1,tied_agency
15976,20240101,198,3,2798.37,3706.11,2,bancassurance
484,20250821,9,3,2140.3,3149.05,2,bancassurance
11469,20250715,140,5,256.84,287.78,1,bancassurance
14266,20240809,179,2,3232.33,3413.15,2,tied_agency
12149,20230512,152,5,565.64,529.92,1,bancassurance
16123,20240821,200,4,1300.83,1387.17,2,tied_agency
5728,20251103,69,1,2060.85,1906.14,1,tied_agency
8533,20250606,103,6,5028.82,7024.42,2,tied_agency
12137,20230109,152,5,890.49,963.06,2,bancassurance
444,20240115,9,4,2609.42,2831.25,2,bancassurance
11191,20250915,137,4,1996.42,2665.35,2,bancassurance
9644,20230710,123,4,2132.47,2724.25,2,tied_agency
6316,20240216,76,3,1968.51,1840.87,2,tied_agency
5536,20230126,68,6,7112.72,8274.04,1,tied_agency
14207,20250818,9011,1,1195.46,1758.98,1,tied_agency
6151,20250519,74,1,4848.19,7037.65,1,tied_agency
9850,20231019,124,5,232.88,334.81,2,bancassurance
2509,20241230,32,2,4749.15,6135.91,2,tied_agency
6194,20230707,75,6,1822.8,2088.16,1,tied_agency
8241,20251124,100,5,311.7,316.63,2,bancassurance
6587,20231222,80,2,2366.65,3507.5,2,bancassurance
15490,20230228,191,4,2127.74,2756.82,2,tied_agency
13237,20241001,164,1,4660.38,5393.58,1,tied_agency
4689,20240812,60,3,2942.02,3868.25,1,tied_agency
3173,20240422,39,5,494.16,634.0,1,bancassurance
3048,20251202,9009,6,7150.18,6966.19,1,tied_agency
4074,20250428,51,4,2630.75,3065.35,2,tied_agency
14219,20251224,177,4,847.71,840.38,2,tied_agency
11861,20230828,149,2,3776.4,4847.87,1,bancassurance
12415,20230210,155,1,990.83,1142.88,2,tied_agency
12412,20251215,154,6,3010.59,3042.53,1,tied_agency
4378,20251021,55,5,695.71,689.72,2,bancassurance
2111,20250716,28,5,369.26,523.94,1,bancassurance
4816,20240731,61,3,2535.8,3122.91,2,bancassurance
3755,20231120,48,3,625.12,697.54,1,tied_agency
8617,20240118,104,3,996.27,1062.97,1,bancassurance
6564,20230530,9004,4,2279.61,2107.82,2,bancassurance
2214,20240318,29,5,1007.13,1455.23,2,tied_agency
2119,20250908,28,2,2983.74,2902.84,2,bancassurance
8561,20230227,104,4,2594.64,3639.29,2,bancassurance
7743,20240116,96,3,820.37,1173.99,2,tied_agency
13256,20250602,9001,1,2203.97,3193.19,2,tied_agency
755,20240902,13,2,1249.63,1268.34,2,bancassurance
13980,20240126,174,6,5648.64,5152.94,2,bancassurance
13721,20250811,169,3,2464.63,3080.05,1,tied_agency
14403,20240219,181,6,3084.89,3616.9,1,tied_agency
15953,20230206,198,6,7533.83,11084.63,1,bancassurance
14679,20230710,183,6,2304.84,3202.17,2,tied_agency
13804,20250311,170,2,3477.83,4980.27,1,tied_agency
6559,20230327,80,5,623.22,832.64,2,bancassurance
3171,20240311,39,6,3398.42,3822.26,1,bancassurance
16015,20250428,198,6,4268.09,4029.38,1,bancassurance
8744,20240212,105,3,1247.92,1174.99,2,bancassurance
6119,20240606,74,6,3885.18,5383.86,1,tied_agency
11291,20251103,138,3,2639.6,3132.42,1,tied_agency
8439,20230724,102,4,1985.5,2115.2,2,bancassurance
9289,20240101,116,2,3067.51,2972.16,2,bancassurance
1114,20240311,19,3,2155.23,2573.67,2,tied_agency
15397,20250909,189,3,2554.15,3678.08,2,bancassurance
1602,20240415,24,1,3032.17,3973.32,1,bancassurance
3299,20250908,40,2,1306.08,1179.76,1,tied_agency
5070,20240329,63,2,1130.41,1506.76,1,bancassurance
2021,20240222,28,3,1925.91,2691.43,2,bancassurance
15608,20240703,192,6,1737.21,2392.06,2,tied_agency
2469,20240506,32,1,3527.51,4222.38,2,tied_agency
7117,20250729,85,5,246.96,315.2,2,tied_agency
2682,20251117,34,1,3311.81,3887.25,1,tied_agency
5962,20240718,72,2,2319.51,2390.28,2,bancassurance
6817,20240411,83,2,4580.94,5724.43,1,bancassurance
15061,20230112,186,5,373.47,367.97,2,tied_agency
9809,20230227,124,6,6954.53,6925.05,2,bancassurance
12193,20241023,152,3,1138.78,1144.62,2,bancassurance
13439,20250616,166,2,4331.05,5606.78,2,tied_agency
14277,20250106,179,3,872.52,791.33,1,tied_agency
10105,20230607,126,5,493.89,710.94,1,bancassurance
6438,20250815,9004,4,1888.99,1996.57,1,tied_agency
9646,20230823,123,3,2610.6,3800.41,1,tied_agency
489,20250922,9,6,5993.59,7862.34,2,bancassurance
5351,20251222,65,1,2250.1,2336.14,2,tied_agency
14278,20250123,179,3,904.26,1038.7,1,tied_agency
2045,20240708,28,3,818.63,1079.08,2,bancassurance
1835,20240712,26,5,583.05,594.61,2,tied_agency
9025,20250217,112,5,1034.6,1328.48,2,bancassurance
1626,20240819,24,3,2785.11,2923.97,1,bancassurance
9077,20240119,113,6,4156.25,4417.46,2,tied_agency
13546,20230217,168,5,658.1,798.35,2,tied_agency
1458,20230706,23,2,2777.31,2964.74,1,bancassurance
4562,20230907,58,3,1294.43,1197.79,2,tied_agency
873,20240826,15,5,502.32,485.91,1,tied_agency
15612,20250206,192,2,2302.79,2791.96,1,tied_agency
13679,20240205,169,1,3491.49,3946.56,1,tied_agency
7384,20240805,90,5,931.77,1074.49,1,bancassurance
6677,20230131,82,1,4102.42,3718.57,2,bancassurance
11888,20240206,149,5,632.9,725.01,2,bancassurance
15449,20240913,190,5,1193.0,1739.3,1,tied_agency
8797,20250324,106,3,1210.83,1381.91,1,tied_agency
14919,20240701,184,5,891.21,955.85,1,bancassurance
1347,20241223,21,5,281.15,400.93,1,tied_agency
3658,20230619,9001,5,1190.39,1684.21,1,tied_agency
7902,20231116,97,3,711.18,841.95,1,bancassurance
1764,20230612,26,4,2685.4,3495.02,2,tied_agency
3278,20250114,40,4,1565.5,1963.9,1,tied_agency
13001,20241028,161,1,4018.81,5305.16,2,bancassurance
3233,20230227,40,6,3545.85,5242.51,1,tied_agency
5280,20230710,9004,5,472.61,506.69,2,tied_agency
14987,20250606,184,2,1123.11,1161.01,1,bancassurance
13209,20231113,164,5,828.64,975.23,1,tied_agency
12231,20230109,153,6,2328.56,2855.1,1,bancassurance
7263,20240805,88,3,1310.7,1334.22,1,bancassurance
8144,20250808,99,3,1788.61,2399.94,2,bancassurance
4176,20240426,52,5,207.86,259.97,1,tied_agency
1583,20240118,9001,4,2532.17,2308.95,2,bancassurance
4439,20240205,56,1,2325.87,3455.62,2,tied_agency
8218,20250214,100,6,5138.5,6693.13,2,bancassurance
7582,20250414,92,3,2451.83,3087.65,2,tied_agency
12338,20230925,154,2,2529.98,3001.79,1,tied_agency
13072,20251218,161,3,2618.56,2883.37,2,bancassurance
15576,20250811,191,2,2529.24,2388.46,2,tied_agency
13437,20250516,166,4,704.29,935.93,2,tied_agency
10039,20240619,125,4,677.57,900.04,1,bancassurance
981,20241226,17,5,999.18,1031.5,1,tied_agency
4466,20240902,56,5,565.17,532.73,1,tied_agency
5583,20240311,68,1,3837.27,4579.62,2,tied_agency
9521,20230203,122,3,535.64,500.49,1,tied_agency
6633,20250623,80,1,2025.73,1929.85,2,bancassurance
3389,20240514,43,2,4845.77,6681.91,2,tied_agency
10400,20241007,128,5,1043.33,965.08,2,tied_agency
12711,20251216,157,1,2829.1,3417.36,1,bancassurance
6345,20250603,76,4,1979.77,2767.92,2,tied_agency
11335,20240412,139,4,2401.13,3535.85,2,bancassurance
2790,20230420,36,1,3769.84,3751.94,1,bancassurance
10338,20231013,128,5,892.92,1070.48,2,tied_agency
11285,20251006,138,1,1023.55,976.31,1,tied_agency
10389,20240816,128,3,1775.87,1924.39,1,tied_agency
9563,20240717,122,3,1120.84,1440.63,1,tied_agency
12550,20230504,157,5,903.47,937.86,1,bancassurance
14998,20250731,184,6,7471.19,8617.9,1,bancassurance
4080,20250721,9003,1,1433.43,1579.31,2,tied_agency
7065,20240918,85,6,2752.35,3243.33,1,tied_agency
7482,20240916,91,2,3654.22,3317.17,1,bancassurance
5663,20231106,69,1,3389.18,4828.54,2,tied_agency
81,20251015,2,3,709.69,706.98,1,tied_agency
15693,20250523,193,5,861.96,1264.9,1,bancassurance
5196,20230920,64,6,4794.0,4985.58,2,tied_agency
10971,20230831,134,2,4929.37,6730.75,1,bancassurance
1121,20240722,19,4,1977.61,2228.13,2,tied_agency
2798,20230807,36,4,1883.6,2112.19,1,bancassurance
16127,20240903,200,2,1459.07,1835.25,2,tied_agency
5751,20230703,70,6,7787.69,9881.97,1,tied_agency
2839,20250120,36,6,7939.19,7389.58,2,bancassurance
11892,20240304,149,2,4052.5,5811.53,2,bancassurance
4870,20250521,61,1,2422.8,3381.12,2,bancassurance
9967,20250729,124,3,1390.94,2027.03,1,bancassurance
6598,20240523,80,4,1212.59,1115.32,1,bancassurance
15171,20250121,186,3,2015.82,2116.29,2,tied_agency
11872,20231123,149,4,2660.97,3844.12,1,bancassurance
7426,20251218,90,1,3831.69,3995.03,2,bancassurance
11423,20231113,140,1,4607.74,4872.33,2,bancassurance
3897,20250714,49,2,840.5,1173.61,1,tied_agency
3276,20241218,40,3,2035.63,2417.49,2,tied_agency
7254,20240514,88,5,311.24,462.88,2,bancassurance
1822,20240506,26,3,2083.88,2439.24,1,tied_agency
1643,20241209,9005,3,1750.0,2380.75,1,bancassurance
4499,20250414,56,1,923.71,1228.51,2,tied_agency
6117,20240429,74,2,965.62,1037.08,2,tied_agency
10127,20231102,126,1,2099.46,1989.23,2,bancassurance
2146,20230215,29,6,2000.19,2324.91,2,tied_agency
12608,20240311,157,1,2594.41,3811.59,1,bancassurance
6428,20250402,78,4,2757.56,3447.01,1,tied_agency
5056,20231102,63,5,890.51,1264.45,2,bancassurance
5617,20250526,68,2,3376.21,4196.0,1,tied_agency
1387,20250908,21,2,4901.35,6294.96,1,tied_agency
13961,20230522,174,2,4535.83,4444.79,2,bancassurance
3961,20240711,50,6,2659.91,3720.84,2,bancassurance
864,20240416,15,4,2493.14,3209.65,1,tied_agency
13469,20230719,167,2,2387.51,2857.8,1,bancassurance
8572,20230420,104,6,1340.83,1577.77,2,bancassurance
12679,20250623,157,4,2461.99,2475.8,2,bancassurance
1162,20250701,19,4,2289.18,3188.41,1,tied_agency
13464,20230515,167,1,1258.16,1502.52,1,bancassurance
9153,20240401,9011,4,2242.84,2638.63,1,tied_agency
10390,20240930,128,4,1451.41,1502.24,1,tied_agency
12967,20240320,161,4,1546.94,1607.27,1,bancassurance
11000,20240712,134,1,4926.99,4693.35,1,bancassurance
2344,20240527,30,4,2025.08,3029.05,1,tied_agency
1759,20230411,26,4,1416.83,1993.34,2,tied_agency
8090,20240101,99,6,5341.07,5349.03,2,bancassurance
9488,20240229,9005,3,990.07,951.87,1,tied_agency
1843,20240823,9006,5,417.46,516.22,1,tied_agency
9977,20250929,124,2,3426.87,3640.14,1,bancassurance
4160,20240112,52,2,1041.64,1146.6,1,tied_agency
10373,20240527,128,1,2266.75,2936.75,2,tied_agency
9195,20230717,115,5,763.83,888.53,2,tied_agency
13543,20230220,168,6,1249.43,1743.46,2,tied_agency
5638,20251203,68,4,1251.53,1466.76,2,tied_agency
12179,20240610,152,1,4084.61,5639.63,1,bancassurance
6012,20230628,73,1,4515.95,4464.82,2,tied_agency
11253,20241125,138,1,2118.84,2746.32,2,tied_agency
9717,20240826,123,2,1302.49,1537.92,2,tied_agency
2902,20230713,37,3,2472.5,2749.28,1,tied_agency
1385,20250804,21,5,786.44,1027.86,1,tied_agency
10152,20240408,126,1,2668.61,2596.97,1,bancassurance
4554,20230630,58,1,4503.97,4859.69,2,tied_agency
8946,20250114,110,5,223.08,284.74,1,bancassurance
651,20240510,12,5,754.91,794.37,2,bancassurance
16091,20231023,200,1,2267.89,3247.17,1,tied_agency
214,20230703,5,2,1665.54,1599.81,2,bancassurance
10650,20240619,130,1,4268.28,5353.95,1,tied_agency
471,20250224,9008,1,2717.08,3941.99,1,bancassurance
6105,20231023,74,5,450.51,453.04,1,tied_agency
3618,20250428,46,6,4811.23,4894.21,1,bancassurance
13633,20251022,168,5,385.65,550.34,1,tied_agency
9819,20230306,124,2,2085.89,1898.15,1,bancassurance
10008,20230613,125,3,1203.38,1725.57,2,bancassurance
4535,20251120,56,3,1668.85,2482.79,2,tied_agency
7777,20240712,9006,5,398.37,369.26,1,tied_agency
721,20230814,13,2,1485.73,1994.25,2,bancassurance
1263,20230926,21,6,1352.95,1985.81,2,tied_agency
10485,20230627,129,2,2567.4,3286.46,1,tied_agency
14780,20250409,183,2,3805.88,3676.68,1,tied_agency
10924,20250224,9009,5,1159.39,1694.77,1,tied_agency
7323,20250221,89,3,1229.69,1170.79,2,bancassurance
11089,20240404,136,3,1259.75,1782.49,1,tied_agency
16122,20240812,200,1,4026.82,4322.17,1,tied_agency
6594,20240205,80,5,881.65,921.8,2,bancassurance
8053,20251111,98,4,1992.78,2164.48,1,bancassurance
855,20231225,15,2,3380.02,4048.72,2,tied_agency
5147,20250612,63,4,1859.76,2722.64,2,bancassurance
12737,20240101,158,4,2874.96,3870.53,2,tied_agency
6949,20250708,84,1,1139.23,1402.91,1,bancassurance
15458,20250106,190,3,1282.66,1249.26,2,tied_agency
15836,20240912,195,6,7443.83,10039.42,1,bancassurance
8816,20231018,9009,5,833.7,1051.33,2,bancassurance
5935,20230811,72,3,1424.29,1975.16,2,bancassurance
11901,20240416,149,6,4005.9,4904.72,1,bancassurance
4696,20241007,60,2,4450.06,5572.65,1,tied_agency
301,20240129,7,2,2721.71,2877.97,2,tied_agency
6430,20250515,78,3,1891.87,2757.64,1,tied_agency
1963,20230203,28,4,1568.78,1765.93,1,bancassurance
11180,20250414,137,6,1388.84,1926.47,2,bancassurance
1371,20250502,21,6,4125.19,4021.63,1,tied_agency
3646,20230123,47,3,1408.98,1668.53,1,tied_agency
8281,20230711,101,5,595.66,822.14,1,bancassurance
8787,20240515,106,2,905.72,926.54,2,tied_agency
5175,20251215,63,4,2653.93,2539.35,1,bancassurance
12433,20241216,155,4,1906.26,2705.13,1,tied_agency
11501,20241216,141,6,5370.73,7551.09,1,bancassurance
8404,20250625,9008,1,3577.94,4050.05,1,bancassurance
10573,20230322,130,5,905.93,1145.49,1,tied_agency
10394,20240912,128,3,631.59,718.02,2,tied_agency
12486,20240605,156,1,1692.52,1829.71,1,bancassurance
4096,20230201,52,1,4191.87,3854.26,1,tied_agency
6070,20250710,9003,5,621.33,851.6,2,tied_agency
351,20230926,8,3,2115.42,2898.72,1,bancassurance
6531,20250714,79,3,1114.26,1636.77,2,bancassurance
14074,20240618,176,4,891.91,1237.29,2,bancassurance
4046,20240325,51,5,337.95,482.84,1,tied_agency
13749,20230830,170,4,2610.09,2862.6,1,tied_agency
6472,20230915,79,5,998.44,1238.63,1,bancassurance
329,20230103,8,6,5649.01,6298.27,2,bancassurance
575,20240903,9007,4,2474.77,3044.2,2,bancassurance
12551,20230524,157,5,495.67,720.42,2,bancassurance
3586,20240502,46,4,2885.12,4114.78,2,bancassurance
7397,20241227,90,6,6072.39,8332.7,2,bancassurance
829,20230202,15,4,916.22,986.45,1,tied_agency
1280,20231101,21,6,6198.88,8960.72,2,tied_agency
4382,20230102,56,2,1780.84,2491.38,2,tied_agency
11586,20230925,144,5,481.45,621.09,2,bancassurance
9511,20250915,121,3,2191.13,3090.14,1,tied_agency
4810,20240515,61,3,1673.83,1918.2,2,bancassurance
4579,20240401,58,4,1549.98,1841.9,1,tied_agency
2749,20241211,35,4,1342.69,1765.44,1,tied_agency
8347,20240708,101,1,4369.59,6226.65,1,bancassurance
7473,20240610,91,5,299.92,305.3,1,bancassurance
7427,20251224,90,3,2063.33,1877.37,1,bancassurance
238,20250716,5,4,2916.27,3747.46,2,bancassurance
2742,20241029,35,4,2037.24,2799.74,2,tied_agency
4683,20240521,60,1,990.42,1290.35,2,tied_agency
14991,20250616,184,4,915.8,972.65,1,bancassurance
4396,20230407,56,5,398.28,474.18,2,tied_agency
602,20251110,11,5,661.27,813.23,1,bancassurance
6115,20240304,74,3,2548.47,2470.96,1,tied_agency
16023,20250814,198,3,2605.71,2707.86,2,bancassurance
15419,20231024,190,2,1291.52,1704.86,2,tied_agency
5887,20250213,71,2,1288.4,1318.12,2,tied_agency
5870,20240802,71,2,2269.33,2411.41,2,tied_agency
4465,20240805,56,1,1350.54,1501.79,2,tied_agency
10702,20250613,130,4,2971.64,3614.16,1,tied_agency
5044,20230926,63,6,3663.01,5281.81,1,bancassurance
5476,20231218,67,6,3905.56,5616.8,2,tied_agency
2879,20230320,37,4,2723.97,4075.55,1,tied_agency
3717,20250819,47,2,842.67,910.98,2,tied_agency
8923,20250811,109,6,4193.2,5067.14,1,bancassurance
15492,20230301,191,3,2121.41,2070.87,2,tied_agency
8985,20241007,111,1,3469.26,4214.92,1,bancassurance
14913,20240502,184,5,519.19,593.91,1,bancassurance
2623,20230817,34,5,669.75,610.57,1,tied_agency
5508,20241224,67,6,1371.56,1688.92,2,tied_agency
7146,20230102,86,4,2744.42,3387.15,2,bancassurance
6100,20230825,74,4,1006.2,1215.22,1,tied_agency
6426,20250416,78,1,2338.7,2933.8,2,tied_agency
7258,20240604,88,3,2411.68,2995.19,2,bancassurance
2241,20240812,29,4,2824.68,2563.51,2,tied_agency
4518,20250714,56,3,1996.86,2643.12,1,tied_agency
8102,20240411,99,2,1813.95,1721.05,2,bancassurance
5167,20251118,63,1,2978.09,2716.77,1,bancassurance
8449,20240820,102,2,4927.24,5676.25,2,bancassurance
7055,20240722,85,1,4164.08,5017.66,1,tied_agency
7591,20250730,92,4,1901.6,2792.1,1,tied_agency
8586,20230726,104,6,2679.83,2540.04,2,bancassurance
10040,20240704,125,3,927.7,1079.34,1,bancassurance
10300,20230116,128,5,1058.98,1208.93,1,tied_agency
8669,20241022,104,5,850.15,1265.82,2,bancassurance
1813,20240315,26,1,3917.83,3832.93,2,tied_agency
2097,20250423,28,3,560.61,716.98,1,bancassurance
7512,20251031,9010,5,355.02,473.72,2,bancassurance
11104,20251203,136,5,525.87,666.77,1,tied_agency
5676,20240417,69,5,348.8,487.84,1,tied_agency
13217,20240304,164,5,293.25,312.46,2,tied_agency
8819,20231211,107,4,1930.43,2026.87,1,bancassurance
11644,20250707,144,3,2592.82,3365.22,2,bancassurance
2777,20230130,36,4,875.96,1255.14,2,bancassurance
11072,20251104,135,3,1944.62,2821.64,2,tied_agency
13799,20250109,170,4,2286.36,2198.53,2,tied_agency
437,20231116,9,3,1985.08,2517.45,1,bancassurance
12581,20231023,157,5,263.4,382.87,2,bancassurance
7955,20250519,97,2,4714.51,6556.38,1,bancassurance
7543,20231030,92,6,5618.77,5259.62,2,tied_agency
5330,20250325,65,5,663.31,931.76,1,tied_agency
6556,20230215,80,2,4457.46,4988.24,2,bancassurance
13559,20230809,168,4,1404.17,1575.82,1,tied_agency
12439,20250818,155,2,2887.02,3972.69,1,tied_agency
4228,20250411,52,1,2286.1,2373.34,2,tied_agency
13788,20240920,170,1,2774.28,3937.39,2,tied_agency
8925,20251027,109,4,2535.43,3389.71,1,bancassurance
5043,20230911,63,4,2195.72,3172.79,1,bancassurance
9197,20230828,115,6,7713.04,10762.54,1,tied_agency
10011,20230724,125,2,2416.48,2501.5,2,bancassurance
3452,20241018,44,4,1549.23,1582.35,1,bancassurance
12825,20231102,160,3,1908.7,2727.87,2,tied_agency
1283,20231211,21,6,3831.54,3901.95,1,tied_agency
11523,20240617,142,5,395.38,357.57,2,bancassurance
10545,20250714,129,1,3792.04,4991.96,1,tied_agency
12110,20250212,9003,2,2572.83,2501.71,2,bancassurance
4609,20250317,58,1,2567.04,2815.38,2,tied_agency
11144,20240315,137,2,4595.38,4139.21,2,bancassurance
14432,20250210,181,6,3234.75,2912.95,1,tied_agency
14832,20230320,184,6,5981.16,5959.91,1,bancassurance
8134,20250409,99,5,203.11,236.94,2,bancassurance
8795,20250129,106,1,2980.15,4412.97,2,tied_agency
14730,20240624,183,1,1261.7,1857.0,2,tied_agency
15562,20250421,191,4,1768.97,2214.85,2,tied_agency
7373,20240109,90,4,2835.56,2958.59,2,bancassurance
7781,20240716,96,4,1432.85,1674.28,2,tied_agency
13539,20251203,167,3,2837.47,3998.26,1,bancassurance
962,20230130,17,6,2754.17,3215.57,2,tied_agency
14445,20250609,181,4,2587.3,3307.77,1,tied_agency
9393,20240826,118,1,2307.44,2790.55,1,bancassurance
3799,20250428,48,4,2095.7,2490.25,2,tied_agency
5649,20230508,69,2,3442.1,4829.11,1,tied_agency
7992,20231010,98,2,3806.04,4232.05,2,bancassurance
341,20230515,8,6,1925.23,1814.52,1,bancassurance
1512,20250923,23,4,914.56,1057.34,2,bancassurance
5401,20240610,66,6,5475.11,5494.44,1,bancassurance
4998,20251020,62,2,4035.32,4585.52,1,tied_agency
5120,20250108,63,4,1631.47,1856.55,1,bancassurance
2147,20230220,29,6,6522.76,8552.78,2,tied_agency
9710,20240722,9007,6,7118.05,7923.22,1,tied_agency
3044,20251107,37,3,1097.04,1590.59,2,tied_agency
12266,20240410,9002,2,3660.36,5236.94,2,bancassurance
2000,20230925,9005,5,416.54,381.72,2,bancassurance
9284,20230918,116,3,2319.85,2802.7,2,bancassurance
7759,20240325,96,5,525.57,699.63,2,tied_agency
14920,20240617,184,6,7085.21,6476.32,2,bancassurance
11295,20251229,138,1,4778.78,5408.16,1,tied_agency
2033,20240508,28,2,4155.83,6177.58,2,bancassurance
5904,20250919,71,3,2421.48,3385.73,1,tied_agency
7106,20250515,85,1,3692.35,3566.02,2,tied_agency
4377,20250710,55,6,7550.49,7115.81,1,bancassurance
3681,20240508,47,2,2590.72,3720.06,1,tied_agency
4631,20251020,58,2,1238.73,1407.32,1,tied_agency
12645,20241018,157,6,7992.08,11654.82,2,bancassurance
12035,20250924,150,5,982.18,1174.47,2,tied_agency
3651,20230328,47,2,2464.99,2742.38,1,tied_agency
11277,20250613,138,4,1014.94,1183.39,2,tied_agency
7945,20250224,97,5,554.66,664.98,2,bancassurance
9903,20240708,124,4,1561.79,1423.82,1,bancassurance
6890,20231016,84,4,2603.7,2594.6,1,bancassurance
13490,20240305,167,2,2872.5,3296.86,1,bancassurance
12837,20240417,160,4,2698.3,2882.55,1,tied_agency
11342,20240624,139,6,7203.08,7000.52,1,bancassurance
6093,20230406,74,1,3148.43,4012.86,2,tied_agency
6901,20240130,84,6,1465.23,1839.04,1,bancassurance
11157,20240812,137,4,1219.22,1207.52,1,bancassurance
11980,20250916,149,2,4642.01,6392.51,2,bancassurance
8537,20250718,103,6,2821.03,3881.53,2,tied_agency
14129,20230321,177,5,589.47,707.1,2,tied_agency
1180,20251223,19,1,4891.34,4984.08,1,tied_agency
7461,20240221,91,6,6550.65,6583.97,1,bancassurance
10187,20241230,126,4,2999.07,3035.37,2,bancassurance
12096,20240812,151,4,2278.04,3111.96,2,bancassurance
14464,20230109,182,6,6581.09,8448.31,2,tied_agency
6054,20241224,73,2,4108.12,5988.33,2,tied_agency
3627,20250731,46,1,1272.2,1293.06,1,bancassurance
9973,20250814,124,3,837.26,1076.31,2,bancassurance
3114,20250424,38,6,3877.94,3824.38,2,bancassurance
5758,20230904,70,1,2431.69,2609.62,2,tied_agency
9024,20250130,112,3,930.99,1094.49,2,bancassurance
15038,20240115,185,2,2487.63,2294.04,2,tied_agency
6622,20250203,80,1,4921.24,6423.66,1,bancassurance
1275,20231103,21,6,6643.73,9740.94,2,tied_agency
5603,20241230,68,3,1838.82,2689.73,2,tied_agency
10095,20230306,9002,3,1669.44,2220.66,1,bancassurance
593,20250703,11,3,2467.23,2666.61,2,bancassurance
6958,20251125,84,2,2393.29,2857.18,1,bancassurance
6661,20240603,81,5,687.43,794.5,2,tied_agency
12795,20251219,158,2,1619.73,2364.56,2,tied_agency
1912,20251124,9008,1,3795.43,3740.72,1,tied_agency
3668,20231124,47,6,3795.08,4715.56,2,tied_agency
7989,20230814,98,5,684.02,988.72,2,bancassurance
15349,20240207,189,3,1503.5,2234.52,1,bancassurance
13987,20240527,174,5,631.17,874.76,1,bancassurance
6758,20250422,82,3,1680.71,1562.64,1,bancassurance
5945,20231211,72,1,4654.29,4376.34,1,bancassurance
16144,20250512,200,1,3564.54,5035.08,2,tied_agency
13372,20230117,166,3,902.37,1089.75,1,tied_agency
11250,20241004,138,4,1763.6,2146.39,1,tied_agency
1188,20231013,20,2,4460.06,6621.58,1,tied_agency
6212,20240226,75,1,3984.64,4679.9,2,tied_agency
8394,20250414,101,4,1946.51,2767.51,2,bancassurance
10810,20240422,132,2,3153.69,3271.43,1,tied_agency
13401,20231221,166,5,1135.84,1230.25,1,tied_agency
848,20230904,15,4,2373.34,2648.92,1,tied_agency
3669,20231226,47,4,658.14,880.79,2,tied_agency
59,20241209,2,4,2772.62,3446.35,2,tied_agency
13590,20240507,168,5,617.35,619.69,1,tied_agency
9268,20251110,9002,5,1113.68,1494.89,1,tied_agency
8126,20241223,99,2,2999.63,3278.75,2,bancassurance
2397,20230117,32,5,430.42,631.98,1,tied_agency
1987,20230724,28,3,2845.93,2912.86,2,bancassurance
5159,20250825,63,1,1709.09,2103.42,1,bancassurance
11882,20231219,149,4,1708.42,2195.0,2,bancassurance
13141,20250421,162,4,1073.01,1060.5,2,bancassurance
3643,20251212,46,2,3820.37,5653.45,1,bancassurance
5170,20251120,63,5,677.06,725.07,2,bancassurance
10001,20230418,125,1,1530.95,2117.24,1,bancassurance
15265,20240603,187,1,2217.56,2311.29,1,bancassurance
2125,20251201,28,5,451.24,531.44,2,bancassurance
15436,20240517,190,5,806.4,1042.47,1,tied_agency
10142,20240207,126,5,521.72,557.12,1,bancassurance
13157,20251216,162,5,659.12,816.64,2,bancassurance
3591,20240621,46,5,616.83,558.31,2,bancassurance
14078,20240812,176,2,2929.43,3239.27,2,bancassurance
13594,20240701,168,6,6521.58,7806.42,1,tied_agency
12821,20231019,160,2,4289.15,4989.83,2,tied_agency
3811,20250924,48,1,822.61,1202.45,1,tied_agency
6284,20230501,76,1,1428.39,2015.89,1,tied_agency
12066,20231006,151,4,2927.21,4071.46,1,bancassurance
7177,20241227,86,1,4698.36,4911.76,2,bancassurance
7289,20250710,88,4,1608.95,1463.37,1,bancassurance
14184,20241216,177,4,2051.0,2735.24,1,tied_agency
13641,20230123,169,4,1303.85,1184.47,1,tied_agency
5968,20240905,72,5,336.33,463.46,2,bancassurance
11425,20231204,140,6,2765.27,4041.33,1,bancassurance
562,20240201,11,4,2520.76,3059.29,2,bancassurance
10479,20230221,129,1,1899.22,1945.8,2,tied_agency
12437,20250702,155,4,2132.82,2257.4,1,tied_agency
3275,20241104,40,1,1391.55,1654.71,2,tied_agency
10248,20251212,126,5,749.11,1118.29,2,bancassurance
6373,20230613,78,2,3356.75,3919.32,1,tied_agency
9044,20230206,113,6,3970.83,4497.3,2,tied_agency
10078,20251225,125,3,854.13,897.78,1,bancassurance
9802,20230102,124,2,972.8,1121.97,2,bancassurance
9784,20250922,123,2,1009.97,1183.35,2,tied_agency
11881,20231218,149,1,4204.31,6036.93,1,bancassurance
1742,20230112,26,1,4762.74,4310.7,2,tied_agency
2760,20250602,35,3,2014.96,2118.77,2,tied_agency
169,20240812,4,6,5934.92,6470.39,2,tied_agency
13173,20240624,163,1,2175.9,2999.24,2,tied_agency
13143,20250512,162,5,590.63,716.1,1,bancassurance
205,20251103,4,3,2250.96,2756.75,1,tied_agency
13566,20231002,168,5,380.26,554.33,1,tied_agency
5323,20241213,65,2,4878.73,6012.55,2,tied_agency
2230,20240624,29,4,1501.85,1517.41,2,tied_agency
5985,20250616,72,6,4282.87,5949.53,2,bancassurance
9538,20231113,122,4,1636.89,2284.04,2,tied_agency
178,20250113,4,6,2396.19,3542.4,2,tied_agency
11986,20251027,149,6,4142.13,5298.85,1,bancassurance
11068,20250818,135,1,2926.25,4197.64,2,tied_agency
3100,20240909,38,5,876.55,1017.23,1,bancassurance
12420,20230807,9006,4,860.53,1065.29,1,tied_agency
7552,20240201,92,1,4161.06,5348.39,2,tied_agency
4196,20240912,52,3,2058.57,2626.66,1,tied_agency
12476,20240312,156,5,1105.7,1463.39,1,bancassurance
15981,20240129,198,2,3751.37,4929.78,1,bancassurance
11609,20240701,144,2,3579.26,3825.29,1,bancassurance
7337,20251222,89,6,7883.78,8568.06,2,bancassurance
7581,20250407,92,3,2185.52,2605.27,2,tied_agency
15750,20240606,194,3,944.07,1350.23,2,bancassurance
8930,20230510,110,1,858.34,812.58,1,bancassurance
6884,20230717,84,1,1769.91,1759.68,1,bancassurance
4840,20241101,61,5,586.87,544.41,1,bancassurance
5915,20230116,72,6,1178.78,1503.95,1,bancassurance
8228,20250606,100,2,4277.92,5620.8,1,bancassurance
15013,20251020,184,5,1186.17,1157.68,2,bancassurance
4277,20231211,53,5,815.5,826.32,1,tied_agency
12065,20231018,151,1,1507.95,1454.25,2,bancassurance
11739,20230222,148,6,5504.95,7400.46,1,bancassurance
254,20230830,6,3,616.4,582.26,2,tied_agency
13598,20240729,168,1,4721.32,7057.75,2,tied_agency
2208,20240206,29,1,1896.28,2793.24,1,tied_agency
496,20251128,9,4,2723.57,3269.06,2,bancassurance
13166,20231101,163,1,1364.56,1624.75,2,tied_agency
6196,20230802,75,6,7688.85,10851.62,1,tied_agency
9602,20250922,122,3,2154.69,2711.25,1,tied_agency
685,20250616,12,4,2941.27,3879.38,2,bancassurance
4781,20231120,61,5,482.33,599.12,1,bancassurance
10298,20230123,128,6,2902.19,3848.86,1,tied_agency
6457,20230320,79,5,546.05,745.17,1,bancassurance
6298,20230908,76,3,1375.17,1642.65,2,tied_agency
14338,20240806,180,2,3935.54,4859.06,2,tied_agency
14898,20240215,184,5,1107.56,1064.1,1,bancassurance
12919,20230731,161,6,7872.88,9746.46,1,bancassurance
2911,20230807,37,2,4579.88,4221.86,1,tied_agency
6031,20240126,73,4,2010.11,2317.98,2,tied_agency
14980,20250428,184,4,2032.74,2166.78,1,bancassurance
5578,20240108,68,3,1251.04,1446.54,1,tied_agency
5978,20250417,72,6,1829.5,1647.84,2,bancassurance
1123,20240701,19,3,1372.19,1845.92,2,tied_agency
2443,20231227,32,4,759.07,1118.6,2,tied_agency
9966,20250707,124,1,3030.11,4392.57,2,bancassurance
10215,20250526,126,4,2383.64,2751.47,2,bancassurance
5005,20230105,63,5,647.86,778.92,1,bancassurance
7579,20250228,92,4,812.19,1188.88,1,tied_agency
10814,20240516,132,4,2001.06,2777.05,1,tied_agency
2599,20250619,33,6,5238.55,7729.89,2,bancassurance
1281,20231215,21,5,1120.45,1479.19,1,tied_agency
4529,20251023,56,4,2287.83,3083.8,2,tied_agency
10763,20250924,131,2,973.3,1405.96,2,tied_agency
8094,20240221,99,2,3912.24,4944.31,1,bancassurance
11593,20231106,144,3,2755.68,3060.26,1,bancassurance
5160,20250922,63,1,1968.88,2031.75,1,bancassurance
8856,20230622,108,2,3132.03,4646.45,2,bancassurance
1904,20251027,26,1,3233.97,4272.4,1,tied_agency
3464,20251203,44,3,1462.74,1478.72,1,bancassurance
3771,20240411,48,1,2377.86,2677.78,2,tied_agency
12642,20241028,157,5,851.02,797.55,1,bancassurance
5010,20230207,63,2,3564.45,4368.65,2,bancassurance
917,20251103,15,6,4057.15,6061.91,1,tied_agency
14984,20250505,184,4,2328.79,3461.03,2,bancassurance
11723,20250120,147,1,2371.57,3433.23,1,tied_agency
7532,20230707,92,5,969.49,1009.6,2,tied_agency
15684,20250102,193,1,1259.4,1555.96,1,bancassurance
2502,20241104,32,2,4547.9,6037.09,1,tied_agency
5877,20241126,71,1,4314.43,5000.68,2,tied_agency
83,20251112,2,1,2542.57,2893.12,1,tied_agency
12578,20230926,157,5,860.69,817.46,2,bancassurance
7157,20230911,86,2,4190.21,5727.33,2,bancassurance
9851,20231012,124,3,687.71,742.13,1,bancassurance
15031,20230417,185,3,2962.49,3537.63,2,tied_agency
201,20250917,4,6,5082.03,4851.13,2,tied_agency
954,20241226,16,6,6347.0,8179.66,1,tied_agency
12805,20230414,160,4,1785.86,2194.48,1,tied_agency
2217,20240423,29,2,829.22,1218.06,2,tied_agency
4289,20250210,9010,6,5445.64,7309.27,1,tied_agency
11028,20250912,134,6,1961.0,2130.94,1,bancassurance
1866,20250102,26,6,1546.12,2292.99,1,tied_agency
16140,20250310,200,3,848.07,974.05,2,tied_agency
960,20250814,16,4,771.08,944.09,1,tied_agency
13939,20251117,173,3,1940.51,2377.31,2,tied_agency
11717,20240722,147,5,437.01,402.39,2,tied_agency
7428,20251223,90,6,7263.55,10245.16,2,bancassurance
9320,20250328,116,6,1982.97,2551.38,2,bancassurance
8442,20240215,102,3,2562.28,3722.87,2,bancassurance
5890,20250313,71,6,7918.73,9482.72,1,tied_agency
14225,20230323,179,3,665.9,866.72,1,tied_agency
2232,20240722,29,2,3197.76,4786.89,1,tied_agency
11172,20241211,9005,1,3454.65,5115.93,2,bancassurance
15389,20250513,189,5,656.9,729.41,1,bancassurance
1479,20240708,23,5,787.47,1175.72,1,bancassurance
9265,20251124,9005,1,2249.97,3225.96,2,tied_agency
3911,20251106,49,6,4654.47,6715.29,2,tied_agency
6167,20251110,74,3,938.62,1069.03,2,tied_agency
6132,20241105,74,3,2268.72,2930.76,1,tied_agency
11665,20230731,146,5,702.73,837.05,1,bancassurance
9750,20250313,123,5,955.91,920.95,2,tied_agency
1891,20250623,26,1,989.74,901.09,2,tied_agency
14769,20250220,183,3,2482.6,3163.08,2,tied_agency
14795,20250723,183,5,1199.43,1416.54,1,tied_agency
9500,20241226,121,2,2206.03,3049.74,1,tied_agency
1666,20250423,24,1,1336.89,1538.66,2,bancassurance
14351,20250609,180,5,1061.39,1252.14,2,tied_agency
4547,20230202,58,5,1055.84,1134.71,2,tied_agency
8939,20240205,110,6,6005.57,8354.33,2,bancassurance
15950,20251229,197,4,698.31,840.96,2,tied_agency
12011,20240408,9011,6,2145.19,2828.37,1,tied_agency
7230,20230802,88,3,2655.09,3550.17,2,bancassurance
2006,20231120,28,2,4039.62,4352.67,2,bancassurance
1827,20240507,26,2,4440.87,4302.64,1,tied_agency
10871,20230522,133,4,2561.1,3683.26,1,tied_agency
12656,20250228,157,2,3657.82,5193.84,1,bancassurance
6521,20250210,79,6,6154.94,6304.26,2,bancassurance
1660,20250319,9003,6,6670.25,8976.55,2,bancassurance
16052,20240812,199,1,940.6,867.18,1,bancassurance
14435,20250221,181,1,2271.89,2157.66,1,tied_agency
13304,20240125,9011,4,765.55,1122.93,2,tied_agency
8899,20231002,109,1,4712.63,5321.02,1,bancassurance
7366,20231106,90,3,1375.13,1504.62,2,bancassurance
15493,20230331,191,1,2873.67,2763.77,2,tied_agency
715,20230605,13,3,1704.13,1765.95,2,bancassurance
9351,20230403,118,2,2868.83,2735.14,1,bancassurance
16096,20231228,200,3,1588.2,2077.29,1,tied_agency
2505,20241211,32,2,3570.3,5173.89,1,tied_agency
2301,20250804,29,4,745.68,1065.57,2,tied_agency
14164,20240507,177,3,1383.36,1447.11,2,tied_agency
5294,20240119,65,1,3889.57,5402.46,2,tied_agency
4395,20230424,56,2,3719.04,5206.64,1,tied_agency
4077,20250605,51,5,765.63,1145.42,1,tied_agency
10241,20251029,126,5,386.01,510.6,1,bancassurance
7679,20250725,95,1,1628.91,1728.77,1,bancassurance
10210,20250505,126,4,2752.18,3417.15,1,bancassurance
3131,20251103,38,2,4429.32,4767.76,1,bancassurance
14196,20250416,177,6,5479.82,5931.73,2,tied_agency
5544,20230322,68,5,537.85,788.47,1,tied_agency
268,20241011,6,5,293.06,368.91,2,tied_agency
1940,20241121,27,4,527.55,570.63,2,bancassurance
4936,20231218,62,6,2394.44,2749.52,1,tied_agency
13643,20230213,169,3,641.67,912.65,1,tied_agency
14498,20230605,182,1,4573.05,6274.51,2,tied_agency
11919,20240904,149,5,775.3,1042.86,1,bancassurance
4020,20230727,51,5,1161.95,1481.71,1,tied_agency
15033,20230529,185,2,4390.64,5317.51,1,tied_agency
13322,20240710,165,3,1725.88,1728.51,2,tied_agency
10686,20250224,130,5,651.59,792.05,1,tied_agency
15379,20250120,189,2,4953.09,6225.14,2,bancassurance
13727,20251215,169,1,2306.78,2290.22,1,tied_agency
13702,20241002,169,2,4361.99,5799.33,2,tied_agency
586,20250128,11,2,3615.41,4931.96,2,bancassurance
9779,20250805,123,5,601.38,845.29,2,tied_agency
11880,20231205,149,1,1078.59,1176.12,1,bancassurance
8253,20230206,101,5,662.15,834.13,2,bancassurance
3158,20230918,39,3,1366.95,1743.74,2,bancassurance
11475,20251008,140,2,3546.5,3752.38,1,bancassurance
13778,20240514,170,1,3955.03,4518.36,2,tied_agency
7974,20230217,98,3,1586.04,2012.12,1,bancassurance
2382,20250210,31,5,719.92,897.24,1,tied_agency
4982,20250428,62,3,1482.11,1630.09,1,tied_agency
198,20250721,4,5,903.77,855.75,1,tied_agency
11344,20240606,9011,5,997.57,1109.2,2,bancassurance
5770,20240110,70,2,1779.83,2308.77,2,tied_agency
9828,20230508,124,3,1850.6,1723.8,2,bancassurance
13871,20230529,173,2,1359.63,1869.34,2,tied_agency
15223,20251223,9005,1,4639.65,4690.76,2,tied_agency
15021,20251229,184,6,2070.14,3035.08,2,bancassurance
7592,20250707,92,2,3599.05,3452.17,2,tied_agency
7496,20250324,91,5,423.34,491.22,1,bancassurance
12123,20250811,151,2,1084.24,1300.81,2,bancassurance
12285,20241115,153,4,2338.78,2808.13,2,bancassurance
7443,20230602,91,2,3273.6,3906.95,2,bancassurance
7531,20230713,9002,1,1233.14,1226.5,1,tied_agency
417,20230117,9,1,1777.02,1832.61,2,bancassurance
3045,20251223,37,5,457.72,498.48,1,tied_agency
2889,20230425,37,5,1068.55,1431.48,2,tied_agency
11899,20240423,9002,2,3266.21,3748.66,2,bancassurance
15144,20240812,186,6,5582.63,7459.18,2,tied_agency
2764,20250616,35,6,7871.88,9896.24,2,tied_agency
13216,20240329,164,5,1154.42,1380.35,1,tied_agency
13275,20230116,165,4,2148.37,2809.54,2,tied_agency
8933,20230829,110,6,7994.15,8966.82,2,bancassurance
3981,20250407,50,4,2604.95,3584.59,2,bancassurance
6593,20240213,80,5,431.51,489.58,1,bancassurance
5355,20230131,66,3,2512.65,3100.36,1,bancassurance
2622,20230727,34,6,5149.84,5367.22,1,tied_agency
8962,20230227,111,5,639.89,929.55,1,bancassurance
7783,20240802,96,3,1830.08,2176.45,1,tied_agency
9102,20241227,113,4,2136.99,2753.69,1,tied_agency
10844,20250616,132,2,4677.17,6365.7,1,tied_agency
12409,20251113,154,1,3730.28,4733.31,2,tied_agency
13481,20231218,167,3,2675.2,2809.08,1,bancassurance
3034,20250909,37,2,1237.19,1826.67,1,tied_agency
5820,20251017,70,4,1143.76,1444.57,1,tied_agency
11329,20240111,139,3,913.25,917.87,2,bancassurance
2805,20231116,36,1,2006.25,2442.28,2,bancassurance
7957,20250609,9002,5,389.35,478.34,2,bancassurance
5771,20240205,70,3,2850.31,2956.59,2,tied_agency
11856,20230731,149,3,1063.94,1100.44,2,bancassurance
1714,20230811,25,2,1563.86,1768.74,2,tied_agency
253,20230823,6,1,1765.02,2542.98,2,tied_agency
9648,20230808,123,6,3176.95,3749.59,1,tied_agency
10278,20241007,127,2,4839.64,6219.3,1,bancassurance
426,20230620,9,2,3330.03,4837.28,1,bancassurance
309,20240617,7,1,4435.19,6524.63,1,tied_agency
7985,20230609,98,5,215.72,245.66,1,bancassurance
2547,20250818,32,2,2449.88,2896.1,2,tied_agency
3442,20231030,44,3,1552.85,2097.35,1,bancassurance
3347,20230131,43,5,746.71,672.19,1,tied_agency
12880,20251224,160,3,1190.9,1730.25,1,tied_agency
3641,20251121,46,2,4607.23,4220.56,1,bancassurance
837,20230523,15,2,4449.04,4481.61,1,tied_agency
13357,20250811,165,2,3053.7,4080.35,1,tied_agency
15093,20230918,186,5,472.0,465.0,1,tied_agency
11403,20230425,140,1,3087.34,3737.76,2,bancassurance
4079,20250624,51,1,2090.4,2407.23,2,tied_agency
4980,20250416,62,2,1184.8,1773.58,1,tied_agency
14006,20250121,174,3,2586.77,3151.36,1,bancassurance
1238,20230508,21,6,7793.64,11031.17,2,tied_agency
3209,20250514,39,1,2991.51,3829.28,1,bancassurance
10655,20240801,130,2,2924.93,2976.08,2,tied_agency
15960,20230725,198,3,1548.75,1445.21,1,bancassurance
1216,20230124,21,1,2053.9,2835.74,2,tied_agency
8264,20230413,101,4,1938.64,2691.63,1,bancassurance
8510,20240923,103,6,3815.26,3731.66,1,tied_agency
16031,20251205,198,3,2135.15,2199.27,1,bancassurance
3888,20250321,49,3,1679.04,2281.5,1,tied_agency
13964,20230714,174,1,3825.24,5037.43,1,bancassurance
11009,20241014,134,5,911.12,1168.23,2,bancassurance
7283,20250505,88,6,6907.59,10018.86,2,bancassurance
569,20240625,11,6,5932.4,7644.37,1,bancassurance
15136,20240524,186,2,2160.53,2289.0,1,tied_agency
9553,20240409,122,2,1338.5,1449.99,2,tied_agency
4245,20250812,9007,2,3565.54,4875.35,2,tied_agency
11190,20250818,137,2,2091.51,2545.96,1,bancassurance
5036,20230829,63,6,4925.55,5569.15,1,bancassurance
13453,20230131,167,5,611.91,693.83,1,bancassurance
598,20250903,11,5,796.65,973.74,2,bancassurance
2579,20230824,33,6,3394.9,4976.05,2,bancassurance
15485,20230109,191,1,1031.3,970.13,2,tied_agency
12311,20250922,153,4,2779.53,2830.7,1,bancassurance
3474,20230405,9005,1,2729.3,2802.34,2,tied_agency
11568,20251222,143,2,3884.65,5303.64,2,bancassurance
10065,20250509,125,6,3651.62,3715.74,1,bancassurance
13455,20230123,167,3,2357.17,2610.17,1,bancassurance
1221,20230208,21,5,541.74,638.23,1,tied_agency
7163,20240202,86,6,6205.52,5908.65,2,bancassurance
9414,20250211,118,1,4265.87,5344.72,2,bancassurance
11806,20250530,148,2,4123.25,5735.64,2,bancassurance
6672,20250912,81,2,1599.52,1815.15,1,tied_agency
5204,20231207,64,4,1708.64,2333.73,2,tied_agency
7327,20250421,89,2,3673.44,3453.36,1,bancassurance
11574,20230424,144,4,844.19,1238.58,1,bancassurance
11098,20250505,136,5,807.85,1045.2,2,tied_agency
2673,20250501,34,6,6209.82,8129.26,2,tied_agency
4576,20240221,58,1,3196.32,3181.95,1,tied_agency
6383,20231006,78,5,590.48,553.58,1,tied_agency
4706,20250224,60,2,2636.51,3090.75,2,tied_agency
6880,20230609,84,4,704.55,810.98,1,bancassurance
7882,20230301,97,5,1010.41,1473.14,1,bancassurance
2984,20241107,37,1,1295.08,1874.43,2,tied_agency
7368,20231116,90,2,3993.18,5401.44,2,bancassurance
126,20230306,4,4,1664.58,2014.83,1,tied_agency
5719,20250806,69,1,4676.72,6596.53,1,tied_agency
6254,20250609,75,1,1658.54,1936.28,1,tied_agency
7978,20230316,98,4,1722.46,2208.75,1,bancassurance
4798,20240409,61,5,795.5,731.2,1,bancassurance
14258,20240429,179,4,796.15,1105.02,2,tied_agency
15004,20250808,184,5,382.41,561.95,1,bancassurance
4707,20250210,60,6,7334.38,10213.61,2,tied_agency
2084,20250127,28,3,1768.72,2536.14,2,bancassurance
9307,20241105,116,3,2269.23,3159.9,2,bancassurance
5609,20250203,68,5,1125.68,1173.68,1,tied_agency
7637,20250402,94,6,4390.2,4127.47,2,bancassurance
15100,20231004,186,1,2523.79,3551.03,1,tied_agency
13324,20240819,165,3,1914.09,2800.94,2,tied_agency
3197,20250218,39,2,4538.78,6631.63,2,bancassurance
5623,20250730,68,2,2337.06,2936.14,1,tied_agency
12183,20240708,152,5,650.42,765.41,1,bancassurance
15445,20240808,190,5,746.57,748.2,2,tied_agency
4296,20250929,53,4,2811.26,2811.72,1,tied_agency
1248,20230731,21,1,1924.97,2481.25,2,tied_agency
13828,20230203,171,2,1408.54,1974.28,1,bancassurance
2664,20241213,34,3,1015.88,1491.39,2,tied_agency
4138,20230919,9009,3,2517.95,2468.58,2,tied_agency
11939,20241223,9011,2,1509.67,1645.57,2,bancassurance
4412,20230818,56,2,3337.67,4582.88,1,tied_agency
14099,20250416,176,5,1079.35,1038.74,2,bancassurance
13712,20250530,169,4,1188.16,1133.64,1,tied_agency
10219,20250602,126,3,803.71,1101.51,1,bancassurance
13119,20240805,162,5,454.91,465.61,1,bancassurance
6458,20230405,79,2,2615.88,3125.54,1,bancassurance
7733,20231024,96,6,2518.74,3702.22,1,tied_agency
1189,20231109,20,4,2271.13,3047.09,1,tied_agency
14084,20241007,176,5,332.16,452.8,1,bancassurance
2205,20240108,29,1,3511.42,3451.19,1,tied_agency
1067,20250421,18,3,1250.42,1605.96,2,tied_agency
14328,20240227,180,2,1343.51,1560.23,2,tied_agency
9566,20240815,122,4,632.68,685.49,2,tied_agency
14916,20240513,184,6,3616.73,5184.46,2,bancassurance
14440,20250407,181,1,3051.73,3792.15,2,tied_agency
1808,20240214,26,4,2760.43,3341.13,1,tied_agency
11794,20241107,9008,2,3626.73,5236.69,1,bancassurance
1404,20230220,22,2,4668.26,6338.79,1,bancassurance
10303,20230213,128,6,5855.56,6627.98,1,tied_agency
6287,20230623,76,6,6563.11,6713.62,1,tied_agency
12339,20230904,154,3,2073.56,2735.94,1,tied_agency
5432,20250423,66,6,5289.3,6818.89,1,bancassurance
14731,20240731,183,3,1359.59,1546.5,2,tied_agency
12041,20230110,151,4,2023.16,2549.55,1,bancassurance
2485,20240820,32,4,982.9,976.17,2,tied_agency
11982,20251020,9005,3,1074.57,1072.07,1,bancassurance
328,20251225,7,4,1318.22,1188.35,1,tied_agency
12975,20240523,161,3,2317.51,2328.12,2,bancassurance
9775,20250709,9008,5,533.53,702.49,1,tied_agency
2507,20241220,32,1,1454.9,1832.08,2,tied_agency
10583,20230529,130,3,1612.6,1694.61,1,tied_agency
13385,20230731,166,6,6197.0,6983.48,2,tied_agency
9715,20240809,123,6,2882.48,4128.93,1,tied_agency
14197,20250530,177,5,223.81,208.34,1,tied_agency
3978,20250210,50,6,7465.18,7364.54,2,bancassurance
15392,20250718,189,1,2047.76,2903.52,2,bancassurance
5467,20230804,67,2,1768.03,1957.64,1,tied_agency
4476,20241128,56,4,2911.06,4256.08,2,tied_agency
12447,20230113,156,2,1597.82,2196.27,2,bancassurance
10713,20250819,130,3,1924.2,2298.11,1,tied_agency
3932,20230704,50,2,3514.54,3827.65,1,bancassurance
13603,20240930,168,4,1128.76,1060.39,2,tied_agency
10119,20230920,126,3,2717.46,3783.15,1,bancassurance
12282,20240910,153,4,2318.65,2747.09,1,bancassurance
6929,20250113,84,2,4410.77,4639.99,1,bancassurance
2612,20230316,34,1,1081.01,1182.59,2,tied_agency
10791,20231011,132,4,1023.11,1394.48,1,tied_agency
7179,20250116,86,5,753.31,713.93,1,bancassurance
6805,20240116,83,5,850.91,1029.25,1,bancassurance
9759,20250414,123,5,494.27,521.36,1,tied_agency
5272,20230424,65,4,1771.68,2229.92,1,tied_agency
13095,20231018,162,5,994.18,1357.03,2,bancassurance
5086,20240726,63,3,1814.3,2189.31,2,bancassurance
12170,20240201,152,6,6198.49,6163.03,2,bancassurance
6653,20230627,81,1,1986.57,2320.72,1,tied_agency
2827,20240724,36,4,1325.38,1760.85,2,bancassurance
2627,20230908,34,3,2619.43,2450.25,1,tied_agency
10510,20240311,9004,3,657.93,669.39,2,tied_agency
361,20231228,8,3,2246.69,3006.02,1,bancassurance
2825,20240617,36,4,2396.23,2779.73,1,bancassurance
4758,20230623,61,3,993.7,1148.0,2,bancassurance
13979,20231212,174,4,2599.4,3409.98,1,bancassurance
3295,20250716,40,3,2924.92,4306.45,2,tied_agency
12681,20250604,157,2,3109.32,3471.44,1,bancassurance
1138,20241218,19,5,1004.13,1164.54,2,tied_agency
9960,20250604,124,5,877.4,934.46,1,bancassurance
7527,20230412,92,2,885.2,886.97,2,tied_agency
3731,20230227,48,5,1031.2,948.29,2,tied_agency
15025,20230112,185,4,2918.94,2955.81,2,tied_agency
8265,20230412,101,3,616.46,866.04,1,bancassurance
2774,20251201,35,2,4654.03,4969.03,1,tied_agency
9190,20230412,115,2,3373.79,3045.05,1,tied_agency
10836,20250331,9001,2,1716.73,1783.98,2,tied_agency
3490,20230928,45,5,755.33,776.48,2,tied_agency
15247,20231113,187,3,2684.41,3553.55,1,bancassurance
15762,20241202,194,4,2334.45,2376.31,1,bancassurance
9864,20231227,124,2,2930.32,4012.56,1,bancassurance
4284,20240902,53,6,2863.54,3698.84,2,tied_agency
682,20250519,12,4,957.18,1300.38,2,bancassurance
7523,20230327,9007,6,1974.97,2008.19,2,tied_agency
14673,20230608,183,5,555.1,721.75,2,tied_agency
11893,20240312,149,4,2415.54,3008.81,2,bancassurance
7020,20231124,85,1,4970.04,6810.75,1,tied_agency
9962,20250603,124,2,982.98,1060.16,2,bancassurance
12440,20251002,155,5,1054.01,1545.63,1,tied_agency
4162,20240229,52,2,3226.38,4340.52,2,tied_agency
6179,20230220,75,3,573.44,762.49,1,tied_agency
3336,20250212,42,6,1350.18,1250.11,1,tied_agency
7580,20250317,92,2,3782.11,4212.99,2,tied_agency
13034,20250429,161,5,360.0,499.68,2,bancassurance
2026,20240325,28,5,411.48,447.63,2,bancassurance
12353,20240226,154,5,487.04,465.65,1,tied_agency
982,20250122,17,3,2528.8,3766.18,2,tied_agency
5894,20250612,71,6,4787.02,5799.14,1,tied_agency
14759,20250106,183,5,942.86,931.45,2,tied_agency
10217,20250623,126,1,4022.52,4228.07,1,bancassurance
3608,20241219,46,3,2917.64,3390.16,2,bancassurance
4653,20230630,60,2,1967.12,2727.97,1,tied_agency
14160,20240219,177,5,1073.92,972.79,1,tied_agency
587,20250224,11,2,3058.57,4042.35,2,bancassurance
11866,20230904,149,4,1049.69,1410.68,1,bancassurance
7724,20230804,96,4,1351.14,1950.32,1,tied_agency
7127,20250903,85,5,485.05,675.86,2,tied_agency
14959,20250120,184,5,332.6,397.88,2,bancassurance
5931,20230704,72,3,574.16,769.93,1,bancassurance
15580,20251020,191,3,1802.78,2332.7,2,tied_agency
12020,20241113,150,4,2212.97,2849.0,1,tied_agency
2017,20240131,28,1,3124.31,3239.2,2,bancassurance
10937,20250815,133,4,665.12,722.68,2,tied_agency
5434,20250411,66,5,670.75,801.93,2,bancassurance
12708,20251229,157,6,3722.15,3500.74,2,bancassurance
4180,20240530,52,4,2708.85,3672.34,1,tied_agency
15343,20240101,189,6,2464.05,2511.59,2,bancassurance
10865,20230320,133,6,1309.07,1181.4,1,tied_agency
13093,20230918,162,3,2154.23,3098.94,2,bancassurance
6204,20231120,75,4,2146.09,2670.31,1,tied_agency
3385,20240408,43,4,2458.2,3472.39,2,tied_agency
14661,20230327,183,3,1598.33,1919.32,1,tied_agency
6081,20251017,73,6,1821.3,2427.44,2,tied_agency
15155,20241007,186,3,752.64,899.01,2,tied_agency
5995,20251031,72,6,2478.32,2664.27,2,bancassurance
9440,20251107,118,1,2274.0,2796.84,2,bancassurance
888,20250127,15,6,5172.85,6495.31,2,tied_agency
5492,20240617,9006,1,4577.48,4425.39,1,tied_agency
6491,20240321,79,2,2659.27,2664.03,1,bancassurance
373,20240524,8,2,2151.57,2473.78,2,bancassurance
1795,20231121,26,1,4184.95,4027.12,1,tied_agency
12590,20231215,157,2,1014.88,1294.83,1,bancassurance
6069,20250618,73,3,760.65,874.25,1,tied_agency
13613,20250227,168,5,502.65,489.04,2,tied_agency
12906,20230510,161,1,2234.31,3006.06,2,bancassurance
12250,20230925,153,1,3281.14,3856.06,2,bancassurance
3096,20240725,38,5,338.52,486.87,1,bancassurance
11163,20241028,137,3,1723.39,2552.92,1,bancassurance
8883,20250828,108,2,3821.96,3743.84,2,bancassurance
4944,20240328,62,5,1069.01,964.87,1,tied_agency
2702,20230731,35,6,1499.35,1577.41,1,tied_agency
8735,20230224,105,5,1097.73,1633.46,2,bancassurance
16102,20240325,200,2,4245.7,5094.82,1,tied_agency
1046,20240906,18,3,869.86,1016.92,2,tied_agency
3328,20240708,42,3,1804.87,2422.98,2,tied_agency
2180,20230925,29,6,7779.43,9576.22,2,tied_agency
9554,20240402,122,6,5689.98,7055.09,1,tied_agency
3893,20250630,49,1,3025.37,3487.56,1,tied_agency
15817,20240301,195,1,3246.67,3897.41,2,bancassurance
10641,20240422,130,6,5733.72,8065.16,2,tied_agency
4512,20250623,56,2,857.93,792.73,2,tied_agency
5107,20241111,63,2,2437.27,3337.49,1,bancassurance
10311,20230410,128,4,943.29,1306.24,2,tied_agency
9426,20250602,118,6,7573.71,7639.77,2,bancassurance
6091,20230417,74,2,3165.21,4048.07,1,tied_agency
12229,20251118,152,5,432.21,614.17,1,bancassurance
794,20251202,13,6,6969.35,6742.31,1,bancassurance
12404,20250820,154,2,3549.93,3974.31,2,tied_agency
5963,20240729,72,6,2754.26,3296.55,2,bancassurance
7871,20251205,96,3,2813.9,3022.89,2,tied_agency
6462,20230609,79,3,958.57,977.06,2,bancassurance
15641,20230802,193,5,310.95,447.82,1,bancassurance
2828,20240703,36,2,1397.29,2024.67,2,bancassurance
3827,20230313,49,4,2881.67,3427.36,1,tied_agency
7325,20250331,89,2,3643.33,4657.18,1,bancassurance
13276,20230215,165,6,6674.4,7260.56,1,tied_agency
308,20240527,7,4,1222.09,1237.07,2,tied_agency
14071,20240530,176,2,4171.04,4160.73,1,bancassurance
9530,20230620,122,1,1063.18,1492.93,1,tied_agency
14283,20250331,179,4,2114.0,2400.22,2,tied_agency
6046,20240830,73,3,848.77,1241.65,2,tied_agency
6295,20230802,76,1,2834.24,3283.32,1,tied_agency
10508,20240202,129,2,2360.92,2530.46,1,tied_agency
15618,20250701,9005,4,2772.4,3823.87,1,tied_agency
10631,20240207,9005,2,1418.1,1315.18,1,tied_agency
1557,20230823,24,5,520.14,624.91,1,bancassurance
5794,20241213,70,3,559.63,813.9,1,tied_agency
13090,20230703,162,1,1192.39,1607.67,1,bancassurance
4006,20230109,51,6,5378.57,5859.86,1,tied_agency
6056,20241224,73,2,2779.03,3383.5,2,tied_agency
14366,20230327,181,4,1714.31,1577.0,2,tied_agency
13359,20250813,165,6,5418.63,5569.11,2,tied_agency
15079,20230523,186,2,3703.52,4091.8,2,tied_agency
1539,20230424,24,5,1076.23,1475.42,1,bancassurance
2740,20241014,35,1,1608.94,2149.38,2,tied_agency
465,20241216,9,2,1364.42,2025.52,2,bancassurance
13519,20250220,167,1,3653.57,4921.11,2,bancassurance
15134,20240520,9010,6,3291.94,3000.51,2,tied_agency
15767,20250305,194,6,2826.92,3020.26,1,bancassurance
12432,20241024,9007,4,865.41,865.38,1,tied_agency
7393,20241001,90,1,807.84,871.48,1,bancassurance
6514,20241101,79,5,790.04,1116.33,2,bancassurance
3399,20240807,43,6,1776.35,1774.17,2,tied_agency
12542,20230315,157,3,634.4,782.32,2,bancassurance
10923,20250211,133,5,631.98,663.71,2,tied_agency
8971,20230822,111,2,945.14,1044.23,1,bancassurance
9492,20240617,121,1,1786.76,1921.97,2,tied_agency
6985,20230531,85,2,2670.31,3207.1,2,tied_agency
15056,20250811,185,6,5271.53,6479.74,1,tied_agency
2685,20251205,34,4,2958.78,4025.09,2,tied_agency
13388,20230712,166,2,4114.91,4262.65,2,tied_agency
13574,20231218,168,5,535.97,788.69,1,tied_agency
10433,20250509,128,2,1575.11,1823.07,2,tied_agency
3141,20230331,39,3,1072.27,1447.74,1,bancassurance
7785,20240830,96,5,292.15,263.11,2,tied_agency
14418,20240806,181,6,3129.9,3688.21,1,tied_agency
4016,20230410,51,5,725.52,788.77,1,tied_agency
6963,20230103,85,1,3153.32,3896.43,2,tied_agency
8427,20251107,101,3,2743.45,3348.08,2,bancassurance
11461,20250416,140,3,1295.12,1387.21,2,bancassurance
7534,20230721,92,6,4497.27,5588.21,1,tied_agency
3779,20240708,9003,4,1567.85,2029.99,2,tied_agency
8540,20250826,103,6,5260.95,7289.19,1,tied_agency
3607,20241121,46,6,6404.62,9228.37,2,bancassurance
13951,20230216,174,6,5377.1,5757.97,1,bancassurance
3624,20250611,46,1,4647.83,5736.3,1,bancassurance
866,20240520,15,6,1392.16,1688.19,2,tied_agency
13792,20241014,170,6,6572.38,9338.02,2,tied_agency
2098,20250428,28,1,1944.32,1894.13,2,bancassurance
10167,20240826,126,6,7532.62,7359.81,2,bancassurance
5376,20230919,66,3,1601.25,1979.91,2,bancassurance
1902,20250912,26,5,374.95,542.25,2,tied_agency
7210,20250620,87,2,2655.84,3114.6,2,bancassurance
1740,20250902,25,2,3117.1,3999.34,1,tied_agency
9446,20230524,120,6,5720.31,6511.25,2,tied_agency
15942,20250630,197,5,764.08,766.78,1,tied_agency
5157,20250813,63,3,1697.99,2385.73,2,bancassurance
7670,20250113,95,3,731.52,997.4,2,bancassurance
1503,20250630,23,1,4968.38,4842.61,1,bancassurance
15544,20241118,191,6,3210.44,3093.35,1,tied_agency
9198,20230824,115,5,203.3,259.05,1,tied_agency
6879,20230518,84,1,4800.77,7159.59,2,bancassurance
6293,20230717,76,4,1273.85,1852.67,1,tied_agency
9113,20250317,113,4,959.62,1388.37,2,tied_agency
6415,20241001,78,2,815.93,1135.3,2,tied_agency
14420,20241016,181,1,3140.17,3697.06,1,tied_agency
10115,20230821,126,2,1689.83,1879.42,2,bancassurance
15183,20250402,186,1,2156.21,2573.59,2,tied_agency
6991,20230623,85,1,2588.13,3694.02,2,tied_agency
15391,20250623,189,3,2816.47,2974.06,2,bancassurance
11035,20230207,135,2,1394.35,1854.46,1,tied_agency
4563,20230918,58,4,2379.48,2844.16,1,tied_agency
15581,20251007,191,3,2762.95,3375.52,1,tied_agency
8433,20230116,102,5,208.61,275.7,1,bancassurance
15819,20240320,195,1,1942.31,2811.28,2,bancassurance
15451,20241021,190,6,2617.26,2837.32,1,tied_agency
12790,20251121,158,4,1808.15,1768.35,1,tied_agency
110,20250331,3,5,1001.1,1309.08,1,tied_agency
1456,20230717,23,3,2175.74,2564.21,1,bancassurance
4784,20231211,61,2,2335.61,3192.73,1,bancassurance
6815,20240422,9002,3,2779.88,3099.68,2,bancassurance
12921,20230725,161,3,2851.54,2715.0,1,bancassurance
10654,20240715,130,1,4766.66,6162.67,1,tied_agency
8180,20240229,100,2,2317.38,2111.96,1,bancassurance
13227,20240701,164,3,2608.88,3890.71,2,tied_agency
9356,20230717,118,4,1496.46,1851.88,2,bancassurance
3060,20230529,38,3,2009.23,2783.0,2,bancassurance
11150,20240508,137,2,2162.04,3136.08,1,bancassurance
12461,20230925,156,2,4787.25,6630.73,1,bancassurance
3238,20230501,40,5,915.49,887.92,2,tied_agency
1789,20231027,26,1,2068.17,2242.27,1,tied_agency
14050,20230810,176,3,891.3,1303.87,2,bancassurance
11422,20231127,140,5,949.31,1053.89,2,bancassurance
7775,20240701,96,6,2221.47,3142.68,2,tied_agency
2652,20240701,34,1,2943.04,3160.19,2,tied_agency
2560,20251104,32,3,2259.01,2425.83,1,tied_agency
929,20230612,16,3,2901.45,4000.91,1,tied_agency
5255,20250909,64,1,4508.36,6741.42,2,tied_agency
2500,20241118,32,6,4558.62,6425.52,2,tied_agency
7921,20240621,97,1,3759.44,4377.0,2,bancassurance
10709,20250714,130,1,3658.48,3985.24,2,tied_agency
13647,20230420,169,4,725.14,980.42,2,tied_agency
7236,20231106,88,4,1215.45,1302.47,2,bancassurance
9522,20230316,9010,6,6911.49,7822.24,1,tied_agency
9170,20250507,114,3,1319.46,1754.99,1,tied_agency
3450,20240927,44,5,523.93,596.91,2,bancassurance
6678,20230111,82,4,653.72,909.55,1,bancassurance
4974,20250228,62,3,1994.68,2828.68,1,tied_agency
15276,20241007,187,3,2642.54,2418.0,2,bancassurance
11627,20250226,144,5,1091.25,1282.02,1,bancassurance
1949,20250501,27,5,1029.89,968.65,1,bancassurance
434,20230904,9,2,2695.41,3718.36,2,bancassurance
11904,20240521,149,1,1551.44,1409.07,1,bancassurance
13621,20250623,168,4,2016.99,2921.28,2,tied_agency
12722,20230602,158,4,730.88,1025.86,2,tied_agency
4818,20240729,61,5,959.56,971.02,1,bancassurance
4655,20230731,60,5,788.38,728.28,1,tied_agency
14736,20240805,183,6,7144.77,10104.32,2,tied_agency
5357,20230227,66,3,2192.23,2646.09,1,bancassurance
5854,20240207,71,2,4982.21,5473.14,1,tied_agency
7474,20240621,91,6,6293.59,8173.52,2,bancassurance
10195,20250117,126,2,3188.98,3865.78,1,bancassurance
7411,20250515,90,6,3400.65,4785.58,2,bancassurance
419,20230323,9,3,648.89,641.51,1,bancassurance
14108,20250916,176,1,2578.44,3124.09,1,bancassurance
3622,20250505,46,1,3043.46,3992.27,2,bancassurance
4040,20240226,51,3,1753.12,2376.42,2,tied_agency
3956,20240527,50,6,2894.12,2806.24,1,bancassurance
11976,20250905,149,3,2612.15,2970.97,2,bancassurance
13789,20240926,170,3,750.41,717.56,1,tied_agency
5060,20240122,63,3,930.54,1387.89,1,bancassurance
10772,20230309,132,4,1728.83,2190.08,2,tied_agency
10171,20240902,126,6,5952.58,6492.04,1,bancassurance
7319,20241029,89,2,2989.37,3857.56,2,bancassurance
9923,20241122,9003,1,4165.1,6178.65,2,bancassurance
5829,20230216,71,3,2144.73,2688.77,2,tied_agency
5395,20240422,66,4,1142.93,1182.26,2,bancassurance
10250,20251203,126,1,1215.61,1731.37,2,bancassurance
16133,20241224,200,6,2085.95,2902.38,1,tied_agency
7171,20240708,86,1,1309.48,1633.68,2,bancassurance
8801,20250725,106,1,1597.94,2311.48,1,tied_agency
10398,20241021,128,4,1932.33,2860.66,1,tied_agency
4618,20250602,58,3,659.73,945.17,1,tied_agency
15509,20231023,191,4,507.15,629.76,2,tied_agency
12010,20240318,150,3,1451.01,2113.87,1,tied_agency
11139,20240125,137,1,4991.46,5323.26,1,bancassurance
6918,20240927,84,2,2314.99,3178.52,2,bancassurance
9354,20230615,118,5,885.36,809.89,2,bancassurance
13861,20251211,171,4,1600.43,2048.97,2,bancassurance
8564,20230329,104,4,2273.35,2141.91,2,bancassurance
6612,20241009,80,6,1618.18,2361.5,2,bancassurance
8833,20241203,107,4,1399.33,1657.8,2,bancassurance
14606,20250422,182,4,925.05,853.64,2,tied_agency
11156,20240729,137,5,458.64,669.7,1,bancassurance
2844,20250305,36,1,2629.62,3652.64,2,bancassurance
3406,20241009,43,1,932.03,1367.05,2,tied_agency
513,20240205,10,6,1810.53,2112.14,2,tied_agency
12374,20240806,154,6,5099.64,6763.08,2,tied_agency
5737,20230103,70,1,4869.05,5026.16,2,tied_agency
9454,20240209,120,1,1735.36,2021.5,2,tied_agency
9403,20241121,9004,4,2488.57,3509.32,2,bancassurance
2918,20230905,37,1,1030.63,1113.21,2,tied_agency
4571,20231218,58,5,944.1,1226.38,2,tied_agency
3332,20241003,42,5,285.13,358.52,1,tied_agency
751,20240819,13,3,2302.51,2981.69,2,bancassurance
11500,20241206,141,2,2670.06,3032.86,2,bancassurance
5417,20241029,66,6,1298.02,1932.32,2,bancassurance
12614,20240429,157,1,4553.95,6760.88,1,bancassurance
2071,20241108,28,2,1374.87,1547.73,1,bancassurance
8244,20251216,100,5,273.96,316.77,1,bancassurance
6989,20230609,85,2,1245.39,1775.98,1,tied_agency
10998,20240610,134,3,547.69,639.63,2,bancassurance
14940,20241007,184,1,1216.07,1256.7,1,bancassurance
4248,20250825,52,2,1570.98,1744.13,1,tied_agency
10101,20230525,126,4,2653.11,3611.12,2,bancassurance
15235,20230512,187,2,1891.24,1764.51,1,bancassurance
8061,20230328,99,1,3192.89,4148.91,2,bancassurance
14296,20250724,179,1,2567.88,3764.39,1,tied_agency
6902,20240208,9007,1,2392.56,2854.99,2,bancassurance
7303,20230213,89,6,7261.57,10548.8,2,bancassurance
13431,20250228,166,2,2785.94,2939.52,2,tied_agency
9959,20250602,124,3,2926.72,4369.6,1,bancassurance
5682,20240603,69,4,1696.58,2060.33,2,tied_agency
15440,20240611,190,2,3154.84,4036.0,1,tied_agency
488,20250908,9,5,908.07,1128.94,2,bancassurance
9425,20250613,118,3,2050.44,2250.44,2,bancassurance
6142,20250319,74,5,1018.79,1394.53,2,tied_agency
3475,20230501,9003,4,2979.7,3581.18,2,tied_agency
12624,20240610,157,5,429.11,528.24,1,bancassurance
15935,20240809,197,6,6692.8,8321.63,1,tied_agency
2430,20231016,32,3,1615.02,1499.84,2,tied_agency
3015,20250502,37,1,2930.0,3458.54,1,tied_agency
3437,20230724,44,1,2933.28,3751.16,2,bancassurance
3308,20251223,40,6,4940.45,6521.2,2,tied_agency
14061,20240216,176,2,3195.17,3871.86,2,bancassurance
5646,20230410,69,2,2956.21,3650.21,2,tied_agency
11692,20250721,146,2,1206.72,1253.23,1,bancassurance
8154,20230119,100,1,2539.51,3520.9,1,bancassurance
9743,20250127,123,4,2380.85,3275.98,1,tied_agency
3021,20250721,37,6,1293.11,1717.99,2,tied_agency
15654,20240223,193,6,2224.24,2537.06,1,bancassurance
4392,20230321,56,1,2884.04,3453.7,1,tied_agency
1655,20250203,24,2,2143.33,1990.15,1,bancassurance
14077,20240812,176,4,2624.86,2587.01,1,bancassurance
14851,20230609,184,3,1422.13,1549.56,1,bancassurance
3620,20250421,46,2,3817.26,3563.42,2,bancassurance
8323,20240301,101,3,874.67,1262.94,2,bancassurance
7085,20250131,9003,1,3501.46,3810.73,2,tied_agency
4163,20240209,52,5,1053.75,1219.65,1,tied_agency
10845,20250728,132,4,2757.5,3238.3,1,tied_agency
5930,20230626,72,6,2032.32,2654.62,1,bancassurance
12849,20241010,160,5,356.91,439.46,1,tied_agency
14574,20240822,182,4,1892.55,2638.64,2,tied_agency
11801,20250321,148,3,2816.42,4108.48,2,bancassurance
12699,20251124,157,5,1124.9,1520.4,1,bancassurance
7654,20230907,95,2,4920.55,4560.77,2,bancassurance
3604,20241111,46,4,569.97,848.16,2,bancassurance
10088,20230213,126,2,931.42,1161.64,2,bancassurance
14461,20251110,181,1,2254.31,3265.1,2,tied_agency
12605,20240304,157,4,570.13,593.71,2,bancassurance
6327,20240712,76,1,1574.31,1694.87,2,tied_agency
6143,20250314,74,1,1952.26,1813.91,1,tied_agency
11419,20231020,140,3,2341.94,2250.66,2,bancassurance
9000,20251127,111,4,2829.17,4204.99,1,bancassurance
14631,20250902,182,2,2260.12,2696.55,2,tied_agency
263,20240703,6,3,2495.14,3313.21,2,tied_agency
15899,20250217,196,6,6796.94,8648.96,1,tied_agency
4586,20240506,58,2,1789.38,2104.49,1,tied_agency
15634,20230615,193,5,1101.8,1109.5,1,bancassurance
12747,20240415,158,3,2702.46,3288.21,1,tied_agency
3223,20251013,39,5,827.73,985.25,1,bancassurance
11851,20230714,149,6,4343.38,4143.11,1,bancassurance
1619,20240705,24,4,2192.58,3199.99,2,bancassurance
4814,20240624,61,6,2021.36,2088.37,2,bancassurance
12782,20250623,9008,5,893.65,1233.7,2,tied_agency
6867,20251217,83,3,577.74,662.29,2,bancassurance
9464,20250203,9003,4,1318.76,1864.06,2,tied_agency
4990,20250707,62,5,912.77,1277.48,1,tied_agency
3809,20250808,48,1,3888.49,3546.08,2,tied_agency
13358,20250813,165,2,4828.31,6258.96,1,tied_agency
8595,20230928,104,4,1899.31,2719.77,1,bancassurance
6286,20230612,76,2,3668.16,5442.76,2,tied_agency
6798,20231106,83,3,2495.7,3450.55,2,bancassurance
6508,20241007,79,1,1024.16,976.3,2,bancassurance
5946,20231228,72,2,962.43,985.84,1,bancassurance
12773,20250313,158,5,591.64,803.91,2,tied_agency
9576,20241125,122,1,3875.33,3818.88,2,tied_agency
499,20251225,9007,2,2128.81,2830.04,1,bancassurance
6127,20240801,74,3,589.41,818.03,1,tied_agency
16084,20230703,200,6,4208.69,4222.41,1,tied_agency
11303,20230302,139,4,2251.14,2829.92,1,bancassurance
4322,20240801,54,5,810.5,932.99,2,bancassurance
1085,20251124,18,2,1340.6,1764.96,1,tied_agency
6332,20241028,76,5,638.02,766.26,2,tied_agency
15444,20240710,190,1,2679.26,3799.2,2,tied_agency
14493,20230626,182,5,497.17,583.35,1,tied_agency
2209,20240215,29,4,2205.85,3089.38,1,tied_agency
4215,20250120,52,5,592.82,856.39,1,tied_agency
5662,20231023,69,3,2288.74,2366.39,2,tied_agency
4421,20231009,56,2,3340.59,3945.42,1,tied_agency
10598,20230816,130,3,940.71,1224.25,1,tied_agency
7794,20240918,96,6,2010.86,2247.02,2,tied_agency
4792,20240326,61,5,799.51,1042.07,1,bancassurance
9396,20240909,118,3,1183.44,1126.84,1,bancassurance
4193,20240916,52,1,1326.84,1536.84,2,tied_agency
13996,20241028,174,3,564.66,631.47,1,bancassurance
2791,20230505,36,1,3006.07,3165.65,2,bancassurance
13142,20250507,162,5,309.57,380.95,1,bancassurance
11849,20230614,149,6,6619.19,6487.6,2,bancassurance
941,20240311,16,1,1503.92,1713.34,2,tied_agency
15483,20251112,190,4,669.81,752.13,2,tied_agency
10591,20230612,130,4,1740.35,1782.63,2,tied_agency
7110,20250630,85,1,4299.58,5691.44,2,tied_agency
853,20231225,15,6,5820.58,8500.0,2,tied_agency
5575,20231207,9008,2,4662.68,5649.47,1,tied_agency
5309,20240610,65,1,3034.12,3415.38,2,tied_agency
13544,20230217,168,3,1111.24,1472.63,2,tied_agency
7002,20230816,85,3,1600.99,1722.08,1,tied_agency
15803,20230706,195,3,1645.55,1870.05,1,bancassurance
7524,20230320,92,1,3002.94,3013.66,2,tied_agency
11240,20240711,138,4,653.84,775.02,2,tied_agency
8238,20251016,100,6,3522.51,3289.95,2,bancassurance
10820,20240814,9011,5,398.44,371.66,1,tied_agency
10684,20250108,130,2,4144.91,5129.63,2,tied_agency
12572,20230807,9001,4,1354.74,1912.05,2,bancassurance
14550,20240429,9007,6,4154.62,5783.99,1,tied_agency
8632,20240312,104,5,579.04,648.05,2,bancassurance
498,20251230,9,3,1522.98,1891.0,2,bancassurance
15135,20240520,186,3,1108.1,1483.52,1,tied_agency
12340,20230906,154,5,240.27,307.31,2,tied_agency
3040,20251017,37,3,1782.45,2630.87,1,tied_agency
15251,20240115,187,5,592.42,625.71,2,bancassurance
7034,20240223,85,2,4416.9,4342.55,1,tied_agency
162,20240506,4,2,879.54,957.13,2,tied_agency
5902,20250825,71,4,1953.83,2729.51,2,tied_agency
3580,20240227,46,5,289.66,379.33,1,bancassurance
4822,20240826,61,4,1649.24,1715.4,2,bancassurance
926,20230403,9006,6,6191.8,9140.62,2,tied_agency
16010,20250224,198,3,1442.55,1890.19,2,bancassurance
1563,20230922,24,1,3101.36,3419.08,2,bancassurance
14958,20250131,184,4,2874.27,3495.56,2,bancassurance
5299,20240325,65,4,2808.29,3388.02,2,tied_agency
14866,20230807,184,1,4025.15,4529.48,2,bancassurance
8941,20240311,110,2,4085.12,6125.53,2,bancassurance
8282,20230731,101,1,3246.25,3642.35,1,bancassurance
3875,20240808,49,6,6498.27,7300.28,2,tied_agency
14224,20230227,179,5,1005.26,1498.44,1,tied_agency
5129,20250225,63,3,2490.24,2500.92,1,bancassurance
13606,20241017,9004,3,2619.4,2623.42,1,tied_agency
9873,20240220,124,3,1424.26,1970.16,1,bancassurance
4009,20230213,9006,3,2870.05,4007.44,2,tied_agency
4298,20251114,53,1,2018.23,2102.42,2,tied_agency
6542,20250902,79,3,1187.95,1635.7,1,bancassurance
762,20241107,13,1,3845.72,4687.92,1,bancassurance
12739,20240125,158,2,932.19,909.66,2,tied_agency
11053,20240611,9003,6,7846.45,8180.73,2,tied_agency
4791,20240221,61,1,4483.18,4044.09,2,bancassurance
15332,20230905,189,5,868.31,954.5,2,bancassurance
2739,20240902,9002,3,1515.98,2048.73,2,tied_agency
6398,20240515,78,3,906.56,1038.05,2,tied_agency
2211,20240313,29,2,2139.91,2663.78,2,tied_agency
13674,20240108,169,1,1900.88,1862.44,2,tied_agency
12204,20250219,152,3,2452.31,2626.37,1,bancassurance
13391,20230908,166,6,2822.65,2672.55,2,tied_agency
6499,20240626,79,4,1053.53,1080.31,2,bancassurance
6282,20230512,76,3,1588.7,2061.36,1,tied_agency
4380,20251124,9006,4,1242.81,1672.04,1,bancassurance
6486,20240124,79,6,3343.45,3900.7,2,bancassurance
5352,20230116,66,2,3992.27,4913.53,1,bancassurance
3028,20250917,37,2,2387.97,3243.61,1,tied_agency
4693,20240902,60,3,2346.34,2909.07,1,tied_agency
15064,20230224,186,6,6646.41,9717.43,1,tied_agency
12146,20230411,152,6,1432.71,1305.37,1,bancassurance
7623,20240513,94,4,1008.0,1227.51,2,bancassurance
1036,20240603,18,3,1550.32,2081.5,2,tied_agency
4222,20250314,52,2,3834.7,3745.99,2,tied_agency
276,20250616,6,3,2008.03,2644.93,2,tied_agency
12955,20240125,161,5,1143.11,1356.55,1,bancassurance
3200,20250211,39,2,2869.39,3164.17,2,bancassurance
10310,20230424,128,1,2003.17,2488.07,2,tied_agency
12851,20241029,160,3,1729.24,2105.08,2,tied_agency
7731,20231009,96,2,4063.17,5282.8,1,tied_agency
12637,20240919,157,5,574.8,713.08,2,bancassurance
8491,20231218,103,1,935.2,1162.81,2,tied_agency
3179,20240611,39,5,421.65,555.21,2,bancassurance
3711,20250407,47,5,922.95,1231.33,2,tied_agency
14476,20230213,182,2,841.55,1090.79,2,tied_agency
5037,20230807,63,1,4086.33,4899.86,1,bancassurance
8052,20251124,98,1,3208.13,4662.16,2,bancassurance
6621,20250218,80,4,1019.47,1214.78,2,bancassurance
4133,20230925,52,3,542.69,527.0,2,tied_agency
8935,20231122,110,3,2343.57,2687.64,1,bancassurance
48,20240808,2,4,2676.31,3606.28,2,tied_agency
3422,20250716,43,5,1079.01,1416.81,1,tied_agency
3657,20230509,47,6,1742.91,2203.83,1,tied_agency
6213,20240216,75,2,3872.11,4186.46,1,tied_agency
2700,20230621,35,4,1257.14,1289.26,1,tied_agency
2904,20230717,37,1,1481.63,1637.59,1,tied_agency
13108,20240306,162,5,1145.13,1085.1,1,bancassurance
16118,20240729,200,3,2497.5,2716.2,1,tied_agency
11390,20251106,139,1,4966.38,6014.53,2,bancassurance
7708,20230522,96,3,1087.8,1306.21,2,tied_agency
12444,20251218,155,6,3506.91,5025.27,2,tied_agency
8881,20250616,108,1,1791.8,2134.77,2,bancassurance
854,20231218,15,4,2022.11,2203.88,2,tied_agency
15682,20250106,193,6,7926.35,9604.06,1,bancassurance
12027,20250512,150,4,1175.41,1365.23,2,tied_agency
12451,20230327,156,1,4864.23,5566.36,1,bancassurance
12426,20240312,155,6,2692.25,3675.38,1,tied_agency
6650,20251212,80,4,2328.93,3132.89,1,bancassurance
6950,20250825,84,1,2270.9,3321.5,1,bancassurance
7445,20230719,91,4,1128.14,1419.42,2,bancassurance
9038,20251124,112,6,6104.3,6950.13,1,bancassurance
12736,20231215,9003,4,1067.96,1437.02,2,tied_agency
3975,20250120,50,1,3770.56,4512.79,2,bancassurance
13551,20230522,168,4,2092.55,2634.73,1,tied_agency
4660,20230803,60,2,1830.32,2589.92,2,tied_agency
4856,20250220,9007,1,2959.32,3317.63,2,bancassurance
4986,20250519,62,1,2142.44,2685.63,2,tied_agency
2860,20250910,36,4,1396.88,1683.7,2,bancassurance
9237,20241022,115,3,2527.43,2862.88,1,tied_agency
15102,20231116,186,3,2952.57,2828.83,2,tied_agency
6281,20230426,76,2,3136.59,3477.6,2,tied_agency
12213,20250613,152,4,798.36,822.95,2,bancassurance
1195,20240617,20,1,2115.73,3146.32,2,tied_agency
52,20241021,2,6,1527.47,2246.57,2,tied_agency
13648,20230419,169,4,2744.49,3422.47,2,tied_agency
2315,20251111,29,5,410.29,534.66,1,tied_agency
659,20240930,9006,6,4460.58,4043.19,2,bancassurance
4297,20251121,53,3,1336.3,1761.92,2,tied_agency
2907,20230706,37,5,975.86,1113.92,1,tied_agency
2074,20241120,28,1,2624.14,3134.31,1,bancassurance
11107,20230227,137,4,1367.46,1507.03,1,bancassurance
8490,20231215,103,1,3164.27,2867.16,1,tied_agency
10780,20230619,132,4,1364.68,1378.54,2,tied_agency
10204,20250303,126,4,2361.17,2270.33,2,bancassurance
10676,20241202,130,4,2173.73,2534.95,2,tied_agency
3878,20240906,49,3,2321.64,2393.37,1,tied_agency
15717,20230428,194,5,382.14,348.67,2,bancassurance
8599,20231030,104,1,2601.38,3338.12,2,bancassurance
2952,20240314,37,3,851.74,909.31,1,tied_agency
4498,20250418,56,6,5265.46,4958.29,1,tied_agency
2585,20240805,33,1,3372.77,3149.15,1,bancassurance
3255,20240219,40,5,1023.25,1480.64,2,tied_agency
13182,20250521,163,3,1036.4,1084.47,1,tied_agency
8342,20240625,101,3,2220.18,2834.79,2,bancassurance
4658,20230810,60,5,272.17,269.4,2,tied_agency
11069,20250911,135,2,4812.72,4475.79,1,tied_agency
2189,20231010,29,5,537.88,703.08,1,tied_agency
15252,20240115,187,1,1017.36,1036.07,2,bancassurance
14482,20230424,182,6,6480.49,9419.94,2,tied_agency
9927,20241216,9003,6,6496.84,6777.08,2,bancassurance
12853,20241127,160,2,850.03,834.97,2,tied_agency
10658,20240805,130,5,467.75,622.68,2,tied_agency
6583,20231121,80,3,758.05,1094.5,1,bancassurance
15962,20230803,198,5,460.32,452.31,1,bancassurance
1611,20240624,9006,6,1884.58,2124.45,2,bancassurance
2758,20250414,35,6,6667.04,7500.41,2,tied_agency
2754,20250225,35,5,1090.55,1072.63,2,tied_agency
7470,20240501,91,2,4080.62,5708.25,1,bancassurance
2065,20241014,28,3,2329.08,2258.92,1,bancassurance
1167,20250930,19,3,1025.97,1471.39,2,tied_agency
10974,20230919,134,6,1223.18,1540.07,1,bancassurance
16104,20240306,200,2,1629.07,1923.28,1,tied_agency
4569,20231128,58,3,1801.46,2281.21,1,tied_agency
11114,20230501,137,4,2332.31,2564.05,1,bancassurance
5254,20250915,64,3,2026.74,2601.92,2,tied_agency
5941,20231127,72,5,577.03,748.07,1,bancassurance
2799,20230906,36,2,4105.02,4496.17,2,bancassurance
10242,20251120,126,6,7419.8,7903.7,1,bancassurance
6891,20231030,84,3,2637.68,2565.74,1,bancassurance
7875,20251230,96,5,1144.89,1245.94,1,tied_agency
8436,20230417,102,1,2201.26,3242.04,1,bancassurance
921,20251223,15,5,698.16,934.52,2,tied_agency
5338,20250825,65,3,1641.55,2207.64,2,tied_agency
4759,20230731,61,6,1673.18,2346.47,1,bancassurance
11122,20230704,137,2,3898.45,4592.45,2,bancassurance
7300,20251226,88,5,493.39,592.57,1,bancassurance
9448,20230807,120,4,1923.74,2457.58,1,tied_agency
12166,20240109,152,4,2655.22,2627.96,1,bancassurance
12558,20230626,157,4,1738.67,2155.22,2,bancassurance
4514,20250715,56,4,2322.32,2484.03,2,tied_agency
10495,20231006,129,3,2690.02,3328.56,1,tied_agency
7883,20230313,97,6,5498.1,5863.53,1,bancassurance
1695,20251127,24,1,2387.08,2178.04,1,bancassurance
54,20241118,2,6,3212.97,3739.44,2,tied_agency
5084,20240606,63,6,6053.4,8606.08,2,bancassurance
1290,20240115,21,4,1244.9,1670.8,2,tied_agency
13998,20241007,174,2,2672.17,3240.67,1,bancassurance
12186,20240812,152,6,6168.38,7833.67,1,bancassurance
11526,20241210,142,1,2587.64,3546.64,1,bancassurance
190,20250414,4,3,2839.56,2567.24,1,tied_agency
5919,20230206,72,2,1165.39,1747.86,2,bancassurance
6496,20240520,79,6,4735.75,6890.27,1,bancassurance
2726,20240318,35,3,2694.45,3499.61,2,tied_agency
3388,20240506,43,2,4393.42,4266.22,2,tied_agency
6094,20230412,74,2,3904.09,5066.27,1,tied_agency
1969,20230421,28,4,2842.32,4237.79,1,bancassurance
14716,20240306,183,4,2835.44,2666.0,2,tied_agency
6892,20231010,84,1,1191.63,1377.05,1,bancassurance
2063,20241004,28,2,4290.36,4620.57,1,bancassurance
8240,20251110,100,2,1968.41,1896.96,1,bancassurance
2452,20240208,9004,3,1411.29,2053.86,2,tied_agency
8087,20231226,99,3,621.95,926.76,1,bancassurance
13992,20240902,174,1,1856.98,2354.64,1,bancassurance
8740,20230707,105,3,1604.88,1589.67,2,bancassurance
922,20230102,16,5,776.35,714.3,2,tied_agency
8120,20241022,99,1,1805.28,1737.04,1,bancassurance
4880,20250826,61,1,2861.73,3526.36,2,bancassurance
7459,20240207,91,1,2999.44,2957.66,1,bancassurance
13919,20250206,173,3,1304.03,1916.91,1,tied_agency
10364,20240429,128,1,1029.59,1175.3,1,tied_agency
11541,20230828,143,4,1280.34,1366.88,1,bancassurance
15052,20250325,185,4,2129.17,2980.38,2,tied_agency
3576,20240129,46,3,1489.68,1343.29,1,bancassurance
199,20250818,4,5,1102.89,1126.38,1,tied_agency
12552,20230512,157,3,1387.19,1461.9,2,bancassurance
6209,20240116,75,1,4715.91,6892.8,1,tied_agency
10563,20230110,130,6,5024.24,7123.88,2,tied_agency
14189,20250331,177,2,1216.51,1569.55,1,tied_agency
11738,20230112,148,3,1185.75,1468.36,1,bancassurance
13135,20250203,9010,6,7072.9,7532.9,1,bancassurance
11595,20231225,144,5,392.27,450.93,2,bancassurance
6351,20250911,76,1,4120.99,5726.51,2,tied_agency
6888,20230828,84,2,3484.17,3255.01,1,bancassurance
15660,20240415,193,3,630.87,850.51,2,bancassurance
14583,20241007,182,1,3735.47,4773.81,1,tied_agency
5733,20251229,69,5,767.86,1034.01,1,tied_agency
242,20251117,5,1,3770.11,3413.78,2,bancassurance
16139,20250313,200,1,1944.36,1789.75,1,tied_agency
5740,20230221,70,6,5927.1,5891.2,1,tied_agency
261,20240508,6,3,2458.87,2877.69,2,tied_agency
14335,20240614,180,2,904.57,1001.53,1,tied_agency
1907,20251010,26,4,2202.31,2673.41,1,tied_agency
8901,20231225,109,4,1807.99,2276.26,1,bancassurance
14638,20251103,182,1,843.32,868.14,2,tied_agency
11369,20250421,139,1,2764.31,3117.85,2,bancassurance
11241,20240809,138,3,557.18,712.02,1,tied_agency
5923,20230411,72,1,2026.48,2787.07,1,bancassurance
5109,20241104,9001,2,3678.3,3494.49,2,bancassurance
10451,20250818,128,3,873.33,851.14,1,tied_agency
6910,20240527,84,3,1286.46,1496.35,2,bancassurance
14804,20250904,183,2,1410.92,1725.86,1,tied_agency
7246,20240215,88,2,4524.96,4601.77,1,bancassurance
3860,20240112,49,5,1088.6,1488.26,1,tied_agency
9212,20240101,115,2,3125.85,4087.35,1,tied_agency
10734,20251231,130,1,2534.66,2576.0,2,tied_agency
11382,20250910,139,1,2280.66,3013.83,2,bancassurance
3188,20240916,39,4,1268.95,1389.69,1,bancassurance
2562,20251124,9004,2,3158.99,4034.69,2,tied_agency
9807,20230125,124,6,5810.88,6044.67,1,bancassurance
658,20240902,12,5,856.18,917.72,1,bancassurance
9879,20240311,124,1,3102.47,3716.52,2,bancassurance
8621,20240112,104,5,745.67,1070.59,1,bancassurance
11083,20231229,136,2,1719.58,2388.26,2,tied_agency
6387,20231120,78,3,2796.36,2544.67,1,tied_agency
9139,20230109,9003,6,7695.43,10445.18,2,tied_agency
13971,20230914,174,4,1500.3,1396.77,1,bancassurance
12823,20231120,160,6,3353.56,4951.47,2,tied_agency
9865,20231204,124,5,571.28,759.58,2,bancassurance
12819,20231016,160,1,1337.8,1356.66,1,tied_agency
5779,20240527,70,2,4129.68,5728.17,2,tied_agency
1810,20240304,26,5,359.05,392.6,1,tied_agency
353,20230912,8,5,1088.72,987.73,2,bancassurance
14210,20250923,177,4,2232.98,2331.51,2,tied_agency
11042,20231006,135,6,1235.41,1624.37,2,tied_agency
871,20240610,15,6,7004.74,9287.61,2,tied_agency
1253,20230714,21,3,2307.49,2617.21,2,tied_agency
8297,20231002,101,3,1123.88,1377.31,2,bancassurance
10907,20240902,133,4,2654.5,3916.85,2,tied_agency
7316,20240424,89,1,2111.63,2816.51,1,bancassurance
5824,20251106,70,5,678.91,859.4,2,tied_agency
1841,20240815,26,6,1076.31,1181.06,2,tied_agency
13585,20240429,168,4,2669.44,2539.46,1,tied_agency
10363,20240416,128,2,3999.03,5724.52,2,tied_agency
1710,20230316,25,3,2688.51,2856.96,2,tied_agency
10748,20240205,131,6,2221.09,2883.53,2,tied_agency
3408,20241105,43,1,1267.9,1859.6,2,tied_agency
10357,20240305,128,2,1795.16,1652.42,2,tied_agency
457,20240917,9,1,4103.51,5227.19,2,bancassurance
7401,20250224,90,5,534.84,776.1,1,bancassurance
6779,20230404,83,4,966.54,1333.41,1,bancassurance
3920,20230217,50,4,1740.85,2479.51,2,bancassurance
8181,20240215,100,3,1490.79,1462.06,2,bancassurance
867,20240522,15,5,735.89,754.26,2,tied_agency
12857,20250113,160,5,1076.23,979.49,2,tied_agency
822,20251117,14,5,689.94,755.44,1,tied_agency
1923,20230419,27,5,1106.85,1518.58,2,bancassurance
1003,20230419,18,4,2728.41,2575.94,2,tied_agency
236,20250314,5,5,1134.76,1415.6,2,bancassurance
8781,20240226,106,3,965.21,1006.37,1,tied_agency
10703,20250626,130,4,835.44,1101.56,2,tied_agency
4267,20230123,53,4,725.33,1012.34,1,tied_agency
9398,20241028,118,2,4510.9,4123.78,2,bancassurance
133,20230626,4,1,1141.14,1676.48,2,tied_agency
13097,20231130,162,5,379.19,453.97,2,bancassurance
11955,20250505,9006,2,4040.48,4448.52,2,bancassurance
5367,20230602,66,1,1665.22,2157.13,2,bancassurance
14556,20240524,182,4,2334.49,2104.83,2,tied_agency
13886,20231113,173,4,1561.4,2202.95,1,tied_agency
10760,20250728,131,1,2255.09,3055.34,2,tied_agency
1117,20240527,19,1,1542.85,1998.99,2,tied_agency
5632,20251022,68,6,6333.82,8043.15,2,tied_agency
11873,20231106,149,5,644.89,923.76,2,bancassurance
15060,20251124,185,4,539.58,691.5,2,tied_agency
6341,20250414,76,4,1740.07,2111.21,2,tied_agency
13424,20241126,166,1,4375.66,5512.04,2,tied_agency
944,20240522,16,4,2196.23,3243.96,1,tied_agency
2216,20240415,29,2,4919.08,5996.49,1,tied_agency
5050,20231127,63,4,2074.95,2931.5,2,bancassurance
3509,20240515,45,1,4794.38,7182.31,2,tied_agency
1190,20231130,20,1,3139.4,2923.62,1,tied_agency
10323,20230724,128,4,1858.55,2219.65,2,tied_agency
6638,20250821,80,5,519.5,636.93,2,bancassurance
10449,20250819,128,3,1518.32,1766.68,1,tied_agency
8213,20250106,100,3,909.2,1275.76,2,bancassurance
6896,20231215,84,2,1939.15,2796.48,2,bancassurance
7678,20250723,95,1,3422.53,4091.66,1,bancassurance
4753,20230518,61,4,2814.57,3215.7,1,bancassurance
1151,20250303,19,6,4854.94,6246.25,2,tied_agency
6386,20231106,78,2,4023.68,4076.19,2,tied_agency
14709,20240129,183,1,2553.65,3788.14,2,tied_agency
1008,20230606,18,3,1049.63,1130.55,1,tied_agency
8103,20240523,99,4,842.51,759.43,1,bancassurance
8571,20230420,104,4,1607.91,1994.82,2,bancassurance
606,20251212,11,6,5089.19,6307.19,2,bancassurance
6591,20240130,80,2,1133.72,1080.75,2,bancassurance
5619,20250602,68,3,1677.25,2379.16,1,tied_agency
4397,20230426,56,1,1597.48,2139.12,2,tied_agency
10691,20250310,130,6,6063.34,7481.04,2,tied_agency
6471,20230904,79,4,1263.88,1649.08,2,bancassurance
3184,20240820,39,2,831.93,901.79,1,bancassurance
7837,20250612,96,4,2350.09,3269.67,1,tied_agency
8353,20240826,101,4,2639.7,2461.81,2,bancassurance
2103,20250512,28,3,1562.88,2103.78,2,bancassurance
8791,20241024,106,4,1506.06,1783.25,1,tied_agency
14456,20250922,181,5,367.92,544.16,1,tied_agency
8162,20230502,100,2,4607.41,6214.58,2,bancassurance
15375,20241227,189,2,2498.05,2818.39,1,bancassurance
3282,20250213,40,1,1323.72,1680.7,2,tied_agency
8322,20240314,9006,1,2031.92,2139.35,1,bancassurance
13380,20230523,166,4,2183.54,2452.44,2,tied_agency
10961,20230524,134,1,4590.29,5007.37,2,bancassurance
14187,20250213,177,5,806.07,817.18,1,tied_agency
12351,20240125,154,2,2367.6,2957.87,2,tied_agency
11293,20251223,138,4,1173.06,1191.65,2,tied_agency
3930,20230605,50,1,3217.83,4416.02,1,bancassurance
1712,20230524,25,2,2145.08,2433.29,2,tied_agency
15352,20240308,189,6,3891.76,4756.89,1,bancassurance
4687,20240624,60,3,2855.16,2876.64,1,tied_agency
15034,20230623,185,5,974.34,1378.22,1,tied_agency
2456,20240219,32,6,3438.4,4543.11,1,tied_agency
11652,20251106,144,3,704.69,705.18,2,bancassurance
10085,20230217,126,3,1795.16,1795.75,2,bancassurance
12185,20240701,152,5,1096.54,1474.79,1,bancassurance
12280,20240830,153,3,935.15,855.35,1,bancassurance
12735,20231127,158,1,4145.22,5347.04,2,tied_agency
13832,20230511,171,2,4931.26,4862.66,1,bancassurance
5535,20251229,67,3,1857.11,2670.79,1,tied_agency
7046,20240416,85,5,334.36,412.93,1,tied_agency
8924,20250903,109,4,1793.17,2664.0,1,bancassurance
13705,20241211,169,2,2593.47,3856.93,2,tied_agency
1790,20231113,26,6,7993.34,9179.81,2,tied_agency
14782,20250512,183,4,2348.44,3392.15,2,tied_agency
9846,20230914,124,1,4605.63,5496.64,1,bancassurance
5306,20240501,65,4,1557.03,1668.3,2,tied_agency
5974,20250204,72,2,2758.09,3348.92,1,bancassurance
2768,20250811,35,6,4965.97,4498.74,2,tied_agency
5106,20241031,63,4,867.69,1085.24,2,bancassurance
4559,20230821,58,6,1463.49,1850.5,2,tied_agency
2967,20240625,37,1,4402.75,4905.23,1,tied_agency
10999,20240729,134,3,948.4,1310.79,1,bancassurance
2759,20250418,9003,6,2895.18,3592.67,2,tied_agency
12595,20240110,157,5,939.04,960.72,2,bancassurance
1346,20241216,21,4,1889.48,2490.13,2,tied_agency
1157,20250526,19,3,2580.84,3464.37,1,tied_agency
6506,20240920,79,4,991.42,1358.52,2,bancassurance
14835,20230310,184,1,2857.61,3086.27,2,bancassurance
10249,20251223,126,5,932.46,1038.12,2,bancassurance
6943,20250523,84,6,2351.32,2270.24,2,bancassurance
7776,20240705,96,4,1558.85,2061.21,2,tied_agency
12904,20230529,161,1,2511.38,2697.85,1,bancassurance
5213,20240506,64,6,6536.32,7020.75,2,tied_agency
14788,20250617,183,1,4906.67,6392.69,2,tied_agency
135,20230726,4,6,7696.55,9157.1,2,tied_agency
13194,20230217,164,5,603.31,804.27,1,tied_agency
6853,20250730,83,4,1558.8,2090.87,2,bancassurance
15522,20240205,191,3,1857.41,1676.05,1,tied_agency
3996,20250925,50,3,1290.53,1875.44,2,bancassurance
14451,20250708,181,4,1950.77,2077.76,2,tied_agency
1028,20240222,18,3,1381.78,1465.26,2,tied_agency
28,20231225,2,3,2613.43,2928.44,2,tied_agency
14722,20240520,183,6,2973.11,3650.53,1,tied_agency
3815,20251127,48,5,889.11,1293.6,1,tied_agency
12471,20240108,156,4,643.26,778.71,2,bancassurance
11983,20251030,9011,2,1651.93,1870.69,2,bancassurance
2221,20240527,29,4,1343.65,1448.03,1,tied_agency
4419,20230907,56,3,2230.12,2956.19,1,tied_agency
10919,20250113,133,3,1058.03,1078.05,1,tied_agency
3640,20251117,46,5,545.86,723.54,2,bancassurance
5594,20240916,68,5,353.53,346.72,1,tied_agency
11530,20250602,142,1,3074.03,4048.74,1,bancassurance
8650,20240701,104,4,886.72,887.98,1,bancassurance
10943,20251124,133,6,4995.03,4822.03,1,tied_agency
13405,20240208,166,1,3726.62,3536.77,1,tied_agency
15028,20230313,185,4,1983.97,2436.64,2,tied_agency
10881,20231030,133,4,1667.02,2273.73,2,tied_agency
1985,20230612,28,3,2006.04,2877.17,1,bancassurance
1058,20250115,18,5,287.6,384.44,2,tied_agency
2504,20241210,32,2,4581.35,4442.99,1,tied_agency
8011,20240507,98,2,1441.24,1975.65,1,bancassurance
12850,20241025,160,6,6558.59,7488.75,2,tied_agency
2721,20240205,35,6,4112.66,5430.64,1,tied_agency
9097,20241014,113,3,1959.38,2590.48,1,tied_agency
13213,20240111,164,5,655.62,891.03,1,tied_agency
367,20240325,8,4,1179.95,1107.17,1,bancassurance
1402,20230105,22,1,1297.67,1855.19,1,bancassurance
5314,20240923,65,6,2581.51,3104.86,1,tied_agency
5153,20250703,63,1,2046.8,2677.19,2,bancassurance
1445,20230323,23,6,7166.96,8412.46,2,bancassurance
11890,20240306,149,5,401.1,542.48,1,bancassurance
7476,20240710,91,1,2782.08,3085.19,1,bancassurance
4950,20240516,62,1,3047.72,3774.85,1,tied_agency
6721,20240213,82,5,416.75,455.33,1,bancassurance
8101,20240425,99,5,339.54,418.53,1,bancassurance
11137,20231227,137,1,4862.93,5078.68,2,bancassurance
15830,20240819,195,6,4960.12,7078.23,1,bancassurance
15872,20251017,195,5,328.62,395.72,1,bancassurance
12752,20240708,158,6,5817.25,5424.42,1,tied_agency
12663,20250331,157,2,1401.12,1610.89,1,bancassurance
9729,20241014,123,3,1615.6,1536.55,2,tied_agency
959,20250620,16,1,2865.23,4175.07,2,tied_agency
2608,20230201,34,4,874.75,964.31,2,tied_agency
6922,20241002,84,3,1567.85,2169.97,2,bancassurance
2027,20240322,28,2,2391.13,2987.98,1,bancassurance
15691,20250411,193,5,678.24,846.91,2,bancassurance
15287,20250225,187,6,6176.22,7325.92,1,bancassurance
6916,20240923,84,3,613.93,735.64,1,bancassurance
9046,20230306,113,3,826.21,1060.99,2,tied_agency
13220,20240418,164,5,427.37,633.19,1,tied_agency
695,20250908,12,4,747.44,745.95,2,bancassurance
5637,20251202,68,2,3341.48,3039.21,1,tied_agency
843,20230718,15,5,800.1,837.57,2,tied_agency
2402,20230201,32,3,840.3,1229.26,1,tied_agency
14552,20240515,182,3,2877.76,3538.72,1,tied_agency
1879,20250321,26,5,633.57,829.15,1,tied_agency
8365,20241028,101,1,2412.01,2988.82,1,bancassurance
1498,20250313,23,4,1659.13,1944.77,2,bancassurance
3163,20240130,39,5,349.92,445.86,2,bancassurance
4676,20240208,60,3,534.91,584.84,2,tied_agency
2815,20240314,36,3,2705.96,3187.57,1,bancassurance
1414,20231117,9006,2,3956.82,4261.61,2,bancassurance
2543,20250715,32,6,4166.18,6130.22,2,tied_agency
4842,20241231,61,4,894.83,1065.94,1,bancassurance
11082,20231023,136,1,3320.81,3155.02,1,tied_agency
13885,20231120,173,4,1642.24,2070.53,1,tied_agency
7805,20241226,96,4,862.73,1255.57,1,tied_agency
10071,20251003,125,1,2617.07,2584.39,2,bancassurance
14853,20230619,184,1,1130.31,1274.89,1,bancassurance
15309,20251215,187,1,2666.42,2987.36,1,bancassurance
9441,20251104,118,5,285.08,408.68,2,bancassurance
8403,20250625,101,2,3704.31,4501.08,1,bancassurance
7237,20231124,88,2,3259.25,3388.03,2,bancassurance
4063,20241224,51,2,4814.03,6562.21,2,tied_agency
1298,20240215,21,3,1960.76,2513.45,2,tied_agency
3830,20230417,49,2,4035.36,5135.81,2,tied_agency
10574,20230327,130,3,2666.96,2562.71,2,tied_agency
4362,20240509,55,2,1366.53,1271.28,1,bancassurance
10509,20240306,129,6,2742.27,3711.18,1,tied_agency
172,20240924,4,3,2810.02,3634.99,2,tied_agency
8694,20250331,104,5,511.74,483.52,2,bancassurance
12909,20230508,161,2,1936.6,2902.98,1,bancassurance
9642,20230707,123,3,2809.57,2805.75,2,tied_agency
14519,20231127,182,6,2278.32,2282.6,2,tied_agency
1513,20250915,23,5,1167.68,1512.25,2,bancassurance
11608,20240510,144,6,7352.73,6765.46,1,bancassurance
14937,20240909,184,1,2715.1,2561.49,2,bancassurance
2535,20250520,32,5,844.79,903.49,2,tied_agency
10087,20230220,126,1,4668.93,6719.02,2,bancassurance
8256,20230314,101,3,2006.84,2269.46,2,bancassurance
15240,20230908,187,5,360.22,497.75,1,bancassurance
4437,20240115,56,4,2691.0,3206.46,2,tied_agency
9817,20230313,124,1,3344.04,4377.22,2,bancassurance
10079,20230109,126,2,1829.45,2057.91,1,bancassurance
1156,20250505,19,4,2711.41,2827.58,2,tied_agency
2339,20240227,30,4,2515.16,3468.05,1,tied_agency
11386,20251027,139,2,3379.84,4187.44,2,bancassurance
3008,20250414,37,4,2459.12,3008.53,1,tied_agency
11700,20230302,147,1,3580.66,5132.33,2,tied_agency
9781,20250812,123,1,2098.8,3083.32,1,tied_agency
3078,20231115,38,5,204.96,249.37,1,bancassurance
8119,20240903,99,4,2902.24,3978.75,1,bancassurance
4644,20230302,60,6,4356.59,5748.22,2,tied_agency
1535,20230327,24,1,3461.86,4929.9,2,bancassurance
9416,20250326,118,2,2673.66,2806.39,2,bancassurance
10600,20230831,130,1,1403.4,2045.85,1,tied_agency
4375,20250603,55,2,4328.32,5776.69,2,bancassurance
16081,20230531,200,2,4590.08,6481.08,1,tied_agency
13794,20241105,170,5,595.39,891.5,2,tied_agency
9205,20231002,115,3,954.2,1003.09,1,tied_agency
13377,20230420,166,3,2332.93,2296.85,2,tied_agency
3204,20250401,39,3,563.49,822.44,1,bancassurance
13718,20250704,169,6,5903.75,7560.46,2,tied_agency
1132,20241007,19,5,499.52,740.12,2,tied_agency
11957,20250526,149,3,1856.93,2227.45,1,bancassurance
10118,20230829,126,4,1004.98,1266.36,2,bancassurance
4570,20231208,58,2,4346.41,4312.24,1,tied_agency
8652,20240715,104,2,3269.96,4291.27,1,bancassurance
3000,20250227,37,3,1152.85,1417.25,1,tied_agency
392,20250106,8,4,1270.77,1345.75,1,bancassurance
8294,20231013,101,1,2546.9,2611.16,2,bancassurance
6716,20240103,82,3,861.49,794.0,1,bancassurance
12226,20251010,152,4,1581.48,1990.56,2,bancassurance
6123,20240715,74,4,2897.75,3013.96,2,tied_agency
632,20230817,12,1,1498.63,2178.21,2,bancassurance
2435,20231121,32,6,3842.46,4891.76,1,tied_agency
9033,20250703,112,6,5137.08,4855.47,2,bancassurance
8029,20241113,9006,4,2358.1,2306.86,2,bancassurance
3592,20240715,9011,4,974.43,1371.91,1,bancassurance
6928,20241209,84,2,1309.39,1874.49,1,bancassurance
4270,20230405,53,6,1652.07,1918.32,1,tied_agency
4545,20230102,58,3,1675.65,1784.16,1,tied_agency
15327,20230710,189,3,1489.3,1424.27,1,bancassurance
4032,20231227,51,5,952.97,1216.62,1,tied_agency
862,20240401,15,4,2310.99,2934.02,1,tied_agency
10700,20250528,130,1,2803.69,3702.27,1,tied_agency
3909,20251029,49,4,1069.69,973.61,1,tied_agency
11547,20240305,143,4,2278.0,2341.52,1,bancassurance
39,20240513,2,5,867.13,804.05,1,tied_agency
13460,20230327,9007,2,3110.58,3098.24,2,bancassurance
4309,20230828,54,6,3118.78,3065.23,1,bancassurance
2222,20240514,29,5,467.24,502.72,1,tied_agency
6009,20230519,73,2,1120.77,1248.74,2,tied_agency
9248,20250328,115,1,2824.63,3490.49,1,tied_agency
13435,20250430,9006,5,422.14,505.45,2,tied_agency
6218,20240418,75,1,3954.05,5283.58,1,tied_agency
7710,20230523,96,5,585.62,834.73,2,tied_agency
1590,20240329,9011,3,615.42,903.11,2,bancassurance
12626,20240730,157,4,2050.75,2182.1,1,bancassurance
14100,20250526,176,3,2254.45,2994.63,2,bancassurance
7802,20241202,9003,3,1057.41,1502.04,2,tied_agency
626,20230608,12,5,1082.03,1259.42,1,bancassurance
12284,20241016,153,6,5920.14,6130.53,1,bancassurance
15268,20240702,9010,3,2898.33,3416.82,1,bancassurance
11746,20230403,148,2,2817.34,3341.26,1,bancassurance
9016,20240205,112,2,1189.57,1165.92,2,bancassurance
10571,20230306,130,4,807.32,852.37,1,tied_agency
11141,20240219,137,6,6582.01,7588.44,1,bancassurance
8260,20230424,101,5,499.91,522.61,2,bancassurance
15073,20230410,186,3,2225.28,2720.33,1,tied_agency
3270,20240912,40,2,3805.83,4724.26,1,tied_agency
7587,20250610,9011,5,878.38,1099.19,1,tied_agency
9840,20230807,124,2,2934.44,2759.96,2,bancassurance
15614,20250415,192,3,2717.41,3037.22,2,tied_agency
2736,20240828,35,6,1888.69,2277.61,1,tied_agency
5105,20241011,63,4,796.76,1024.24,1,bancassurance
6177,20230202,75,5,567.65,778.62,2,tied_agency
7963,20250915,97,1,3139.34,3095.47,1,bancassurance
14988,20250605,184,1,1888.61,1963.02,1,bancassurance
13463,20230424,167,2,2036.65,2824.51,1,bancassurance
11410,20230718,140,2,2846.56,2874.95,1,bancassurance
4947,20240426,62,3,1291.64,1656.89,1,tied_agency
2424,20230814,32,5,872.61,1258.54,2,tied_agency
13884,20231018,173,1,4573.11,6161.56,1,tied_agency
11875,20231114,149,6,6211.39,7278.26,1,bancassurance
2731,20240513,35,2,3935.9,4464.99,1,tied_agency
11633,20250424,144,5,626.9,717.78,2,bancassurance
13064,20251027,161,3,1803.15,2142.69,2,bancassurance
15008,20250902,184,4,1565.99,1703.34,2,bancassurance
6368,20230403,78,4,1515.59,1719.17,2,tied_agency
11255,20241223,138,2,3540.96,3224.81,1,tied_agency
1553,20230704,24,5,863.74,1083.53,2,bancassurance
5469,20231009,67,4,2088.13,3101.6,2,tied_agency
13773,20240422,170,6,2435.09,3557.52,1,tied_agency
12690,20250910,157,4,2012.49,3013.44,2,bancassurance
12657,20250224,157,1,3039.09,3669.49,2,bancassurance
6432,20250616,78,4,1888.94,2051.0,2,tied_agency
14531,20240126,182,4,2039.89,2215.42,2,tied_agency
15994,20240715,198,2,3582.59,4116.63,2,bancassurance
5318,20241007,65,1,2923.03,2960.27,2,tied_agency
7929,20240904,97,3,2428.04,3520.13,2,bancassurance
2625,20230831,34,4,2006.5,2878.42,2,tied_agency
7503,20250627,91,4,980.95,1202.99,1,bancassurance
5240,20250527,64,3,1023.82,1290.59,2,tied_agency
9461,20241230,120,2,2264.88,3380.63,1,tied_agency
5229,20250101,64,6,5416.48,5358.4,2,tied_agency
6838,20241203,83,2,1084.43,1075.58,2,bancassurance
1518,20251114,23,1,4049.72,4660.03,2,bancassurance
11096,20241209,136,4,1120.04,1118.67,2,tied_agency
9991,20251230,124,1,2590.16,2887.94,1,bancassurance
4019,20230619,51,4,1251.94,1164.57,1,tied_agency
6469,20230821,79,4,1630.23,2423.64,2,bancassurance
1989,20230711,28,6,2709.44,3890.18,1,bancassurance
2412,20230529,32,3,2873.72,2656.99,2,tied_agency
3067,20230808,38,6,1148.78,1579.82,2,bancassurance
4386,20230109,56,1,1157.74,1499.65,1,tied_agency
11296,20230120,139,6,3045.55,3482.33,1,bancassurance
5335,20250610,65,1,1597.2,2212.25,1,tied_agency
10692,20250331,130,3,2490.45,3046.02,1,tied_agency
15245,20231018,187,4,844.59,986.95,1,bancassurance
5996,20251120,72,2,1801.09,2634.02,1,bancassurance
9635,20230509,123,2,1497.07,1851.6,2,tied_agency
2039,20240611,28,5,460.28,493.48,1,bancassurance
2893,20230522,37,1,3677.35,3485.41,1,tied_agency
13203,20230718,164,5,726.28,1013.07,1,tied_agency
4594,20240805,58,4,2372.37,2793.85,2,tied_agency
2362,20251212,30,4,1500.77,2122.83,2,tied_agency
8764,20251016,105,1,1239.33,1435.71,2,bancassurance
15571,20250704,191,3,1631.23,1695.35,2,tied_agency
13682,20240312,169,3,794.16,1182.5,2,tied_agency
13925,20250527,173,6,3663.86,4267.03,1,tied_agency
15129,20240411,186,6,1765.11,2460.09,1,tied_agency
2948,20240401,37,3,970.0,1260.53,1,tied_agency
11748,20230503,148,4,934.81,1015.32,2,bancassurance
15298,20250723,187,2,1192.18,1302.35,2,bancassurance
3430,20251029,43,6,2768.43,2936.42,1,tied_agency
7328,20250430,89,4,1713.81,2546.49,2,bancassurance
1230,20230419,21,4,2691.89,2903.44,2,tied_agency
2474,20240611,32,3,2964.09,3793.46,2,tied_agency
6726,20240408,82,4,1977.23,2567.77,2,bancassurance
5346,20251117,65,4,1838.87,2115.51,1,tied_agency
11161,20240926,137,4,2395.4,2949.33,1,bancassurance
13286,20230621,165,4,2944.14,3393.33,2,tied_agency
2455,20240205,9002,5,908.35,1109.29,1,tied_agency
80,20250930,2,6,4364.13,4899.73,1,tied_agency
1942,20241212,27,4,1192.26,1775.34,1,bancassurance
10835,20250203,132,4,1180.41,1512.69,1,tied_agency
8728,20251009,104,2,842.66,1207.5,2,bancassurance
1095,20230516,19,2,4666.0,6582.69,2,tied_agency
5641,20230120,69,2,3493.45,3405.99,2,tied_agency
14194,20250414,177,6,5816.43,7533.5,2,tied_agency
118,20230103,9008,2,4574.45,5338.69,2,tied_agency
6734,20240708,82,3,2101.85,2151.95,1,bancassurance
13434,20250410,166,1,3242.58,3449.93,2,tied_agency
8074,20230710,9004,1,4775.56,6452.92,2,bancassurance
13029,20250401,161,5,1178.61,1200.57,1,bancassurance
7022,20231228,9011,1,3573.33,4581.57,2,tied_agency
2591,20250107,33,2,4488.34,5589.15,1,bancassurance
11786,20240906,148,4,1670.88,2096.75,2,bancassurance
2934,20231211,37,4,513.22,622.94,1,tied_agency
4203,20241107,52,2,1528.08,1519.1,1,tied_agency
10200,20250319,126,1,3178.82,3825.94,1,bancassurance
15356,20240617,189,1,3363.31,4100.55,1,bancassurance
9795,20251107,123,3,816.37,970.62,1,tied_agency
9255,20250623,115,6,5782.2,7989.32,2,tied_agency
15345,20240115,189,5,1123.64,1491.07,1,bancassurance
4420,20230905,56,6,2657.11,3540.6,1,tied_agency
3957,20240501,50,5,516.99,530.87,2,bancassurance
3960,20240712,50,3,2677.92,3622.26,1,bancassurance
4761,20230703,61,4,747.21,987.16,2,bancassurance
8339,20240614,101,5,685.28,708.05,2,bancassurance
7377,20240419,90,3,1487.32,1699.2,1,bancassurance
1201,20241030,20,4,1591.07,2382.02,2,tied_agency
807,20240117,14,3,1090.51,1621.53,2,tied_agency
8390,20250303,101,2,2528.16,2344.16,1,bancassurance
6160,20250904,74,3,1783.46,1610.33,1,tied_agency
3626,20250728,9011,5,997.51,1053.23,2,bancassurance
7969,20251113,97,4,890.89,840.19,1,bancassurance
8299,20231103,101,1,4818.79,5316.94,2,bancassurance
10353,20240213,128,4,2602.19,3307.83,1,tied_agency
10752,20240611,131,6,4993.28,5218.67,2,tied_agency
12357,20240304,154,2,2616.68,2528.84,2,tied_agency
11251,20241129,138,6,5748.85,8418.38,1,tied_agency
3009,20250512,37,1,3820.75,5704.54,2,tied_agency
1927,20231106,9005,4,2226.48,3158.46,1,bancassurance
10606,20230911,130,2,4248.76,4877.78,1,tied_agency
2803,20231004,36,4,1114.47,1120.14,1,bancassurance
1274,20231106,21,6,3532.42,3242.26,1,tied_agency
11,20230503,2,6,3946.72,3821.17,2,tied_agency
6400,20240625,78,3,2667.1,3067.72,2,tied_agency
12499,20250110,156,2,3846.15,4863.72,1,bancassurance
4597,20240917,58,2,2500.95,3076.06,2,tied_agency
4651,20230614,60,1,3319.09,3739.06,2,tied_agency
286,20230112,7,1,4029.61,5216.58,1,tied_agency
9209,20231127,115,5,278.53,362.92,1,tied_agency
14113,20251010,176,1,2831.38,3003.01,1,bancassurance
4797,20240307,9002,4,1316.86,1308.07,2,bancassurance
1878,20250310,26,3,973.62,979.45,2,tied_agency
334,20230314,8,4,1641.3,2453.91,1,bancassurance
12307,20250804,153,3,588.76,839.45,1,bancassurance
1038,20240626,18,4,1946.76,2518.05,2,tied_agency
5320,20241120,65,5,1014.71,1125.88,2,tied_agency
13284,20230504,165,6,6396.18,7388.71,2,tied_agency
1226,20230306,21,5,307.63,355.3,2,tied_agency
5522,20250620,67,2,2223.27,3012.58,2,tied_agency
2881,20230327,37,6,5136.83,5517.55,2,tied_agency
1110,20240101,19,3,1723.35,1789.69,1,tied_agency
5117,20241209,63,6,3640.99,5039.68,2,bancassurance
7664,20240906,9003,1,4805.0,5630.74,1,bancassurance
6793,20230925,83,4,1255.96,1862.34,2,bancassurance
4999,20251114,62,2,4937.19,6441.19,1,tied_agency
6370,20230515,78,4,847.46,1261.23,1,tied_agency
13315,20240528,165,5,1117.53,1543.99,1,tied_agency
12721,20230630,158,2,4656.37,4199.98,2,tied_agency
402,20250707,8,4,573.71,751.52,2,bancassurance
16079,20230411,200,3,2642.75,2675.57,2,tied_agency
1493,20250109,23,5,648.27,830.67,2,bancassurance
3849,20231023,49,3,524.69,662.66,2,tied_agency
6055,20241218,73,5,589.2,681.4,2,tied_agency
2704,20230821,9002,4,1437.29,1555.54,2,tied_agency
8172,20230904,100,5,936.32,1224.46,1,bancassurance
10960,20230526,134,4,1706.0,2243.59,1,bancassurance
13617,20250421,168,6,6619.67,9481.12,1,tied_agency
16125,20240916,200,5,495.9,544.67,2,tied_agency
8760,20250728,105,5,962.55,936.86,1,bancassurance
9267,20251110,115,6,6903.18,7916.27,1,tied_agency
8858,20230821,108,3,1697.11,2060.33,2,bancassurance
7952,20250417,97,3,2921.36,3824.97,1,bancassurance
4963,20241101,62,2,2007.8,2127.48,2,tied_agency
8176,20240102,100,3,1273.32,1342.63,1,bancassurance
7605,20251216,92,4,2941.66,3241.22,2,tied_agency
5892,20250512,71,4,762.83,1101.39,2,tied_agency
16059,20250102,199,2,4213.08,4383.05,2,bancassurance
7804,20241213,96,2,4995.12,4680.42,1,tied_agency
10706,20250714,130,4,598.49,849.05,2,tied_agency
2528,20250410,32,1,4342.37,5475.71,1,tied_agency
7544,20231106,92,3,1547.1,1408.72,2,tied_agency
11115,20230505,137,4,2888.65,2783.49,2,bancassurance
8651,20240722,104,3,2429.03,3397.42,2,bancassurance
13257,20250630,164,5,767.05,1121.22,1,tied_agency
5516,20250303,9006,2,3666.26,4666.91,1,tied_agency
1693,20251013,24,4,1113.13,1609.01,1,bancassurance
13777,20240513,170,6,2592.04,3826.34,2,tied_agency
1372,20250505,21,4,1283.2,1807.54,1,tied_agency
9216,20240215,115,1,914.36,927.53,1,tied_agency
4131,20230808,52,6,3035.61,4030.53,1,tied_agency
3818,20251218,48,2,4402.74,4430.86,1,tied_agency
12688,20250827,157,2,1095.33,1036.49,1,bancassurance
6097,20230710,74,3,2580.58,2902.01,2,tied_agency
11244,20240913,138,3,2951.72,2944.74,2,tied_agency
14534,20240123,182,2,4862.36,5449.54,1,tied_agency
13896,20240528,173,4,2116.47,3013.12,1,tied_agency
1150,20250310,19,2,1469.31,1442.65,2,tied_agency
8799,20250428,106,3,2231.2,2053.58,2,tied_agency
4333,20250307,54,3,606.33,865.78,1,bancassurance
14753,20241113,183,4,551.03,592.34,1,tied_agency
7965,20250922,97,3,680.99,616.52,2,bancassurance
10553,20250924,129,5,476.54,524.22,1,tied_agency
13258,20250630,164,3,2352.41,3153.36,2,tied_agency
12827,20231204,160,3,2299.19,2760.4,1,tied_agency
12255,20231113,153,6,1048.27,1230.44,2,bancassurance
12615,20240425,157,5,550.75,532.44,2,bancassurance
4823,20240813,61,3,1610.13,1490.88,2,bancassurance
9570,20240926,122,1,4387.0,5767.13,2,tied_agency
14475,20230216,182,3,1771.49,2525.85,1,tied_agency
14507,20230901,182,3,703.25,1010.74,1,tied_agency
11031,20251020,134,4,1876.53,2287.71,1,bancassurance
2596,20250414,33,2,1071.54,1004.75,1,bancassurance
605,20251222,11,2,2134.7,2498.43,2,bancassurance
11004,20240805,134,3,661.27,911.27,2,bancassurance
6939,20250428,84,6,7472.53,8641.44,2,bancassurance
13823,20251020,170,3,1853.64,2044.36,1,tied_agency
10940,20251021,133,2,1047.72,1469.86,1,tied_agency
7043,20240422,85,5,552.79,500.3,2,tied_agency
3674,20240215,47,5,1184.77,1486.37,2,tied_agency
15943,20250707,197,4,1496.5,1882.68,2,tied_agency
8594,20230821,104,3,745.6,1011.3,2,bancassurance
15162,20241204,186,4,2694.76,3125.36,1,tied_agency
11479,20251229,140,1,3183.06,2905.7,1,bancassurance
15538,20240926,191,3,647.7,891.14,2,tied_agency
3449,20240708,44,6,6885.06,10299.16,2,bancassurance
3079,20231122,38,3,1246.1,1478.04,1,bancassurance
15622,20251014,192,3,2691.84,3232.05,1,tied_agency
1379,20250721,21,5,989.42,1005.42,1,tied_agency
15159,20241104,186,3,1973.02,1933.16,2,tied_agency
13599,20240812,168,3,2620.67,2645.83,2,tied_agency
10073,20251013,125,3,2466.73,3100.78,2,bancassurance
10926,20250210,133,3,2434.39,2963.2,1,tied_agency
6232,20240916,75,5,609.85,570.55,2,tied_agency
3493,20230918,45,4,1005.46,1092.45,1,tied_agency
2025,20240219,28,3,611.53,891.72,1,bancassurance
14018,20250918,174,5,840.68,1132.86,2,bancassurance
4730,20251127,60,1,1950.25,2473.16,2,tied_agency
13933,20250902,173,1,3574.43,4042.71,1,tied_agency
7479,20240923,91,4,1733.23,2176.5,1,bancassurance
344,20230621,8,1,3028.13,2740.71,1,bancassurance
14701,20231116,9008,1,3032.46,3229.61,1,tied_agency
1720,20240104,25,5,673.93,660.56,1,tied_agency
9965,20250707,124,4,1024.34,1509.49,1,bancassurance
4150,20231113,52,4,624.53,772.9,2,tied_agency
9435,20251027,118,1,1454.52,2091.89,2,bancassurance
8616,20240124,104,2,3391.41,4565.25,2,bancassurance
8146,20250925,99,2,1708.73,1572.02,1,bancassurance
2895,20230515,37,2,3561.32,4640.71,1,tied_agency
5545,20230309,9001,2,3235.87,4094.39,2,tied_agency
1697,20251103,24,3,856.59,1093.38,1,bancassurance
6609,20241011,80,2,2657.84,3643.73,1,bancassurance
11160,20240906,137,6,1330.02,1990.84,1,bancassurance
13555,20230719,168,2,4645.23,4472.49,2,tied_agency
5689,20241016,69,4,2729.25,2882.44,2,tied_agency
10805,20240205,132,2,4152.07,4890.62,1,tied_agency
12941,20231026,161,6,5756.14,7306.52,1,bancassurance
9604,20251021,122,6,1386.89,1505.12,2,tied_agency
10436,20250602,128,2,3791.78,4635.44,2,tied_agency
3005,20250303,37,1,939.05,851.64,1,tied_agency
6313,20240129,76,1,3681.32,4172.13,1,tied_agency
811,20240311,9002,2,3206.17,3705.94,2,tied_agency
10733,20251231,9010,4,832.7,1042.58,2,tied_agency
9542,20231221,122,6,4406.66,5717.54,1,tied_agency
12024,20250131,150,6,5080.99,5181.69,1,tied_agency
7137,20251121,85,3,1382.82,2006.04,2,tied_agency
9837,20230731,124,3,2370.53,3025.44,1,bancassurance
4738,20230223,61,6,1768.86,2273.37,2,bancassurance
12797,20251208,158,6,7821.84,10896.26,1,tied_agency
4581,20240422,58,4,954.48,1197.12,1,tied_agency
2448,20240116,32,2,4851.28,6862.23,2,tied_agency
4308,20230626,54,4,560.18,787.78,2,bancassurance
8950,20250509,110,2,3097.61,4066.46,1,bancassurance
9230,20240709,9010,2,4774.65,4744.66,2,tied_agency
5953,20240315,72,2,2945.81,3804.28,2,bancassurance
1209,20250523,20,2,921.27,1083.54,2,tied_agency
7452,20231127,91,1,4074.24,4610.67,2,bancassurance
479,20250707,9,4,2628.97,3090.09,2,bancassurance
8778,20230919,106,5,851.88,884.6,2,tied_agency
13664,20231009,169,6,3502.1,4215.1,1,tied_agency
14934,20240909,184,6,4398.97,5470.7,1,bancassurance
4829,20240902,61,2,2157.06,3075.67,2,bancassurance
14101,20250529,176,6,2392.54,3388.26,1,bancassurance
12616,20240506,157,3,2088.86,2931.63,2,bancassurance
14945,20241119,184,1,4445.73,4188.05,2,bancassurance
3572,20231030,46,6,2455.0,2284.19,1,bancassurance
3837,20230619,49,3,1620.54,1758.01,1,tied_agency
11895,20240401,149,3,1919.69,2827.75,1,bancassurance
8580,20230627,104,1,4577.4,4826.44,2,bancassurance
12122,20250825,151,2,805.36,907.75,2,bancassurance
8505,20240726,103,5,363.54,466.17,1,tied_agency
6831,20240916,83,4,2373.01,3485.46,1,bancassurance
11428,20240122,140,1,1340.79,1347.25,1,bancassurance
7773,20240610,96,6,4578.77,4125.19,2,tied_agency
3133,20251216,9010,6,2750.88,2643.51,1,bancassurance
12218,20250811,152,3,990.93,1037.32,2,bancassurance
2363,20230110,31,1,2623.43,3695.59,1,tied_agency
11496,20240923,141,1,3481.38,4887.24,1,bancassurance
2541,20250613,32,6,7158.64,10100.91,1,tied_agency
2413,20230508,32,1,3432.97,3966.96,2,tied_agency
12074,20231214,151,1,1777.68,2285.71,2,bancassurance
1249,20230712,21,1,2878.11,4211.76,2,tied_agency
2940,20240222,37,2,4220.67,5267.91,1,tied_agency
9733,20241125,123,5,1146.59,1439.11,2,tied_agency
7126,20250912,9007,2,3789.3,5274.81,2,tied_agency
5000,20251223,62,5,503.1,591.3,2,tied_agency
7438,20230508,9004,4,1571.53,1621.67,1,bancassurance
10514,20240506,129,1,4163.45,5793.66,1,tied_agency
13833,20230629,171,5,295.5,441.92,2,bancassurance
12728,20230808,158,5,563.09,526.01,2,tied_agency
12120,20250805,151,3,2104.26,2268.69,1,bancassurance
5108,20241104,63,4,1034.07,1031.0,2,bancassurance
4042,20240208,51,1,2324.68,2544.05,2,tied_agency
10951,20230228,134,6,5713.1,7725.98,1,bancassurance
1701,20251104,24,5,892.04,1138.68,1,bancassurance
8335,20240506,101,2,3689.85,4658.32,1,bancassurance
12327,20230410,154,4,2141.04,2588.84,1,tied_agency
7071,20241007,85,1,2838.03,3558.64,2,tied_agency
10895,20240311,133,3,1770.5,2207.35,1,tied_agency
10009,20230714,125,4,1440.15,1997.56,1,bancassurance
6041,20240701,73,4,1861.33,1882.93,2,tied_agency
165,20240718,4,3,2891.71,3400.07,2,tied_agency
10019,20231127,125,3,1073.53,1019.71,2,bancassurance
14372,20230419,181,1,1348.63,1420.89,1,tied_agency
9773,20250609,123,5,978.44,956.01,2,tied_agency
1781,20230925,26,6,7904.58,11567.42,2,tied_agency
4171,20240321,52,1,4310.85,6026.91,2,tied_agency
191,20250410,4,4,2384.39,3510.83,1,tied_agency
546,20230816,11,6,1744.26,2508.47,1,bancassurance
6972,20230323,85,2,1830.31,2741.04,2,tied_agency
14118,20251223,176,5,442.54,632.08,2,bancassurance
9381,20240429,118,6,3173.04,4255.14,2,bancassurance
7831,20250514,96,3,2507.08,3156.86,2,tied_agency
5413,20240909,9010,2,1001.93,1101.78,2,bancassurance
508,20231025,10,3,2990.35,3570.8,1,tied_agency
9523,20230327,122,1,956.26,1019.08,2,tied_agency
14966,20250220,184,5,500.94,675.99,2,bancassurance
2225,20240524,29,2,1153.0,1103.13,1,tied_agency
2169,20230703,9005,2,2133.51,2722.31,1,tied_agency
11269,20250303,138,6,6375.32,5867.35,2,tied_agency
1911,20251110,26,1,1856.02,2060.43,1,tied_agency
11148,20240429,137,1,1145.38,1709.34,1,bancassurance
9580,20250114,122,3,2195.52,3176.32,2,tied_agency
592,20250603,11,6,5099.26,6733.72,2,bancassurance
408,20250818,8,6,3513.78,4310.39,2,bancassurance
7095,20250317,85,1,2637.8,3076.43,1,tied_agency
6847,20250404,83,1,3441.83,3325.89,1,bancassurance
45,20240715,2,6,5480.99,5884.99,1,tied_agency
6719,20240208,82,5,775.2,795.74,1,bancassurance
12884,20230113,161,1,2507.01,3255.88,1,bancassurance
15597,20230915,9001,5,1124.55,1060.32,2,tied_agency
6907,20240422,84,1,1319.51,1511.65,2,bancassurance
11272,20250410,138,4,2436.18,3064.28,1,tied_agency
12352,20240226,154,3,1245.82,1193.85,2,tied_agency
6447,20251117,78,1,4466.26,6027.74,1,tied_agency
10902,20240521,133,3,1140.3,1392.99,2,tied_agency
11959,20250623,149,5,625.14,926.31,2,bancassurance
14273,20241007,9003,1,3714.71,5379.26,2,tied_agency
10575,20230407,9008,1,1114.16,1231.09,1,tied_agency
6073,20250808,73,6,5697.9,6835.64,1,tied_agency
1524,20230116,24,3,574.17,597.64,1,bancassurance
6870,20230112,84,2,1031.71,1482.77,2,bancassurance
5334,20250505,65,3,989.44,922.54,2,tied_agency
9883,20240404,124,5,951.92,1219.47,2,bancassurance
3730,20230214,48,2,3585.8,4763.82,2,tied_agency
13813,20250619,170,2,3793.24,4364.05,1,tied_agency
7067,20240904,85,5,814.73,1018.32,2,tied_agency
679,20250422,12,1,1303.49,1234.53,2,bancassurance
4384,20230130,56,5,1105.74,1260.99,1,tied_agency
1375,20250609,21,4,739.58,999.3,1,tied_agency
15759,20241104,194,1,3563.53,5188.63,1,bancassurance
6116,20240329,74,1,4047.74,5146.89,1,tied_agency
3435,20251204,43,2,1411.96,1308.7,1,tied_agency
9116,20250421,113,3,1642.08,1498.23,2,tied_agency
719,20230710,13,3,522.83,605.57,1,bancassurance
15966,20230927,198,1,938.69,855.95,2,bancassurance
9969,20250818,124,3,2697.55,3604.89,2,bancassurance
4542,20230111,58,6,4545.97,6685.53,2,tied_agency
12938,20231003,161,6,3823.29,4096.38,2,bancassurance
15706,20251121,193,3,2883.91,3781.01,1,bancassurance
13398,20231115,166,5,949.08,1144.37,2,tied_agency
5260,20251128,64,3,639.24,906.01,1,tied_agency
13536,20251006,167,4,1780.34,2370.99,2,bancassurance
12978,20240701,161,5,795.45,1155.15,2,bancassurance
7868,20251110,9005,1,2159.49,1959.47,2,tied_agency
13795,20241104,170,4,1020.99,1394.05,2,tied_agency
8779,20231024,106,6,4831.17,6205.95,2,tied_agency
8182,20240202,100,1,1149.25,1167.01,2,bancassurance
8954,20250825,9009,5,226.97,209.44,2,bancassurance
4495,20250311,56,5,209.09,272.57,2,tied_agency
11328,20231221,9007,5,1108.13,1607.93,2,bancassurance
13266,20251027,164,1,1885.17,2118.23,2,tied_agency
10715,20250923,130,4,1552.57,1722.83,1,tied_agency
3023,20250725,37,5,555.08,832.2,1,tied_agency
9111,20250210,113,5,479.56,656.96,2,tied_agency
10430,20250520,128,5,820.72,912.08,1,tied_agency
2351,20241125,30,6,7070.7,7011.04,1,tied_agency
8727,20251020,104,5,1079.76,1535.67,2,bancassurance
14607,20250421,9006,1,1456.98,1988.93,2,tied_agency
2136,20230119,29,5,302.32,416.64,2,tied_agency
7174,20241003,86,2,1471.76,2030.85,2,bancassurance
4828,20240927,61,3,1173.38,1379.78,2,bancassurance
9571,20241014,122,4,919.73,1074.55,1,tied_agency
1672,20250519,24,2,2638.53,3180.92,2,bancassurance
14127,20230217,177,3,1343.22,1906.75,2,tied_agency
2801,20231030,36,2,1501.41,1773.83,1,bancassurance
3727,20230130,48,2,1600.07,1831.18,1,tied_agency
2796,20230724,9007,1,4192.46,4264.7,1,bancassurance
7757,20240325,96,5,864.51,813.46,2,tied_agency
8653,20240718,104,2,2974.79,3476.16,2,bancassurance
5806,20250401,70,5,746.95,1066.1,2,tied_agency
5047,20231016,9006,5,1175.18,1524.91,2,bancassurance
9867,20240108,124,6,5301.81,5345.86,1,bancassurance
12630,20240827,157,3,697.31,995.12,1,bancassurance
15306,20251110,187,1,2132.79,3185.67,1,bancassurance
13596,20240709,168,6,6864.72,7425.66,2,tied_agency
10542,20250613,129,5,975.18,1224.71,2,tied_agency
8968,20230629,111,6,3640.32,4297.96,1,bancassurance
2581,20230911,33,6,1593.57,2071.22,1,bancassurance
13485,20240112,167,5,729.72,775.44,1,bancassurance
12366,20240607,154,3,2860.02,3243.06,2,tied_agency
1735,20250320,25,2,4254.52,6320.48,1,tied_agency
3925,20230412,50,1,2670.24,3327.8,2,bancassurance
11458,20250317,140,5,749.19,1011.77,2,bancassurance
2099,20250528,28,2,4236.84,6041.62,1,bancassurance
8268,20230515,101,2,2457.21,3034.68,2,bancassurance
5197,20231025,64,3,744.17,762.58,2,tied_agency
13733,20230206,170,2,2398.78,2641.67,2,tied_agency
9079,20240213,113,2,3177.93,2945.42,2,tied_agency
4344,20250930,54,1,3469.53,4797.25,2,bancassurance
6767,20250929,82,3,2761.98,3640.25,2,bancassurance
6962,20230112,85,4,1121.57,1661.89,1,tied_agency
5886,20250212,71,1,4151.57,4008.0,1,tied_agency
2457,20240215,32,4,1172.83,1644.27,2,tied_agency
2170,20230703,29,1,1713.61,1927.33,1,tied_agency
6120,20240619,74,1,4262.91,4112.07,1,tied_agency
9634,20230515,123,1,4118.12,3818.12,2,tied_agency
1625,20240812,24,1,2575.43,2903.69,1,bancassurance
15978,20240119,198,5,1038.91,1269.92,1,bancassurance
13659,20230821,169,3,1250.59,1387.09,1,tied_agency
8463,20251031,102,5,1073.01,1164.58,2,bancassurance
10023,20231225,125,1,1202.64,1617.9,2,bancassurance
294,20230804,7,1,2061.11,2856.93,1,tied_agency
14946,20241108,184,5,667.08,971.4,2,bancassurance
3468,20230206,45,6,6119.88,6486.1,1,tied_agency
8209,20241118,100,3,778.79,747.46,2,bancassurance
5386,20240117,66,4,2766.62,3550.91,1,bancassurance
2937,20240129,37,5,487.66,511.76,1,tied_agency
16136,20250226,200,4,1302.45,1300.57,1,tied_agency
9932,20250121,124,2,3992.25,3705.31,2,bancassurance
6024,20231129,73,3,1196.95,1445.48,2,tied_agency
1164,20250731,19,3,1881.82,2042.83,2,tied_agency
2631,20231117,34,6,1423.94,2037.46,2,tied_agency
6165,20251013,74,1,1175.17,1486.05,1,tied_agency
3183,20240722,39,5,520.44,620.71,2,bancassurance
1528,20230227,24,6,7231.07,10844.2,1,bancassurance
4493,20250210,56,2,3996.81,4017.24,2,tied_agency
5695,20241202,69,6,5590.75,5734.46,1,tied_agency
8943,20240528,110,6,2912.46,2775.36,2,bancassurance
15434,20240412,190,2,920.89,1219.99,2,tied_agency
10229,20250901,126,3,2233.27,2840.26,2,bancassurance
2419,20230719,32,1,3795.0,4521.09,2,tied_agency
12462,20230911,156,6,7474.33,7502.22,2,bancassurance
4345,20251126,54,3,1201.53,1238.78,2,bancassurance
10672,20241104,130,4,1488.03,1466.77,2,tied_agency
11076,20230417,136,5,775.81,933.83,1,tied_agency
11764,20231218,9001,6,4719.69,5307.42,2,bancassurance
6547,20251126,79,1,2064.02,2940.59,1,bancassurance
739,20240308,13,3,1961.74,2231.45,1,bancassurance
7545,20231227,92,5,860.12,876.94,1,tied_agency
4224,20250305,52,3,1457.74,2096.78,1,tied_agency
15360,20240703,189,2,2795.31,3368.45,1,bancassurance
9298,20240614,116,6,6538.18,8786.1,1,bancassurance
8375,20241206,101,4,909.49,990.29,1,bancassurance
11908,20240624,149,2,3460.16,3339.63,1,bancassurance
9997,20230316,125,3,1097.89,1501.08,1,bancassurance
387,20241122,8,1,3285.96,3080.16,1,bancassurance
1438,20230106,23,3,2649.27,3037.43,1,bancassurance
3426,20250911,43,6,5191.95,5626.23,2,tied_agency
6662,20240703,81,1,4044.93,5998.16,1,tied_agency
13306,20240227,165,4,1825.29,2090.91,2,tied_agency
4109,20230420,52,2,1345.07,1374.23,2,tied_agency
4182,20240610,52,3,2213.13,3241.83,1,tied_agency
9146,20230807,114,6,6216.33,6385.44,2,tied_agency
8492,20231206,103,3,2960.73,3754.69,1,tied_agency
10116,20230818,126,2,3105.02,3005.33,2,bancassurance
11569,20251201,143,6,4132.53,5162.29,1,bancassurance
15856,20250416,195,6,3624.93,3849.77,2,bancassurance
957,20250303,16,2,4079.07,4349.81,2,tied_agency
7547,20231213,92,3,681.48,623.11,2,tied_agency
511,20240118,10,4,2691.36,2835.28,1,tied_agency
6780,20230522,83,4,2717.29,2978.61,1,bancassurance
7208,20250428,87,4,1481.76,1920.25,1,bancassurance
8369,20241112,101,2,4364.8,5042.53,1,bancassurance
8959,20251124,110,3,2333.09,2719.32,1,bancassurance
7636,20250424,94,6,7848.62,10204.76,1,bancassurance
14228,20230417,179,6,5576.12,6969.39,2,tied_agency
8179,20240131,100,5,991.93,1068.72,2,bancassurance
9413,20250224,118,5,577.85,528.96,1,bancassurance
10739,20230109,131,5,928.9,1210.33,1,tied_agency
4813,20240619,61,6,7967.71,9392.3,1,bancassurance
4913,20230327,62,6,5033.8,4599.71,1,tied_agency
8658,20240917,104,1,2085.74,2109.36,2,bancassurance
4932,20231106,62,4,2254.32,2618.53,2,tied_agency
15906,20250911,196,2,4794.79,6624.12,2,tied_agency
15986,20240416,198,4,2991.48,2794.75,1,bancassurance
13624,20250728,168,4,2009.27,1842.02,1,tied_agency
5911,20251127,71,4,1692.38,1837.35,1,tied_agency
8850,20230228,108,5,662.52,986.09,2,bancassurance
7966,20250922,97,3,2824.33,4017.44,2,bancassurance
10533,20250224,129,5,807.03,764.24,2,tied_agency
2101,20250520,28,1,861.92,1205.09,1,bancassurance
7848,20250901,96,3,2967.36,2760.14,1,tied_agency
9154,20240401,114,1,4285.25,5259.3,2,tied_agency
5798,20250203,70,2,4779.75,6754.98,1,tied_agency
14032,20230105,176,4,746.07,754.73,2,bancassurance
12248,20230914,153,4,2995.84,3820.02,1,bancassurance
14935,20240904,184,3,2421.37,2188.77,2,bancassurance
11963,20250721,149,1,1242.72,1637.86,2,bancassurance
11825,20230104,149,6,4845.8,6981.94,2,bancassurance
1026,20240104,18,2,4921.26,5133.76,2,tied_agency
12156,20230823,9005,3,2478.89,2623.15,2,bancassurance
5893,20250508,71,1,4631.93,6548.53,1,tied_agency
15001,20250814,184,6,3684.06,4942.16,2,bancassurance
55,20241104,2,6,3119.74,3321.91,2,tied_agency
1403,20230111,22,2,3036.73,3998.2,2,bancassurance
307,20240506,7,5,893.43,1149.98,1,tied_agency
11962,20250711,149,5,1039.5,1152.97,1,bancassurance
15924,20231113,197,2,4450.29,6024.57,2,tied_agency
13768,20240216,170,6,5386.88,5955.96,1,tied_agency
15988,20240506,198,2,2162.1,2631.95,1,bancassurance
5247,20250709,64,4,1960.61,1864.54,2,tied_agency
9020,20241017,112,1,4731.18,5774.31,2,bancassurance
894,20250304,9005,4,1718.77,1614.3,2,tied_agency
13251,20250319,164,6,5958.51,7654.51,1,tied_agency
14626,20250804,182,2,3387.58,3859.31,2,tied_agency
7909,20240111,97,2,3887.06,5255.47,2,bancassurance
12422,20231024,155,4,920.38,1301.76,2,tied_agency
7079,20241224,85,2,4270.29,5932.74,2,tied_agency
4146,20231116,52,5,1194.91,1615.02,1,tied_agency
517,20240729,10,2,3357.81,4589.37,1,tied_agency
14214,20251124,177,2,4808.95,5737.59,1,tied_agency
3250,20231030,40,1,1968.15,2128.09,2,tied_agency
4596,20240923,58,5,1187.57,1611.85,2,tied_agency
12872,20250930,160,2,1219.47,1294.19,1,tied_agency
15481,20251029,190,3,530.91,535.05,2,tied_agency
6645,20251020,80,6,6449.55,9358.18,2,bancassurance
15149,20240923,186,3,2430.36,2281.07,1,tied_agency
9987,20251208,9004,3,1227.2,1563.57,1,bancassurance
3783,20240821,48,2,4199.99,4117.22,2,tied_agency
2245,20240924,29,5,1184.95,1125.53,2,tied_agency
10625,20240129,130,4,1921.14,1949.45,1,tied_agency
4635,20251209,58,1,3109.96,3968.61,1,tied_agency
10165,20240902,9001,1,3710.6,4318.21,2,bancassurance
7901,20231120,97,1,2012.9,2971.52,1,bancassurance
13935,20251023,173,4,1168.68,1345.2,2,tied_agency
4458,20240729,56,6,3452.74,3545.33,2,tied_agency
6477,20231127,79,2,3426.47,3459.82,2,bancassurance
8729,20251124,104,1,4279.3,4835.92,2,bancassurance
12167,20240112,9006,1,4532.53,5958.34,2,bancassurance
5494,20240716,67,4,2800.34,3307.84,1,tied_agency
94,20231013,3,4,2683.33,2485.09,2,tied_agency
12776,20250428,158,3,1104.18,1294.99,1,tied_agency
3653,20230410,9008,6,6334.31,7730.89,2,tied_agency
8067,20230517,99,4,861.23,1245.12,1,bancassurance
15293,20250402,187,6,4605.78,4610.92,2,bancassurance
9716,20240805,123,3,2017.74,2846.91,2,tied_agency
12175,20240410,152,4,633.71,625.45,1,bancassurance
4710,20250416,60,3,1906.8,1792.01,2,tied_agency
3552,20251223,9010,4,2958.26,4242.02,1,tied_agency
8151,20251204,99,5,444.9,455.28,1,bancassurance
15679,20241114,193,4,1897.65,2342.06,2,bancassurance
12421,20230823,155,3,2451.66,3041.78,2,tied_agency
14636,20251120,182,4,2410.55,2885.87,1,tied_agency
16157,20250908,200,6,3116.88,4297.48,2,tied_agency
8243,20251204,100,3,2018.46,2233.55,2,bancassurance
322,20250429,7,5,467.34,661.2,1,tied_agency
13869,20230414,173,2,4863.97,5765.55,1,tied_agency
2865,20251114,36,5,439.25,522.25,1,bancassurance
15084,20230727,186,1,3854.46,4433.07,2,tied_agency
5586,20240411,68,4,1537.63,2190.61,1,tied_agency
3290,20250418,40,4,904.69,1094.46,1,tied_agency
9251,20250418,115,2,3921.25,3759.63,1,tied_agency
15631,20230529,193,3,2124.66,1982.03,2,bancassurance
4328,20241223,54,6,3638.34,4673.58,1,bancassurance
3488,20230823,45,5,774.0,841.61,2,tied_agency
10416,20250211,128,6,6275.64,7698.24,2,tied_agency
4271,20230529,53,1,2434.18,2593.89,2,tied_agency
3605,20241125,46,4,2445.91,2774.26,2,bancassurance
2350,20241127,30,4,2134.03,2177.14,2,tied_agency
13127,20241028,162,1,2247.7,2565.47,1,bancassurance
9325,20250728,116,2,4529.54,4638.57,2,bancassurance
6932,20250115,84,2,4338.11,5838.68,1,bancassurance
11455,20250217,140,3,1764.09,1926.42,2,bancassurance
16105,20240325,200,3,2658.65,3242.02,2,tied_agency
12470,20240105,156,6,3662.91,3983.21,1,bancassurance
8452,20250108,102,6,4762.83,4911.33,1,bancassurance
8618,20240104,104,1,1812.38,2320.12,1,bancassurance
543,20230717,11,3,1900.38,2417.01,2,bancassurance
6425,20250430,78,5,603.47,886.39,1,tied_agency
3066,20230802,38,5,736.11,1077.96,2,bancassurance
14517,20231127,182,3,1438.45,1458.49,1,tied_agency
15592,20230522,192,2,4379.39,3965.86,2,tied_agency
9988,20251229,124,4,1459.75,1824.31,1,bancassurance
1029,20240215,18,3,636.15,714.83,2,tied_agency
5672,20240215,69,6,5564.92,6997.26,1,tied_agency
8919,20250410,109,2,4405.67,4814.55,2,bancassurance
7824,20250411,96,4,2166.08,3128.5,1,tied_agency
9305,20241119,116,3,2332.45,2568.63,2,bancassurance
8274,20230626,101,5,577.15,734.28,2,bancassurance
6549,20251230,79,5,487.88,570.32,2,bancassurance
6957,20251103,84,1,4264.46,4720.02,1,bancassurance
4955,20240701,62,2,804.61,1015.03,2,tied_agency
1593,20240308,24,6,1693.06,2356.5,1,bancassurance
432,20230913,9,4,2704.43,3003.92,1,bancassurance
9469,20251027,120,4,2040.19,2467.35,1,tied_agency
11813,20250820,148,4,1381.42,1698.85,1,bancassurance
4035,20231204,51,3,1858.32,2612.03,2,tied_agency
10037,20240701,125,3,770.77,1084.99,1,bancassurance
5231,20250122,64,4,978.29,1353.53,1,tied_agency
13750,20230814,170,3,1405.28,2017.42,1,tied_agency
1517,20251103,23,1,4945.51,6873.44,1,bancassurance
5898,20250721,71,6,7365.57,9141.29,1,tied_agency
11782,20240722,148,2,4644.18,5145.04,1,bancassurance
9045,20230214,113,6,3031.61,2765.9,2,tied_agency
14918,20240701,184,2,2062.25,2671.47,1,bancassurance
15172,20250203,186,4,1385.9,1329.45,2,tied_agency
5694,20241118,69,3,1122.36,1515.52,1,tied_agency
13597,20240703,168,3,1620.55,2326.17,1,tied_agency
10633,20240208,130,1,1243.37,1208.53,2,tied_agency
9418,20250404,118,3,2847.25,3367.33,2,bancassurance
10925,20250225,133,2,920.33,1275.14,1,tied_agency
1686,20250827,24,6,5440.14,6694.24,2,bancassurance
5409,20240812,66,6,4401.79,6413.96,2,bancassurance
10401,20241119,128,1,3714.41,5052.29,2,tied_agency
7003,20230915,85,3,670.68,808.42,2,tied_agency
15925,20231211,197,2,1792.95,2109.43,2,tied_agency
11877,20231127,149,4,1096.71,994.59,2,bancassurance
15374,20241216,189,1,3425.21,4054.16,2,bancassurance
14292,20250617,179,2,1434.74,2012.64,1,tied_agency
10320,20230607,128,3,1781.81,2629.52,2,tied_agency
6855,20250703,83,2,4117.3,5203.78,1,bancassurance
14450,20250707,181,1,1711.18,1707.49,1,tied_agency
8812,20230612,107,4,533.35,643.51,1,bancassurance
6181,20230327,75,1,1593.7,2202.68,2,tied_agency
12535,20230208,157,6,2249.64,2725.3,1,bancassurance
6923,20241017,84,1,2423.43,2954.75,1,bancassurance
7141,20251216,85,1,3089.52,3189.64,1,tied_agency
3372,20231114,43,3,783.47,928.17,1,tied_agency
12675,20250515,157,5,858.28,1126.18,1,bancassurance
5336,20250623,65,4,1602.38,1526.7,1,tied_agency
10247,20251223,126,4,1771.94,2135.06,2,bancassurance
2792,20230530,36,2,4405.7,4701.36,1,bancassurance
730,20231003,13,4,2242.34,2060.81,1,bancassurance
9228,20240611,115,4,967.55,955.31,2,tied_agency
2120,20250908,9010,1,964.06,1113.02,2,bancassurance
4287,20241202,53,5,803.41,1125.69,1,tied_agency
5421,20241120,66,2,2550.5,2628.36,2,bancassurance
8016,20240627,98,4,1865.2,1742.95,1,bancassurance
4043,20240401,51,4,574.93,628.39,2,tied_agency
14500,20230731,182,3,2201.09,2576.59,1,tied_agency
6647,20251120,80,1,3753.82,4169.77,2,bancassurance
8872,20240705,108,5,644.91,709.52,2,bancassurance
13467,20230629,167,3,1548.84,1734.72,2,bancassurance
1232,20230420,21,2,1577.37,2126.64,2,tied_agency
1817,20240404,26,6,7893.58,11210.17,2,tied_agency
9275,20230310,116,2,2036.17,2857.94,1,bancassurance
8259,20230329,101,6,6220.96,9321.98,1,bancassurance
2145,20230221,29,5,1042.19,1535.37,2,tied_agency
6606,20240916,80,4,1195.24,1597.75,2,bancassurance
2440,20231204,32,4,2046.18,1934.79,1,tied_agency
11657,20230228,146,4,591.25,800.96,1,bancassurance
5137,20250428,63,4,1103.61,1364.48,1,bancassurance
8576,20230522,104,3,2444.21,2867.45,2,bancassurance
16155,20250918,200,2,3795.45,4989.34,2,tied_agency
5512,20250203,67,3,2881.5,3287.55,1,tied_agency
11815,20250912,148,1,922.35,885.14,2,bancassurance
12073,20231211,9009,5,396.72,468.05,1,bancassurance
3273,20241010,40,5,526.64,589.84,1,tied_agency
14121,20251222,176,4,1034.32,1094.63,2,bancassurance
7939,20241223,97,2,4551.93,4724.42,2,bancassurance
103,20240812,3,6,4078.16,6010.75,1,tied_agency
6437,20250728,78,1,3240.32,4720.36,2,tied_agency
364,20240216,8,6,1960.48,1777.78,2,bancassurance
5795,20241231,70,1,1001.22,949.28,1,tied_agency
11189,20250826,137,6,5202.94,5202.5,1,bancassurance
251,20230523,9002,5,676.01,866.68,1,tied_agency
13233,20240924,164,1,2785.63,4046.43,2,tied_agency
9884,20240429,124,6,7735.02,7247.39,2,bancassurance
12139,20230227,152,4,1573.11,1779.67,2,bancassurance
12852,20241104,160,6,4257.88,5982.04,1,tied_agency
15711,20230113,194,4,818.54,1009.39,1,bancassurance
4526,20250923,56,2,3677.24,4273.55,1,tied_agency
14139,20230613,177,6,3661.06,3664.81,2,tied_agency
7561,20240528,92,6,2266.98,2732.63,2,tied_agency
1715,20230926,25,4,2233.55,2564.93,2,tied_agency
5479,20240109,67,2,4146.41,4145.37,1,tied_agency
11447,20241024,140,4,2054.12,2989.5,1,bancassurance
12970,20240403,9008,4,1433.65,1674.17,2,bancassurance
11305,20230306,139,4,1793.83,2066.38,2,bancassurance
634,20230928,12,2,2686.65,4018.33,2,bancassurance
10134,20231211,126,3,2680.18,2984.27,2,bancassurance
2841,20250106,36,2,2750.26,2728.13,2,bancassurance
14039,20230501,176,3,944.86,1275.99,1,bancassurance
6176,20230227,75,6,7106.01,7280.79,1,tied_agency
15983,20240311,198,4,674.97,633.95,1,bancassurance
13692,20240712,169,5,949.16,1001.67,2,tied_agency
6760,20250505,82,4,1945.22,2653.81,2,bancassurance
9780,20250818,123,2,3111.03,4577.09,2,tied_agency
6840,20250218,83,1,2583.37,3177.78,2,bancassurance
11268,20250307,138,2,3284.44,4798.59,2,tied_agency
5058,20231211,63,6,1223.17,1229.19,2,bancassurance
11966,20250731,9003,1,1686.0,1590.9,1,bancassurance
14954,20241210,184,3,1269.36,1882.12,2,bancassurance
9875,20240219,124,3,1750.56,2269.52,1,bancassurance
15637,20230731,193,3,2568.56,2947.99,1,bancassurance
9928,20241230,124,2,1881.27,1946.17,1,bancassurance
10782,20230710,132,2,1890.27,2412.44,2,tied_agency
11918,20240802,149,5,777.5,835.05,1,bancassurance
10334,20230919,128,5,1149.62,1430.7,1,tied_agency
11175,20250110,137,4,728.9,1089.56,1,bancassurance
7690,20230109,96,5,320.74,291.76,2,tied_agency
7148,20230330,9007,1,4668.82,5512.49,1,bancassurance
13330,20240906,165,4,600.28,544.25,2,tied_agency
559,20231212,11,2,3421.5,3675.88,1,bancassurance
11533,20251020,142,1,3252.43,3031.41,1,bancassurance
11761,20231128,148,2,4220.2,5911.64,1,bancassurance
3246,20230815,9002,5,1010.83,1325.81,2,tied_agency
10818,20240612,132,4,2623.3,3187.66,1,tied_agency
3581,20240202,46,4,1246.34,1768.7,1,bancassurance
8124,20241107,99,6,6121.9,5890.2,1,bancassurance
3108,20241203,38,5,590.67,845.33,1,bancassurance
1468,20231211,23,1,2545.86,2455.76,2,bancassurance
11995,20230216,150,4,755.72,1083.71,2,tied_agency
10628,20240117,130,6,1972.82,2052.94,2,tied_agency
11195,20251020,137,6,2655.2,3112.28,1,bancassurance
2694,20230404,35,6,5968.27,6570.71,2,tied_agency
3877,20240905,49,3,515.27,720.48,2,tied_agency
7317,20240613,89,1,2946.71,2900.87,1,bancassurance
15372,20241129,189,3,2510.52,3050.2,2,bancassurance
15362,20240821,9004,2,4389.3,4590.38,2,bancassurance
4632,20251118,58,2,3172.73,3024.36,2,tied_agency
6799,20231129,83,3,957.12,1060.31,1,bancassurance
3235,20230329,9004,6,5512.25,7398.92,2,tied_agency
15640,20230830,9008,1,4434.02,4971.46,1,bancassurance
43,20240614,2,1,2467.7,3319.61,1,tied_agency
12905,20230529,161,6,4072.11,3823.67,2,bancassurance
4572,20231212,58,5,636.79,711.64,1,tied_agency
12502,20250219,156,6,6854.58,7649.2,2,bancassurance
7280,20250403,88,2,936.17,877.18,2,bancassurance
15746,20240507,194,4,2793.63,2529.49,1,bancassurance
14130,20230327,177,4,2348.8,3522.96,2,tied_agency
10965,20230627,134,4,1746.89,2096.38,2,bancassurance
69,20250501,2,6,5693.19,6860.82,2,tied_agency
2995,20250131,37,1,1764.9,2329.95,1,tied_agency
8125,20241202,99,2,1758.22,1761.87,2,bancassurance
565,20240304,11,5,232.31,322.54,1,bancassurance
509,20231205,10,1,1759.36,2351.04,1,tied_agency
10075,20251201,125,5,863.38,1187.72,2,bancassurance
4413,20230822,56,2,1142.03,1397.59,1,tied_agency
7154,20230731,86,2,4490.94,6044.99,1,bancassurance
8139,20250605,99,3,2125.03,2559.86,1,bancassurance
8582,20230626,104,2,2415.51,3417.31,1,bancassurance
3760,20240115,48,2,2838.96,3623.42,1,tied_agency
6998,20230717,9004,5,811.15,884.33,2,tied_agency
6328,20240712,76,1,4845.06,4629.87,1,tied_agency
12953,20231225,161,1,2898.93,2984.41,1,bancassurance
11116,20230501,137,5,748.31,1002.17,2,bancassurance
13449,20251104,166,6,5465.02,6089.66,2,tied_agency
14287,20250410,179,5,929.77,1371.33,2,tied_agency
12583,20231127,157,1,1564.58,2000.19,2,bancassurance
15658,20240408,193,2,4433.75,6374.11,1,bancassurance
14621,20250717,182,3,1273.93,1822.06,1,tied_agency
14141,20230710,177,2,4851.13,4381.23,2,tied_agency
10319,20230619,128,5,919.72,1047.68,1,tied_agency
7551,20240201,92,3,2356.34,3318.39,2,tied_agency
12388,20241230,154,4,632.46,612.37,1,tied_agency
41,20240624,2,3,1320.31,1194.4,2,tied_agency
3176,20240522,39,4,911.05,863.46,2,bancassurance
12807,20230417,160,1,2977.6,3381.17,1,tied_agency
15048,20240917,185,2,3940.17,3639.97,1,tied_agency
1480,20240708,23,5,958.94,934.42,2,bancassurance
3544,20251006,45,2,858.57,1229.33,1,tied_agency
3644,20251223,46,2,1423.11,1409.54,2,bancassurance
12308,20250818,153,3,1364.57,1844.09,1,bancassurance
13019,20250116,161,4,2098.07,2771.72,1,bancassurance
15611,20250212,192,5,796.43,747.27,1,tied_agency
10283,20250514,127,4,2541.17,3235.9,2,bancassurance
12946,20231115,161,3,1350.77,1533.42,1,bancassurance
11942,20250116,149,5,1155.5,1215.14,2,bancassurance
5398,20240426,66,2,4728.53,4278.19,1,bancassurance
665,20241120,12,3,2908.22,3099.89,1,bancassurance
5913,20251204,71,1,4983.53,6435.2,2,tied_agency
14720,20240430,183,2,1389.74,1929.69,1,tied_agency
10194,20250122,126,1,1558.67,1657.2,2,bancassurance
13326,20240829,165,3,672.58,900.34,1,tied_agency
7556,20240425,92,6,2394.4,2330.31,1,tied_agency
14529,20231219,182,5,748.33,777.45,1,tied_agency
7152,20230627,86,5,421.98,615.07,1,bancassurance
14124,20230125,177,2,2421.88,3294.82,1,tied_agency
2290,20250603,29,4,2742.83,2491.97,2,tied_agency
1871,20250206,26,4,969.88,1034.57,2,tied_agency
8465,20251124,102,2,3549.0,5044.94,2,bancassurance
14975,20250331,184,5,1118.29,1568.53,1,bancassurance
9688,20240304,9010,5,1029.01,1303.79,2,tied_agency
9904,20240701,124,3,2535.64,3283.18,2,bancassurance
13506,20240909,167,5,231.06,300.28,1,bancassurance
11337,20240411,139,4,2601.21,2694.26,1,bancassurance
3102,20240916,38,2,862.72,1025.91,1,bancassurance
4486,20250120,56,3,1147.69,1161.03,1,tied_agency
4191,20240819,52,5,1061.18,1056.98,1,tied_agency
2632,20231127,34,2,4120.98,4754.77,1,tied_agency
13282,20230511,165,5,397.96,595.97,2,tied_agency
6743,20241107,82,6,5151.03,5440.86,2,bancassurance
9886,20240503,124,3,2001.08,2128.21,1,bancassurance
2861,20250929,36,4,2517.41,2620.81,2,bancassurance
948,20240911,16,3,2194.3,3282.52,1,tied_agency
7257,20240607,88,3,1602.32,1638.5,2,bancassurance
15269,20240710,187,4,2971.84,3536.4,2,bancassurance
15318,20230313,189,6,5436.28,5895.98,2,bancassurance
13955,20230321,174,5,974.12,1174.83,2,bancassurance
3252,20231106,40,4,666.02,933.17,1,tied_agency
12410,20251124,154,4,1436.27,1860.42,2,tied_agency
9994,20230104,125,1,3594.56,3507.84,2,bancassurance
879,20241125,15,4,2722.96,2619.11,2,tied_agency
10381,20240703,128,5,486.9,543.56,2,tied_agency
3684,20240607,47,3,1093.08,1401.81,2,tied_agency
8716,20250901,104,5,916.61,1224.39,2,bancassurance
27,20231116,2,5,707.41,702.34,1,tied_agency
548,20230915,11,1,4706.91,5345.82,1,bancassurance
4459,20240729,56,3,1495.34,1710.2,1,tied_agency
12320,20230130,154,5,891.31,1097.37,2,tied_agency
7715,20230717,96,3,1301.49,1481.25,1,tied_agency
11852,20230710,149,5,292.25,330.96,1,bancassurance
4624,20250814,58,3,1565.88,1683.56,2,tied_agency
629,20230719,12,4,2188.07,2598.14,1,bancassurance
14363,20230228,181,4,1288.54,1562.49,1,tied_agency
4568,20231127,58,1,2285.85,2784.78,1,tied_agency
13620,20250630,168,5,1155.75,1229.45,2,tied_agency
13303,20240104,165,3,1408.94,1335.11,2,tied_agency
9827,20230511,124,5,384.31,434.42,1,bancassurance
15290,20250313,187,4,2721.51,3458.64,1,bancassurance
8643,20240617,104,6,4412.88,4597.43,2,bancassurance
4595,20240802,58,5,264.8,316.82,2,tied_agency
3324,20240117,42,6,5912.72,7503.98,2,tied_agency
15312,20251219,187,1,2463.36,2655.64,2,bancassurance
1199,20240909,20,6,5456.57,6351.41,1,tied_agency
14847,20230522,184,3,645.59,686.61,2,bancassurance
5288,20230928,65,1,3502.07,3249.59,2,tied_agency
3080,20231220,38,1,1690.24,2175.48,1,bancassurance
11543,20240115,143,1,4897.18,6197.13,1,bancassurance
9632,20230508,123,6,6576.04,6985.66,1,tied_agency
15685,20250207,9005,1,4046.17,5877.2,2,bancassurance
8697,20250414,104,2,952.57,1281.96,1,bancassurance
5049,20231023,63,3,1903.91,2691.54,2,bancassurance
7768,20240517,96,1,1209.15,1273.61,2,tied_agency
9548,20240212,122,1,4804.39,6724.26,1,tied_agency
10532,20250218,129,1,3414.64,4629.94,2,tied_agency
3676,20240206,47,2,876.27,877.35,1,tied_agency
2992,20250130,37,3,1289.33,1629.42,1,tied_agency
8174,20231113,100,3,2344.32,2867.82,2,bancassurance
8249,20230102,9003,3,2058.79,1973.56,1,bancassurance
1241,20230524,21,1,1289.13,1858.22,2,tied_agency
14473,20230213,182,3,2563.19,2589.97,1,tied_agency
3384,20240409,43,2,1818.57,2490.24,2,tied_agency
5100,20240911,63,5,809.63,782.2,2,bancassurance
10379,20240617,128,1,1956.66,1916.36,2,tied_agency
9294,20240502,116,3,1038.63,1464.07,2,bancassurance
15405,20230221,190,1,4820.0,4519.21,1,tied_agency
11349,20240910,139,1,4537.65,5318.03,2,bancassurance
8410,20250807,101,2,2535.97,2326.41,2,bancassurance
401,20250606,8,1,979.32,1152.26,2,bancassurance
8732,20251231,9010,6,7348.15,10738.32,2,bancassurance
6558,20230317,80,5,241.02,224.67,1,bancassurance
14466,20230124,182,5,234.41,214.4,2,tied_agency
4766,20230815,61,1,1300.77,1826.58,2,bancassurance
15842,20241212,9009,2,3175.74,4453.46,1,bancassurance
14041,20230403,176,1,2101.76,2221.77,1,bancassurance
13451,20251217,166,2,4978.58,6083.44,1,tied_agency
3135,20251222,38,2,1115.75,1562.47,1,bancassurance
7199,20240517,87,2,2143.41,2357.44,2,bancassurance
2237,20240820,29,6,1908.37,2023.31,2,tied_agency
15806,20230830,195,4,2664.72,3698.91,2,bancassurance
10990,20240311,134,1,2115.36,2145.99,2,bancassurance
14884,20240101,184,4,2931.44,3462.96,2,bancassurance
8198,20240826,100,4,2081.79,2213.18,2,bancassurance
5652,20230602,69,2,3801.23,4467.14,1,tied_agency
12977,20240603,161,1,2065.26,2509.68,1,bancassurance
2756,20250324,35,4,1954.37,1962.28,2,tied_agency
1574,20231102,24,2,3433.28,3922.17,1,bancassurance
7176,20241205,86,2,1809.93,1736.89,1,bancassurance
14239,20230810,179,2,4998.53,4710.36,1,tied_agency
11364,20250213,139,6,5639.71,7931.33,1,bancassurance
6187,20230419,75,3,2032.64,2301.6,2,tied_agency
14301,20250908,179,3,2527.52,3180.59,2,tied_agency
6629,20250409,80,6,6240.28,8056.17,2,bancassurance
14577,20240924,182,6,4630.88,4483.87,2,tied_agency
3195,20241205,39,5,260.14,348.46,2,bancassurance
9127,20250716,113,5,1138.75,1577.5,2,tied_agency
13232,20240826,164,1,4771.15,5110.07,1,tied_agency
10059,20250303,125,4,2359.17,2224.24,2,bancassurance
11034,20230228,135,4,2633.19,2819.9,2,tied_agency
3621,20250602,46,6,6392.24,6619.82,1,bancassurance
3634,20250902,46,3,2122.69,2748.82,1,bancassurance
6740,20240913,82,5,737.11,806.92,2,bancassurance
804,20231115,14,5,288.02,293.59,1,tied_agency
3983,20250520,50,4,749.2,914.13,1,bancassurance
10636,20240208,130,4,2855.47,3977.6,2,tied_agency
9094,20240930,113,4,506.52,692.49,1,tied_agency
15119,20240205,186,3,1270.59,1821.45,1,tied_agency
15713,20230222,194,5,284.65,426.89,1,bancassurance
15586,20230103,192,4,1082.48,1030.71,1,tied_agency
1649,20250121,24,2,4968.72,6234.34,1,bancassurance
10719,20250905,130,1,4240.32,4335.7,1,tied_agency
3104,20241014,38,3,2608.27,3563.76,1,bancassurance
8252,20230206,101,3,598.57,563.2,1,bancassurance
318,20250226,7,1,4057.65,4228.75,2,tied_agency
15076,20230403,186,5,390.26,554.06,2,tied_agency
8195,20240708,100,6,4535.53,6538.14,2,bancassurance
3383,20240318,43,3,2911.89,2956.65,1,tied_agency
7970,20251222,97,3,581.55,755.07,1,bancassurance
1881,20250408,26,2,1076.56,1034.16,2,tied_agency
15780,20250714,194,4,832.92,1151.71,1,bancassurance
4343,20250904,54,2,4330.82,4521.66,2,bancassurance
14565,20240703,182,6,7571.28,8308.58,1,tied_agency
1427,20241118,22,4,1023.96,1198.02,1,bancassurance
9106,20250110,113,6,7007.97,10238.61,1,tied_agency
2015,20231208,28,2,4459.2,5768.36,1,bancassurance
7727,20230928,96,2,4554.87,4147.89,2,tied_agency
10931,20250515,133,5,1033.79,1490.58,1,tied_agency
10286,20250728,127,4,907.27,1235.79,1,bancassurance
12316,20251103,153,6,2088.7,1973.08,1,bancassurance
12801,20230213,160,6,2801.28,3803.9,1,tied_agency
13507,20240909,167,6,6318.0,6663.29,2,bancassurance
3559,20230424,9007,6,5119.79,5569.15,2,bancassurance
14353,20250718,180,6,3073.5,3459.67,1,tied_agency
9794,20251112,123,2,3390.98,3163.41,2,tied_agency
462,20241108,9,4,2723.94,2993.33,1,bancassurance
2882,20230320,37,1,1994.84,1816.8,1,tied_agency
15770,20250429,194,2,1848.18,1870.4,2,bancassurance
7750,20240212,96,6,6570.75,7038.7,1,tied_agency
14106,20250821,176,6,5621.9,8325.03,2,bancassurance
5729,20251124,69,5,231.57,229.6,2,tied_agency
10333,20231002,128,3,2130.15,2476.74,2,tied_agency
2357,20250807,30,1,2676.61,3050.02,2,tied_agency
14520,20231123,182,3,882.99,805.21,1,tied_agency
15916,20230526,197,3,2633.68,3865.79,1,tied_agency
2394,20230109,32,5,394.88,554.41,1,tied_agency
10066,20250617,125,4,2789.73,3241.17,2,bancassurance
10458,20250922,128,1,1204.77,1344.1,1,tied_agency
15467,20250515,190,3,2380.57,3041.02,1,tied_agency
6453,20251211,78,4,983.55,1292.0,2,tied_agency
6414,20241009,78,3,2279.68,3338.23,2,tied_agency
4232,20250512,52,3,1665.34,2471.86,2,tied_agency
3945,20240108,50,6,1938.17,2335.17,2,bancassurance
15754,20240808,194,2,862.79,790.02,1,bancassurance
1489,20241105,23,6,7944.09,11621.92,1,bancassurance
15408,20230403,190,6,6119.94,5655.31,2,tied_agency
5477,20231229,67,6,6448.83,6068.26,2,tied_agency
6306,20231113,9007,4,1183.6,1644.23,1,tied_agency
13307,20240209,165,3,2647.28,2964.17,1,tied_agency
4855,20250224,61,4,2288.86,2989.73,2,bancassurance
13612,20250120,168,3,2157.28,2812.37,1,tied_agency
10537,20250522,129,4,794.27,826.59,1,tied_agency
2636,20231207,34,1,4734.99,5556.82,2,tied_agency
7410,20250505,90,6,6195.86,8030.39,2,bancassurance
581,20241126,11,6,7199.62,8127.1,1,bancassurance
2821,20240423,36,1,4966.82,4905.05,2,bancassurance
12717,20230331,158,1,4341.04,4697.97,1,tied_agency
5483,20240209,67,4,2909.4,3716.78,2,tied_agency
10740,20230106,131,6,1967.81,2158.16,2,tied_agency
11406,20230526,140,3,2495.05,3688.64,1,bancassurance
1823,20240520,9006,3,525.35,529.14,1,tied_agency
10209,20250407,126,4,2870.3,2929.28,1,bancassurance
9816,20230309,124,2,4085.82,4714.43,1,bancassurance
13529,20250609,167,6,2924.81,3920.09,2,bancassurance
12332,20230620,154,2,845.83,1224.51,1,tied_agency
12083,20240325,151,2,2716.85,3256.99,1,bancassurance
9683,20240214,9002,5,375.42,370.29,2,tied_agency
10604,20230911,130,2,3533.11,4390.5,1,tied_agency
1537,20230330,24,3,1569.79,2290.15,2,bancassurance
13812,20250606,170,6,1630.94,2403.0,1,tied_agency
4650,20230515,9008,1,3142.89,3184.26,2,tied_agency
4780,20231114,61,5,725.71,1049.3,2,bancassurance
12013,20240611,150,6,6479.95,6921.32,1,tied_agency
5509,20250120,67,2,2467.85,3027.8,2,tied_agency
15537,20240805,191,4,1693.16,1682.87,2,tied_agency
1598,20240422,24,6,2002.71,2047.29,2,bancassurance
11212,20230419,9008,3,2921.39,4290.5,1,tied_agency
14773,20250324,183,2,4955.65,6780.55,1,tied_agency
9157,20240617,114,3,2438.87,2766.32,1,tied_agency
11012,20241225,134,4,2414.81,3612.34,2,bancassurance
1381,20250702,21,2,1821.24,2510.06,1,tied_agency
527,20251006,10,6,7202.87,7203.35,1,tied_agency
5473,20231124,67,6,1360.85,1597.32,1,tied_agency
13040,20250609,161,4,1226.59,1422.25,1,bancassurance
9728,20241025,123,4,1075.58,1488.44,2,tied_agency
11517,20231020,142,4,1037.03,1388.87,1,bancassurance
13936,20251020,173,4,1778.12,1807.02,1,tied_agency
8750,20240613,105,2,4211.18,5764.54,2,bancassurance
7343,20230209,90,5,1184.07,1587.67,1,bancassurance
4517,20250709,56,6,5020.21,6149.81,1,tied_agency
6479,20231221,79,5,751.82,918.44,2,bancassurance
6715,20240104,82,5,778.69,920.26,1,bancassurance
11330,20240117,139,2,933.74,1115.79,2,bancassurance
3094,20240610,38,6,4093.93,5525.03,1,bancassurance
10447,20250807,128,4,1184.67,1681.23,2,tied_agency
11824,20251215,148,3,2387.32,3223.05,1,bancassurance
13836,20231016,171,1,1040.49,1518.54,2,bancassurance
8130,20250306,99,4,2539.39,3413.86,1,bancassurance
8401,20250605,101,2,4898.07,6640.77,1,bancassurance
9838,20230807,124,1,909.43,1355.91,1,bancassurance
2281,20250414,29,1,1728.29,1940.02,2,tied_agency
11208,20230301,9004,2,2654.26,3724.77,2,tied_agency
4205,20241129,52,1,971.1,1345.7,2,tied_agency
12085,20240426,151,4,2599.75,3580.03,1,bancassurance
15454,20241224,9002,6,3625.55,4405.31,2,tied_agency
15096,20230921,186,6,7766.18,7295.21,1,tied_agency
2496,20241002,32,6,5892.31,7168.17,1,tied_agency
4125,20230724,52,3,2621.34,3464.6,1,tied_agency
8212,20250106,100,1,3706.7,3517.54,1,bancassurance
5450,20251224,66,2,2524.29,2632.84,2,bancassurance
22,20230922,2,6,2784.23,4098.82,2,tied_agency
15353,20240423,189,2,3517.51,4315.56,2,bancassurance
164,20240611,4,6,1966.58,2014.57,2,tied_agency
11393,20230116,140,2,3424.94,3390.87,2,bancassurance
15514,20231106,191,4,2932.19,4383.87,2,tied_agency
15627,20230102,193,2,1827.75,1886.68,2,bancassurance
7083,20241205,85,3,971.53,951.02,2,tied_agency
4716,20250523,60,2,3157.01,4164.87,2,tied_agency
3589,20240514,46,3,2140.07,2492.29,2,bancassurance
6667,20250106,81,5,496.8,490.43,1,tied_agency
1589,20240301,24,2,2576.82,3780.55,1,bancassurance
6377,20230712,78,4,2126.17,2072.93,2,tied_agency
13787,20240814,170,4,2364.43,3384.04,1,tied_agency
14374,20230524,181,2,1236.4,1550.39,1,tied_agency
9053,20230526,113,4,1057.35,956.07,1,tied_agency
4085,20250915,51,4,1122.69,1587.83,1,tied_agency
6859,20250825,83,5,1008.49,958.77,2,bancassurance
3073,20231009,38,1,4801.7,6532.99,2,bancassurance
3959,20240625,50,5,373.7,449.71,2,bancassurance
9498,20240909,121,3,1409.8,1983.28,2,tied_agency
3428,20251002,43,6,1962.71,2210.22,1,tied_agency
7000,20230822,85,4,2351.34,2618.98,1,tied_agency
2508,20241230,32,4,2200.99,2918.74,2,tied_agency
1213,20251003,20,1,3098.06,3907.82,2,tied_agency
537,20230413,11,1,2929.1,3603.66,2,bancassurance
12543,20230410,157,4,1661.97,1514.36,1,bancassurance
8748,20240527,105,5,830.58,799.01,1,bancassurance
8097,20240329,99,6,4415.77,5685.96,1,bancassurance
13397,20231127,166,3,1859.84,2276.31,1,tied_agency
4577,20240226,58,2,4878.51,5647.45,2,tied_agency
13151,20250818,162,3,731.69,747.83,2,bancassurance
10414,20250224,128,4,2401.03,2210.01,2,tied_agency
1692,20251006,24,4,2218.42,2246.61,1,bancassurance
1208,20250414,20,6,7869.34,7658.4,1,tied_agency
4916,20230501,62,5,1117.35,1602.72,1,tied_agency
3497,20231127,45,6,3519.6,3708.32,1,tied_agency
1522,20251215,23,3,2957.37,4208.25,1,bancassurance
3432,20251104,43,5,992.35,982.99,2,tied_agency
2703,20230703,35,4,2862.19,3712.12,2,tied_agency
9714,20240815,123,6,1728.99,1856.23,1,tied_agency
9853,20231025,124,3,2903.3,4242.05,2,bancassurance
3773,20240510,48,6,4777.05,4859.7,2,tied_agency
8354,20240816,101,2,4919.43,5536.47,1,bancassurance
1351,20250115,21,1,2743.31,4010.03,1,tied_agency
15342,20231208,9003,5,1140.77,1593.5,1,bancassurance
12030,20250609,150,4,637.01,727.67,1,tied_agency
11630,20250324,144,4,2614.51,2523.41,1,bancassurance
545,20230810,11,3,2574.71,3807.12,2,bancassurance
13726,20251121,9005,1,4302.47,5718.33,1,tied_agency
13608,20241021,168,2,935.87,1135.09,1,tied_agency
98,20240108,9009,4,2952.05,3504.43,1,tied_agency
9546,20240206,122,2,2191.71,2558.53,1,tied_agency
4531,20251020,56,2,1661.12,2019.12,2,tied_agency
13835,20230926,171,3,1807.21,1666.72,1,bancassurance
5599,20241018,68,1,1300.46,1609.2,2,tied_agency
5430,20250313,66,3,1599.94,1856.93,2,bancassurance
7680,20250805,95,3,2208.11,2089.24,2,bancassurance
4161,20240122,52,3,515.07,707.15,1,tied_agency
7807,20250127,9006,4,2675.32,3956.89,1,tied_agency
14417,20240809,181,6,6073.64,8342.92,1,tied_agency
3890,20250423,9011,4,797.71,995.82,2,tied_agency
7431,20230102,91,5,956.61,1081.14,1,bancassurance
3323,20231120,42,1,4368.4,6295.57,1,tied_agency
9581,20250117,122,1,2848.5,2755.08,2,tied_agency
8687,20250213,104,2,4435.07,4437.19,1,bancassurance
7508,20250908,91,6,6638.03,9768.56,2,bancassurance
7951,20250414,97,3,2415.15,2709.77,2,bancassurance
595,20250826,11,5,419.87,566.01,2,bancassurance
10397,20241018,128,6,4204.38,4615.98,1,tied_agency
8645,20240619,104,2,2924.69,3579.16,1,bancassurance
7518,20230130,92,1,1897.37,1711.73,1,tied_agency
6981,20230411,85,5,900.67,1072.48,2,tied_agency
13263,20250911,164,2,935.12,1316.2,1,tied_agency
6191,20230629,75,4,2917.11,3924.95,1,tied_agency
6742,20241010,82,1,4100.57,3856.48,1,bancassurance
5864,20240604,71,5,203.59,199.06,1,tied_agency
14148,20231025,177,2,1885.3,2317.67,2,tied_agency
7615,20231002,94,5,1117.2,1286.73,1,bancassurance
8470,20230220,103,1,3947.83,3693.08,2,tied_agency
10896,20240322,133,2,2457.99,3080.61,2,tied_agency
11580,20230601,144,2,2307.85,3326.18,2,bancassurance
1266,20230911,9010,2,4626.14,4599.4,2,tied_agency
10243,20251117,126,3,2342.65,2826.84,1,bancassurance
12276,20240710,9008,2,1550.72,1420.12,1,bancassurance
16003,20240904,198,4,2554.4,2317.04,1,bancassurance
561,20240131,11,3,1905.7,2381.52,2,bancassurance
1042,20240708,18,2,2283.11,2679.36,1,tied_agency
4843,20241210,61,5,338.83,331.58,1,bancassurance
4238,20250618,52,2,3981.73,4990.49,2,tied_agency
7149,20230316,86,6,7991.05,8601.84,2,bancassurance
10837,20250331,132,3,1106.77,1471.06,2,tied_agency
4537,20251125,56,6,4106.76,4359.75,2,tied_agency
8857,20230612,108,6,6237.51,5625.68,2,bancassurance
10096,20230306,126,6,6706.56,8584.18,2,bancassurance
10429,20250414,128,2,2890.03,3992.88,2,tied_agency
10555,20251001,129,4,847.37,1255.26,1,tied_agency
1945,20250226,27,6,7010.65,6898.64,2,bancassurance
9549,20240219,122,3,2352.89,3395.46,1,tied_agency
6657,20240311,81,2,1852.3,2029.23,1,tied_agency
977,20240603,17,6,5055.42,7355.08,1,tied_agency
11310,20230531,139,2,3670.52,3626.22,1,bancassurance
5459,20230515,67,1,2640.98,2432.76,2,tied_agency
12748,20240422,158,2,1686.54,1709.92,1,tied_agency
12631,20240805,9009,2,2542.19,3125.62,2,bancassurance
9067,20230929,113,4,2681.63,3480.8,2,tied_agency
10572,20230301,130,5,1004.2,904.74,2,tied_agency
797,20230320,14,2,3908.05,4014.06,2,tied_agency
11552,20240715,143,3,2809.47,3589.56,1,bancassurance
4848,20250117,61,1,4323.81,5412.64,1,bancassurance
11921,20240923,149,3,1946.24,2329.59,1,bancassurance
7519,20230206,92,4,1061.64,1084.8,1,tied_agency
14889,20240129,184,4,2369.48,2344.15,2,bancassurance
10548,20250818,129,1,876.46,974.8,1,tied_agency
2107,20250613,9007,4,543.03,650.67,2,bancassurance
6063,20250312,73,3,1326.48,1464.16,2,tied_agency
13471,20230918,167,2,1643.24,2386.4,2,bancassurance
13185,20250725,163,5,615.11,843.33,2,tied_agency
3864,20240314,49,6,1828.21,2163.25,1,tied_agency
4773,20230904,61,1,2263.07,3227.56,1,bancassurance
4177,20240415,52,2,924.27,931.77,1,tied_agency
7999,20231220,98,6,1123.63,1102.92,1,bancassurance
1197,20240717,20,5,1029.59,1499.11,2,tied_agency
1062,20250214,18,5,956.11,911.24,2,tied_agency
6239,20241113,9007,1,1710.17,2406.37,2,tied_agency
5697,20250127,69,3,2396.05,2463.99,2,tied_agency
13782,20240703,9007,6,2085.89,2955.3,1,tied_agency
2899,20230609,37,1,4070.39,5603.53,1,tied_agency
5630,20250924,68,2,4911.34,6220.17,2,tied_agency
2418,20230612,32,4,2167.45,2277.45,1,tied_agency
5656,20230809,69,1,4176.68,6154.81,1,tied_agency
964,20230220,17,2,3740.23,5396.29,1,tied_agency
6845,20250312,83,3,824.27,763.3,1,bancassurance
4812,20240617,61,1,2419.21,3274.66,1,bancassurance
4783,20240101,61,4,1628.54,2383.28,2,bancassurance
11200,20251225,137,5,555.1,721.03,2,bancassurance
728,20230901,9001,6,1057.43,1008.91,2,bancassurance
14858,20230706,184,4,2792.68,2909.29,2,bancassurance
14176,20241029,177,1,1604.79,1540.35,1,tied_agency
241,20251127,5,1,4010.22,4601.47,1,bancassurance
10529,20250115,129,3,1233.21,1360.39,2,tied_agency
6208,20240122,75,1,3635.57,4410.11,2,tied_agency
11620,20241108,144,4,2875.72,3278.41,2,bancassurance
15968,20230905,198,2,3031.33,3745.56,1,bancassurance
8608,20231120,104,2,4047.34,5309.12,2,bancassurance
10979,20231004,134,5,942.56,1124.28,2,bancassurance
8283,20230817,101,1,4505.49,5999.36,2,bancassurance
2194,20231127,29,1,2098.95,2853.51,2,tied_agency
5424,20250123,66,1,3598.48,5168.23,1,bancassurance
14724,20240521,183,4,2702.28,3568.09,2,tied_agency
5078,20240529,63,3,734.42,871.01,2,bancassurance
3126,20250808,38,5,363.38,409.86,2,bancassurance
15689,20250320,193,2,3891.67,5522.94,2,bancassurance
15469,20250623,190,2,1275.9,1664.66,1,tied_agency
909,20250703,15,6,7878.06,8717.54,1,tied_agency
14564,20240710,182,5,500.73,641.65,2,tied_agency
13392,20231002,166,2,4251.49,4180.59,1,tied_agency
6021,20231012,73,3,1838.34,2546.47,1,tied_agency
844,20230814,15,1,1576.33,1470.78,1,tied_agency
2551,20250822,32,1,3714.67,4203.46,1,tied_agency
15510,20231020,191,5,224.34,245.34,2,tied_agency
13122,20240819,162,6,6035.85,8481.34,1,bancassurance
11249,20241018,138,6,6784.48,8687.94,2,tied_agency
6552,20230127,80,6,5759.36,6001.38,1,bancassurance
6951,20250922,84,1,2802.68,3615.2,2,bancassurance
10378,20240617,128,5,994.82,1032.15,1,tied_agency
6573,20230828,80,1,2872.53,3810.17,2,bancassurance
13700,20241007,169,6,2733.41,3732.71,1,tied_agency
6536,20250804,79,2,2577.97,3286.9,1,bancassurance
10770,20230227,132,5,1180.38,1199.24,1,tied_agency
8518,20250106,103,4,2932.73,4206.05,1,tied_agency
10230,20250826,126,6,6215.62,7628.48,2,bancassurance
8425,20251103,101,5,412.13,509.09,2,bancassurance
1153,20250429,19,4,2741.93,3572.74,1,tied_agency
549,20230904,11,6,3365.53,4557.9,1,bancassurance
1094,20230501,19,3,929.43,1256.97,1,tied_agency
1127,20240812,19,1,2217.9,2022.34,1,tied_agency
13457,20230227,167,2,1977.39,2914.73,2,bancassurance
15970,20231016,198,6,5407.79,7653.03,1,bancassurance
122,20230213,4,4,565.71,697.19,2,tied_agency
4070,20250324,51,2,4748.85,6430.5,1,tied_agency
7575,20250127,92,6,1740.65,2177.08,2,tied_agency
11193,20250908,137,5,552.51,694.88,1,bancassurance
13505,20240911,167,2,1843.35,1881.02,1,bancassurance
4488,20250106,56,4,2043.28,2566.86,2,tied_agency
7425,20251229,90,4,2584.14,3855.67,2,bancassurance
3969,20241112,50,5,1113.14,1631.03,1,bancassurance
11057,20240801,135,2,2296.95,2930.15,2,tied_agency
2729,20240506,35,4,667.05,916.53,2,tied_agency
9476,20230421,121,3,1617.25,2384.16,2,tied_agency
12882,20230130,161,1,4762.95,4290.17,2,bancassurance
13652,20230530,169,1,2669.78,3895.55,1,tied_agency
1398,20251201,21,2,890.27,1251.48,1,tied_agency
9931,20241209,124,2,4671.28,5663.15,2,bancassurance
5124,20250106,63,2,4112.99,5038.5,1,bancassurance
6135,20241224,74,1,3539.76,4996.96,1,tied_agency
3407,20241011,43,6,3571.99,4612.6,1,tied_agency
6915,20240812,84,6,2199.76,2663.3,1,bancassurance
2769,20250922,9004,4,1101.7,1137.24,2,tied_agency
3107,20241217,38,2,804.11,1045.85,2,bancassurance
287,20230222,7,5,244.3,364.05,2,tied_agency
2905,20230712,37,4,2977.78,4033.07,1,tied_agency
1341,20241126,21,4,1027.13,1235.53,2,tied_agency
75,20250708,9009,1,2525.61,3297.99,2,tied_agency
6408,20240918,78,4,2787.7,3694.13,1,tied_agency
35,20240405,9001,5,796.22,1138.6,1,tied_agency
8333,20240517,101,3,1406.47,1634.43,2,bancassurance
2921,20230911,37,6,3098.74,2831.13,2,tied_agency
12068,20231019,151,3,2721.48,3854.06,1,bancassurance
11121,20230724,137,5,744.27,707.74,1,bancassurance
5903,20250910,71,4,2100.62,3057.98,1,tied_agency
10995,20240621,134,3,2364.99,2252.12,2,bancassurance
12090,20240612,151,3,1434.65,2058.01,2,bancassurance
10016,20231025,125,2,3975.74,4280.07,1,bancassurance
14282,20250204,179,2,1294.73,1282.84,2,tied_agency
14699,20231130,183,3,2735.87,2763.02,2,tied_agency
15017,20251103,184,3,575.31,535.85,1,bancassurance
7398,20241225,90,1,1286.93,1555.78,1,bancassurance
5390,20240212,66,1,4738.04,5180.7,2,bancassurance
15934,20240823,197,4,2359.93,2708.04,1,tied_agency
8719,20250912,104,2,1510.57,1445.55,1,bancassurance
15667,20240605,9010,3,795.22,1116.26,1,bancassurance
10033,20240515,125,1,4188.56,6005.97,2,bancassurance
9169,20250424,114,5,1118.75,1080.12,1,tied_agency
7537,20230814,92,4,1530.12,2082.74,1,tied_agency
13514,20241213,167,2,2244.76,3172.89,1,bancassurance
5943,20231113,72,2,1060.69,1237.27,1,bancassurance
2277,20250415,29,1,2186.11,2877.42,2,tied_agency
5807,20250414,70,2,3952.74,4805.59,2,tied_agency
3412,20250127,43,4,924.3,938.14,2,tied_agency
7382,20240709,9011,3,905.09,1155.06,1,bancassurance
13236,20241028,164,6,4268.57,6051.63,2,tied_agency
12594,20231221,157,1,4477.54,5885.44,2,bancassurance
14505,20230807,9003,2,3473.82,4093.52,1,tied_agency
11773,20240306,148,5,926.23,1072.8,1,bancassurance
8738,20230609,105,1,3175.07,4649.09,2,bancassurance
7758,20240304,96,2,3813.83,5140.19,1,tied_agency
11308,20230421,139,1,2254.1,3240.06,1,bancassurance
14392,20231127,181,2,3834.53,4102.54,2,tied_agency
6533,20250718,79,3,2984.62,4277.72,2,bancassurance
10254,20230213,127,2,4000.08,5209.57,2,bancassurance
297,20231006,7,2,4150.57,5303.83,2,tied_agency
5595,20240917,68,3,2353.82,2869.11,1,tied_agency
1936,20240816,27,6,5897.4,6016.59,2,bancassurance
4403,20230606,56,4,2237.69,3304.19,2,tied_agency
10694,20250414,130,5,305.6,346.41,1,tied_agency
11179,20250430,137,1,4321.43,6412.96,1,bancassurance
1267,20231023,21,4,2331.38,2237.14,2,tied_agency
13112,20240508,162,3,1513.74,1591.63,2,bancassurance
13030,20250402,161,6,6226.76,9226.56,2,bancassurance
3349,20230216,43,4,843.65,890.15,1,tied_agency
15584,20251215,9002,1,3044.41,3121.83,1,tied_agency
14000,20241202,174,5,829.01,1148.43,2,bancassurance
9905,20240805,9002,5,908.47,1026.79,2,bancassurance
7583,20250414,92,1,2658.43,2742.1,1,tied_agency
1365,20250303,9002,3,512.9,521.5,1,tied_agency
14992,20250711,184,6,2634.08,2520.09,1,bancassurance
14615,20250623,182,2,2421.91,3368.88,2,tied_agency
3954,20240408,50,1,1909.05,2275.52,2,bancassurance
13766,20240126,170,2,1884.55,2813.54,1,tied_agency
8705,20250502,104,1,3285.06,3829.98,1,bancassurance
14357,20251126,180,3,2966.35,3794.53,1,tied_agency
11092,20240607,136,6,5064.61,4915.48,1,tied_agency
12649,20241217,157,1,984.57,1157.29,2,bancassurance
15763,20241202,194,6,7239.83,9393.45,1,bancassurance
2935,20231207,37,4,1868.91,1748.6,2,tied_agency
6202,20231026,75,3,2284.08,3116.22,1,tied_agency
2876,20230213,37,6,3400.74,4315.29,1,tied_agency
14685,20230821,183,1,3754.49,3883.76,1,tied_agency
14209,20250908,177,6,2264.88,2226.59,2,tied_agency
8917,20250210,109,2,4428.95,5622.31,1,bancassurance
3714,20250617,47,4,1317.06,1895.96,2,tied_agency
14427,20241230,181,4,2770.68,3388.36,2,tied_agency
7089,20250221,85,2,2965.06,4189.57,2,tied_agency
2016,20240119,28,2,3674.65,5204.56,2,bancassurance
8945,20240916,110,6,7536.39,10259.33,2,bancassurance
8039,20250505,98,5,983.38,1107.11,1,bancassurance
15484,20251229,190,5,1127.41,1454.94,1,tied_agency
9369,20231109,118,1,4096.56,4433.45,1,bancassurance
1779,20230828,26,3,2781.49,3455.14,1,tied_agency
5471,20231123,67,4,2421.56,3464.44,2,tied_agency
11311,20230516,139,1,3664.12,3676.48,1,bancassurance
9018,20240401,112,4,2750.75,4083.5,2,bancassurance
4883,20250826,61,6,7095.59,9853.75,2,bancassurance
11091,20240506,136,5,909.47,881.1,2,tied_agency
13950,20230116,174,6,4652.63,5902.81,1,bancassurance
2741,20241024,35,4,2016.09,2863.17,1,tied_agency
14275,20241106,179,5,210.41,275.92,1,tied_agency
5818,20251006,70,6,6107.52,7090.85,1,tied_agency
4288,20250102,53,5,277.65,361.83,2,tied_agency
11810,20250707,148,1,1678.98,2383.78,1,bancassurance
355,20231002,9001,4,2886.13,3931.54,1,bancassurance
1367,20250303,21,2,1626.88,1785.56,1,tied_agency
2563,20251104,32,6,6935.96,7280.22,1,tied_agency
6207,20231229,75,1,2234.94,2762.88,1,tied_agency
7573,20241108,92,1,2007.43,2302.28,1,tied_agency
3218,20250813,39,6,3134.09,2994.82,1,bancassurance
10936,20250702,9005,1,1748.81,1619.53,2,tied_agency
12004,20231115,150,5,1071.74,1239.7,2,tied_agency
12007,20240212,9010,6,1662.25,2002.09,1,tied_agency
8364,20241018,101,6,6001.98,5406.51,2,bancassurance
4134,20230905,52,4,1551.53,2111.98,2,tied_agency
11664,20230712,146,6,4697.68,4854.25,2,bancassurance
6578,20231030,80,5,421.0,606.65,1,bancassurance
1420,20240524,22,2,3635.45,3817.27,2,bancassurance
15058,20250922,185,2,2354.27,2585.0,2,tied_agency
7270,20241125,88,1,2979.27,3559.19,1,bancassurance
1196,20240729,20,3,2815.59,3011.99,2,tied_agency
14094,20250228,176,1,2657.41,2925.21,2,bancassurance
6088,20230310,74,6,7415.63,9645.3,2,tied_agency
8541,20250919,103,6,2891.16,4283.09,2,tied_agency
12077,20240129,151,3,1497.37,1927.26,2,bancassurance
5849,20231211,71,1,935.92,906.81,2,tied_agency
5458,20230424,67,1,1126.9,1249.46,1,tied_agency
8560,20230216,104,6,2300.73,2499.45,1,bancassurance
12191,20240926,152,3,1842.92,2370.88,1,bancassurance
11024,20250805,134,2,3374.35,4890.72,1,bancassurance
9475,20230403,121,5,1063.78,1440.15,1,tied_agency
5046,20231023,63,3,2311.38,2469.51,2,bancassurance
8114,20240826,99,6,6647.15,5991.15,2,bancassurance
2037,20240508,28,5,430.35,590.35,1,bancassurance
4304,20230411,54,4,1770.21,2131.76,1,bancassurance
8983,20240801,111,3,837.95,1106.6,1,bancassurance
4996,20250908,62,5,882.94,1123.97,1,tied_agency
7186,20251210,86,1,2112.99,2812.96,2,bancassurance
9740,20250123,123,1,4104.11,4713.83,2,tied_agency
11203,20230103,138,2,2393.62,2233.9,1,tied_agency
5465,20230717,67,6,4690.32,5368.13,1,tied_agency
7231,20230918,88,5,467.77,579.29,1,bancassurance
4282,20240814,53,2,2389.7,3241.96,1,tied_agency
13128,20241001,162,1,840.19,780.8,2,bancassurance
6076,20250929,73,1,844.38,1190.08,1,tied_agency
11159,20240920,137,1,2388.47,2427.79,1,bancassurance
13384,20230609,166,1,1409.37,2044.22,2,tied_agency
13373,20230216,9006,1,3995.3,4124.05,2,tied_agency
7630,20250124,94,5,703.3,1012.07,2,bancassurance
13533,20250915,167,1,3250.64,3307.82,1,bancassurance
13570,20231124,168,1,3049.05,3591.85,1,tied_agency
9282,20230724,116,4,600.25,845.42,1,bancassurance
6723,20240314,82,2,2183.58,2399.51,1,bancassurance
2473,20240607,32,4,726.84,767.76,1,tied_agency
6745,20241118,82,1,4373.36,6034.44,2,bancassurance
13169,20240219,163,5,774.73,1084.61,1,tied_agency
11398,20230320,140,3,559.32,813.95,2,bancassurance
1244,20230614,21,1,1231.19,1734.23,2,tied_agency
3482,20230711,45,1,4920.43,6367.84,1,tied_agency
10405,20241205,128,1,4216.31,5264.2,2,tied_agency
11922,20240918,149,2,3570.22,3757.1,1,bancassurance
14014,20250707,174,1,885.91,825.07,2,bancassurance
8161,20230501,100,4,2060.68,2002.54,2,bancassurance
859,20240207,15,3,1374.13,1901.28,1,tied_agency
9970,20250818,124,5,763.92,1003.37,1,bancassurance
3279,20250121,40,2,1331.23,1422.87,1,tied_agency
5332,20250513,65,1,4958.61,5342.57,1,tied_agency
4806,20240528,9010,1,1336.03,1635.66,1,bancassurance
9442,20251230,118,1,3910.33,4015.82,2,bancassurance
11735,20251218,147,3,741.7,880.58,1,tied_agency
6042,20240613,73,5,958.3,889.77,2,tied_agency
9578,20241230,122,3,1080.75,1045.11,1,tied_agency
5657,20230828,69,3,879.71,1264.33,2,tied_agency
7211,20250804,9005,2,3103.69,3844.93,1,bancassurance
1354,20250102,9002,2,4916.5,7278.28,2,tied_agency
15903,20250506,196,6,1727.42,1586.36,1,tied_agency
14220,20251229,177,4,2548.69,3197.48,2,tied_agency
3851,20231002,49,2,2473.58,3652.75,2,tied_agency
7326,20250318,89,1,1734.58,2508.82,1,bancassurance
7525,20230410,92,4,1230.43,1568.88,2,tied_agency
10335,20230918,128,2,938.6,966.12,2,tied_agency
4372,20250117,55,2,1201.71,1225.85,1,bancassurance
4970,20250124,62,1,4613.07,5061.7,1,tied_agency
11353,20241010,139,2,876.22,875.71,1,bancassurance
6331,20240923,76,3,1340.11,1668.91,1,tied_agency
10793,20231128,132,1,2030.91,1915.24,1,tied_agency
15270,20240812,187,4,879.15,1140.87,1,bancassurance
6322,20240507,76,1,2118.2,2671.7,1,tied_agency
8170,20230901,100,4,1710.86,2552.88,1,bancassurance
5233,20250203,64,4,2756.32,2901.42,2,tied_agency
12116,20250612,151,2,1010.33,1067.12,2,bancassurance
9895,20240610,124,1,4614.39,5326.2,1,bancassurance
5636,20251103,68,6,6455.61,7369.79,1,tied_agency
14614,20250617,9006,6,3902.69,5740.43,2,tied_agency
7850,20250801,96,3,1683.1,2273.75,2,tied_agency
13395,20231123,166,6,7853.57,11729.06,2,tied_agency
7488,20241106,91,3,1072.2,1194.26,2,bancassurance
9709,20240724,9010,1,4873.75,5726.05,2,tied_agency
4621,20250819,58,5,801.74,1079.3,2,tied_agency
1425,20241024,22,5,985.97,1335.57,2,bancassurance
4450,20240408,9003,5,667.49,840.02,1,tied_agency
8254,20230303,101,3,1975.31,1891.42,1,bancassurance
9300,20240719,116,1,3623.04,5266.64,1,bancassurance
5644,20230313,69,3,2889.89,3786.76,1,tied_agency
10695,20250409,130,2,4079.11,4293.86,1,tied_agency
5883,20241216,71,1,3776.29,5117.47,2,tied_agency
12662,20250303,157,3,1840.73,1736.01,2,bancassurance
13878,20230803,173,6,7791.61,11578.97,1,tied_agency
1286,20231201,21,5,540.71,692.87,1,tied_agency
4866,20250407,61,1,1325.09,1815.71,1,bancassurance
1613,20240606,24,6,5260.92,6965.84,2,bancassurance
1472,20240320,23,1,3563.44,3802.46,2,bancassurance
15204,20250930,186,1,903.19,900.35,2,tied_agency
8366,20241111,101,3,2059.55,1860.16,2,bancassurance
14299,20250811,179,4,2453.58,2414.51,1,tied_agency
15012,20251007,9007,1,4937.22,6000.91,2,bancassurance
252,20230728,6,4,2112.27,2320.88,1,tied_agency
8573,20230428,104,1,4424.59,4379.21,1,bancassurance
9138,20230112,114,3,2851.82,4066.93,1,tied_agency
1793,20231122,26,5,635.88,681.04,2,tied_agency
10347,20231218,128,5,821.92,1030.1,2,tied_agency
12441,20251006,155,3,970.18,1405.6,2,tied_agency
3863,20240318,49,4,1923.71,2311.51,1,tied_agency
2510,20250113,32,6,1071.59,1493.94,2,tied_agency
11231,20240401,138,1,4199.53,4854.8,2,tied_agency
11732,20250812,147,3,925.35,1158.56,1,tied_agency
4058,20241108,51,1,1025.88,1001.95,1,tied_agency
6221,20240627,75,5,630.38,911.74,1,tied_agency
10470,20251215,128,5,510.93,502.73,1,tied_agency
3547,20251117,45,5,756.48,1126.56,2,tied_agency
4399,20230524,56,3,1733.46,1586.82,2,tied_agency
10796,20231211,132,3,2469.6,3586.93,2,tied_agency
6226,20240717,75,4,616.61,645.95,1,tied_agency
154,20240401,4,5,1093.13,1075.5,2,tied_agency
972,20230925,17,4,712.16,911.33,1,tied_agency
4314,20231206,54,2,4762.72,5944.49,1,bancassurance
7996,20231208,98,6,1695.1,2331.18,2,bancassurance
6314,20240207,76,1,821.46,1008.38,2,tied_agency
15545,20241118,9006,6,1322.02,1975.36,1,tied_agency
7286,20250623,88,2,4560.64,6560.94,1,bancassurance
11375,20250526,9003,2,869.3,866.53,2,bancassurance
7967,20251029,97,4,1348.17,1510.86,1,bancassurance
7217,20230328,88,3,1851.92,2710.28,2,bancassurance
12714,20230131,158,3,1853.19,2642.45,2,tied_agency
5402,20240626,66,2,3002.17,4069.73,1,bancassurance
1612,20240612,9007,1,4657.45,5977.91,1,bancassurance
2587,20241003,33,6,2631.53,2447.32,2,bancassurance
10833,20250117,132,2,2005.14,2854.16,2,tied_agency
5699,20250116,69,1,2389.82,3136.66,1,tied_agency
1680,20250612,24,1,3524.31,4509.74,2,bancassurance
11938,20241211,149,4,2111.9,2403.48,2,bancassurance
2276,20250407,29,2,4634.49,6383.23,2,tied_agency
9856,20231120,124,4,2307.28,2521.71,2,bancassurance
3369,20230926,43,3,1970.88,2931.36,1,tied_agency
15570,20250716,191,2,1080.99,1081.76,1,tied_agency
9148,20231107,114,1,3280.26,4228.25,2,tied_agency
13579,20240131,168,5,998.53,915.7,1,tied_agency
15652,20240129,193,1,890.98,945.61,1,bancassurance
5464,20230724,67,4,2999.64,3362.02,2,tied_agency
3313,20230414,42,5,639.02,621.23,2,tied_agency
7606,20251230,92,2,3360.32,3214.0,1,tied_agency
1752,20230306,26,2,3180.98,4760.79,1,tied_agency
11670,20231127,146,2,2443.7,3243.32,1,bancassurance
13668,20231103,169,1,4977.15,6234.51,1,tied_agency
10490,20230810,129,6,2400.8,2689.65,1,tied_agency
2657,20241009,34,2,4306.25,5824.22,2,tied_agency
5901,20250804,71,3,1192.76,1681.79,2,tied_agency
15046,20240716,185,6,4093.27,4343.76,1,tied_agency
10038,20240610,125,6,7339.22,7304.35,2,bancassurance
3375,20240122,43,5,779.27,854.54,1,tied_agency
5419,20241016,66,5,445.9,406.56,2,bancassurance
15503,20230703,191,5,340.81,371.94,2,tied_agency
6974,20230330,85,1,4214.01,5842.37,2,tied_agency
13124,20240923,162,5,789.59,767.28,2,bancassurance
5026,20230517,63,6,1799.06,2673.76,2,bancassurance
13148,20250721,162,5,312.81,322.18,1,bancassurance
11582,20230731,144,3,1195.75,1080.7,2,bancassurance
10989,20240318,134,2,1130.83,1088.74,2,bancassurance
9382,20240408,118,3,1880.91,2545.39,2,bancassurance
11192,20250910,137,4,1682.79,1917.28,1,bancassurance
11662,20230612,146,4,1996.93,2962.53,2,bancassurance
13685,20240501,169,5,1032.87,1155.44,1,tied_agency
4246,20250811,52,2,4421.51,5670.98,2,tied_agency
12111,20250326,151,6,3112.05,4133.16,1,bancassurance
9796,20251216,123,5,1160.17,1388.4,2,tied_agency
6588,20240126,80,4,1772.44,2191.26,2,bancassurance
16089,20231020,200,6,3308.42,4251.6,2,tied_agency
3225,20251215,39,6,4876.6,6523.59,1,bancassurance
12512,20250609,156,2,2393.43,2323.85,2,bancassurance
9694,20240423,123,2,4148.49,5449.88,2,tied_agency
1261,20230918,21,3,2423.43,3300.85,2,tied_agency
12389,20250131,154,4,2777.94,2767.07,1,tied_agency
6388,20231106,78,3,2159.7,2257.58,1,tied_agency
9467,20250512,120,4,1832.15,2446.53,1,tied_agency
11649,20250922,144,6,7213.54,9095.88,2,bancassurance
12895,20230327,161,3,2430.77,3038.42,1,bancassurance
153,20240216,4,1,1375.55,1512.86,2,tied_agency
326,20251027,7,4,688.79,948.3,1,tied_agency
14401,20240115,181,5,1191.69,1552.37,2,tied_agency
8568,20230410,104,4,644.2,802.49,1,bancassurance
5579,20240201,68,5,756.71,684.05,1,tied_agency
7189,20230324,87,1,995.67,1037.94,1,bancassurance
6086,20230203,74,4,914.25,1243.53,2,tied_agency
14881,20231218,184,4,731.1,1064.0,2,bancassurance
4012,20230323,51,5,1080.84,1616.96,2,tied_agency
1748,20230227,26,2,4191.4,5417.52,1,tied_agency
792,20251117,13,3,2040.55,3048.78,1,bancassurance
11958,20250605,149,4,2760.41,2549.97,2,bancassurance
7991,20230901,98,1,3629.75,4954.39,2,bancassurance
7241,20231221,88,3,2737.39,4006.02,1,bancassurance
15802,20230703,195,1,3151.15,3946.91,2,bancassurance
9371,20231228,118,6,5521.67,7025.16,1,bancassurance
3639,20251107,46,2,4615.42,4703.46,2,bancassurance
7348,20230327,90,5,820.0,961.34,1,bancassurance
5257,20251124,64,3,1277.17,1253.45,2,tied_agency
578,20241007,11,6,3323.18,3710.26,2,bancassurance
7844,20250708,96,4,1191.26,1482.46,1,tied_agency
2531,20250522,32,3,596.08,858.9,1,tied_agency
13983,20240306,174,2,2278.34,2943.76,2,bancassurance
15441,20240603,190,3,2542.54,3789.74,1,tied_agency
15505,20230925,191,6,6810.93,7657.19,1,tied_agency
729,20231016,13,3,1550.61,2126.56,2,bancassurance
5399,20240502,66,3,2340.99,3256.1,1,bancassurance
14063,20240311,176,1,1200.33,1424.44,2,bancassurance
4742,20230320,61,1,1513.19,2074.83,1,bancassurance
12803,20230330,160,4,1018.94,1020.5,1,tied_agency
14643,20251222,182,5,346.24,333.79,1,tied_agency
357,20231114,8,6,5988.4,8145.82,2,bancassurance
14584,20241129,182,4,1268.64,1899.14,2,tied_agency
13468,20230711,167,1,3552.6,4553.52,2,bancassurance
11800,20250203,148,6,6153.53,6601.26,2,bancassurance
8355,20240806,101,2,4199.42,5338.71,2,bancassurance
7713,20230614,96,4,1136.68,1648.31,1,tied_agency
10506,20240208,129,5,706.48,937.71,2,tied_agency
288,20230201,7,3,2914.29,3375.54,1,tied_agency
5745,20230426,9003,1,1631.32,1725.29,2,tied_agency
5736,20230109,70,4,1900.5,2473.4,2,tied_agency
10659,20240916,130,2,3010.82,2860.89,1,tied_agency
11774,20240429,148,3,1053.88,1429.81,2,bancassurance
7132,20251001,85,5,608.39,835.59,1,tied_agency
12831,20240219,160,6,4095.62,4188.92,1,tied_agency
1168,20250922,19,6,3220.29,4467.67,2,tied_agency
5895,20250618,71,5,565.5,727.02,2,tied_agency
10392,20240912,128,3,2065.37,2938.95,1,tied_agency
4904,20251229,61,1,2028.94,2502.29,1,bancassurance
9401,20241111,118,5,627.8,733.19,2,bancassurance
997,20230220,18,3,1023.97,1076.02,2,tied_agency
9763,20250528,123,4,1779.36,2555.92,2,tied_agency
7032,20240117,85,5,1069.52,1498.08,1,tied_agency
9835,20230724,124,2,3649.79,3657.22,2,bancassurance
5087,20240730,63,4,899.46,1127.47,1,bancassurance
7977,20230207,98,5,489.53,618.89,1,bancassurance
3554,20230106,46,2,3797.52,4672.61,1,bancassurance
13629,20250908,168,2,2336.39,3123.77,2,tied_agency
604,20251210,11,2,3619.44,3766.82,1,bancassurance
1178,20251215,19,2,1154.48,1293.66,2,tied_agency
5562,20230913,68,6,6842.51,6293.77,2,tied_agency
11020,20250625,9003,1,2595.96,3692.96,1,bancassurance
418,20230206,9,3,2794.74,2853.09,2,bancassurance
10538,20250505,129,5,895.93,811.06,2,tied_agency
6392,20240108,78,5,1126.24,1341.67,2,tied_agency
7318,20240816,89,4,690.57,839.96,2,bancassurance
5068,20240322,63,5,464.82,609.04,1,bancassurance
7504,20250730,91,3,2988.43,4014.63,1,bancassurance
7855,20250915,96,4,2942.46,3057.53,2,tied_agency
3696,20241009,47,2,958.07,1287.14,2,tied_agency
5448,20251016,66,4,2367.09,2558.46,2,bancassurance
8376,20241212,9005,3,2233.67,3299.65,1,bancassurance
9112,20250319,113,5,457.46,642.73,1,tied_agency
3682,20240515,47,5,1185.09,1198.39,2,tied_agency
15560,20250318,191,3,1249.5,1792.25,1,tied_agency
15303,20250915,187,6,4784.18,6428.18,2,bancassurance
10344,20231101,128,6,5897.41,6449.89,2,tied_agency
779,20250711,9003,1,4076.51,5923.67,2,bancassurance
10089,20230214,126,4,2667.41,3613.24,1,bancassurance
7651,20230703,95,6,7888.13,8197.98,2,bancassurance
11542,20231113,143,4,645.04,952.43,1,bancassurance
14540,20240212,182,6,1650.7,2381.38,2,tied_agency
8147,20250916,99,4,1527.41,1998.83,1,bancassurance
8089,20240122,99,5,772.3,902.52,1,bancassurance
841,20230616,15,5,1007.45,1274.21,1,tied_agency
3431,20251006,43,5,848.7,1065.49,1,tied_agency
4422,20231025,56,5,1107.88,1595.35,2,tied_agency
13261,20250804,164,4,2919.87,3988.3,2,tied_agency
4911,20230331,62,2,2428.33,2554.3,1,tied_agency
9938,20250113,124,4,1211.2,1552.79,1,bancassurance
88,20230224,3,2,4306.85,5294.34,2,tied_agency
11925,20241007,149,4,2044.73,1885.87,2,bancassurance
13138,20250414,162,4,1969.98,2830.49,1,bancassurance
6842,20250228,83,3,1919.68,2388.78,1,bancassurance
7048,20240513,9002,4,692.51,914.04,1,tied_agency
8371,20241104,101,6,6565.52,9442.95,2,bancassurance
11123,20230717,137,1,3091.18,3616.39,2,bancassurance
3526,20250127,45,1,2927.23,3861.71,2,tied_agency
12908,20230511,161,2,2480.89,2996.76,1,bancassurance
14687,20230810,183,4,556.93,756.45,1,tied_agency
132,20230522,4,2,3566.68,4752.17,2,tied_agency
11577,20230516,9005,1,3538.19,4386.69,1,bancassurance
15000,20250805,184,2,1459.58,1412.53,1,bancassurance
1465,20231002,23,3,2771.89,2827.3,2,bancassurance
620,20230516,12,5,1107.73,1237.06,2,bancassurance
6727,20240419,9005,6,3578.73,4191.53,1,bancassurance
7940,20241218,9011,4,2006.85,2624.19,1,bancassurance
14069,20240411,176,4,1514.79,2237.52,2,bancassurance
14142,20230824,9003,4,2434.21,2894.65,2,tied_agency
9004,20230201,112,2,1613.11,2300.6,2,bancassurance
10759,20250526,131,6,3784.85,3562.97,1,tied_agency
8497,20240226,103,3,2417.55,3378.35,2,tied_agency
15646,20231020,193,1,3914.14,4924.67,2,bancassurance
9397,20241016,118,5,720.88,780.42,2,bancassurance
6342,20250513,76,6,4142.76,5072.98,2,tied_agency
4790,20240219,61,2,1894.84,2600.61,2,bancassurance
6596,20240325,80,1,940.33,1056.07,1,bancassurance
13076,20230130,162,4,2028.16,2989.46,2,bancassurance
2597,20250523,33,4,699.88,950.9,2,bancassurance
8513,20241118,103,3,2346.78,2168.56,1,tied_agency
11441,20240620,140,3,563.45,749.78,1,bancassurance
2493,20241014,32,3,2860.62,3306.28,2,tied_agency
16025,20250917,198,1,2643.92,3802.0,1,bancassurance
14216,20251110,177,6,4151.56,4294.2,1,tied_agency
5654,20230612,69,1,1327.16,1848.6,1,tied_agency
8356,20240902,101,3,1398.97,1934.84,1,bancassurance
2557,20251029,9009,3,2631.5,2863.01,2,tied_agency
10903,20240603,133,1,3604.02,4608.13,1,tied_agency
14896,20240205,184,4,1115.21,1169.15,2,bancassurance
3473,20230414,45,2,4686.43,6744.18,2,tied_agency
12629,20240805,157,2,2019.28,2676.8,1,bancassurance
7520,20230210,92,4,1687.11,1848.79,1,tied_agency
12727,20230803,158,3,543.33,514.05,2,tied_agency
6851,20250625,83,6,1595.6,1797.7,1,bancassurance
681,20250529,12,5,515.42,741.62,2,bancassurance
7760,20240423,96,2,3757.91,3527.87,2,tied_agency
2326,20251209,29,2,3393.73,3950.51,1,tied_agency
4100,20230322,52,2,3994.35,5847.5,1,tied_agency
15227,20230220,187,1,1321.81,1333.55,1,bancassurance
927,20230501,16,1,4595.06,5610.66,2,tied_agency
12716,20230209,158,6,5095.16,5833.07,1,tied_agency
12019,20240902,150,2,1768.15,1915.73,2,tied_agency
11264,20250204,138,3,761.87,826.16,2,tied_agency
15304,20251013,187,2,4715.85,7014.81,1,bancassurance
12287,20241230,153,6,7068.8,9257.58,1,bancassurance
3929,20230626,50,2,3628.01,3308.69,1,bancassurance
7870,20251103,96,3,581.04,777.21,1,tied_agency
2994,20250123,37,1,4473.84,4336.08,1,tied_agency
3941,20231122,50,3,2082.17,2238.62,1,bancassurance
8742,20231107,105,2,2209.63,3192.56,1,bancassurance
13732,20230220,170,5,225.32,295.05,2,tied_agency
4867,20250402,61,6,5536.02,6566.13,2,bancassurance
7063,20240814,85,4,2888.1,4182.89,1,tied_agency
10182,20241126,126,4,2554.57,3446.02,2,bancassurance
14723,20240520,9005,5,1128.62,1150.66,1,tied_agency
11320,20230907,139,6,2148.57,2817.76,1,bancassurance
4656,20230710,60,6,4064.03,4690.0,2,tied_agency
9334,20251125,9010,1,3736.5,4699.53,1,bancassurance
10768,20230123,132,6,6186.61,9156.02,2,tied_agency
11886,20240214,149,6,3106.28,4362.99,1,bancassurance
15795,20230403,195,2,909.39,913.05,1,bancassurance
5019,20230420,63,4,1662.13,1928.57,2,bancassurance
13298,20231031,165,4,508.35,494.89,2,tied_agency
14993,20250715,184,4,2184.95,3156.86,1,bancassurance
764,20241212,13,6,1738.6,2230.93,2,bancassurance
14169,20240612,177,1,1491.88,2050.57,2,tied_agency
10783,20230831,132,6,4396.55,4749.79,2,tied_agency
9314,20250131,116,5,891.17,874.11,1,bancassurance
7941,20250109,97,1,1224.82,1287.81,2,bancassurance
11894,20240315,149,4,2938.72,3167.63,1,bancassurance
8628,20240301,104,2,4523.22,5085.33,2,bancassurance
14535,20240229,182,1,2960.63,3705.84,1,tied_agency
7505,20250717,91,4,721.68,697.19,2,bancassurance
16002,20240917,198,1,4942.83,6102.34,1,bancassurance
15146,20240830,186,6,1624.91,1733.74,1,tied_agency
10117,20230821,126,6,7436.18,8200.08,1,bancassurance
10328,20230824,9001,5,594.61,590.08,1,tied_agency
3394,20240617,43,5,215.01,254.73,2,tied_agency
14045,20230613,176,4,1377.5,2014.59,2,bancassurance
12734,20231122,158,5,654.66,595.94,2,tied_agency
7102,20250424,85,4,893.99,1136.47,2,tied_agency
14092,20250221,176,2,3107.21,3153.87,2,bancassurance
12937,20230915,161,3,1491.09,1606.19,2,bancassurance
5354,20230124,66,3,1897.14,2408.25,1,bancassurance
12431,20240826,155,2,2698.32,3425.44,1,tied_agency
3358,20230612,43,6,1220.96,1240.43,2,tied_agency
11638,20250516,144,3,2106.53,2178.65,1,bancassurance
12791,20251121,158,4,1996.02,2609.9,1,tied_agency
3780,20240730,48,4,1082.93,1094.83,2,tied_agency
15148,20240906,186,1,1743.98,2252.19,1,tied_agency
6852,20250630,83,6,4659.14,6329.74,2,bancassurance
12281,20240912,153,1,3627.5,4456.49,2,bancassurance
15786,20251124,194,4,1692.22,2004.22,1,bancassurance
11043,20231005,135,2,1541.69,1615.74,2,tied_agency
14824,20230109,184,3,2566.73,2879.02,2,bancassurance
14870,20230901,184,3,2952.2,4036.82,1,bancassurance
10403,20241125,9007,3,1742.72,2519.22,2,tied_agency
4851,20250107,61,1,3221.11,4141.68,2,bancassurance
10843,20250505,132,6,2442.02,2897.0,2,tied_agency
3677,20240305,47,5,1066.88,1277.78,1,tied_agency
4402,20230523,56,4,2074.69,3083.97,2,tied_agency
5488,20240417,67,4,2593.75,3458.42,2,tied_agency
6366,20230421,78,5,559.09,815.12,2,tied_agency
8707,20250611,104,5,831.77,958.0,1,bancassurance
10749,20240216,131,1,2030.43,2042.9,2,tied_agency
3121,20250522,38,3,556.84,814.07,2,bancassurance
145,20231110,4,2,3250.05,3019.93,2,tied_agency
10716,20250926,130,2,2258.31,3150.13,2,tied_agency
2102,20250507,28,1,3890.67,5351.9,2,bancassurance
11799,20250210,148,1,4377.88,6320.65,2,bancassurance
11182,20250425,137,6,6411.69,7688.89,1,bancassurance
2548,20250828,32,3,2761.69,4069.18,2,tied_agency
5626,20250825,9008,2,2760.4,2664.45,1,tied_agency
14819,20251230,183,2,2258.01,2146.53,2,tied_agency
1272,20231026,21,2,3963.47,4826.67,1,tied_agency
10884,20231031,133,6,1768.18,2397.7,2,tied_agency
13255,20250523,164,5,1197.12,1272.7,2,tied_agency
14857,20230713,184,1,2013.52,2600.77,1,bancassurance
10922,20250116,9009,5,886.04,861.27,2,tied_agency
6860,20250922,83,3,783.67,966.51,1,bancassurance
10176,20241007,126,4,2547.88,2903.02,1,bancassurance
9823,20230425,124,6,2338.73,3051.88,2,bancassurance
9152,20240304,114,1,1140.12,1030.08,2,tied_agency
11074,20251216,135,3,2582.06,3099.74,1,tied_agency
5135,20250423,63,1,2285.07,2167.33,1,bancassurance
11037,20230509,135,5,946.12,941.52,1,tied_agency
1222,20230203,21,4,1818.2,2342.45,2,tied_agency
6271,20251224,75,3,2448.44,3203.93,1,tied_agency
4765,20230726,61,2,4876.73,5912.8,1,bancassurance
14345,20250127,180,4,1840.18,2734.36,2,tied_agency
1700,20251110,24,2,2091.02,2482.76,1,bancassurance
809,20240213,14,3,1063.96,1175.75,1,tied_agency
321,20250410,7,5,368.38,547.93,2,tied_agency
3320,20230918,42,2,910.49,1074.71,2,tied_agency
8142,20250730,99,5,1192.43,1114.65,1,bancassurance
15086,20230807,186,5,411.68,581.54,2,tied_agency
7642,20250910,94,4,2885.23,2698.62,1,bancassurance
4600,20241004,58,5,599.15,578.34,1,tied_agency
1854,20241028,26,5,302.74,313.16,1,tied_agency
3553,20251226,45,1,4610.79,4466.57,2,tied_agency
3802,20250506,48,6,1905.11,2053.17,1,tied_agency
11972,20250901,149,5,714.27,994.62,1,bancassurance
14949,20241106,184,2,952.98,1057.48,1,bancassurance
15948,20251106,9004,5,925.76,1089.58,2,tied_agency
217,20231019,5,3,1085.4,1573.65,2,bancassurance
1638,20241002,24,4,1552.64,1705.93,1,bancassurance
4249,20250822,52,5,383.35,512.77,2,tied_agency
770,20250213,13,3,2904.13,3393.48,1,bancassurance
3708,20250214,47,3,1066.04,1522.89,2,tied_agency
1361,20250324,9009,4,504.89,583.79,1,tied_agency
13944,20251215,173,3,2800.9,3521.24,1,tied_agency
6550,20251215,79,4,2391.22,2848.54,1,bancassurance
9767,20250623,123,2,1395.39,1852.49,2,tied_agency
15972,20231109,198,3,1766.18,1941.75,1,bancassurance
8942,20240425,110,1,1828.43,2484.51,1,bancassurance
397,20250404,8,4,754.77,1038.78,1,bancassurance
3307,20251218,40,5,435.95,593.31,1,tied_agency
10000,20230328,125,5,274.53,311.05,1,bancassurance
3382,20240315,43,3,1843.79,1691.7,2,tied_agency
3833,20230522,49,3,2151.85,2166.73,1,tied_agency
4874,20250603,61,4,1051.68,1260.74,2,bancassurance
5097,20240905,63,3,1415.67,2003.76,1,bancassurance
15322,20230522,189,1,3762.11,5206.98,1,bancassurance
15814,20240108,195,5,617.37,745.86,2,bancassurance
8668,20241014,104,6,3801.78,3979.29,1,bancassurance
1725,20240927,25,1,3583.54,3383.8,1,tied_agency
13742,20230523,170,6,7521.36,9211.53,1,tied_agency
13281,20230501,165,6,3426.51,3310.2,1,tied_agency
11355,20241029,139,5,414.4,448.21,2,bancassurance
2868,20251202,36,4,978.72,919.64,2,bancassurance
8565,20230320,104,2,3230.88,3028.78,2,bancassurance
14803,20250918,183,5,727.92,783.09,1,tied_agency
13069,20251209,161,2,2528.57,2546.14,2,bancassurance
2590,20241206,33,4,962.32,869.73,1,bancassurance
13415,20240709,166,5,280.87,369.77,2,tied_agency
12505,20250313,156,3,1306.63,1804.43,1,bancassurance
13780,20240729,170,2,2223.89,3018.91,1,tied_agency
14195,20250428,177,3,857.62,1254.16,1,tied_agency
8034,20250303,98,5,273.6,393.33,1,bancassurance
10041,20240722,125,1,3840.2,5134.01,2,bancassurance
9560,20240605,122,2,1054.34,987.15,2,tied_agency
10287,20250715,127,4,1778.8,2344.06,2,bancassurance
5017,20230426,63,4,1228.58,1536.02,2,bancassurance
3839,20230719,49,4,2345.44,3358.57,1,tied_agency
1690,20250919,24,2,4225.51,4249.45,2,bancassurance
1146,20250206,19,4,1167.34,1251.65,2,tied_agency
9615,20230113,123,1,2557.23,3689.34,1,tied_agency
6933,20250212,84,5,343.32,505.13,1,bancassurance
15026,20230109,185,2,1339.97,1922.31,1,tied_agency
14714,20240219,183,6,3022.22,3304.97,1,tied_agency
9470,20251128,120,5,633.58,729.64,2,tied_agency
2067,20241024,28,5,535.34,627.46,1,bancassurance
507,20231030,10,5,796.37,878.16,1,tied_agency
15971,20231023,198,6,5527.1,7157.03,2,bancassurance
10852,20250826,132,3,1783.87,2364.07,1,tied_agency
1531,20230201,9002,6,6847.95,9963.92,1,bancassurance
7212,20250825,87,2,845.71,815.91,1,bancassurance
8563,20230306,104,2,4059.32,5781.48,1,bancassurance
5813,20250826,70,6,2257.79,2497.06,1,tied_agency
13473,20230929,167,2,4626.77,6496.39,1,bancassurance
15668,20240614,193,4,1452.87,2104.56,1,bancassurance
9054,20230509,113,5,642.32,912.28,2,tied_agency
2604,20251013,33,4,881.71,1183.89,2,bancassurance
5529,20251013,67,6,4049.08,3791.5,2,tied_agency
1532,20230227,24,5,479.47,632.69,1,bancassurance
11594,20231106,144,4,1600.13,1725.39,1,bancassurance
10294,20251225,127,5,745.1,894.44,1,bancassurance
10710,20250728,130,4,737.82,866.96,1,tied_agency
5711,20250611,9010,5,766.39,985.8,2,tied_agency
14346,20250116,180,2,2808.4,3674.81,1,tied_agency
7564,20240725,92,3,2912.15,4107.94,1,tied_agency
14810,20251024,9005,2,2893.03,2699.86,2,tied_agency
11845,20230529,149,3,2774.46,3517.54,2,bancassurance
15653,20240101,193,3,1633.1,1895.38,1,bancassurance
2818,20240311,36,6,7104.79,6727.34,2,bancassurance
8730,20251110,104,2,1994.08,2245.25,1,bancassurance
11213,20230508,138,6,6482.15,8098.26,1,tied_agency
3910,20251120,49,2,1199.84,1141.04,2,tied_agency
2567,20251203,32,6,4967.48,7110.26,2,tied_agency
2011,20231214,28,4,2094.36,2584.37,1,bancassurance
12435,20250122,155,6,2177.38,2931.9,1,tied_agency
12942,20231009,161,3,2386.61,3393.93,1,bancassurance
14362,20230222,181,6,4497.79,5966.87,2,tied_agency
2044,20240605,28,1,3698.2,5524.96,2,bancassurance
15619,20250717,192,2,2304.28,2442.0,1,tied_agency
14183,20241216,9005,1,4201.98,4441.24,2,tied_agency
7772,20240624,96,4,745.39,982.7,1,tied_agency
8205,20241025,100,5,218.28,321.86,1,bancassurance
5491,20240611,67,6,4655.59,4744.03,2,tied_agency
11628,20250210,144,3,753.41,910.19,2,bancassurance
6544,20251013,79,2,1192.36,1771.65,1,bancassurance
14333,20240520,180,4,2815.92,3957.12,2,tied_agency
688,20250714,12,3,1678.36,2127.91,1,bancassurance
8509,20240820,103,3,2639.33,3078.43,2,tied_agency
10724,20251013,130,4,2830.76,4033.81,2,tied_agency
536,20230411,11,1,3956.01,4321.47,2,bancassurance
1497,20250306,23,5,737.2,908.02,2,bancassurance
827,20230207,15,5,965.16,1426.08,2,tied_agency
5201,20231110,64,6,5110.0,6732.21,2,tied_agency
3574,20231123,46,6,7130.67,7460.25,1,bancassurance
7416,20250721,90,5,555.54,766.42,1,bancassurance
3687,20240606,47,2,1779.33,1755.91,1,tied_agency
5681,20240613,69,6,5138.48,5654.6,1,tied_agency
6390,20240129,78,6,2583.55,2494.16,2,tied_agency
8931,20230629,110,6,7565.07,11308.05,1,bancassurance
14938,20241014,184,4,1348.73,1578.64,1,bancassurance
12561,20230605,157,6,4117.96,4103.44,1,bancassurance
9043,20230209,113,4,862.43,1242.99,1,tied_agency
15314,20230227,189,2,3671.74,5045.04,2,bancassurance
8709,20250612,104,6,7862.11,11585.31,2,bancassurance
15912,20230214,197,4,927.09,1154.82,1,tied_agency
675,20250212,12,5,1131.4,1341.76,1,bancassurance
15692,20250502,193,2,4664.56,6281.37,2,bancassurance
10617,20231106,130,6,4217.62,4864.95,2,tied_agency
12901,20230410,161,4,2464.07,2986.27,2,bancassurance
7094,20250317,85,4,1590.41,1758.82,2,tied_agency
13059,20251023,161,1,2247.8,2947.12,2,bancassurance
9481,20230822,121,1,2350.14,2118.76,2,tied_agency
1002,20230428,18,2,1211.87,1627.12,1,tied_agency
15501,20230724,191,3,560.27,655.98,1,tied_agency
5297,20240226,65,5,415.04,613.01,2,tied_agency
16120,20240717,200,4,2331.29,2507.41,2,tied_agency
5366,20230623,66,6,7160.51,7937.83,1,bancassurance
3857,20231205,49,4,2960.62,3084.78,2,tied_agency
11064,20250410,135,1,1774.54,2492.24,1,tied_agency
12032,20250730,150,4,2929.5,2654.51,2,tied_agency
5796,20250114,70,1,4235.5,4889.8,1,tied_agency
13662,20231017,169,1,4612.09,6061.7,1,tied_agency
14442,20250429,181,4,1601.77,2011.37,2,tied_agency
12217,20250729,152,1,1790.03,1854.22,2,bancassurance
1727,20241125,25,4,874.29,882.56,1,tied_agency
10272,20240515,127,2,1974.6,2934.72,1,bancassurance
454,20240715,9,1,2578.17,3849.13,1,bancassurance
15354,20240508,189,2,4796.62,6013.43,2,bancassurance
10086,20230220,126,5,210.88,305.19,1,bancassurance
7475,20240613,91,6,1059.66,1198.37,1,bancassurance
8741,20230703,105,1,2646.7,2560.44,2,bancassurance
2446,20240108,32,2,4299.64,6406.28,1,tied_agency
15642,20230928,193,2,1790.35,1924.35,1,bancassurance
13790,20240925,170,6,6945.5,8495.25,2,tied_agency
12365,20240508,154,3,2037.58,2600.35,2,tied_agency
9096,20241018,113,6,4910.24,5057.53,1,tied_agency
10324,20230703,128,2,1278.83,1614.11,2,tied_agency
1175,20251110,19,3,1939.52,1874.54,1,tied_agency
8385,20250214,101,2,4169.32,4137.7,1,bancassurance
16009,20250225,198,5,1118.26,1344.59,2,bancassurance
5891,20250421,71,6,2724.92,3821.05,2,tied_agency
14294,20250702,179,3,1482.94,1431.12,2,tied_agency
3026,20250828,37,3,2063.95,2177.87,1,tied_agency
6589,20240119,80,1,2066.39,2856.0,1,bancassurance
1289,20240125,21,6,4552.5,4435.45,1,tied_agency
9509,20250613,121,6,6432.73,6073.5,2,tied_agency
5322,20241104,65,3,2692.06,3725.92,2,tied_agency
935,20231124,16,1,3336.05,4824.19,1,tied_agency
15650,20231205,193,3,520.92,590.47,1,bancassurance
13516,20250103,167,5,784.5,1035.58,2,bancassurance
4453,20240530,56,3,2793.08,4101.68,2,tied_agency
14826,20230118,184,5,1044.48,1397.4,2,bancassurance
5857,20240320,71,4,2600.58,3564.71,2,tied_agency
12749,20240521,158,3,1568.91,2171.8,1,tied_agency
10315,20230519,128,3,783.01,920.74,1,tied_agency
14313,20251223,179,4,868.87,930.64,2,tied_agency
6687,20230424,82,6,4496.97,5447.99,2,bancassurance
8275,20230605,101,3,956.6,1291.04,2,bancassurance
11361,20250120,139,5,741.12,979.06,2,bancassurance
8604,20231120,104,6,4357.34,5782.25,2,bancassurance
4336,20250527,54,2,3535.38,4816.02,2,bancassurance
7008,20230901,85,1,1448.06,1519.74,2,tied_agency
16107,20240422,9001,6,4868.19,4820.77,2,tied_agency
5503,20241010,67,4,1141.76,1321.75,1,tied_agency
11785,20240823,148,4,2304.87,3374.37,2,bancassurance
8363,20241023,101,1,1961.94,1838.7,2,bancassurance
9402,20241125,118,1,945.18,1032.62,2,bancassurance
10094,20230310,126,6,4514.91,4780.45,2,bancassurance
1515,20251027,23,6,5008.28,6904.02,1,bancassurance
3354,20230502,43,1,2235.26,3327.42,2,tied_agency
1803,20240101,9006,1,4580.79,5262.11,1,tied_agency
3946,20240108,50,4,954.28,874.98,2,bancassurance
12820,20231012,160,6,2015.13,1943.55,2,tied_agency
5767,20240101,70,1,1967.73,1798.85,1,tied_agency
7216,20230322,88,1,3819.86,4494.19,2,bancassurance
7284,20250530,88,5,568.21,688.27,2,bancassurance
6346,20250604,76,3,1725.97,1650.0,1,tied_agency
7415,20250620,90,3,879.41,1239.55,2,bancassurance
7555,20240408,92,4,735.71,900.9,1,tied_agency
781,20250801,13,6,5569.45,7025.2,2,bancassurance
8261,20230425,101,2,2087.26,2567.2,2,bancassurance
13512,20241223,167,6,5859.47,7419.99,1,bancassurance
12523,20251110,156,4,2768.81,2538.19,1,bancassurance
6017,20230810,73,5,928.84,992.02,2,tied_agency
7725,20230814,96,5,939.53,1242.28,2,tied_agency
3162,20231218,39,6,5394.73,8005.86,2,bancassurance
11350,20240926,139,3,2229.13,3062.17,1,bancassurance
12219,20250814,152,5,419.39,467.02,2,bancassurance
3344,20251117,42,4,1779.25,1763.26,1,tied_agency
11655,20230119,146,3,1059.45,1009.01,1,bancassurance
180,20250102,4,5,938.69,1323.74,1,tied_agency
13496,20240509,167,5,1180.42,1755.86,1,bancassurance
3298,20250916,40,4,2258.52,2840.53,1,tied_agency
6670,20250526,81,6,1241.65,1168.76,1,tied_agency
10473,20251201,128,3,1126.85,1016.33,1,tied_agency
8633,20240415,104,5,389.27,521.44,1,bancassurance
7633,20250220,94,3,787.27,1111.32,2,bancassurance
2628,20230920,34,6,1021.37,1137.5,2,tied_agency
6277,20230228,76,5,534.95,581.09,2,tied_agency
4324,20240920,54,2,808.37,852.89,1,bancassurance
15403,20230216,190,1,4050.23,4478.61,2,tied_agency
736,20240219,13,6,6097.66,8212.54,1,bancassurance
16055,20241009,199,1,3497.69,4213.05,2,bancassurance
6635,20250721,80,1,1848.15,1755.18,1,bancassurance
336,20230412,8,1,3549.27,3727.56,1,bancassurance
6885,20230726,84,6,2996.86,3225.38,1,bancassurance
12769,20250227,158,3,1139.12,1124.24,1,tied_agency
11347,20240812,139,1,2674.07,3430.4,2,bancassurance
12305,20250630,153,1,4629.47,4659.31,2,bancassurance
10966,20230627,9010,4,630.49,660.46,2,bancassurance
15468,20250505,190,4,577.64,712.44,1,tied_agency
2724,20240304,35,6,4804.39,5530.69,2,tied_agency
16095,20231229,200,6,6868.94,6789.95,2,tied_agency
4335,20250421,54,2,2488.87,3029.49,2,bancassurance
9976,20250925,124,5,877.19,1164.36,2,bancassurance
9852,20231016,124,4,1568.98,1596.57,1,bancassurance
121,20230109,4,3,1771.89,1723.73,1,tied_agency
11640,20250613,144,1,3994.29,3787.23,2,bancassurance
11276,20250616,138,4,2337.46,3174.25,2,tied_agency
12683,20250714,157,2,3332.61,4343.21,1,bancassurance
10345,20231110,9003,2,3121.58,4077.22,1,tied_agency
9551,20240320,122,6,7822.67,8767.89,2,tied_agency
12393,20250317,154,3,1170.21,1060.55,2,tied_agency
306,20240408,7,5,337.87,381.87,2,tied_agency
577,20241008,11,5,737.04,704.0,1,bancassurance
3629,20250708,46,3,2688.28,3742.66,2,bancassurance
5274,20230516,65,3,1599.36,1844.07,1,tied_agency
2804,20231003,9010,2,3488.57,4719.02,2,bancassurance
11659,20230306,146,2,2481.46,3531.45,2,bancassurance
838,20230531,15,4,1270.16,1699.6,2,tied_agency
13846,20241104,171,3,2472.99,2948.13,1,bancassurance
6258,20250721,75,3,2114.17,3032.8,1,tied_agency
15089,20230821,186,2,4024.52,5114.17,2,tied_agency
14088,20241114,176,6,2266.85,2958.35,1,bancassurance
15123,20240219,186,3,2847.57,4110.71,2,tied_agency
8519,20250101,103,4,2521.43,3392.38,1,tied_agency
7028,20240103,85,5,561.55,584.19,2,tied_agency
6419,20241212,78,1,4205.25,5509.36,1,tied_agency
14334,20240506,180,2,4170.99,3765.22,2,tied_agency
6971,20230206,85,1,4459.93,6539.42,2,tied_agency
7949,20250303,97,2,2407.15,3529.47,2,bancassurance
6335,20241028,76,5,1107.17,1630.34,2,tied_agency
12238,20230516,153,1,2044.45,2445.97,1,bancassurance
14596,20250120,182,6,7932.35,8032.6,2,tied_agency
7036,20240205,9006,4,1633.45,2249.33,2,tied_agency
918,20251230,15,4,2733.96,3601.27,2,tied_agency
11529,20250624,142,1,4134.6,6146.96,2,bancassurance
1428,20241111,22,3,847.38,1206.88,1,bancassurance
3086,20240124,38,5,841.75,1141.16,2,bancassurance
4629,20251015,58,3,1955.73,2344.79,1,tied_agency
9898,20240606,124,5,1029.77,1259.26,2,bancassurance
7224,20230710,88,1,3254.78,3590.01,2,bancassurance
9257,20250623,115,3,1387.72,1590.73,2,tied_agency
15636,20230614,193,4,2528.77,3121.2,2,bancassurance
8743,20240108,105,6,1653.14,1905.67,1,bancassurance
11442,20240711,140,4,1332.18,1730.74,2,bancassurance
3675,20240226,47,3,2512.13,2351.65,1,tied_agency
7313,20240116,89,2,2542.37,3416.63,2,bancassurance
13242,20241212,164,4,2428.51,3055.36,1,tied_agency
15676,20241011,193,6,6537.41,9073.75,2,bancassurance
2298,20250702,29,2,3696.48,4338.34,2,tied_agency
4467,20240923,56,1,2653.12,3469.31,1,tied_agency
1314,20240527,21,2,3770.28,4687.2,2,tied_agency
13174,20240826,163,5,473.2,429.5,1,tied_agency
5176,20251231,63,1,1506.28,1772.29,2,bancassurance
5912,20251223,71,6,1272.6,1787.5,1,tied_agency
4250,20250908,52,3,1618.06,1992.61,2,tied_agency
13198,20230419,164,6,6485.6,7637.73,1,tied_agency
15195,20250728,186,4,2173.12,2570.15,2,tied_agency
1118,20240613,19,4,1576.7,1714.62,2,tied_agency
13609,20241111,168,2,4501.2,6065.01,1,tied_agency
596,20250901,11,6,2008.53,2623.89,2,bancassurance
15078,20230529,186,5,1027.79,1179.23,2,tied_agency
14969,20250203,184,3,2829.73,3444.73,1,bancassurance
91,20230814,3,2,2023.34,1822.91,1,tied_agency
7819,20250210,96,5,771.93,912.87,2,tied_agency
9210,20231227,115,6,2028.89,1886.15,1,tied_agency
14729,20240624,183,2,4645.18,4419.15,2,tied_agency
7938,20241230,97,4,2924.08,4314.62,1,bancassurance
4807,20240510,61,1,4558.81,4382.82,2,bancassurance
10487,20230623,129,2,2761.62,3947.71,2,tied_agency
9974,20250922,9009,2,3563.7,4465.1,2,bancassurance
7223,20230717,88,4,2489.32,2840.99,2,bancassurance
990,20251002,17,2,4739.98,6002.34,1,tied_agency
1034,20240405,18,3,780.06,771.3,1,tied_agency
5495,20240722,9002,6,5011.07,7490.7,2,tied_agency
3735,20230302,48,1,2756.43,2792.25,2,tied_agency
7948,20250331,97,4,735.12,848.76,2,bancassurance
2322,20251222,29,4,638.27,730.99,1,tied_agency
13444,20250828,166,5,629.37,647.37,1,tied_agency
10237,20250922,126,6,1344.81,1401.0,1,bancassurance
2269,20250303,29,6,7737.32,6995.54,2,tied_agency
13222,20240424,164,3,2689.73,3970.91,1,tied_agency
3598,20240930,46,2,3485.77,4652.15,1,bancassurance
9762,20250520,123,2,1286.72,1320.27,2,tied_agency
7644,20230130,95,1,2638.84,3943.4,2,bancassurance
13035,20250519,161,6,3642.28,4480.91,2,bancassurance
6954,20251007,84,5,410.2,541.27,1,bancassurance
12232,20230214,153,1,3718.0,5153.82,2,bancassurance
12950,20231206,161,3,1002.13,1263.05,2,bancassurance
13033,20250417,161,1,3439.62,4456.13,1,bancassurance
1469,20240131,23,5,407.12,498.73,2,bancassurance
12215,20250718,152,2,2228.76,2880.35,1,bancassurance
9172,20250630,114,3,1298.14,1557.72,1,tied_agency
2538,20250610,32,5,1079.44,1116.47,1,tied_agency
2549,20250829,32,1,1637.52,1805.55,1,tied_agency
4275,20230926,9003,1,4238.92,6053.18,1,tied_agency
11210,20230420,138,5,226.39,319.61,1,tied_agency
9059,20230724,113,3,1151.38,1350.07,2,tied_agency
4927,20231020,62,3,1764.21,1796.41,1,tied_agency
6990,20230619,85,3,2011.94,2053.62,2,tied_agency
7165,20240318,86,6,4639.67,5628.23,1,bancassurance
8547,20251027,103,3,721.68,1042.63,1,tied_agency
11714,20240603,147,5,799.18,967.58,1,tied_agency
2606,20230130,34,1,2624.4,3649.08,1,tied_agency
3984,20250514,50,1,1608.16,1816.49,1,bancassurance
7140,20251229,85,3,1035.01,1046.32,2,tied_agency
7331,20250717,89,1,1673.71,2409.65,1,bancassurance
10612,20231005,9010,1,3701.86,3789.5,2,tied_agency
8121,20241001,99,2,3553.53,3306.33,2,bancassurance
13655,20230714,169,2,2726.53,2632.61,2,tied_agency
5337,20250714,65,5,1199.82,1612.85,2,tied_agency
3924,20230403,50,3,1941.09,2780.62,1,bancassurance
5976,20250303,72,1,4321.51,5942.43,1,bancassurance
13423,20241004,166,1,1208.96,1350.57,1,tied_agency
13808,20250516,170,5,934.14,864.21,1,tied_agency
8406,20250710,101,1,1885.72,1724.59,1,bancassurance
11681,20240603,146,1,1753.21,1988.92,1,bancassurance
11802,20250317,9010,3,2731.21,2492.59,1,bancassurance
15220,20251215,186,3,2426.68,3242.85,1,tied_agency
10275,20240815,127,3,656.52,939.26,1,bancassurance
2817,20240401,36,3,1435.09,1593.43,2,bancassurance
4054,20240903,51,1,3105.6,4074.46,1,tied_agency
6505,20240930,79,4,2363.92,2478.77,1,bancassurance
12664,20250408,157,6,7866.43,10488.75,2,bancassurance
2938,20240116,37,6,3941.57,5080.69,1,tied_agency
4332,20250205,54,1,2799.01,4092.57,2,bancassurance
15688,20250331,193,1,4154.9,5915.22,2,bancassurance
11368,20250310,139,5,267.4,332.34,2,bancassurance
14311,20251216,179,6,2949.92,2987.02,2,tied_agency
667,20241210,12,5,306.46,289.12,2,bancassurance
4407,20230710,56,3,2737.99,3206.56,2,tied_agency
15558,20250324,191,2,2851.91,2786.16,2,tied_agency
3613,20250211,46,2,3993.75,5022.41,2,bancassurance
1865,20250122,26,3,1896.29,2699.79,1,tied_agency
1039,20240627,18,4,1983.39,2614.34,2,tied_agency
9915,20240925,124,1,3610.49,5152.08,1,bancassurance
18,20230720,9007,5,730.56,856.38,2,tied_agency
1750,20230213,26,4,2463.38,2718.12,2,tied_agency
878,20241028,15,1,2106.12,1951.15,1,tied_agency
1853,20241004,26,4,2621.68,3880.85,2,tied_agency
5628,20250919,68,4,2900.0,3181.17,1,tied_agency
9317,20250206,116,4,1940.83,1810.52,1,bancassurance
4142,20231012,52,3,1587.83,2132.28,2,tied_agency
5195,20230814,64,6,7940.2,10512.83,1,tied_agency
6784,20230619,83,1,2309.08,3226.46,1,bancassurance
10144,20240326,126,6,4017.81,4042.06,1,bancassurance
2993,20250120,37,2,2504.43,2818.27,2,tied_agency
12757,20241021,158,5,1005.43,1269.69,2,tied_agency
7352,20230511,90,6,5948.08,7437.4,2,bancassurance
1126,20240828,19,5,284.94,374.07,2,tied_agency
11146,20240304,137,2,1334.13,1977.07,1,bancassurance
2453,20240205,32,5,557.07,821.6,2,tied_agency
7646,20230214,95,2,3913.41,4287.05,2,bancassurance
7746,20240110,96,2,1191.58,1741.39,2,tied_agency
3804,20250603,48,2,1568.69,1699.49,1,tied_agency
1300,20240223,9008,4,2277.88,2226.93,1,tied_agency
14157,20240215,177,5,519.28,678.21,2,tied_agency
14322,20230815,180,1,4482.42,6436.0,2,tied_agency
15330,20230803,189,4,1839.44,1827.82,2,bancassurance
12885,20230120,161,6,5379.15,6873.81,1,bancassurance
11601,20240328,144,2,4570.87,6441.38,1,bancassurance
1629,20240902,24,4,2731.23,3848.33,2,bancassurance
11224,20231107,138,1,2043.42,2311.02,1,tied_agency
4358,20240101,55,4,1121.92,1258.42,2,bancassurance
597,20250804,11,1,3124.8,3853.01,1,bancassurance
5620,20250620,68,6,1348.88,1446.33,1,tied_agency
10708,20250728,130,3,1470.69,1629.34,2,tied_agency
4212,20241223,52,3,1910.83,2568.64,1,tied_agency
15548,20241223,9006,2,4219.52,4235.78,2,tied_agency
14370,20230424,181,2,2426.26,2539.48,1,tied_agency
4889,20250919,61,3,1822.34,2199.17,2,bancassurance
2259,20250106,29,2,3472.95,4415.25,1,tied_agency
521,20241111,10,1,3838.97,3688.38,1,tied_agency
752,20240819,13,2,3001.09,3596.89,1,bancassurance
13810,20250515,170,6,6566.87,9460.44,2,tied_agency
2518,20250217,32,5,1046.45,1067.87,1,tied_agency
8020,20240816,98,3,596.73,850.16,2,bancassurance
8904,20240527,109,6,5706.43,5873.6,1,bancassurance
14180,20241129,177,1,4187.49,4589.9,1,tied_agency
13246,20250203,164,4,1677.47,2192.13,1,tied_agency
4013,20230314,51,6,5246.55,6408.75,2,tied_agency
1632,20240903,24,1,1225.62,1464.89,1,bancassurance
13960,20230523,174,1,1190.96,1307.48,2,bancassurance
15037,20230808,185,3,2300.46,2568.37,1,tied_agency
4101,20230321,52,6,4551.29,4365.2,2,tied_agency
2123,20251020,28,5,522.39,748.96,1,bancassurance
1958,20230104,28,5,224.24,330.96,1,bancassurance
15707,20251124,193,3,709.61,757.59,1,bancassurance
3545,20251006,45,4,1481.46,1528.82,1,tied_agency
15376,20241216,189,5,1192.85,1171.65,2,bancassurance
1250,20230724,21,6,4053.61,4040.64,1,tied_agency
12588,20231122,157,4,1095.79,1414.85,1,bancassurance
13363,20250922,165,2,2079.69,2166.28,2,tied_agency
823,20251229,14,4,2440.54,3086.69,2,tied_agency
12972,20240429,161,6,1827.42,1924.44,1,bancassurance
10157,20240522,126,3,2740.12,3566.07,1,bancassurance
11937,20241203,149,3,2647.28,3807.71,2,bancassurance
10908,20240902,133,2,4332.07,5165.1,1,tied_agency
4123,20230630,52,2,2431.26,2194.57,1,tied_agency
1994,20230809,28,1,2895.41,2664.51,2,bancassurance
12198,20241209,152,6,1943.11,2704.73,2,bancassurance
7295,20251013,88,3,2191.28,3164.91,1,bancassurance
10034,20240508,125,4,2816.02,3823.53,1,bancassurance
8685,20250203,104,5,517.47,717.81,2,bancassurance
1884,20250505,26,6,5174.19,6935.12,1,tied_agency
10832,20250101,132,2,1465.38,1956.61,2,tied_agency
8770,20230208,106,4,1018.15,1309.45,1,tied_agency
3101,20240916,38,5,582.43,656.39,1,bancassurance
5888,20250210,71,1,832.6,1006.12,2,tied_agency
15834,20240910,195,6,3033.08,3152.11,1,bancassurance
2659,20241021,34,4,572.04,721.93,2,tied_agency
13509,20241104,167,2,3469.17,3975.89,2,bancassurance
5092,20240715,63,2,4640.39,6136.17,2,bancassurance
3470,20230328,45,4,2448.76,2389.63,1,tied_agency
15664,20240529,193,5,438.83,597.17,1,bancassurance
8815,20231009,107,1,1529.26,1844.96,2,bancassurance
11509,20251001,141,2,2918.41,3793.16,2,bancassurance
912,20250923,15,3,2664.2,2773.82,2,tied_agency
15244,20231027,187,2,2524.7,2700.66,2,bancassurance
6825,20240827,83,2,2563.2,3386.6,2,bancassurance
5666,20231211,69,5,831.8,814.23,2,tied_agency
11607,20240522,144,1,4366.99,6257.96,1,bancassurance
1895,20250714,9011,3,1410.72,1281.13,2,tied_agency
10972,20230825,134,5,856.55,948.98,2,bancassurance
7173,20240821,86,4,2006.17,2750.52,1,bancassurance
6615,20241223,80,5,479.15,701.92,2,bancassurance
6053,20241118,73,2,4443.34,6517.43,2,tied_agency
3666,20231030,47,6,4931.79,4878.03,1,tied_agency
591,20250519,11,3,542.23,707.06,1,bancassurance
8457,20250603,102,3,1001.93,1293.59,2,bancassurance
4809,20240521,61,5,960.95,919.98,2,bancassurance
10168,20240828,126,6,3770.49,4139.16,2,bancassurance
5860,20240419,71,4,748.98,849.78,2,tied_agency
4599,20241007,58,1,3678.04,4189.86,1,tied_agency
10973,20230817,134,4,2046.24,2109.25,1,bancassurance
9327,20250714,116,4,521.47,693.35,1,bancassurance
9117,20250512,113,2,4850.57,6279.34,2,tied_agency
1043,20240708,18,6,4747.22,4791.69,1,tied_agency
13849,20250317,171,5,423.83,397.55,2,bancassurance
15937,20241022,197,1,4291.5,4649.98,2,tied_agency
7975,20230213,98,5,834.56,897.77,2,bancassurance
11945,20250207,149,1,4394.54,4366.54,2,bancassurance
8734,20251202,104,3,538.31,665.33,1,bancassurance
12157,20230906,152,1,4378.69,5447.92,1,bancassurance
11426,20231215,140,4,1408.95,1415.65,2,bancassurance
5133,20250423,63,1,2756.6,3324.92,2,bancassurance
14073,20240603,176,5,332.52,452.92,2,bancassurance
14055,20231113,176,4,2014.9,2147.96,2,bancassurance
13206,20230804,164,3,2860.56,4204.59,1,tied_agency
7675,20250416,95,3,688.89,861.81,2,bancassurance
2578,20230726,33,3,2507.87,3541.55,2,bancassurance
10711,20250801,130,1,1389.46,2031.83,1,tied_agency
5374,20230821,66,6,4986.76,5409.76,1,bancassurance
10244,20251105,9010,4,995.24,1331.57,1,bancassurance
8462,20250915,102,1,997.22,961.15,2,bancassurance
12575,20230804,157,1,2382.51,2872.67,1,bancassurance
13622,20250630,168,2,1295.29,1761.04,2,tied_agency
5442,20250811,66,4,2904.81,3201.27,1,bancassurance
7800,20241104,96,6,3834.19,5594.93,2,tied_agency
10870,20230508,133,1,2001.24,2837.75,2,tied_agency
4659,20230821,60,4,800.74,861.8,1,tied_agency
13704,20241104,169,6,7589.55,8771.62,1,tied_agency
9304,20241028,116,5,335.72,443.31,1,bancassurance
15771,20250508,194,3,504.55,513.18,2,bancassurance
7209,20250411,9005,3,2834.41,2946.02,1,bancassurance
10435,20250609,128,4,2716.24,3338.8,2,tied_agency
425,20230523,9,2,1546.37,1393.4,2,bancassurance
9653,20230925,123,3,706.36,952.84,2,tied_agency
12877,20251110,160,1,3789.12,4817.55,1,tied_agency
11758,20231031,148,4,813.58,806.42,1,bancassurance
13558,20230802,9008,4,2766.37,3071.01,2,tied_agency
6702,20230913,82,6,5120.69,5020.73,1,bancassurance
2117,20250828,28,4,2272.17,2746.28,1,bancassurance
5865,20240621,71,3,515.18,716.55,2,tied_agency
1688,20250915,24,2,2673.43,3576.75,2,bancassurance
1292,20240129,21,3,1248.0,1622.59,1,tied_agency
7433,20230208,91,1,3160.07,3464.41,2,bancassurance
4263,20251124,52,4,1202.47,1162.23,2,tied_agency
9766,20250530,123,4,1118.08,1249.1,2,tied_agency
14762,20250120,183,1,4347.72,5056.34,1,tied_agency
2220,20240422,29,4,1417.76,2032.36,2,tied_agency
2258,20250114,29,4,1950.39,2244.63,2,tied_agency
15277,20241028,187,2,3053.93,3584.55,2,bancassurance
7669,20241213,95,5,1146.27,1056.48,2,bancassurance
4379,20251014,55,2,939.32,1190.81,2,bancassurance
1633,20240905,24,4,809.61,965.42,2,bancassurance
10634,20240219,9001,6,4287.17,5904.29,2,tied_agency
12265,20240408,153,3,2355.26,2724.59,1,bancassurance
12121,20250807,151,1,2931.92,4293.19,2,bancassurance
8458,20250609,102,5,360.93,356.38,2,bancassurance
6790,20230905,83,4,1462.16,1588.73,1,bancassurance
10777,20230525,132,4,2553.96,2860.47,1,tied_agency
995,20230131,18,1,4145.77,5435.71,2,tied_agency
7612,20230614,94,4,2504.69,3272.27,1,bancassurance
9917,20241028,124,2,3931.85,4683.57,1,bancassurance
6305,20231127,76,4,726.43,884.21,1,tied_agency
8421,20251013,101,3,929.65,1211.51,2,bancassurance
6893,20231113,84,2,1151.7,1219.16,2,bancassurance
15087,20230823,186,4,2271.91,2933.74,2,tied_agency
3865,20240314,49,1,1274.59,1720.79,2,tied_agency
12180,20240620,152,6,1479.66,2114.02,1,bancassurance
846,20230906,15,1,1005.93,1156.99,1,tied_agency
7407,20250422,90,3,525.43,536.27,2,bancassurance
11073,20251103,135,1,2367.78,2958.84,1,tied_agency
14695,20231026,183,5,1018.46,1495.36,2,tied_agency
9125,20250729,113,1,3203.04,2959.2,2,tied_agency
2094,20250407,28,2,4624.75,5082.14,1,bancassurance
11380,20250826,139,4,1655.03,2241.33,2,bancassurance
6185,20230411,75,5,530.72,688.06,1,tied_agency
13553,20230601,168,4,932.02,1123.89,1,tied_agency
1057,20250110,18,3,530.48,587.22,2,tied_agency
4443,20240308,56,4,1091.26,1241.57,2,tied_agency
9239,20241125,115,1,1974.08,2853.19,1,tied_agency
10467,20251117,128,4,1872.61,2759.13,1,tied_agency
4374,20250523,55,3,624.18,928.36,2,bancassurance
129,20230410,4,3,2868.71,3474.98,1,tied_agency
9057,20230612,113,4,1981.8,1862.73,1,tied_agency
7549,20240108,92,1,2608.41,2435.18,2,tied_agency
5461,20230613,67,5,512.6,670.45,1,tied_agency
7244,20240129,88,3,1495.89,1522.44,2,bancassurance
790,20251013,13,1,3621.34,4179.48,1,bancassurance
5723,20250916,9005,2,2548.39,2792.6,2,tied_agency
946,20240709,16,3,1175.82,1624.27,2,tied_agency
7896,20230801,97,1,4031.58,5420.28,2,bancassurance
1163,20250723,19,6,5635.56,8253.33,1,tied_agency
12860,20250303,160,2,4075.84,5786.77,1,tied_agency
2338,20240104,30,5,947.65,866.04,2,tied_agency
3037,20251024,37,1,1583.67,2174.69,2,tied_agency
14836,20230316,184,5,855.84,1280.15,1,bancassurance
6996,20230731,85,6,2058.65,2382.42,1,tied_agency
8804,20250910,106,5,311.94,295.89,2,tied_agency
3709,20250324,47,5,959.07,1344.68,1,tied_agency
13695,20240815,169,3,603.73,551.47,2,tied_agency
10657,20240814,130,4,1527.31,1520.04,2,tied_agency
10912,20241015,133,4,912.57,1176.13,2,tied_agency
11366,20250218,139,3,2878.13,4024.46,2,bancassurance
2717,20240122,35,3,2633.89,2433.42,2,tied_agency
10156,20240513,126,1,2721.96,2561.54,1,bancassurance
8111,20240703,99,1,2352.39,2834.42,2,bancassurance
4585,20240530,58,5,748.76,1049.45,2,tied_agency
14726,20240516,183,4,1582.92,2115.43,2,tied_agency
10399,20241015,128,5,508.38,538.85,1,tied_agency
4075,20250403,51,5,493.45,582.39,1,tied_agency
1388,20250923,21,3,973.39,1153.89,2,tied_agency
13888,20231221,173,3,2062.26,2208.31,1,tied_agency
8373,20241202,101,5,482.75,574.87,2,bancassurance
13085,20230530,162,4,834.94,1038.67,2,bancassurance
9790,20251002,9001,5,352.94,349.74,1,tied_agency
13370,20230109,166,6,7370.64,9550.26,1,tied_agency
15690,20250310,193,6,7277.27,8157.67,2,bancassurance
12985,20240715,161,5,747.51,944.05,1,bancassurance
6992,20230619,85,4,1141.02,1049.86,2,tied_agency
5039,20230915,63,2,1890.16,2614.01,2,bancassurance
1421,20240725,22,5,1198.0,1795.85,2,bancassurance
13644,20230206,169,2,4326.42,4397.28,1,tied_agency
11668,20230921,146,4,587.33,740.83,1,bancassurance
1006,20230523,18,3,1005.53,981.73,1,tied_agency
2637,20240101,34,3,907.25,886.49,1,tied_agency
9861,20231220,124,3,1444.76,1829.37,2,bancassurance
13037,20250516,161,4,1446.32,2104.79,2,bancassurance
8340,20240617,101,3,2462.86,2296.94,1,bancassurance
9697,20240425,123,4,2046.25,2551.84,1,tied_agency
13342,20250109,165,4,2004.88,2453.84,2,tied_agency
3022,20250721,37,1,2508.27,2619.22,2,tied_agency
391,20241204,8,2,2688.18,2925.87,2,bancassurance
3587,20240503,46,2,3741.79,5455.22,2,bancassurance
10409,20250106,128,1,4986.14,5594.43,1,tied_agency
674,20250127,12,3,732.52,955.37,2,bancassurance
942,20240415,16,5,433.66,568.14,2,tied_agency
8974,20231020,111,3,1700.03,2034.87,1,bancassurance
12547,20230419,157,5,717.04,737.95,1,bancassurance
10914,20241118,133,4,2237.97,2417.92,2,tied_agency
11391,20251119,139,2,2801.72,2942.05,2,bancassurance
157,20240422,4,4,2539.37,2846.67,1,tied_agency
4956,20240823,62,2,1107.37,1546.3,2,tied_agency
6975,20230327,85,3,787.47,879.18,1,tied_agency
12102,20241126,151,3,1547.93,1595.75,2,bancassurance
11252,20241125,138,5,544.48,802.04,1,tied_agency
13352,20250414,165,1,1117.95,1539.21,1,tied_agency
6248,20250207,75,2,1371.21,1591.54,2,tied_agency
13873,20230628,173,5,1024.31,1244.4,2,tied_agency
14705,20231204,183,3,2667.69,2719.54,1,tied_agency
12140,20230208,152,2,1167.74,1170.25,1,bancassurance
9272,20230228,116,2,2926.3,3734.99,1,bancassurance
15307,20251119,187,3,1560.56,2236.91,2,bancassurance
13048,20250825,161,1,4623.41,4240.56,2,bancassurance
11440,20240612,140,1,1999.98,2601.38,2,bancassurance
1558,20230816,24,3,2992.12,3961.31,1,bancassurance
4477,20241129,56,5,414.81,455.49,1,tied_agency
2223,20240520,9007,4,1311.58,1680.91,1,tied_agency
13486,20240111,167,4,2092.75,2141.06,2,bancassurance
6828,20240927,83,1,4524.74,6442.88,1,bancassurance
8033,20250221,98,3,2406.02,3036.96,2,bancassurance
16045,20240212,199,4,956.1,1253.0,2,bancassurance
11331,20240115,139,6,1365.45,1402.61,2,bancassurance
4369,20241021,55,5,663.99,794.97,1,bancassurance
9288,20231204,9005,4,1685.32,2209.76,2,bancassurance
2556,20250901,32,6,1679.45,1577.37,1,tied_agency
1060,20250205,18,2,4309.15,5424.19,1,tied_agency
14526,20231213,182,6,5106.89,7535.6,1,tied_agency
11624,20250109,144,1,4682.17,6832.32,1,bancassurance
7893,20230707,97,4,1323.33,1441.44,1,bancassurance
13595,20240614,168,2,4037.85,4909.46,1,tied_agency
8532,20250624,103,4,2965.69,3039.58,2,tied_agency
14989,20250630,184,2,1672.87,2212.31,2,bancassurance
8953,20250811,110,4,1107.34,1581.62,1,bancassurance
10370,20240520,128,6,1597.76,1866.71,1,tied_agency
10855,20251021,132,3,586.16,593.42,1,tied_agency
6512,20241107,79,1,2593.89,2744.73,2,bancassurance
15908,20251208,196,1,3741.44,5537.4,2,tied_agency
4015,20230403,51,2,1698.35,1915.1,1,tied_agency
15396,20250916,9007,6,3998.96,4907.55,1,bancassurance
9302,20240917,116,1,4207.62,5329.77,1,bancassurance
4892,20251020,61,1,4826.01,6018.79,2,bancassurance
1310,20240522,21,5,836.46,1135.08,2,tied_agency
12593,20231214,157,6,6812.78,7737.89,1,bancassurance
12934,20230908,161,2,4542.06,5248.77,1,bancassurance
8006,20240326,98,1,4636.33,5122.09,2,bancassurance
6353,20251020,76,5,903.89,1156.94,2,tied_agency
13480,20231205,167,3,657.01,728.52,2,bancassurance
11287,20251022,138,6,4920.69,7367.01,2,tied_agency
1722,20240401,25,4,860.35,1214.8,2,tied_agency
8666,20241029,104,1,3006.2,2871.09,1,bancassurance
10873,20230721,133,1,3892.12,4705.33,2,tied_agency
2158,20230405,29,6,6153.37,8753.46,1,tied_agency
8976,20231218,111,4,1088.82,1046.08,1,bancassurance
3297,20250818,40,1,3173.55,3202.22,2,tied_agency
13417,20240820,166,5,717.75,923.9,1,tied_agency
15457,20250123,190,5,725.94,813.21,2,tied_agency
14091,20250207,176,4,2217.47,2610.38,1,bancassurance
15781,20250804,9009,5,1182.71,1266.76,2,bancassurance
15185,20250418,186,2,2814.38,3790.15,2,tied_agency
16022,20250721,198,1,3681.61,5161.39,1,bancassurance
10620,20231113,130,2,4876.9,5730.61,2,tied_agency
13797,20250130,170,3,830.87,843.42,1,tied_agency
14486,20230522,182,1,4541.52,6327.79,2,tied_agency
14399,20240115,181,2,2246.5,2528.34,1,tied_agency
14971,20250324,184,5,630.51,826.76,2,bancassurance
5252,20250811,64,6,1671.45,1997.11,2,tied_agency
12830,20240115,160,6,1031.95,1349.1,2,tied_agency
10683,20250120,9009,4,1917.71,2338.68,2,tied_agency
279,20251022,6,2,3287.35,4034.82,1,tied_agency
9946,20250310,9004,3,1723.74,2365.2,1,bancassurance
2415,20230627,32,2,4451.32,5782.03,2,tied_agency
893,20250224,15,3,1480.19,1953.51,2,tied_agency
1723,20240805,9008,2,1292.39,1702.68,2,tied_agency
8832,20241219,107,1,3764.77,4309.09,1,bancassurance
1187,20230712,20,2,3394.26,4902.66,2,tied_agency
5035,20230807,63,2,4374.12,5007.69,1,bancassurance
2013,20231226,9006,1,2649.85,2795.07,2,bancassurance
4649,20230523,60,5,926.01,1158.52,1,tied_agency
14407,20240529,181,1,3285.44,4424.29,1,tied_agency
2771,20250915,35,2,1521.74,2251.93,1,tied_agency
6487,20240209,79,5,459.28,574.11,2,bancassurance
11138,20231213,137,4,1973.06,2360.37,2,bancassurance
11108,20230313,137,3,551.45,534.46,2,bancassurance
7429,20230109,91,6,3801.95,4433.68,1,bancassurance
340,20230504,8,1,833.86,922.37,2,bancassurance
12416,20230421,155,2,1507.1,1601.36,1,tied_agency
9040,20230119,113,3,2827.64,3009.93,1,tied_agency
292,20230726,7,2,2262.98,2502.49,1,tied_agency
6236,20241202,75,4,1943.49,1753.21,1,tied_agency
12526,20251201,156,3,777.64,713.59,2,bancassurance
8009,20240417,98,5,723.44,883.0,1,bancassurance
13830,20230327,171,2,2297.14,2193.52,2,bancassurance
5136,20250415,63,1,4859.4,7036.39,1,bancassurance
2722,20240220,35,2,1384.66,1861.28,1,tied_agency
1446,20230414,23,5,1023.43,1442.94,1,bancassurance
12425,20240208,155,5,697.77,1031.27,2,tied_agency
3393,20240603,43,5,996.88,1279.65,1,tied_agency
12466,20231214,156,1,3222.41,3047.44,2,bancassurance
4962,20241002,62,4,2424.16,2773.32,2,tied_agency
6725,20240418,82,4,1760.45,1704.54,1,bancassurance
7389,20240902,90,6,3421.29,4746.64,2,bancassurance
8569,20230421,104,1,2732.51,3836.2,2,bancassurance
10647,20240501,130,5,610.21,876.07,2,tied_agency
7553,20240206,92,2,3389.49,3812.9,1,tied_agency
11535,20230113,143,5,1123.08,1601.84,2,bancassurance
15486,20230119,191,6,1615.5,2038.18,1,tied_agency
8607,20231120,104,1,2678.76,3358.33,2,bancassurance
11712,20240223,147,5,690.43,830.42,2,tied_agency
5917,20230116,72,3,534.14,770.5,2,bancassurance
14566,20240731,182,2,1964.68,2612.81,1,tied_agency
10382,20240718,128,1,2145.76,3044.02,1,tied_agency
11199,20251126,137,3,1635.25,2260.9,2,bancassurance
10177,20241021,126,4,2336.69,2440.14,2,bancassurance
6946,20250704,84,6,7399.58,8772.04,2,bancassurance
7115,20250707,85,6,1394.62,1781.7,2,tied_agency
13904,20240823,173,1,4269.16,3974.17,1,tied_agency
3793,20250106,48,6,1585.96,2236.68,1,tied_agency
8486,20231031,103,3,2197.76,2670.67,2,tied_agency
11263,20250221,138,5,957.12,1161.59,1,tied_agency
6324,20240611,76,1,1221.75,1263.36,2,tied_agency
16128,20241023,200,4,1787.24,1688.7,2,tied_agency
4661,20230814,60,3,2628.67,3797.85,2,tied_agency
14103,20250610,176,4,2432.75,3009.06,1,bancassurance
9007,20230426,112,3,1154.73,1279.82,2,bancassurance
6265,20251020,75,2,3520.31,5261.06,2,tied_agency
6357,20230127,78,3,2367.88,3278.01,1,tied_agency
3901,20250812,49,1,2949.91,4183.23,2,tied_agency
9047,20230316,113,5,436.26,471.64,1,tied_agency
5921,20230309,72,1,1995.92,2335.81,1,bancassurance
15133,20240508,186,6,2860.72,3651.31,1,tied_agency
10184,20241126,126,2,4519.73,4668.95,1,bancassurance
12445,20230109,156,5,296.82,438.1,2,bancassurance
6968,20230213,85,6,5832.3,7593.1,1,tied_agency
31,20240212,2,3,2256.75,2449.46,2,tied_agency
6595,20240229,80,1,2998.75,4418.35,2,bancassurance
11326,20231109,139,3,2155.03,3006.79,2,bancassurance
6580,20231030,80,4,1252.81,1715.53,1,bancassurance
12580,20231009,157,3,1766.06,2083.14,2,bancassurance
14128,20230215,177,1,1094.71,1133.32,2,tied_agency
5002,20251203,62,1,4972.73,7050.83,1,tied_agency
2898,20230601,37,2,4467.53,6307.34,1,tied_agency
8967,20230522,111,3,1353.68,1559.08,2,bancassurance
7336,20251107,89,2,3541.76,5055.04,2,bancassurance
224,20240304,5,6,2010.46,2367.95,2,bancassurance
9370,20231208,118,6,5730.96,6674.85,2,bancassurance
15998,20240801,198,1,4627.61,4740.65,2,bancassurance
12648,20241118,157,6,5535.82,5709.76,1,bancassurance
14117,20251106,176,6,1351.19,1902.19,2,bancassurance
9520,20230213,122,3,2937.64,3917.88,1,tied_agency
9629,20230411,123,1,3725.41,5208.79,1,tied_agency
14125,20230210,177,2,4481.67,4859.28,1,tied_agency
12200,20250108,152,6,4149.62,4817.4,2,bancassurance
12080,20240219,151,6,7803.35,9228.28,1,bancassurance
9782,20250825,123,6,5688.14,6774.18,2,tied_agency
4455,20240620,56,3,1214.57,1498.9,2,tied_agency
11473,20250908,140,5,979.06,1387.57,2,bancassurance
14343,20241209,180,1,1367.02,1609.01,1,tied_agency
10133,20231205,126,4,1743.06,2309.91,2,bancassurance
1921,20230214,27,3,1569.17,1808.16,2,bancassurance
8777,20230801,106,1,3677.96,3990.27,2,tied_agency
14684,20230822,183,5,992.32,973.83,1,tied_agency
1435,20250922,22,5,377.64,527.14,2,bancassurance
6130,20241016,74,4,691.53,993.47,2,tied_agency
5317,20241030,65,1,1655.91,2453.44,2,tied_agency
6935,20250221,84,1,1713.95,1924.83,1,bancassurance
1012,20230719,18,4,1948.67,2796.52,1,tied_agency
13454,20230130,167,2,4268.92,4847.13,2,bancassurance
10888,20231206,133,4,1568.75,2137.21,1,tied_agency
14037,20230221,176,1,4068.41,4035.97,2,bancassurance
858,20240115,15,6,6936.49,9570.54,2,tied_agency
3103,20241011,38,2,4190.38,4560.04,1,bancassurance
9141,20230206,114,1,1741.49,1620.91,2,tied_agency
16064,20250827,199,1,3114.41,4258.76,2,bancassurance
12346,20231218,154,3,1462.25,2100.63,1,tied_agency
9679,20240129,123,6,6699.49,7158.73,1,tied_agency
15300,20250806,187,6,2506.8,3173.24,1,bancassurance
5094,20240819,63,3,2454.11,3427.58,1,bancassurance
8321,20240401,101,4,1774.62,2531.78,2,bancassurance
475,20250428,9,3,568.63,528.71,1,bancassurance
6148,20250411,74,2,1396.99,1970.53,1,tied_agency
15888,20231120,196,1,2179.0,2227.29,2,tied_agency
12751,20240715,158,2,3725.36,5293.91,2,tied_agency
4047,20240423,51,6,6389.94,9240.81,1,tied_agency
7073,20241127,85,1,1350.69,2016.35,2,tied_agency
99,20240102,3,1,3807.39,5582.25,2,tied_agency
11522,20240315,142,3,2089.19,1948.44,2,bancassurance
5969,20241004,72,6,5507.31,6204.5,2,bancassurance
14533,20240118,182,5,728.09,861.33,2,tied_agency
8642,20240528,104,4,2812.18,3808.46,2,bancassurance
13542,20230106,168,1,4120.12,5465.57,1,tied_agency
7834,20250529,96,3,584.57,766.18,1,tied_agency
8118,20240917,99,5,548.24,542.42,1,bancassurance
953,20241120,16,6,7704.57,7333.45,1,tied_agency
2328,20230516,30,4,2219.5,3207.92,1,tied_agency
10420,20250326,128,4,2052.49,2968.92,2,tied_agency
3577,20240130,46,3,2288.12,2875.99,2,bancassurance
6118,20240502,74,2,3395.89,4993.56,1,tied_agency
4387,20230130,56,4,2039.22,2335.77,2,tied_agency
1950,20250530,27,2,1205.47,1161.75,2,bancassurance
12763,20241216,158,5,724.66,988.52,2,tied_agency
3154,20230811,39,2,4547.14,4195.52,1,bancassurance
3248,20230921,40,6,4600.34,4649.99,2,tied_agency
12442,20251201,155,5,842.18,1203.28,2,tied_agency
6934,20250224,84,6,4338.47,4428.6,2,bancassurance
13541,20230109,168,6,6103.38,8512.73,1,tied_agency
5640,20230123,69,3,1149.52,1681.75,2,tied_agency
8746,20240304,105,5,468.16,467.61,2,bancassurance
6219,20240520,75,2,2505.95,3115.02,1,tied_agency
13772,20240325,170,2,3168.2,4485.0,1,tied_agency
5850,20231206,71,6,1902.29,2202.02,1,tied_agency
14748,20241001,183,1,1299.37,1491.31,2,tied_agency
1355,20250207,9004,6,5948.78,6100.19,2,tied_agency
5763,20231016,70,4,509.82,480.81,1,tied_agency
4218,20250206,52,2,1075.38,977.45,2,tied_agency
2999,20250217,37,2,3063.81,2911.05,1,tied_agency
9544,20240122,122,3,2325.3,2605.1,2,tied_agency
3958,20240513,50,5,997.29,1147.91,2,bancassurance
5182,20230323,9006,4,1370.15,1886.98,1,tied_agency
10623,20231211,130,5,1080.33,1074.73,2,tied_agency
8048,20250903,98,3,2664.42,2579.15,2,bancassurance
3896,20250716,49,5,268.32,369.38,2,tied_agency
1775,20230807,26,5,414.1,594.58,1,tied_agency
6751,20250206,82,3,2603.91,3716.49,2,bancassurance
15709,20230105,194,6,7268.2,10135.11,2,bancassurance
2271,20250324,29,3,2708.39,3310.75,1,tied_agency
10648,20240509,130,1,4994.46,6751.64,2,tied_agency
12042,20230116,151,5,511.63,722.65,1,bancassurance
14453,20250815,181,2,1968.96,2527.63,2,tied_agency
8868,20240514,108,3,2020.0,2531.65,2,bancassurance
10970,20230821,134,6,4923.21,4925.53,1,bancassurance
156,20240423,4,5,1028.29,1253.9,2,tied_agency
6827,20240805,83,2,3459.86,4245.23,1,bancassurance
4886,20250912,61,4,957.7,1022.62,1,bancassurance
10261,20230925,127,1,1844.57,2755.24,2,bancassurance
5851,20231201,9001,6,1333.59,1368.11,2,tied_agency
12965,20240221,161,4,746.22,949.93,1,bancassurance
9350,20230320,118,5,304.65,284.55,1,bancassurance
13952,20230228,174,3,2150.05,2375.73,2,bancassurance
11243,20240828,138,6,4456.47,4061.12,2,tied_agency
4356,20231113,55,6,1113.88,1164.94,2,bancassurance
14676,20230609,183,3,1931.83,2412.89,1,tied_agency
10607,20230906,130,4,2831.4,3789.02,2,tied_agency
11030,20251016,134,1,1919.13,2241.13,1,bancassurance
1030,20240318,18,4,2274.56,2972.82,2,tied_agency
5958,20240617,72,3,1539.89,1773.11,2,bancassurance
14602,20250331,182,4,2879.23,3380.95,1,tied_agency
8319,20240212,101,6,3425.84,3172.93,1,bancassurance
5971,20241218,72,3,1467.98,1952.91,1,bancassurance
9377,20240306,118,1,4115.87,5920.66,1,bancassurance
13436,20250414,166,6,5067.69,7147.85,1,tied_agency
12719,20230421,158,6,3331.74,4902.99,1,tied_agency
146,20231116,4,5,1082.34,1398.99,2,tied_agency
10560,20230113,130,6,2130.83,2686.65,1,tied_agency
2960,20240508,37,2,4574.86,4809.36,1,tied_agency
278,20250912,9005,4,1200.75,1646.85,1,tied_agency
1637,20241002,24,6,2389.25,2422.08,1,bancassurance
13994,20240904,174,2,1779.21,1806.38,2,bancassurance
11667,20230808,146,1,4960.92,4704.38,2,bancassurance
13626,20250808,168,3,944.26,1132.88,2,tied_agency
13020,20250219,161,6,5040.06,4659.08,2,bancassurance
3921,20230207,50,5,304.81,307.66,1,bancassurance
11489,20240527,141,1,1259.49,1639.11,2,bancassurance
9590,20250602,122,5,458.17,496.7,1,tied_agency
5429,20250319,66,5,980.62,1080.45,2,bancassurance
2105,20250616,28,3,1573.84,1626.33,2,bancassurance
949,20240916,16,6,1059.33,996.59,1,tied_agency
12943,20231130,161,1,4190.9,6002.4,2,bancassurance
7886,20230405,97,6,7647.01,8739.44,2,bancassurance
13098,20231218,162,4,1628.1,1687.53,2,bancassurance
15672,20240805,193,3,1389.08,1373.34,1,bancassurance
669,20241216,12,6,4099.38,4616.92,1,bancassurance
7201,20240926,87,5,498.87,593.65,2,bancassurance
4463,20240801,9011,3,1854.4,1702.88,2,tied_agency
15202,20250908,186,4,2685.8,2984.13,2,tied_agency
6568,20230612,80,6,2067.8,2405.23,2,bancassurance
10295,20230127,128,3,1559.08,2293.22,2,tied_agency
2291,20250609,29,2,2099.09,2171.69,1,tied_agency
5475,20231211,67,1,2957.4,4390.51,1,tied_agency
11830,20230227,149,1,3292.39,3975.56,1,bancassurance
1466,20231122,23,1,2215.89,2249.77,1,bancassurance
15450,20240902,190,4,1937.83,2630.81,2,tied_agency
3415,20250313,43,3,2286.9,2324.9,1,tied_agency
15773,20250513,194,3,1875.85,1930.16,2,bancassurance
13296,20230915,165,5,401.89,376.41,1,tied_agency
9093,20240918,113,6,1474.33,1838.58,1,tied_agency
12385,20241202,154,6,4944.03,5697.61,2,tied_agency
13565,20230921,168,3,2442.44,3517.97,1,tied_agency
7059,20240730,85,3,982.14,1242.57,2,tied_agency
15187,20250512,9006,4,1133.05,1443.7,1,tied_agency
4847,20241212,9008,4,1053.23,1027.66,1,bancassurance
2087,20250221,28,3,1713.76,1767.52,1,bancassurance
9934,20250106,124,5,568.02,609.29,1,bancassurance
5283,20230816,65,4,1473.23,1697.07,2,tied_agency
8559,20230210,104,2,1823.38,2310.54,2,bancassurance
3254,20240122,40,1,2071.72,2458.68,1,tied_agency
5327,20250218,65,6,1388.41,1412.91,1,tied_agency
3691,20240819,47,5,664.27,719.87,2,tied_agency
1467,20231206,23,1,4147.08,5798.74,1,bancassurance
10964,20230626,134,3,2228.03,3243.92,1,bancassurance
15728,20230811,9009,2,1080.09,1440.78,2,bancassurance
13781,20240726,170,5,447.72,419.72,1,tied_agency
11336,20240430,139,4,2887.42,3858.51,2,bancassurance
7755,20240325,96,1,4379.13,5813.79,2,tied_agency
6493,20240311,79,3,2696.24,3464.69,2,bancassurance
1477,20240513,23,2,3468.48,4961.25,2,bancassurance
615,20230313,12,2,2751.74,3319.28,2,bancassurance
10472,20251224,128,4,2820.13,3870.87,2,tied_agency
2605,20230113,34,4,2974.41,3805.21,2,tied_agency
427,20230710,9,4,851.61,1147.29,2,bancassurance
1174,20251121,19,6,1952.65,2226.8,2,tied_agency
12643,20241016,157,2,1045.08,1452.59,1,bancassurance
4393,20230302,9002,1,2884.58,4276.13,1,tied_agency
5024,20230512,63,2,3278.97,4818.13,2,bancassurance
14110,20250912,176,1,4637.39,5682.28,2,bancassurance
14447,20250616,181,5,400.84,389.2,1,tied_agency
1857,20241128,26,5,1189.57,1737.33,1,tied_agency
9870,20240212,124,2,4571.72,5151.51,1,bancassurance
13205,20230828,164,6,6423.84,8411.05,2,tied_agency
12958,20240122,161,4,2181.17,3019.61,2,bancassurance
7200,20240603,87,2,2615.7,2721.16,1,bancassurance
12298,20250512,153,2,3205.81,3886.56,2,bancassurance
14222,20230102,179,2,1422.11,2028.56,1,tied_agency
4671,20231208,60,3,1672.05,1746.82,1,tied_agency
6418,20241230,78,2,1090.34,1501.85,2,tied_agency
11279,20250728,138,4,2512.8,2817.94,2,tied_agency
6543,20251006,9004,2,4682.44,4286.56,2,bancassurance
10305,20230306,128,1,4626.27,4473.49,1,tied_agency
1004,20230501,18,1,4540.05,4480.87,2,tied_agency
14717,20240315,183,1,1134.28,1572.57,2,tied_agency
15317,20230202,189,4,1826.34,2193.53,2,bancassurance
5225,20241014,64,2,2817.2,3737.51,2,tied_agency
13734,20230206,170,3,2334.27,2639.34,1,tied_agency
14764,20250129,183,2,1282.45,1438.63,2,tied_agency
8032,20250115,9001,5,993.95,1070.55,2,bancassurance
13056,20250915,161,6,3570.1,5204.84,1,bancassurance
12538,20230329,157,5,1024.95,1379.06,1,bancassurance
13814,20250710,170,2,2657.47,2865.39,2,tied_agency
5138,20250411,63,6,5699.04,7994.44,1,bancassurance
7979,20230317,98,6,6251.86,7139.45,2,bancassurance
11916,20240813,149,3,2231.12,3152.81,1,bancassurance
4199,20241022,52,1,1512.51,1856.43,1,tied_agency
3293,20250723,40,4,754.17,703.14,1,tied_agency
1639,20241104,24,4,2899.25,4319.18,2,bancassurance
9651,20230802,123,3,1683.95,1899.55,1,tied_agency
1349,20250120,21,3,2930.1,3298.78,2,tied_agency
3077,20231108,38,3,2374.16,2194.21,2,bancassurance
2426,20230925,32,4,2532.9,3234.19,2,tied_agency
5876,20241014,71,2,883.46,1276.68,1,tied_agency
10197,20250203,126,1,3119.13,4091.8,2,bancassurance
167,20240709,4,5,684.18,1008.76,2,tied_agency
15190,20250623,186,4,1815.4,2165.38,2,tied_agency
7990,20230919,98,3,2522.8,3572.67,1,bancassurance
5879,20241111,71,6,3299.34,4339.56,2,tied_agency
1825,20240506,26,2,2991.34,3148.99,1,tied_agency
825,20230130,15,5,309.32,363.19,1,tied_agency
245,20230110,6,1,3023.55,3219.61,1,tied_agency
4025,20230824,51,1,4991.06,5088.79,2,tied_agency
13150,20250815,162,5,383.09,505.57,2,bancassurance
14468,20230109,182,5,337.94,496.04,2,tied_agency
13396,20231101,166,4,1075.91,1452.51,2,tied_agency
9998,20230321,125,5,470.13,648.2,1,bancassurance
14252,20240312,179,5,1146.25,1439.04,1,tied_agency
10108,20230626,126,2,4051.61,4919.92,2,bancassurance
1917,20251209,26,5,339.18,461.49,1,tied_agency
10901,20240520,133,2,2863.06,3719.63,2,tied_agency
10581,20230403,130,3,1076.04,1115.1,1,tied_agency
12247,20230814,153,2,2704.18,3424.19,1,bancassurance
14265,20240826,179,3,695.76,977.93,1,tied_agency
9389,20240708,118,2,3686.79,4887.96,1,bancassurance
4247,20250818,52,1,4100.09,4653.91,1,tied_agency
15648,20231101,193,6,7316.06,10543.03,1,bancassurance
9951,20250407,124,3,2348.11,2338.79,2,bancassurance
6494,20240409,79,2,2651.89,3683.06,1,bancassurance
11974,20250919,149,5,739.88,934.94,2,bancassurance
4825,20240902,61,1,2055.13,2958.05,1,bancassurance
8450,20241025,102,6,1164.3,1267.53,2,bancassurance
15175,20250218,186,4,2165.3,3214.68,2,tied_agency
1941,20241105,27,1,4614.06,5134.69,2,bancassurance
4342,20250818,54,4,1515.36,1484.23,1,bancassurance
11749,20230628,148,1,4554.3,6664.14,1,bancassurance
8131,20250428,99,6,1378.59,1246.13,1,bancassurance
14179,20241007,177,3,2381.17,3106.57,2,tied_agency
14627,20250925,182,3,2617.33,3293.94,1,tied_agency
6545,20251022,79,1,2027.27,2068.4,1,bancassurance
1205,20250122,20,5,1022.57,1265.89,1,tied_agency
7933,20241021,97,6,1244.06,1386.11,1,bancassurance
10064,20250404,125,3,739.5,996.19,1,bancassurance
12726,20230725,158,2,4989.31,7456.69,1,tied_agency
14200,20250612,177,2,1414.96,2024.22,1,tied_agency
15337,20231002,189,3,815.06,1037.0,2,bancassurance
2477,20240610,32,5,212.58,233.01,1,tied_agency
12112,20250407,151,2,3398.34,4989.31,2,bancassurance
9037,20251003,112,2,3099.68,4210.5,2,bancassurance
8160,20230424,100,5,860.57,786.95,1,bancassurance
9243,20250130,115,5,279.69,403.7,1,tied_agency
8634,20240422,104,4,2691.62,2676.37,2,bancassurance
3261,20240506,40,1,3393.53,3119.16,2,tied_agency
5688,20240910,69,1,3494.48,3871.91,1,tied_agency
5372,20230704,66,2,2937.55,3009.19,2,bancassurance
8662,20240919,9010,2,2127.11,1958.51,2,bancassurance
13311,20240418,165,1,3751.62,4050.39,2,tied_agency
13003,20241014,161,4,1070.79,1101.37,1,bancassurance
10042,20240703,125,5,840.63,852.67,2,bancassurance
8359,20240909,9011,1,4232.34,5169.76,2,bancassurance
2207,20240222,29,4,876.87,952.86,2,tied_agency
12081,20240321,151,1,4436.8,4749.86,2,bancassurance
11125,20230807,137,1,1866.63,2417.42,2,bancassurance
10503,20240109,129,2,3492.22,4568.42,1,tied_agency
5343,20251023,65,1,2561.27,2465.95,2,tied_agency
7306,20230417,89,6,4855.67,5216.27,1,bancassurance
3797,20250410,48,5,737.23,835.78,1,tied_agency
9192,20230515,115,5,691.81,934.78,1,tied_agency
10640,20240403,9006,2,4244.27,4792.95,2,tied_agency
2957,20240404,37,5,709.7,1036.44,2,tied_agency
12267,20240510,153,4,588.95,746.08,1,bancassurance
1826,20240517,26,5,229.56,209.78,1,tied_agency
1077,20250728,18,5,522.61,569.5,2,tied_agency
9383,20240522,118,6,5470.33,5059.53,2,bancassurance
16092,20231024,200,1,3313.02,3639.64,2,tied_agency
12101,20241126,151,6,6867.18,6647.99,2,bancassurance
7128,20250911,85,3,2371.41,3179.84,1,tied_agency
15378,20250103,189,3,2016.54,2426.58,2,bancassurance
2294,20250703,29,6,1691.88,1857.19,2,tied_agency
12309,20250930,153,4,565.77,631.23,2,bancassurance
9811,20230215,124,2,1081.52,1575.96,1,bancassurance
4909,20230206,62,2,818.25,769.5,1,tied_agency
4627,20250922,58,1,2614.43,3823.81,2,tied_agency
13630,20251031,168,4,1185.27,1356.73,2,tied_agency
11865,20230918,149,4,2106.78,2984.16,2,bancassurance
10352,20240131,128,3,1183.04,1658.39,2,tied_agency
7296,20251006,88,4,1316.63,1249.66,1,bancassurance
7376,20240403,90,2,1895.36,2128.24,1,bancassurance
1461,20230904,23,4,1395.22,1437.08,1,bancassurance
2922,20231017,37,6,1651.53,1622.55,1,tied_agency
491,20251024,9,1,2777.28,3734.2,1,bancassurance
9217,20240321,115,3,2155.73,2370.76,2,tied_agency
8798,20250415,106,5,981.75,1138.18,1,tied_agency
4145,20231026,52,5,663.85,741.52,2,tied_agency
516,20240510,9001,1,2948.66,3746.62,1,tied_agency
4406,20230724,56,3,1861.52,1763.66,1,tied_agency
4811,20240617,61,5,236.41,224.83,1,bancassurance
12245,20230818,153,1,4383.15,4403.29,1,bancassurance
4462,20240704,56,1,1785.88,2476.96,2,tied_agency
10547,20250825,129,6,3545.64,4872.64,1,tied_agency
8117,20240909,99,3,2178.51,2198.73,2,bancassurance
13586,20240423,168,2,1043.04,1367.77,2,tied_agency
15229,20230222,187,4,1113.36,1643.36,1,bancassurance
9843,20230825,124,4,639.6,597.05,2,bancassurance
11185,20250630,137,3,1963.5,2742.68,2,bancassurance
2331,20230703,30,1,2781.73,3973.73,2,tied_agency
10986,20231204,134,1,1064.7,1511.3,2,bancassurance
668,20241230,12,1,4172.36,6150.17,2,bancassurance
13327,20240919,165,4,775.93,740.31,2,tied_agency
11956,20250505,149,1,3382.1,4411.49,2,bancassurance
15163,20241213,186,1,1357.09,1886.25,1,tied_agency
526,20250915,10,4,2905.77,3089.12,2,tied_agency
15364,20240828,189,3,1889.85,1989.38,1,bancassurance
10153,20240510,126,5,396.11,390.26,1,bancassurance
13474,20231030,167,2,2911.0,3159.34,2,bancassurance
15991,20240626,198,5,965.59,910.08,2,bancassurance
13636,20251217,168,4,833.23,1156.48,1,tied_agency
12378,20240916,154,2,1968.43,1835.19,1,tied_agency
2465,20240429,32,5,1180.18,1477.73,1,tied_agency
1504,20250625,23,2,4004.39,5903.5,2,bancassurance
10582,20230526,130,3,2877.67,3583.36,2,tied_agency
9399,20241028,118,2,3010.72,2949.68,1,bancassurance
3366,20230818,43,3,1864.79,2368.06,1,tied_agency
8303,20231127,101,6,7036.85,9696.88,2,bancassurance
3756,20231127,48,5,1072.4,1248.73,2,tied_agency
15370,20241030,189,5,928.82,1060.29,1,bancassurance
10596,20230720,130,5,768.13,1019.48,2,tied_agency
12813,20230707,160,4,1537.38,1585.58,2,tied_agency
15751,20240715,194,6,1411.99,1296.75,1,bancassurance
10269,20240328,127,6,5034.67,6301.53,2,bancassurance
15498,20230612,191,6,2153.14,3117.07,2,tied_agency
11209,20230403,138,4,2096.37,2725.96,2,tied_agency
13028,20250318,161,4,1071.93,1598.46,1,bancassurance
6903,20240202,84,6,5081.4,4734.11,2,bancassurance
13852,20250623,171,4,1598.03,2309.16,1,bancassurance
9674,20240119,123,6,1786.7,2501.24,1,tied_agency
10742,20230309,131,3,602.35,697.51,2,tied_agency
5489,20240429,67,1,3055.64,4396.1,2,tied_agency
2346,20240611,30,3,682.56,879.62,2,tied_agency
6525,20250317,79,3,602.07,554.8,1,bancassurance
5926,20230410,72,1,972.01,941.03,1,bancassurance
10602,20230929,130,2,835.04,1225.78,2,tied_agency
11283,20250922,138,1,4378.57,4011.83,1,tied_agency
7535,20230808,92,2,1867.33,2411.09,1,tied_agency
14767,20250212,183,6,2961.79,4389.21,1,tied_agency
2696,20230523,35,2,3223.48,4351.36,1,tied_agency
8902,20240118,109,1,3151.28,4058.97,2,bancassurance
5164,20251002,63,3,661.03,954.99,2,bancassurance
8681,20250106,104,3,1469.12,1513.67,1,bancassurance
5582,20240325,68,6,2114.48,2795.31,1,tied_agency
1508,20250707,23,3,2013.59,2953.05,2,bancassurance
10268,20240222,127,6,7412.93,9460.08,2,bancassurance
11338,20240419,139,5,411.87,559.94,1,bancassurance
1130,20240904,19,4,1925.88,2105.86,2,tied_agency
7507,20250811,91,5,1135.52,1675.06,2,bancassurance
11223,20231121,138,5,802.54,887.43,1,tied_agency
613,20230309,12,5,412.76,380.56,2,bancassurance
8187,20240429,100,3,2850.21,3316.26,1,bancassurance
97,20231227,3,2,986.21,1210.68,1,tied_agency
8818,20231117,107,2,4106.02,5287.52,1,bancassurance
15755,20240821,194,1,2093.5,2324.9,1,bancassurance
5651,20230509,69,2,2031.11,2407.66,1,tied_agency
12659,20250312,9009,4,913.91,920.54,2,bancassurance
9815,20230329,124,6,6551.53,7664.23,2,bancassurance
11510,20251014,141,1,1836.95,2475.18,1,bancassurance
10557,20251204,129,1,4152.35,4489.48,2,tied_agency
910,20250707,15,5,1186.42,1355.51,2,tied_agency
637,20231113,12,5,790.6,820.55,1,bancassurance
14801,20250812,183,3,770.9,1081.49,2,tied_agency
4605,20250108,58,1,997.72,1248.83,2,tied_agency
2813,20240205,36,6,6556.32,7459.89,1,bancassurance
7274,20241225,88,4,610.25,882.34,1,bancassurance
3722,20251022,47,2,2189.22,2413.46,2,tied_agency
5939,20230922,72,5,923.17,865.04,2,bancassurance
12668,20250403,157,1,3717.43,4119.55,2,bancassurance
4920,20230704,62,1,4575.47,4918.92,2,tied_agency
10823,20240822,132,2,1144.85,1530.35,2,tied_agency
9014,20231201,112,1,1498.32,1678.72,2,bancassurance
11095,20241204,136,5,258.09,250.41,1,tied_agency
11448,20241002,140,3,1847.21,2096.58,2,bancassurance
11383,20250910,139,6,3319.53,4792.88,1,bancassurance
2663,20241209,34,2,2946.62,3199.86,1,tied_agency
8219,20250317,100,6,3121.08,3328.58,2,bancassurance
15169,20250103,186,2,4421.82,5503.61,2,tied_agency
10754,20240910,131,1,4434.17,5570.74,2,tied_agency
2166,20230601,29,2,3468.26,4873.86,2,tied_agency
2545,20250707,32,2,1711.23,1736.18,2,tied_agency
11693,20250923,146,6,4759.77,5891.11,1,bancassurance
8027,20241014,98,3,963.98,1358.75,1,bancassurance
11452,20250103,140,3,1492.61,2171.11,2,bancassurance
2942,20240207,37,6,1505.39,1711.37,2,tied_agency
11635,20250404,144,2,4049.56,4369.96,2,bancassurance
2661,20241111,34,2,3990.99,5353.6,1,tied_agency
7191,20230413,87,2,4316.98,4319.74,1,bancassurance
7683,20251124,95,5,890.99,891.61,2,bancassurance
16056,20241111,199,6,1722.21,1704.89,2,bancassurance
8981,20240701,111,4,1186.47,1115.01,2,bancassurance
5614,20250416,68,3,2056.59,2421.56,1,tied_agency
10853,20250912,132,2,4398.94,5423.34,2,tied_agency
13844,20240712,171,4,914.08,1155.04,1,bancassurance
3842,20230818,49,5,818.74,974.84,1,tied_agency
12033,20250825,150,2,1101.44,1135.22,2,tied_agency
11573,20230327,9001,3,1524.28,1601.66,1,bancassurance
8845,20250815,107,1,3837.79,5670.41,2,bancassurance
12988,20240709,161,3,637.48,687.16,1,bancassurance
10667,20241007,130,1,1193.75,1349.4,1,tied_agency
1116,20240415,19,4,1625.29,2294.46,2,tied_agency
11280,20250814,138,3,677.17,810.25,2,tied_agency
13208,20231019,164,6,3436.12,3198.13,1,tied_agency
12310,20250915,153,6,5057.28,4614.05,2,bancassurance
12380,20241023,154,4,1395.24,2051.0,2,tied_agency
15587,20230210,192,5,1024.52,958.09,1,tied_agency
7168,20240503,86,5,907.28,1043.6,1,bancassurance
291,20230530,7,1,2827.64,3046.1,1,tied_agency
14683,20230807,183,2,1232.72,1145.85,2,tied_agency
7275,20250120,88,4,912.64,1329.73,2,bancassurance
7361,20230801,90,6,1897.22,2280.66,1,bancassurance
13440,20250704,166,5,440.99,452.07,2,tied_agency
2151,20230320,29,4,1402.48,1426.23,2,tied_agency
7982,20230511,98,1,2831.39,3562.24,1,bancassurance
12036,20250929,150,2,2081.54,2804.22,2,tied_agency
11715,20240626,147,4,895.77,885.69,1,tied_agency
4574,20240124,9006,2,815.51,989.37,1,tied_agency
3942,20231213,50,6,3340.19,3779.43,1,bancassurance
4582,20240430,58,3,730.68,1013.58,1,tied_agency
2775,20251222,35,6,3159.46,3942.32,2,tied_agency
14047,20230626,176,1,2578.84,3479.85,2,bancassurance
15506,20230928,191,6,3073.13,4456.96,2,tied_agency
8996,20250915,111,3,1662.38,2363.8,2,bancassurance
12832,20240207,160,4,2808.87,3662.47,2,tied_agency
10661,20240923,130,4,1207.18,1648.77,2,tied_agency
12371,20240724,154,2,1620.72,2234.48,2,tied_agency
6503,20240829,79,6,5069.98,5189.56,2,bancassurance
9824,20230410,124,2,2989.01,3364.98,2,bancassurance
3807,20250707,48,1,2778.45,3525.85,2,tied_agency
5739,20230131,70,5,833.49,906.2,2,tied_agency
8916,20241223,109,4,925.97,1336.2,1,bancassurance
4779,20231123,61,6,4265.81,5228.53,2,bancassurance
1819,20240430,26,1,1125.0,1582.62,1,tied_agency
8389,20250312,101,5,248.44,369.49,2,bancassurance
4230,20250408,9004,1,3243.92,3124.03,1,tied_agency
315,20241125,7,5,1022.61,945.88,2,tied_agency
5313,20240805,65,2,2174.72,2299.71,1,tied_agency
11492,20240701,141,5,317.08,426.8,2,bancassurance
10586,20230621,130,6,3107.95,3060.12,2,tied_agency
2069,20241011,28,1,4715.95,6491.59,1,bancassurance
4346,20251111,9011,6,5556.73,7141.26,2,bancassurance
14389,20231025,181,6,1058.32,1334.35,2,tied_agency
1285,20231204,21,5,1191.92,1275.78,2,tied_agency
4492,20250214,56,3,2221.85,1999.84,1,tied_agency
11688,20250311,146,4,1344.62,1473.63,2,bancassurance
16038,20230726,199,4,2709.75,3298.13,1,bancassurance
7907,20240116,97,6,3896.34,5690.93,2,bancassurance
10297,20230110,128,5,845.53,1178.86,2,tied_agency
4302,20230314,54,2,1568.75,1584.51,2,bancassurance
10417,20250203,128,3,2662.9,2481.51,2,tied_agency
160,20240517,4,6,1359.49,1615.44,2,tied_agency
10339,20231020,128,1,3018.24,3212.15,1,tied_agency
8870,20240603,108,4,2394.5,2898.58,2,bancassurance
15371,20241122,189,2,3012.6,3596.99,1,bancassurance
1437,20251212,22,6,4670.77,5477.87,1,bancassurance
6792,20230925,83,6,5942.55,8556.46,2,bancassurance
7821,20250305,96,3,1749.31,1662.12,1,tied_agency
2884,20230309,37,3,2587.01,2674.3,2,tied_agency
10446,20250701,128,6,5770.35,6909.11,2,tied_agency
5099,20240916,63,3,2417.77,2816.55,1,bancassurance
8210,20241216,100,4,816.99,999.13,2,bancassurance
15201,20250828,186,5,254.78,344.67,1,tied_agency
782,20250818,13,1,2080.09,1923.48,1,bancassurance
1754,20230410,26,1,2710.19,2715.15,1,tied_agency
13649,20230406,169,5,638.33,600.25,2,tied_agency
421,20230404,9011,6,7593.46,8636.48,2,bancassurance
6444,20251024,78,2,4993.62,6055.42,2,tied_agency
572,20240719,11,3,1891.5,1849.96,2,bancassurance
15072,20230320,186,2,4805.11,4978.7,2,tied_agency
11984,20251016,149,4,651.53,641.53,1,bancassurance
2966,20240610,37,4,1679.64,1709.47,2,tied_agency
3642,20251126,46,5,926.25,1309.32,1,bancassurance
8399,20250604,101,6,2628.97,3396.24,2,bancassurance
12678,20250613,157,3,2720.27,3407.25,1,bancassurance
7923,20240705,97,1,4785.64,5897.05,1,bancassurance
8884,20250814,108,4,1045.3,990.67,2,bancassurance
4882,20250825,61,5,339.46,324.71,2,bancassurance
14527,20231222,182,6,2305.33,2264.54,1,tied_agency
11787,20240927,148,6,5350.91,6781.07,1,bancassurance
16060,20250130,199,3,1363.83,1764.46,2,bancassurance
4349,20230505,55,1,3259.38,4769.36,1,bancassurance
4841,20241223,61,4,1480.77,2136.59,1,bancassurance
11559,20241230,143,3,2508.09,2322.54,2,bancassurance
9501,20250131,121,2,1552.08,2114.94,2,tied_agency
5152,20250724,63,4,939.77,1085.02,1,bancassurance
8961,20230118,111,1,3229.08,3586.42,2,bancassurance
14532,20240104,182,2,1093.71,1179.43,1,tied_agency
8682,20250106,104,1,1358.31,1621.27,2,bancassurance
1105,20230904,19,2,2458.21,3237.52,1,tied_agency
2737,20240819,35,4,1783.46,2661.67,1,tied_agency
5289,20231017,65,4,1431.5,1595.04,1,tied_agency
5791,20241127,70,3,2153.53,2552.5,1,tied_agency
15523,20240314,191,2,4363.06,5749.16,1,tied_agency
5505,20241030,67,5,881.73,998.24,2,tied_agency
6481,20240101,79,2,4755.41,5709.22,2,bancassurance
6511,20241107,79,5,833.85,851.62,1,bancassurance
4034,20231201,51,6,6014.53,5574.49,2,tied_agency
5377,20230907,9008,1,4820.71,5521.18,1,bancassurance
5809,20250604,70,2,1596.25,1687.36,2,tied_agency
12417,20230426,155,2,1728.95,2344.72,1,tied_agency
13786,20240821,170,6,6547.04,8171.73,1,tied_agency
9340,20251226,116,1,4869.99,7295.71,1,bancassurance
6829,20240916,83,3,2861.33,3102.61,2,bancassurance
10143,20240313,126,4,2258.66,2773.26,1,bancassurance
13879,20230821,173,6,5680.34,7407.8,2,tied_agency
147,20231106,4,5,208.18,200.79,2,tied_agency
2706,20230823,35,4,1299.08,1193.37,2,tied_agency
16083,20230717,200,5,236.09,251.43,2,tied_agency
9091,20240815,113,2,1661.29,2200.48,2,tied_agency
4065,20250108,51,2,4909.57,5652.77,2,tied_agency
5250,20250801,64,3,1547.08,2068.04,2,tied_agency
2985,20241227,37,6,4022.76,5280.88,1,tied_agency
14026,20251201,174,1,2778.69,3538.16,1,bancassurance
14592,20250102,182,2,3075.85,3041.82,1,tied_agency
14107,20250825,176,5,220.67,230.89,2,bancassurance
15500,20230724,191,4,2263.8,2452.33,2,tied_agency
14158,20240212,177,4,1539.13,1491.97,2,tied_agency
258,20231205,6,5,531.73,719.63,1,tied_agency
1204,20241227,20,1,1655.68,1772.36,1,tied_agency
8409,20250716,9011,1,3900.53,4596.64,2,bancassurance
1173,20251021,9001,4,2238.03,3037.42,1,tied_agency
13183,20250627,163,5,434.9,611.71,2,tied_agency
11767,20240122,148,4,1313.23,1612.24,2,bancassurance
12573,20230807,157,1,2072.86,1918.09,1,bancassurance
11099,20250512,136,5,853.93,937.79,1,tied_agency
5761,20230901,70,5,452.33,425.91,1,tied_agency
3616,20250304,9001,3,2442.3,3060.45,2,bancassurance
459,20240910,9,1,3163.27,3038.62,2,bancassurance
4064,20241230,51,3,1454.59,1349.28,2,tied_agency
13492,20240403,167,4,2568.24,2378.22,2,bancassurance
6603,20240708,80,4,2432.31,2819.94,2,bancassurance
1258,20230807,21,3,2702.27,3010.94,1,tied_agency
10214,20250505,126,1,1189.88,1441.19,2,bancassurance
2391,20250801,31,1,4084.21,4720.97,1,tied_agency
8341,20240619,101,2,3685.29,3416.13,2,bancassurance
11686,20241211,146,1,2762.69,3397.85,1,bancassurance
3,20230104,2,1,2472.19,2506.52,2,tied_agency
15271,20240806,187,6,4133.95,4854.73,1,bancassurance
12160,20230906,152,5,388.12,567.74,2,bancassurance
13063,20251006,161,1,3533.46,4395.1,1,bancassurance
13853,20250616,171,4,2723.41,3787.65,2,bancassurance
10331,20230908,128,4,2904.57,3782.95,2,tied_agency
3986,20250630,50,4,2236.15,2240.4,1,bancassurance
11598,20240108,144,2,4207.28,4948.26,2,bancassurance
13576,20231215,168,5,618.24,672.72,2,tied_agency
11565,20250903,143,1,2371.99,3382.03,1,bancassurance
5454,20230109,67,6,6665.5,9280.44,2,tied_agency
4368,20240916,55,2,2146.59,2643.97,2,bancassurance
7494,20250203,91,4,2982.97,3846.26,2,bancassurance
1668,20250602,24,1,2827.85,3433.74,1,bancassurance
282,20251124,6,2,3460.01,3616.45,1,tied_agency
594,20250818,11,4,1487.78,1928.81,1,bancassurance
11913,20240711,9011,4,1257.97,1586.53,1,bancassurance
9032,20250516,112,2,1739.11,2243.97,2,bancassurance
14837,20230306,9001,4,1248.13,1160.23,1,bancassurance
11887,20240223,149,6,3892.62,3719.37,2,bancassurance
9963,20250722,124,2,4257.02,3957.23,1,bancassurance
7004,20230914,85,4,2465.92,2483.33,1,tied_agency
9495,20240703,121,5,1190.08,1706.47,2,tied_agency
9491,20240529,121,5,578.93,865.34,1,tied_agency
14384,20230802,181,2,2827.35,2864.44,1,tied_agency
3637,20251008,46,1,2586.78,3265.89,1,bancassurance
16027,20251118,198,6,6151.56,6397.76,2,bancassurance
9695,20240426,123,2,1578.55,1560.59,2,tied_agency
14895,20240219,184,1,4841.69,6372.94,2,bancassurance
8040,20250501,98,4,1535.53,2066.05,1,bancassurance
6620,20250203,80,4,1900.46,1867.05,1,bancassurance
4060,20241125,51,2,4931.16,4814.25,2,tied_agency
11119,20230605,137,1,2860.22,3906.79,2,bancassurance
46,20240715,2,3,929.68,1365.3,2,tied_agency
15796,20230417,195,1,2572.31,2835.71,1,bancassurance
15237,20230717,187,5,831.21,1197.47,2,bancassurance
2030,20240417,9010,5,933.05,1314.25,1,bancassurance
3220,20251016,39,3,560.56,560.02,2,bancassurance
6548,20251201,79,5,437.51,647.79,2,bancassurance
4967,20241202,62,3,1109.69,1414.03,2,tied_agency
3831,20230424,49,4,791.95,1149.07,1,tied_agency
14645,20251229,182,1,3682.28,4539.75,1,tied_agency
6225,20240729,75,6,7951.17,9409.67,1,tied_agency
2383,20250219,31,3,1555.05,2016.47,1,tied_agency
7380,20240625,90,5,504.17,599.48,2,bancassurance
3752,20231024,48,3,2151.38,2641.63,1,tied_agency
13776,20240429,170,3,2845.37,3297.46,2,tied_agency
1137,20241227,19,2,2258.73,2136.75,2,tied_agency
9159,20240715,114,5,865.3,1196.8,2,tied_agency
940,20240311,16,6,6892.83,6428.22,1,tied_agency
4049,20240502,51,2,4836.08,5487.25,2,tied_agency
12969,20240430,161,4,2201.51,2982.29,1,bancassurance
4202,20241018,52,2,3402.73,3633.08,1,tied_agency
1223,20230216,21,4,1593.39,2301.37,2,tied_agency
1847,20240910,26,5,582.86,726.16,1,tied_agency
1603,20240527,24,6,1622.82,2345.86,2,bancassurance
7825,20250429,96,2,1724.48,1933.42,1,tied_agency
1131,20240916,19,1,3701.63,3788.78,2,tied_agency
563,20240209,11,2,1022.87,955.32,1,bancassurance
2887,20230403,37,2,2467.32,2857.17,2,tied_agency
10569,20230306,130,5,1056.15,962.68,1,tied_agency
13731,20230217,170,4,1225.58,1420.54,1,tied_agency
15902,20250421,196,5,489.36,544.17,2,tied_agency
11044,20231109,135,3,2156.89,2918.0,2,tied_agency
9859,20231127,124,3,2040.61,2906.04,2,bancassurance
13410,20240520,166,3,2012.66,1989.2,2,tied_agency
9506,20250421,121,1,4342.25,6232.68,2,tied_agency
5154,20250822,9003,1,3673.63,3690.05,1,bancassurance
13412,20240501,166,4,1961.74,1826.51,1,tied_agency
2481,20240729,32,5,376.93,438.9,1,tied_agency
5029,20230629,63,5,1147.89,1419.6,2,bancassurance
13858,20251118,171,6,4226.77,3896.88,1,bancassurance
7634,20250327,94,2,4212.28,4821.88,2,bancassurance
13239,20241104,164,6,4071.44,6021.33,2,tied_agency
8106,20240506,99,3,729.82,779.13,2,bancassurance
4844,20241206,61,4,1660.03,2417.94,1,bancassurance
3411,20250124,43,6,3054.29,3924.49,1,tied_agency
7932,20241002,9008,4,2255.87,2938.76,1,bancassurance
13816,20250820,170,4,1561.03,1667.19,2,tied_agency
15890,20240115,196,5,1078.9,1009.53,2,tied_agency
15900,20250217,196,1,4751.61,4982.37,1,tied_agency
12054,20230518,151,4,1427.94,1494.29,1,bancassurance
10330,20230824,128,1,2688.0,3129.42,2,tied_agency
15549,20241211,191,3,1276.26,1298.98,2,tied_agency
14514,20231010,182,6,2166.75,2225.71,1,tied_agency
11778,20240527,9011,2,2113.7,2152.58,2,bancassurance
2061,20240912,28,1,2851.14,3972.89,1,bancassurance
2062,20240924,28,3,2854.51,3547.3,2,bancassurance
3683,20240513,47,6,6352.48,7471.97,2,tied_agency
8191,20240527,100,6,7736.94,8024.91,1,bancassurance
12633,20240924,157,2,3054.53,4306.05,2,bancassurance
8396,20250512,101,6,3143.63,4223.6,2,bancassurance
7827,20250407,96,4,987.4,1353.04,1,tied_agency
7414,20250605,90,5,261.59,359.38,2,bancassurance
6497,20240514,79,2,3830.79,3725.52,2,bancassurance
4740,20230222,61,4,2973.94,2722.18,1,bancassurance
2367,20230529,31,1,1056.96,1460.11,2,tied_agency
3679,20240422,47,5,603.53,735.82,2,tied_agency
358,20231106,8,1,3490.26,4267.17,2,bancassurance
13831,20230522,171,1,3485.33,3446.3,1,bancassurance
2951,20240314,37,6,4211.23,4520.52,1,tied_agency
2576,20230508,33,6,5015.57,5424.97,2,bancassurance
3409,20241125,43,3,2424.38,3076.21,2,tied_agency
12084,20240319,151,4,1005.78,972.69,2,bancassurance
15377,20250109,9004,3,2636.37,3805.94,2,bancassurance
12162,20231012,152,1,3775.08,3783.67,2,bancassurance
5061,20240108,63,5,245.68,290.02,2,bancassurance
7640,20250818,94,4,505.06,647.04,2,bancassurance
11947,20250306,149,3,792.34,1183.35,2,bancassurance
5832,20230309,71,5,1161.67,1614.34,2,tied_agency
7914,20240318,97,5,647.55,664.86,2,bancassurance
10701,20250623,130,5,228.58,265.91,2,tied_agency
5326,20250127,65,1,3267.91,3551.01,1,tied_agency
13438,20250616,166,6,1216.65,1448.96,1,tied_agency
4521,20250807,9008,4,2437.69,2832.38,1,tied_agency
3288,20250428,40,5,322.64,330.49,2,tied_agency
5292,20231204,65,6,1910.94,2191.79,1,tied_agency
7203,20241025,87,2,1125.94,1365.93,1,bancassurance
14708,20240109,183,6,2629.5,3449.34,1,tied_agency
11325,20231103,139,6,7614.72,10761.62,2,bancassurance
15151,20240910,186,5,224.86,207.06,2,tied_agency
13556,20230703,168,3,2064.76,2652.66,2,tied_agency
13572,20231123,168,4,1077.29,1326.08,2,tied_agency
15811,20231115,195,5,644.44,691.01,1,bancassurance
1713,20230524,25,1,1275.29,1474.84,2,tied_agency
183,20250204,4,1,838.92,1040.91,2,tied_agency
6738,20240807,82,4,966.13,1224.17,1,bancassurance
13356,20250725,165,1,4087.58,4296.93,1,tied_agency
8229,20250619,100,6,7332.78,8068.84,2,bancassurance
3935,20230807,50,2,2057.21,2733.58,2,bancassurance
3750,20230922,48,4,2294.25,3383.03,1,tied_agency
5394,20240327,66,4,1609.41,2182.95,1,bancassurance
1278,20231123,21,5,257.81,329.73,2,tied_agency
3868,20240529,49,6,3400.61,3921.46,2,tied_agency
8226,20250522,100,3,1341.58,1478.55,2,bancassurance
10523,20241120,129,6,1872.61,2081.91,1,tied_agency
5211,20240424,64,4,2184.27,2287.76,1,tied_agency
4504,20250428,56,3,2325.28,2132.2,2,tied_agency
12115,20250512,151,4,2099.77,2743.77,1,bancassurance
15539,20240909,191,2,2145.83,2371.8,2,tied_agency
9707,20240701,123,5,463.09,527.82,2,tied_agency
1391,20250922,21,1,2882.91,4185.91,1,tied_agency
7899,20231002,97,5,442.33,517.5,1,bancassurance
11385,20250915,139,6,5168.24,6170.08,2,bancassurance
11248,20241021,138,5,776.6,1146.66,1,tied_agency
4681,20240506,60,2,2619.16,3197.78,1,tied_agency
11610,20240617,144,2,1749.59,2443.34,1,bancassurance
7,20230320,2,3,2435.92,3344.97,1,tied_agency
4799,20240415,61,1,3850.42,4745.82,1,bancassurance
472,20250213,9,3,1420.88,1674.55,1,bancassurance
6814,20240430,83,2,4028.53,4200.18,1,bancassurance
11126,20230816,137,5,643.76,738.25,1,bancassurance
12653,20250122,157,1,3186.71,3560.7,1,bancassurance
9788,20251013,123,3,2876.53,3293.29,1,tied_agency
5830,20230227,71,2,3830.23,5676.79,1,tied_agency
1804,20240117,26,2,4120.14,5786.58,2,tied_agency
3062,20230614,38,1,3263.54,4418.55,1,bancassurance
10892,20240101,133,1,3732.92,3472.65,2,tied_agency
11933,20241202,149,2,4761.03,6610.39,1,bancassurance
573,20240802,11,3,1665.83,2436.27,1,bancassurance
10028,20240318,125,4,1152.15,1218.68,2,bancassurance
3967,20241025,50,6,2638.25,3015.05,2,bancassurance
5325,20250107,65,4,1362.9,1734.29,1,tied_agency
13100,20231227,9007,5,1025.72,1336.99,1,bancassurance
1934,20240604,27,6,4073.91,5275.29,2,bancassurance
399,20250630,8,1,891.56,836.89,2,bancassurance
928,20230524,16,4,1781.66,2105.1,2,tied_agency
8964,20230322,111,5,645.7,658.06,1,bancassurance
8520,20250113,103,4,2508.18,2786.94,2,tied_agency
11508,20250905,141,2,4036.53,3803.18,1,bancassurance
14933,20240902,9008,5,999.6,1416.84,1,bancassurance
11202,20251222,137,1,3443.15,4056.31,1,bancassurance
13803,20250317,170,2,3354.47,4366.7,1,tied_agency
14162,20240415,177,6,7262.35,8379.79,2,tied_agency
13697,20240821,169,6,1917.73,2560.69,2,tied_agency
10404,20241106,128,2,1854.89,2395.38,1,tied_agency
5972,20250113,9002,1,3697.89,5466.28,2,bancassurance
11808,20250627,148,5,505.46,702.01,2,bancassurance
8508,20240816,103,4,2089.12,2451.45,1,tied_agency
1086,20251103,18,3,813.36,795.57,2,tied_agency
4307,20230628,54,2,3724.78,4902.41,2,bancassurance
623,20230605,12,3,1969.2,2833.55,2,bancassurance
13940,20251111,173,4,708.44,825.69,2,tied_agency
9423,20250508,9009,3,2185.52,2305.89,2,bancassurance
7422,20251022,90,6,2882.26,4200.54,1,bancassurance
14727,20240528,183,3,819.99,839.19,1,tied_agency
1022,20231020,18,4,2382.22,3141.75,1,tied_agency
9274,20230203,116,5,279.33,258.07,1,bancassurance
7895,20230821,97,2,2636.99,2716.51,2,bancassurance
3215,20250717,39,3,1022.88,1508.97,1,bancassurance
8398,20250505,101,1,3967.42,4960.05,2,bancassurance
733,20231225,13,4,2428.06,2830.58,1,bancassurance
15518,20231215,191,4,2047.78,1974.22,1,tied_agency
1364,20250314,21,6,2571.84,2743.54,2,tied_agency
7880,20230208,97,1,3269.56,3862.39,1,bancassurance
14419,20240902,181,2,2450.72,3326.45,2,tied_agency
10129,20231106,126,1,1960.55,2077.56,2,bancassurance
14135,20230505,177,6,3052.64,3029.91,1,tied_agency
4174,20240415,52,1,2013.59,2823.64,1,tied_agency
12515,20250604,156,4,1059.14,1079.58,1,bancassurance
14064,20240314,176,3,580.95,747.56,1,bancassurance
4447,20240321,56,2,1046.55,1407.05,1,tied_agency
11075,20230126,136,2,3726.95,4726.52,1,tied_agency
11706,20230727,147,4,2373.89,3200.74,1,tied_agency
5149,20250606,63,6,3005.47,4495.14,1,bancassurance
4509,20250616,56,3,546.26,704.02,2,tied_agency
3970,20241205,50,1,1582.42,1545.44,2,bancassurance
5215,20240527,64,2,3711.13,3884.78,2,tied_agency
12709,20251215,157,5,368.53,356.11,1,bancassurance
7928,20240806,97,4,1232.2,1212.56,2,bancassurance
6948,20250711,84,1,1968.29,2861.52,2,bancassurance
14601,20250310,182,2,2112.42,2132.09,1,tied_agency
985,20250515,9010,2,3724.44,4588.68,1,tied_agency
13945,20251222,173,5,816.54,1079.46,1,tied_agency
13671,20231215,169,4,1569.66,2002.7,1,tied_agency
5940,20231027,72,1,2982.1,3926.14,1,bancassurance
3998,20251010,50,4,2585.59,3032.57,1,bancassurance
5141,20250520,63,3,1148.85,1284.44,2,bancassurance
3180,20240617,39,1,1738.93,2599.45,1,bancassurance
4826,20240909,61,3,1049.88,957.8,1,bancassurance
3327,20240625,42,3,1260.29,1238.79,1,tied_agency
6102,20230906,74,2,3838.68,3665.7,2,tied_agency
5618,20250521,68,3,2820.24,3633.5,2,tied_agency
299,20231225,7,1,3759.89,3848.14,1,tied_agency
7716,20230719,96,6,3260.38,3920.28,1,tied_agency
13379,20230418,166,2,1657.63,2288.56,1,tied_agency
5863,20240624,71,2,3236.45,3714.55,1,tied_agency
10838,20250418,132,1,3937.36,4838.18,1,tied_agency
5438,20250711,66,6,1334.17,1299.27,2,bancassurance
6300,20231018,76,2,3692.4,5468.88,2,tied_agency
6878,20230403,84,3,2171.67,2654.76,2,bancassurance
532,20230206,11,5,723.1,954.74,2,bancassurance
13800,20250205,170,2,1451.93,1628.88,1,tied_agency
14436,20250306,181,1,1811.51,2436.1,2,tied_agency
3806,20250730,48,3,2331.85,3410.56,1,tied_agency
7528,20230510,92,5,797.98,1029.9,2,tied_agency
6644,20251013,80,2,3333.18,4057.3,2,bancassurance
5403,20240617,66,3,2430.73,3063.01,2,bancassurance
746,20240606,9010,5,897.04,909.48,2,bancassurance
1953,20250924,27,5,450.48,415.55,1,bancassurance
13922,20250401,173,4,1331.55,1823.9,1,tied_agency
8766,20251229,105,1,2179.2,3065.61,1,bancassurance
8143,20250825,99,4,1703.11,2529.41,1,bancassurance
3734,20230329,48,6,5638.65,6723.4,2,tied_agency
12989,20240722,161,4,685.94,784.35,1,bancassurance
5975,20250312,72,2,3137.91,3503.72,2,bancassurance
2242,20240916,29,4,879.45,1242.32,1,tied_agency
14904,20240304,184,3,1280.12,1413.73,1,bancassurance
11762,20231213,148,6,7019.2,7803.31,2,bancassurance
706,20230109,13,2,4387.69,4278.1,2,bancassurance
9171,20250526,114,3,2232.59,2084.07,1,tied_agency
175,20241008,4,6,7336.29,7596.02,1,tied_agency
395,20250227,8,5,248.95,268.69,1,bancassurance
2932,20231130,37,1,2203.06,2227.46,1,tied_agency
7620,20240117,94,5,1079.19,988.0,2,bancassurance
4899,20251110,9006,1,1581.4,2170.4,2,bancassurance
15147,20240902,186,4,689.97,747.63,2,tied_agency
11661,20230524,146,3,2821.07,3849.12,2,bancassurance
15420,20231023,190,6,5586.23,7777.73,2,tied_agency
9220,20240424,9003,4,959.48,1025.11,2,tied_agency
3365,20230821,43,3,2056.37,2984.76,2,tied_agency
12312,20251013,153,4,2664.96,2996.14,2,bancassurance
6682,20230216,82,3,592.03,747.49,1,bancassurance
3134,20251216,38,2,4601.18,6186.52,1,bancassurance
3203,20250331,39,3,2895.01,4187.03,1,bancassurance
2416,20230626,32,4,641.63,617.96,2,tied_agency
10944,20251105,133,5,350.0,476.25,2,tied_agency
14211,20251027,177,6,7664.34,7117.32,2,tied_agency
7560,20240503,92,5,1158.21,1668.15,2,tied_agency
2933,20231206,37,4,1046.04,1385.9,1,tied_agency
8581,20230626,104,5,1187.99,1080.56,1,bancassurance
4299,20230109,54,1,1757.15,1842.88,2,bancassurance
812,20240419,14,5,331.77,428.48,1,tied_agency
8443,20240201,102,6,7408.48,7792.54,1,bancassurance
10608,20230907,130,3,2210.53,3237.73,2,tied_agency
8704,20250508,104,6,7633.27,7330.21,1,bancassurance
12259,20240112,153,1,1256.17,1233.1,1,bancassurance
13531,20250804,167,5,293.57,282.14,1,bancassurance
3504,20240213,45,4,2817.53,3727.06,2,tied_agency
12318,20230130,154,2,4700.31,6956.92,1,tied_agency
12610,20240401,157,6,3242.47,4474.25,2,bancassurance
5457,20230320,67,1,1315.18,1203.7,2,tied_agency
13225,20240527,164,4,1343.99,1858.8,1,tied_agency
3059,20230502,38,5,992.08,972.59,1,bancassurance
14425,20241101,9009,5,647.93,896.52,1,tied_agency
1986,20230703,28,4,1696.75,1651.66,1,bancassurance
11579,20230608,144,5,389.56,478.51,1,bancassurance
12893,20230315,161,2,891.29,1324.76,1,bancassurance
6043,20240722,73,3,2242.39,2420.18,2,tied_agency
9839,20230808,124,6,2920.14,3895.07,2,bancassurance
9661,20231006,123,4,2330.12,2343.09,2,tied_agency
6754,20250320,82,3,2272.62,3126.73,1,bancassurance
12848,20240930,160,1,1832.85,2441.9,1,tied_agency
8024,20240925,98,2,1679.81,1622.69,2,bancassurance
3208,20250512,39,3,673.11,608.05,2,bancassurance
9752,20250303,123,6,2804.93,4147.77,1,tied_agency
11876,20231113,9004,5,575.16,597.12,1,bancassurance
13053,20250814,161,1,3277.92,3421.5,2,bancassurance
3906,20251029,49,6,6557.07,6932.11,2,tied_agency
2540,20250616,9001,4,2513.63,2479.42,2,tied_agency
14830,20230223,184,5,353.07,331.7,2,bancassurance
1101,20230828,19,2,3126.45,3358.91,2,tied_agency
3119,20250527,38,6,7107.14,9487.98,2,bancassurance
8936,20231103,110,4,1150.77,1501.66,1,bancassurance
15145,20240812,186,3,1523.85,1679.4,2,tied_agency
12676,20250515,157,3,860.24,889.48,2,bancassurance
13197,20230417,164,6,4015.81,5161.95,1,tied_agency
8763,20251008,105,6,4788.87,6642.71,2,bancassurance
1082,20250929,18,4,1651.23,1561.8,1,tied_agency
6182,20230321,75,1,1810.3,2515.86,2,tied_agency
9601,20250922,122,3,1193.21,1623.35,2,tied_agency
15067,20230216,186,6,3133.53,3193.98,2,tied_agency
4949,20240426,62,4,766.24,799.29,2,tied_agency
10874,20230706,133,4,2292.43,3134.45,2,tied_agency
5772,20240208,70,6,1185.6,1217.22,2,tied_agency
11309,20230501,139,6,1125.27,1525.48,1,bancassurance
7249,20240205,88,3,2678.16,3911.21,1,bancassurance
1867,20250113,26,1,3616.1,4270.22,1,tied_agency
5012,20230329,63,1,1168.68,1510.92,1,bancassurance
14051,20230911,176,1,1644.91,1956.69,2,bancassurance
15961,20230809,198,6,3121.88,4183.01,2,bancassurance
4266,20251208,52,1,3204.26,3322.69,1,tied_agency
2976,20240923,37,4,2222.49,2721.76,1,tied_agency
1242,20230608,21,4,549.07,642.25,1,tied_agency
173,20240930,4,2,1648.69,2016.59,2,tied_agency
2183,20230912,29,4,849.54,1063.7,2,tied_agency
14957,20241230,184,6,5436.66,5441.0,2,bancassurance
12227,20251120,152,3,501.11,569.18,2,bancassurance
12407,20251003,154,1,3081.51,3958.55,2,tied_agency
6703,20230921,82,1,1241.76,1367.81,2,bancassurance
5451,20230109,67,1,2062.45,2431.65,2,tied_agency
15824,20240523,195,3,2445.53,2929.18,1,bancassurance
10794,20231117,132,6,4648.87,5937.42,2,tied_agency
2161,20230529,29,6,5298.03,4821.23,2,tied_agency
9060,20230731,113,1,3427.59,3813.77,2,tied_agency
6994,20230703,85,5,514.67,546.81,1,tied_agency
2944,20240207,37,6,1096.32,1057.04,2,tied_agency
8185,20240318,100,2,3661.31,4114.29,1,bancassurance
12195,20241118,152,4,740.01,666.63,2,bancassurance
16050,20240731,199,1,2288.23,2184.54,2,bancassurance
5687,20240930,69,1,4028.32,5084.53,2,tied_agency
8786,20240410,106,1,1074.59,1444.54,2,tied_agency
4989,20250623,62,2,2145.13,2472.23,1,tied_agency
5116,20241202,63,1,843.48,1259.24,1,bancassurance
2873,20230105,37,1,2844.96,4247.59,1,tied_agency
5319,20241031,65,5,573.89,608.62,2,tied_agency
10828,20241104,132,1,1682.89,2029.19,2,tied_agency
3617,20250310,46,2,2416.19,3527.34,1,bancassurance
13007,20241119,161,4,1877.29,1971.03,2,bancassurance
15359,20240712,189,5,1173.66,1090.3,2,bancassurance
13616,20250324,168,1,3280.41,3792.28,2,tied_agency
7293,20250915,88,5,555.56,683.85,2,bancassurance
2323,20251223,29,4,2417.62,2204.11,1,tied_agency
317,20241209,7,3,2687.02,2470.28,2,tied_agency
2888,20230414,37,5,1014.42,1245.63,1,tied_agency
13591,20240513,9006,1,1600.01,1865.97,1,tied_agency
9989,20251208,124,3,858.36,1239.14,1,bancassurance
4760,20230703,61,2,4667.28,5270.73,2,bancassurance
7111,20250609,85,5,288.84,260.62,2,tied_agency
10465,20251110,9001,1,2108.84,2351.48,2,tied_agency
2114,20250814,28,1,2150.06,2664.33,1,bancassurance
14841,20230501,9007,5,515.53,756.38,1,bancassurance
14604,20250311,182,1,951.3,948.98,2,tied_agency
8454,20250321,102,3,2117.25,2226.78,2,bancassurance
13672,20231211,169,2,2570.53,3618.17,1,tied_agency
12655,20250226,157,4,1353.58,1290.1,2,bancassurance
1319,20240613,21,1,4189.07,5295.46,1,tied_agency
1462,20231017,23,6,1334.29,1709.06,1,bancassurance
1476,20240506,9001,6,7471.87,10182.99,2,bancassurance
5566,20231030,68,2,2320.86,3429.89,1,tied_agency
14284,20250429,179,3,2390.35,2352.04,1,tied_agency
4744,20230303,61,6,5095.71,6914.12,1,bancassurance
12244,20230829,153,6,5016.12,4917.29,1,bancassurance
6,20230328,2,5,407.16,419.2,1,tied_agency
3110,20241220,38,1,1141.1,1159.36,2,bancassurance
9303,20241023,116,6,7030.02,8232.17,1,bancassurance
2880,20230302,37,4,2424.28,3245.54,2,tied_agency
2686,20251215,9011,6,4795.88,5353.15,1,tied_agency
15348,20240219,189,2,4487.79,5772.55,2,bancassurance
10325,20230713,128,5,455.65,660.17,1,tied_agency
14591,20241209,182,6,6452.09,8916.96,1,tied_agency
3899,20250901,49,4,1316.79,1707.27,2,tied_agency
8096,20240226,99,5,546.33,580.01,2,bancassurance
7062,20240812,85,6,7478.0,9676.82,2,tied_agency
14758,20241211,183,3,2611.31,2427.1,2,tied_agency
15335,20231016,189,4,1922.12,1824.96,2,bancassurance
4094,20230102,52,1,4947.31,5054.08,1,tied_agency
15878,20251212,195,3,1387.37,1893.14,1,bancassurance
2834,20241111,36,1,3611.55,5009.27,2,bancassurance
5955,20240415,72,4,2338.35,2855.75,1,bancassurance
5504,20241011,67,5,812.87,927.3,1,tied_agency
10445,20250723,128,6,2379.2,2448.86,2,tied_agency
5782,20240610,70,3,2253.24,3367.74,2,tied_agency
6413,20241002,78,4,820.99,1062.36,2,tied_agency
2288,20250612,29,5,1052.61,1145.85,2,tied_agency
7291,20250728,88,3,511.1,546.08,1,bancassurance
15512,20231120,191,2,950.72,1152.09,2,tied_agency
10022,20231129,125,4,2614.68,2721.18,2,bancassurance
1831,20240628,26,2,1850.39,1885.04,2,tied_agency
2278,20250423,29,2,3979.32,4399.0,2,tied_agency
8809,20251217,106,6,5057.48,5659.45,1,tied_agency
2324,20251229,29,2,3580.63,3772.4,2,tied_agency
8664,20241028,104,5,746.3,932.47,1,bancassurance
15407,20230313,190,1,3383.06,3060.67,2,tied_agency
6393,20240227,78,6,6899.81,8137.26,2,tied_agency
4153,20231215,52,4,1571.53,1542.71,2,tied_agency
7016,20231120,85,4,2330.69,2847.32,2,tied_agency
1609,20240624,24,4,951.68,1316.79,2,bancassurance
945,20240722,16,6,3476.8,4890.27,2,tied_agency
1448,20230413,23,6,2284.11,2834.97,1,bancassurance
13027,20250314,161,2,4539.9,5439.71,2,bancassurance
1889,20250620,26,2,3652.65,5157.01,2,tied_agency
13302,20231220,165,1,1731.68,1581.65,2,tied_agency
7718,20230727,96,3,2083.72,3032.45,1,tied_agency
13212,20231204,164,6,6976.41,6528.23,1,tied_agency
2924,20231009,37,3,2721.02,2747.06,1,tied_agency
14653,20230220,9007,2,2753.36,2539.37,1,tied_agency
12784,20250707,158,3,2672.07,3910.07,1,tied_agency
12468,20231211,156,3,861.48,822.63,1,bancassurance
2846,20250317,36,3,1089.21,1554.81,2,bancassurance
663,20241125,12,5,400.31,363.97,1,bancassurance
11437,20240531,9006,5,894.53,1253.8,1,bancassurance
9451,20231215,120,3,1797.03,2232.75,1,tied_agency
1733,20250203,25,2,2579.42,2564.15,2,tied_agency
14623,20250701,182,5,673.9,895.03,1,tied_agency
14038,20230320,176,2,2118.93,3101.73,1,bancassurance
11290,20251118,138,2,1881.72,2600.91,1,tied_agency
5988,20250804,72,6,5778.74,5809.8,1,bancassurance
34,20240410,2,4,1634.11,1625.03,2,tied_agency
15601,20240129,192,2,1905.62,2484.23,2,tied_agency
3260,20240405,40,1,1273.38,1453.71,1,tied_agency
3201,20250326,39,6,5118.25,7568.46,2,bancassurance
1604,20240501,24,2,4449.19,4606.96,1,bancassurance
857,20240126,15,1,1296.47,1528.45,1,tied_agency
2554,20250925,9002,4,1114.25,1496.53,2,tied_agency
5324,20250106,65,5,1039.5,1542.41,2,tied_agency
5339,20250829,65,2,3947.11,4275.73,2,tied_agency
16014,20250416,198,5,460.43,665.09,1,bancassurance
13421,20240916,166,1,3587.99,4567.15,1,tied_agency
4616,20250509,58,5,473.85,660.22,1,tied_agency
12029,20250616,150,6,3915.46,4405.38,1,tied_agency
8654,20240821,104,6,4027.66,5057.02,1,bancassurance
6220,20240524,75,5,609.1,696.52,1,tied_agency
1113,20240216,19,1,3576.54,4334.66,2,tied_agency
3039,20251014,37,6,1592.25,1793.45,2,tied_agency
3477,20230517,45,5,851.95,1233.15,1,tied_agency
15909,20230110,197,3,2497.82,3232.72,1,tied_agency
7550,20240119,92,2,4567.02,6231.75,1,tied_agency
12037,20251106,150,5,511.89,673.18,2,tied_agency
10340,20231013,128,5,736.52,843.55,1,tied_agency
2690,20230124,35,5,541.65,693.11,1,tied_agency
13825,20251229,170,6,5317.65,5900.75,2,tied_agency
6945,20250609,84,6,2959.02,2705.14,1,bancassurance
5221,20240822,64,3,2596.93,3880.0,1,tied_agency
3834,20230515,49,6,6753.36,6688.56,2,tied_agency
2734,20240708,35,2,3588.95,4259.96,1,tied_agency
15632,20230509,193,4,1718.6,2244.84,1,bancassurance
2718,20240129,35,4,774.19,768.68,1,tied_agency
3788,20241122,48,2,4272.01,5697.29,1,tied_agency
1975,20230421,28,1,949.52,1143.76,2,bancassurance
1806,20240122,26,5,1173.49,1191.79,2,tied_agency
10288,20250919,127,4,807.45,758.6,1,bancassurance
7700,20230327,96,4,2443.31,2274.59,2,tied_agency
5485,20240304,67,3,2811.34,2714.7,2,tied_agency
435,20231011,9,3,1152.82,1109.98,1,bancassurance
7562,20240618,92,1,4347.92,6190.41,1,tied_agency
12400,20250616,154,6,5091.86,6663.77,2,tied_agency
1893,20250715,26,1,2079.33,2789.86,2,tied_agency
9643,20230726,123,4,1338.56,1421.36,1,tied_agency
7912,20240325,97,2,2178.48,3039.08,1,bancassurance
763,20241224,13,5,825.33,831.39,2,bancassurance
13425,20241122,166,5,682.15,624.63,1,tied_agency
5191,20230629,64,2,4625.26,6319.57,2,tied_agency
13534,20250908,167,4,2075.42,2823.93,1,bancassurance
10246,20251231,126,4,2255.81,2160.76,2,bancassurance
6967,20230202,85,1,3916.72,4740.47,1,tied_agency
7031,20240123,85,1,3458.57,3395.66,1,tied_agency
10842,20250526,132,5,701.82,850.48,1,tied_agency
283,20251222,6,4,2472.69,2335.16,2,tied_agency
5406,20240730,66,3,520.27,531.92,2,bancassurance
14350,20250529,180,3,1602.99,1802.21,2,tied_agency
4048,20240422,51,2,3541.0,4277.54,2,tied_agency
6528,20250422,79,2,2618.01,3716.64,2,bancassurance
4726,20250822,60,4,740.45,1048.67,1,tied_agency
1982,20230626,28,1,3272.19,3390.89,1,bancassurance
8840,20250429,107,3,1280.14,1825.1,1,bancassurance
515,20240409,10,4,2154.16,2795.0,1,tied_agency
8312,20240101,101,4,638.79,944.58,1,bancassurance
7156,20230919,86,4,2481.89,2795.11,1,bancassurance
2449,20240108,9003,4,1890.81,2834.37,2,tied_agency
2982,20241107,37,6,2255.74,3149.84,1,tied_agency
11576,20230524,144,5,891.9,1210.45,2,bancassurance
4897,20251105,9004,3,2212.04,2348.25,1,bancassurance
11821,20251215,148,2,4510.95,6014.72,1,bancassurance
9269,20251229,115,2,4963.87,4954.24,2,tied_agency
2725,20240304,35,4,1893.2,2183.53,1,tied_agency
10982,20231123,134,1,2553.71,2514.81,2,bancassurance
14327,20240109,180,4,951.41,1147.45,2,tied_agency
14688,20230825,183,3,1774.4,1755.1,1,tied_agency
13152,20250910,162,3,2806.87,3007.19,1,bancassurance
7946,20250203,97,4,1200.24,1106.95,2,bancassurance
3952,20240304,9011,3,607.13,682.4,1,bancassurance
9704,20240516,123,4,2359.68,3407.51,1,tied_agency
100,20240618,3,3,1788.46,2671.02,2,tied_agency
3803,20250606,48,6,7511.13,10404.4,1,tied_agency
1961,20230213,28,2,3195.55,3784.3,2,bancassurance
13995,20240909,174,1,3384.63,5003.6,1,bancassurance
7696,20230321,96,4,555.1,545.25,1,tied_agency
8056,20251215,9005,4,1508.29,2177.69,1,bancassurance
12913,20230621,161,5,540.85,536.33,2,bancassurance
9250,20250421,115,6,4194.67,4948.99,2,tied_agency
5648,20230410,69,2,1834.35,2679.16,2,tied_agency
8278,20230605,101,4,2514.18,3117.75,2,bancassurance
5922,20230309,72,2,1386.55,1354.35,2,bancassurance
188,20250313,4,2,3366.01,4319.38,2,tied_agency
2318,20251124,29,6,5166.61,5942.35,2,tied_agency
2621,20230731,34,3,2453.99,3051.21,1,tied_agency
12506,20250317,156,1,3092.71,2986.03,1,bancassurance
10124,20231009,126,2,2675.17,3070.66,1,bancassurance
15381,20250224,189,1,4463.16,6684.35,1,bancassurance
6359,20230127,9009,3,595.35,812.45,1,tied_agency
13899,20240621,173,4,1762.09,2382.42,2,tied_agency
12345,20231106,9004,1,2323.52,2413.06,2,tied_agency
12951,20231218,161,1,2247.58,2273.16,1,bancassurance
4147,20231108,52,2,1210.35,1320.29,1,tied_agency
13006,20241128,161,2,1626.5,2367.52,2,bancassurance
2499,20241104,32,4,970.6,1435.04,2,tied_agency
2730,20240506,35,1,3150.6,3274.57,2,tied_agency
5790,20241125,70,1,4357.21,4524.81,1,tied_agency
9664,20231120,123,6,4178.74,5757.93,1,tied_agency
4189,20240808,52,6,5225.36,7017.12,1,tied_agency
5948,20231225,72,2,4631.93,5231.47,1,bancassurance
15495,20230411,191,2,3098.14,3872.91,1,tied_agency
5785,20240815,70,4,2681.78,3740.69,1,tied_agency
4327,20241118,54,4,2311.7,2235.39,1,bancassurance
15415,20230814,190,3,1919.62,1902.74,1,tied_agency
10265,20240101,127,4,1727.28,1712.43,1,bancassurance
13175,20241015,9002,4,2083.82,3121.14,1,tied_agency
8068,20230522,99,2,1761.06,2475.65,2,bancassurance
7811,20250116,96,5,615.62,897.95,1,tied_agency
3395,20240708,43,6,4461.74,5511.58,1,tied_agency
14309,20251111,179,4,1797.88,2127.71,2,tied_agency
15905,20250711,196,5,314.38,286.9,1,tied_agency
78,20250818,2,4,2423.6,3312.76,2,tied_agency
7145,20251231,85,1,3808.46,4967.09,2,tied_agency
12100,20241104,151,2,1918.07,2394.84,2,bancassurance
15346,20240206,189,6,6474.55,7886.59,1,bancassurance
6014,20230718,73,1,2206.78,2425.54,1,tied_agency
11885,20240105,149,2,4539.11,5613.04,1,bancassurance
2261,20250224,29,2,1499.13,1911.84,1,tied_agency
3966,20240916,50,5,693.42,852.23,2,bancassurance
6772,20230103,83,3,775.4,701.04,1,bancassurance
14470,20230220,182,4,922.22,1314.55,1,tied_agency
6597,20240408,80,1,1253.71,1761.13,1,bancassurance
229,20240731,5,2,4451.79,4895.98,1,bancassurance
377,20240708,8,1,3122.98,2825.61,2,bancassurance
15778,20250709,194,2,4866.32,6848.92,1,bancassurance
11354,20241030,139,2,3632.94,4861.83,1,bancassurance
1393,20251027,21,6,3631.38,4140.45,1,tied_agency
10448,20250825,128,2,3213.77,3702.01,2,tied_agency
8614,20231218,104,4,2243.4,2656.38,2,bancassurance
3296,20250723,40,2,4164.31,4185.08,1,tied_agency
13953,20230327,174,2,3381.2,3428.39,2,bancassurance
4242,20250724,52,6,4691.04,4762.64,1,tied_agency
11807,20250512,148,1,2091.81,2162.84,2,bancassurance
1601,20240403,24,4,564.77,712.83,2,bancassurance
13344,20250217,165,4,2624.0,3826.25,1,tied_agency
8132,20250408,99,4,669.02,644.95,1,bancassurance
14053,20231129,176,6,5825.15,7618.29,2,bancassurance
5510,20250211,67,1,2741.96,2755.92,1,tied_agency
15700,20250702,193,1,4845.35,5622.22,2,bancassurance
12754,20240819,9001,1,4217.14,3989.24,1,tied_agency
10415,20250212,128,5,240.74,223.83,2,tied_agency
10588,20230607,130,5,1080.51,1371.1,2,tied_agency
589,20250409,11,1,1107.64,1115.17,1,bancassurance
14297,20250811,179,3,583.31,832.27,2,tied_agency
748,20240709,13,5,355.03,382.51,2,bancassurance
15772,20250514,194,6,4574.01,6244.04,1,bancassurance
6442,20251009,78,6,7766.36,7140.99,2,tied_agency
13337,20241202,165,6,7859.98,9937.69,2,tied_agency
3194,20241223,39,5,729.21,1092.76,2,bancassurance
13758,20231002,170,2,1207.4,1704.42,2,tied_agency
15140,20240624,186,4,2372.21,2847.04,2,tied_agency
13915,20250109,173,4,1560.3,1467.52,1,tied_agency
1561,20230925,24,6,6150.08,8941.57,1,bancassurance
10807,20240304,132,6,2946.15,3568.68,2,tied_agency
11435,20240415,140,1,2509.87,3077.31,2,bancassurance
3424,20250815,43,6,5170.29,5109.54,2,tied_agency
4388,20230125,56,5,533.21,633.55,2,tied_agency
14569,20240812,182,6,2109.47,2877.36,1,tied_agency
6354,20251103,76,3,1398.28,1546.87,1,tied_agency
13650,20230403,169,4,1724.17,2335.59,2,tied_agency
1215,20230123,21,2,2431.71,2775.65,1,tied_agency
1507,20250722,23,6,5945.91,5452.12,1,bancassurance
8598,20230904,104,6,3959.22,5753.95,2,bancassurance
10032,20240419,125,4,1316.54,1591.8,2,bancassurance
13413,20240506,166,3,1638.31,1670.2,2,tied_agency
13942,20251125,173,2,1440.86,1913.46,2,tied_agency
10406,20241209,128,6,3915.72,5107.05,2,tied_agency
10512,20240412,129,6,2790.29,2682.04,2,tied_agency
2950,20240326,37,1,2619.83,2607.16,1,tied_agency
14066,20240401,176,5,206.68,207.79,1,bancassurance
12448,20230215,156,3,520.8,596.08,1,bancassurance
3904,20250903,49,5,1009.07,1264.68,2,tied_agency
3376,20240221,43,4,519.2,475.0,2,tied_agency
14831,20230227,184,6,4779.12,6665.8,1,bancassurance
1251,20230710,21,4,1359.62,1413.0,2,tied_agency
9689,20240326,123,1,3592.13,3287.78,1,tied_agency
7826,20250422,96,6,4827.57,5956.37,1,tied_agency
10437,20250603,128,2,1643.21,2127.89,1,tied_agency
15254,20240101,187,3,2640.61,2505.45,2,bancassurance
11033,20251216,134,4,986.48,964.88,1,bancassurance
8975,20231009,111,1,1425.99,1821.66,2,bancassurance
907,20250623,15,5,777.93,791.47,2,tied_agency
8839,20250324,107,5,433.71,409.52,1,bancassurance
12948,20231129,161,5,590.14,610.96,1,bancassurance
4084,20250807,51,6,5971.8,7141.28,1,tied_agency
14024,20251027,174,1,2327.36,2505.03,2,bancassurance
5095,20240805,63,3,1755.2,2475.05,2,bancassurance
15590,20230324,192,6,1435.14,1612.45,2,tied_agency
8246,20230125,101,1,3000.32,3054.34,2,bancassurance
407,20250801,8,6,7958.61,9758.8,2,bancassurance
5342,20250922,9004,3,881.75,1014.18,1,tied_agency
11566,20251020,143,5,968.25,1151.13,1,bancassurance
11167,20241125,137,5,1101.54,1167.29,2,bancassurance
14674,20230626,183,2,1896.35,2532.89,1,tied_agency
2458,20240306,32,5,636.18,936.39,1,tied_agency
7442,20230626,91,4,2148.38,2353.74,2,bancassurance
6283,20230508,76,1,2773.71,3351.0,1,tied_agency
6452,20251204,78,4,1934.52,1970.12,1,tied_agency
9619,20230206,123,3,583.87,726.42,1,tied_agency
14790,20250612,183,6,7477.33,6763.91,2,tied_agency
8488,20231127,103,4,823.7,1055.8,2,tied_agency
1947,20250417,27,6,2262.62,2998.2,2,bancassurance
14652,20230111,183,2,1806.71,1855.74,2,tied_agency
11165,20241029,137,1,3087.89,3131.93,1,bancassurance
13114,20240612,162,4,1546.64,1717.07,2,bancassurance
9178,20230116,115,3,1019.6,1088.83,1,tied_agency
5248,20250707,64,1,1139.33,1683.96,2,tied_agency
8554,20230116,104,3,1634.0,2151.38,2,bancassurance
8762,20250908,105,2,863.47,1001.49,1,bancassurance
8383,20250210,101,4,1145.73,1667.06,2,bancassurance
10493,20230912,129,2,1595.23,1684.32,2,tied_agency
14639,20251112,182,5,832.32,1156.0,1,tied_agency
10267,20240226,127,2,4946.0,4808.97,1,bancassurance
10349,20231229,128,6,7831.45,10078.48,2,tied_agency
8417,20250922,101,2,2495.81,3036.01,1,bancassurance
3555,20230123,46,4,2251.06,2253.2,1,bancassurance
12654,20250121,157,4,1384.0,1873.69,1,bancassurance
12537,20230210,157,1,3608.15,3640.44,1,bancassurance
5150,20250731,63,6,5586.94,7433.05,2,bancassurance
12756,20240927,158,2,1667.76,2102.46,1,tied_agency
2915,20230918,37,2,2788.41,3435.74,2,tied_agency
9376,20240226,118,2,4357.19,4693.75,1,bancassurance
5709,20250530,69,3,893.47,968.81,1,tied_agency
7269,20241104,88,6,4121.12,4474.33,1,bancassurance
12009,20240304,150,5,672.13,1003.73,1,tied_agency
6987,20230508,85,1,2095.55,3102.65,2,tied_agency
4722,20250714,60,3,1031.26,1336.11,2,tied_agency
14932,20240923,184,4,505.75,645.44,1,bancassurance
717,20230605,13,1,2997.93,4062.12,2,bancassurance
13680,20240213,169,1,3774.88,4305.26,1,tied_agency
1627,20240807,24,3,1247.94,1342.94,1,bancassurance
14642,20251229,182,4,2849.18,2976.98,1,tied_agency
256,20230925,6,1,4838.17,6058.46,2,tied_agency
9131,20250929,113,6,1397.51,1858.23,2,tied_agency
13737,20230306,170,2,2544.36,3059.64,2,tied_agency
15243,20231003,187,2,1837.03,2116.32,2,bancassurance
3071,20230904,38,3,1476.47,2112.42,1,bancassurance
9628,20230427,123,2,1828.8,1850.56,2,tied_agency
9344,20230220,118,1,3807.99,3993.34,2,bancassurance
8530,20250502,103,3,1068.26,1536.68,2,tied_agency
15969,20231024,198,1,4986.55,7330.44,2,bancassurance
8485,20231019,103,2,4057.97,6026.73,2,tied_agency
2594,20250327,33,6,2997.82,3465.22,2,bancassurance
2127,20251111,28,5,915.08,1083.75,2,bancassurance
10773,20230410,132,5,525.19,734.45,1,tied_agency
7467,20240415,91,5,742.24,867.38,2,bancassurance
5045,20231009,63,6,3127.5,4578.18,2,bancassurance
1851,20241003,26,3,1292.97,1431.96,2,tied_agency
2378,20240719,31,4,1732.0,2422.47,1,tied_agency
9684,20240227,123,5,527.73,524.92,2,tied_agency
3010,20250521,37,6,1806.1,2616.24,2,tied_agency
15463,20250327,9010,2,1973.07,2137.87,2,tied_agency
9161,20241003,114,4,2086.2,2081.06,2,tied_agency
8083,20231121,99,3,2255.34,2532.01,2,bancassurance
2735,20240718,35,2,2429.0,3109.21,1,tied_agency
12455,20230620,156,1,3254.78,4522.43,1,bancassurance
10851,20250814,9007,2,3201.94,3419.21,2,tied_agency
14926,20240826,184,5,701.91,852.18,1,bancassurance
4175,20240429,52,1,2374.15,3475.75,2,tied_agency
5387,20240126,66,5,1149.09,1226.22,1,bancassurance
11414,20230810,140,5,961.92,933.66,2,bancassurance
10756,20241104,131,5,1131.96,1407.86,2,tied_agency
840,20230616,15,5,965.4,875.93,2,tied_agency
1951,20250624,27,2,4921.58,6817.04,1,bancassurance
5259,20251103,64,3,2503.84,2440.3,1,tied_agency
5490,20240501,67,3,1455.0,1426.99,1,tied_agency
9956,20250516,124,5,418.79,430.85,2,bancassurance
5880,20241125,71,5,1079.28,1000.62,2,tied_agency
11946,20250326,149,4,1912.4,2759.8,2,bancassurance
2564,20251201,32,4,742.67,685.95,2,tied_agency
10882,20231009,133,4,2035.06,2976.79,1,tied_agency
11759,20231128,148,5,263.01,326.56,2,bancassurance
15367,20241025,189,3,1695.33,2043.78,2,bancassurance
50,20240923,2,3,1377.75,2032.09,1,tied_agency
1845,20240916,26,2,1627.92,2249.19,1,tied_agency
13756,20231013,170,1,4382.44,6104.1,2,tied_agency
14058,20240131,176,4,785.17,1037.35,2,bancassurance
4261,20251114,52,4,2630.44,3464.02,1,tied_agency
9496,20240829,121,1,1251.14,1187.68,1,tied_agency
7147,20230126,86,4,2192.18,2851.08,2,bancassurance
9920,20241017,124,2,4492.6,4866.12,2,bancassurance
4253,20250923,52,5,211.44,192.0,2,tied_agency
11490,20240527,141,6,1311.05,1524.9,2,bancassurance
5443,20250922,66,3,1175.91,1740.16,2,bancassurance
14515,20231030,182,2,1336.74,1821.13,1,tied_agency
8610,20231113,104,5,470.48,695.91,1,bancassurance
1718,20231208,25,5,976.59,1354.31,1,tied_agency
7081,20241226,85,3,1562.56,1609.81,1,tied_agency
925,20230303,16,5,278.23,398.97,1,tied_agency
10292,20251106,127,2,3893.55,4219.25,2,bancassurance
1876,20250312,26,5,533.74,621.7,1,tied_agency
15209,20251027,186,5,343.19,509.78,2,tied_agency
5200,20231120,64,5,861.48,949.87,1,tied_agency
6846,20250313,83,1,4180.12,4500.05,1,bancassurance
3433,20251201,43,1,2445.97,3400.26,1,tied_agency
2010,20231204,28,4,543.17,491.74,2,bancassurance
16150,20250707,200,5,251.72,309.04,1,tied_agency
230,20241030,5,1,3936.89,5325.03,1,bancassurance
38,20240520,2,4,777.22,1015.77,2,tied_agency
12961,20240212,161,4,515.55,625.78,2,bancassurance
3905,20250919,49,2,1681.58,1913.02,2,tied_agency
7245,20240115,88,2,4883.63,5613.06,1,bancassurance
3732,20230228,48,6,5954.92,5862.74,2,tied_agency
11313,20230601,139,4,1285.16,1398.39,1,bancassurance
3113,20250321,38,4,1519.48,1529.07,1,bancassurance
4337,20250522,54,5,526.25,772.49,1,bancassurance
11540,20230823,143,2,1415.0,1578.77,2,bancassurance
4508,20250630,56,6,3082.58,2873.54,2,tied_agency
4148,20231103,52,2,4532.4,4885.49,2,tied_agency
7455,20231225,91,3,1481.22,2148.66,1,bancassurance
4286,20241014,53,6,7605.25,7640.45,2,tied_agency
13383,20230612,166,1,4432.96,6582.1,1,tied_agency
15588,20230214,192,4,738.43,748.36,1,tied_agency
4427,20231211,56,4,750.65,826.59,2,tied_agency
16071,20230102,200,5,749.51,826.04,1,tied_agency
3120,20250519,38,4,2807.73,4181.24,1,bancassurance
1571,20231127,24,4,2876.0,3325.42,1,bancassurance
4917,20230414,62,1,3161.62,3548.23,2,tied_agency
7873,20251211,96,1,4054.06,5504.61,1,tied_agency
6713,20231228,82,4,1627.82,1698.23,2,bancassurance
3566,20230602,46,6,6277.95,6262.31,1,bancassurance
12758,20241028,158,1,1479.23,2093.19,1,tied_agency
2525,20250313,32,4,1001.62,1288.57,2,tied_agency
5525,20250901,67,5,503.46,492.25,2,tied_agency
9297,20240603,116,6,6233.31,6734.37,2,bancassurance
3136,20230123,39,5,736.24,743.19,1,bancassurance
7436,20230320,91,6,5983.69,7362.02,1,bancassurance
9975,20250908,124,3,970.19,1052.87,2,bancassurance
10279,20241016,127,1,4225.72,5058.22,2,bancassurance
3216,20250704,39,2,3771.78,5222.55,1,bancassurance
8914,20241108,109,3,1172.56,1727.5,2,bancassurance
12697,20251001,157,4,2508.93,3271.2,2,bancassurance
12545,20230410,157,5,1046.65,1440.58,2,bancassurance
9101,20241118,113,4,2613.08,2584.61,1,tied_agency
10005,20230515,125,1,1447.77,1435.8,1,bancassurance
485,20250829,9,2,1429.7,1943.37,1,bancassurance
14872,20231023,184,3,2660.35,3399.91,2,bancassurance
1323,20240710,21,2,1873.33,1786.74,2,tied_agency
10205,20250324,126,6,4076.75,5729.13,1,bancassurance
3453,20241113,44,5,925.62,1146.62,1,bancassurance
9564,20240826,122,3,2159.48,2743.19,1,tied_agency
6205,20231114,75,6,2456.83,3564.82,2,tied_agency
9359,20230823,118,4,2896.53,2852.46,1,bancassurance
6233,20240913,75,6,7044.37,9772.26,2,tied_agency
11463,20250610,140,5,921.63,1199.87,2,bancassurance
7448,20230811,91,5,324.51,457.53,1,bancassurance
1605,20240531,24,4,2948.71,3047.01,1,bancassurance
15504,20230830,191,1,2313.51,3183.52,2,tied_agency
12612,20240415,157,3,2073.67,2850.57,1,bancassurance
5033,20230719,63,6,1252.9,1334.52,1,bancassurance
1317,20240603,21,1,3564.67,4345.75,2,tied_agency
7087,20250131,85,3,1823.05,1848.16,2,tied_agency
8178,20240115,100,3,2623.14,2757.32,2,bancassurance
6483,20240108,79,3,1178.85,1411.92,2,bancassurance
13991,20240819,174,1,4448.22,5478.44,2,bancassurance
15216,20251125,186,6,1260.74,1187.62,1,tied_agency
13954,20230317,174,5,645.57,649.3,1,bancassurance
12463,20230904,156,2,4175.87,5449.38,2,bancassurance
10327,20230724,128,5,1108.7,1516.69,2,tied_agency
10036,20240620,125,5,874.66,1272.52,2,bancassurance
3356,20230525,43,2,2313.33,3409.13,2,tied_agency
8110,20240701,99,2,945.68,1188.11,2,bancassurance
12297,20250417,153,3,2890.87,4261.95,1,bancassurance
14797,20250819,183,6,7729.53,7492.92,2,tied_agency
11650,20251013,144,1,4643.58,4983.46,1,bancassurance
4592,20240716,58,1,3433.9,4007.71,2,tied_agency
13499,20240611,167,4,2139.96,2104.95,2,bancassurance
15845,20241205,195,5,280.45,358.98,2,bancassurance
4136,20230911,52,3,1681.15,2069.64,1,tied_agency
15993,20240712,198,2,1109.38,1331.55,2,bancassurance
16039,20230718,199,5,810.92,1038.74,1,bancassurance
14400,20240129,181,2,1949.45,2847.91,1,tied_agency
6613,20241104,80,5,816.6,899.06,2,bancassurance
4401,20230503,56,6,6858.58,7874.5,1,tied_agency
11348,20240912,139,4,2681.25,3185.19,1,bancassurance
6003,20230124,73,3,1758.29,1762.77,1,tied_agency
7984,20230626,98,2,1638.76,2118.12,1,bancassurance
354,20230914,8,2,2424.72,3402.81,2,bancassurance
5639,20230127,69,2,2696.76,3218.14,2,tied_agency
12491,20240920,156,3,2606.97,2503.07,1,bancassurance
6242,20241225,75,4,2383.71,3318.15,1,tied_agency
4323,20240918,54,2,1066.74,1177.67,2,bancassurance
4991,20250702,62,1,4609.71,4306.02,1,tied_agency
9507,20250519,121,3,749.36,1084.32,1,tied_agency
239,20250916,5,3,923.16,1229.82,1,bancassurance
12313,20251020,153,4,2908.36,4100.4,1,bancassurance
2184,20231012,29,1,2153.96,2073.76,1,tied_agency
12434,20241202,155,5,1141.4,1328.82,1,tied_agency
8821,20240314,107,2,3455.83,4798.53,1,bancassurance
12268,20240521,153,5,1149.78,1667.99,1,bancassurance
7652,20230816,95,3,2989.03,3179.21,1,bancassurance
3029,20250903,37,4,1169.5,1161.22,1,tied_agency
9820,20230403,124,6,2836.99,3613.77,1,bancassurance
2253,20241223,29,3,2075.69,2695.37,2,tied_agency
222,20240105,5,5,518.73,596.43,2,bancassurance
14539,20240219,182,6,1634.54,1732.89,2,tied_agency
980,20240919,17,1,2715.98,2722.54,1,tied_agency
12982,20240610,161,4,523.65,532.01,1,bancassurance
12443,20251126,155,6,7935.22,8785.56,1,tied_agency
7639,20250604,94,4,2233.0,2673.66,2,bancassurance
11538,20230525,143,3,1415.53,1643.2,2,bancassurance
1099,20230703,9008,6,3017.9,4023.71,2,tied_agency
6411,20240927,78,3,1019.02,1335.33,1,tied_agency
14571,20240814,182,2,4153.5,5382.06,2,tied_agency
1797,20231204,26,6,4108.72,5130.72,2,tied_agency
2292,20250619,29,6,2378.6,2852.59,1,tied_agency
1756,20230417,26,2,3784.75,4452.55,2,tied_agency
1591,20240318,24,6,4738.72,4662.49,2,bancassurance
11960,20250625,149,5,1126.34,1564.61,2,bancassurance
9385,20240529,118,5,750.53,762.68,1,bancassurance
3534,20250407,9005,4,1752.38,2307.24,1,tied_agency
7911,20240311,97,6,1915.87,2847.62,1,bancassurance
11471,20250923,140,6,6331.85,6753.24,2,bancassurance
8328,20240409,101,6,1733.41,1609.34,1,bancassurance
10544,20250730,129,2,1092.31,1235.54,1,tied_agency
10014,20230904,125,4,2778.78,3304.25,2,bancassurance
5867,20240723,71,2,3775.06,4241.23,1,tied_agency
4340,20250722,54,5,202.18,295.63,1,bancassurance
10146,20240305,9011,1,3933.44,5024.19,2,bancassurance
4680,20240403,60,3,1015.33,965.16,1,tied_agency
4116,20230508,52,2,1695.81,1928.4,1,tied_agency
7450,20231017,91,3,1180.3,1413.06,1,bancassurance
1457,20230731,23,1,3103.4,3244.22,2,bancassurance
2638,20240112,34,1,4444.5,5473.6,1,tied_agency
8263,20230426,101,4,1687.25,1656.85,1,bancassurance
9387,20240620,118,5,319.8,337.23,2,bancassurance
9064,20230825,113,4,1589.27,1902.74,1,tied_agency
13039,20250609,161,6,4417.76,5226.69,2,bancassurance
12300,20250502,153,5,588.97,614.51,2,bancassurance
14700,20231127,183,2,2766.15,3680.51,1,tied_agency
5057,20231204,63,6,6533.12,7130.75,2,bancassurance
6557,20230203,80,5,983.44,1275.35,2,bancassurance
3035,20251021,37,1,4252.56,4571.4,2,tied_agency
14616,20250626,182,3,2011.8,2485.01,1,tied_agency
1433,20250414,22,2,4784.51,4488.95,1,bancassurance
3149,20230605,39,3,1847.69,2158.78,2,bancassurance
16066,20250908,199,5,911.45,1121.26,1,bancassurance
14472,20230202,182,4,1326.18,1526.96,1,tied_agency
9027,20250324,112,4,585.02,781.05,1,bancassurance
15071,20230330,186,3,1285.64,1857.51,1,tied_agency
4208,20241127,52,2,4392.33,5483.99,2,tied_agency
3980,20250414,50,5,606.87,612.94,1,bancassurance
337,20230424,8,1,2464.63,2669.95,1,bancassurance
7432,20230214,91,1,1447.78,1702.31,2,bancassurance
4700,20241217,60,2,3495.32,3908.36,2,tied_agency
5282,20230731,65,4,2374.76,3258.95,1,tied_agency
15557,20250210,191,2,3784.58,3686.53,1,tied_agency
15804,20230718,195,5,626.02,697.24,2,bancassurance
2784,20230321,36,1,3683.27,4559.83,1,bancassurance
1916,20251222,26,5,510.74,632.47,2,tied_agency
10274,20240827,9009,2,1714.46,1753.44,1,bancassurance
4353,20230825,9005,2,2376.82,2328.75,2,bancassurance
9885,20240509,124,4,1417.56,1717.93,2,bancassurance
1455,20230704,23,2,2466.03,2235.31,1,bancassurance
11216,20230804,138,1,2325.64,2638.96,2,tied_agency
14541,20240307,182,5,1118.15,1561.45,1,tied_agency
4769,20230807,61,4,1451.41,2055.36,1,bancassurance
11708,20230810,147,4,2183.06,2065.02,2,tied_agency
8847,20251121,9002,3,1034.68,1089.8,1,bancassurance
12034,20250813,9005,5,409.77,438.59,2,tied_agency
6917,20240927,84,5,886.13,1271.63,2,bancassurance
7687,20230102,96,1,3856.88,4677.31,2,tied_agency
3571,20230901,46,6,1885.73,2406.91,1,bancassurance
6077,20250911,73,2,3645.04,3853.03,2,tied_agency
10015,20230911,125,3,2110.04,2643.51,2,bancassurance
9855,20231122,124,5,558.1,724.65,2,bancassurance
6423,20250312,78,3,1253.82,1579.55,2,tied_agency
2814,20240213,36,2,4595.39,4833.21,2,bancassurance
15893,20240318,196,6,3810.04,5320.3,1,tied_agency
12912,20230630,161,1,1011.63,1342.74,1,bancassurance
1348,20250115,21,1,4548.8,6321.17,1,tied_agency
6656,20240212,81,1,4598.18,6809.05,1,tied_agency
3081,20231225,38,1,1230.39,1380.91,1,bancassurance
10463,20251020,128,1,3398.32,4051.4,2,tied_agency
10891,20240115,133,5,1199.21,1797.87,1,tied_agency
5889,20250224,71,4,2201.9,2074.65,1,tied_agency
8085,20240101,99,5,971.77,965.69,2,bancassurance
16119,20240729,200,6,1417.4,1622.77,1,tied_agency
3721,20251020,47,4,2660.8,3238.88,2,tied_agency
12907,20230519,161,6,1672.62,1990.82,1,bancassurance
6694,20230627,82,1,3992.37,5936.32,2,bancassurance
1836,20240729,26,6,6735.39,7878.0,1,tied_agency
2974,20240820,37,2,1192.63,1734.25,1,tied_agency
11743,20230324,148,4,1060.88,1060.08,2,bancassurance
10935,20250623,133,1,4574.14,5464.48,1,tied_agency
5239,20250421,64,2,3191.14,4416.54,2,tied_agency
3123,20250714,38,3,2287.3,2293.59,2,bancassurance
6660,20240612,81,3,781.84,707.27,2,tied_agency
11823,20251211,148,4,647.04,917.16,2,bancassurance
9023,20250110,112,5,535.68,686.46,1,bancassurance
4295,20250620,53,5,572.77,693.35,1,tied_agency
2143,20230213,9008,2,3152.61,3551.05,2,tied_agency
12135,20230123,152,6,2862.7,2587.26,1,bancassurance
8907,20240617,109,1,4004.91,4755.92,1,bancassurance
3692,20240916,47,4,1244.36,1454.28,2,tied_agency
7919,20240503,97,4,2416.32,3366.62,2,bancassurance
14367,20230330,181,2,3231.91,3889.38,1,tied_agency
16077,20230303,200,2,4962.06,6167.9,2,tied_agency
6279,20230322,76,6,4092.36,4188.69,2,tied_agency
10301,20230224,128,4,1417.62,2101.0,2,tied_agency
13129,20241021,162,4,2267.23,2135.7,2,bancassurance
8045,20250707,98,6,6546.66,8910.4,2,bancassurance
12554,20230530,157,6,1852.52,2373.89,2,bancassurance
9666,20231130,123,2,4497.42,5685.44,2,tied_agency
10376,20240624,128,5,1051.59,1130.21,1,tied_agency
9650,20230814,123,3,2175.85,2059.31,1,tied_agency
4164,20240212,52,3,979.63,1267.39,2,tied_agency
8221,20250424,100,1,1366.03,1528.74,1,bancassurance
11521,20240129,142,5,832.71,1037.11,2,bancassurance
8302,20231113,101,1,4288.22,4248.17,1,bancassurance
5732,20251226,9002,1,902.93,1058.7,1,tied_agency
1044,20240819,18,2,1291.05,1931.75,1,tied_agency
8718,20250901,104,1,2908.42,3948.66,1,bancassurance
13640,20230124,169,4,2240.97,2114.13,1,tied_agency
10438,20250616,128,1,3645.74,3712.04,1,tied_agency
9309,20241230,116,4,2735.59,3362.65,1,bancassurance
6061,20250206,73,4,1106.79,1587.61,1,tied_agency
14825,20230123,184,2,3481.61,4051.95,2,bancassurance
7865,20251119,96,5,281.38,345.81,2,tied_agency
14371,20230410,181,1,4522.76,5005.27,2,tied_agency
4588,20240522,58,2,4512.39,4678.44,1,tied_agency
15132,20240430,9007,6,7327.7,7667.77,1,tied_agency
5158,20250819,63,4,1846.62,2288.38,2,bancassurance
14860,20230712,184,1,4626.44,5085.11,1,bancassurance
2513,20250121,32,2,3584.44,3705.54,1,tied_agency
10584,20230530,130,2,4680.63,4875.04,1,tied_agency
4481,20241226,56,6,5858.45,8251.86,1,tied_agency
7740,20231218,96,6,4823.8,5698.19,2,tied_agency
12000,20230731,150,2,1116.34,1376.95,2,tied_agency
12384,20241127,154,4,1422.17,1732.79,2,tied_agency
12487,20240624,156,1,2577.55,3404.92,2,bancassurance
6671,20250625,81,6,3133.47,3768.48,2,tied_agency
7898,20231011,97,1,4073.82,4973.47,2,bancassurance
3247,20230925,40,6,2474.1,3325.16,2,tied_agency
6237,20241125,75,2,2090.79,2841.03,1,tied_agency
15350,20240318,189,4,1997.69,1986.61,2,bancassurance
13967,20230828,174,4,2240.12,2236.15,2,bancassurance
9063,20230804,113,1,1748.55,2272.93,1,tied_agency
5592,20240823,68,6,4887.74,5565.85,1,tied_agency
6697,20230809,82,1,3268.07,3074.61,1,bancassurance
5466,20230707,67,4,820.22,1000.99,2,tied_agency
2533,20250521,32,5,319.64,330.73,1,tied_agency
10024,20231204,125,3,2529.44,2663.6,2,bancassurance
8937,20231211,110,5,1098.18,1063.82,1,bancassurance
3314,20230530,42,5,949.91,913.09,2,tied_agency
12474,20240215,156,2,4290.31,4671.03,1,bancassurance
13666,20231106,169,5,620.57,863.57,1,tied_agency
3813,20251006,48,3,2079.52,2279.12,2,tied_agency
2197,20231205,29,2,2633.51,3514.37,2,tied_agency
4657,20230704,60,4,1395.21,1875.47,2,tied_agency
14718,20240319,183,5,1124.6,1492.72,2,tied_agency
2200,20231213,29,6,2699.19,3914.28,1,tied_agency
7739,20231113,96,6,4277.93,5281.9,1,tied_agency
14894,20240221,184,1,3874.02,5614.48,1,bancassurance
15164,20241212,186,4,1616.02,1791.04,2,tied_agency
1519,20251205,23,2,1540.89,1559.13,1,bancassurance
5932,20230718,9011,2,4451.08,6426.52,1,bancassurance
16028,20251118,198,5,922.2,1037.66,1,bancassurance
6278,20230213,76,4,922.24,887.1,2,tied_agency
4507,20250527,56,2,3446.73,3277.46,1,tied_agency
13618,20250526,168,4,1944.38,2460.45,2,tied_agency
9620,20230227,123,6,5010.64,5681.23,1,tied_agency
6750,20250203,82,4,1423.58,1326.67,2,bancassurance
10504,20240108,129,1,2065.49,2772.42,2,tied_agency
13414,20240625,166,6,1089.74,1326.15,2,tied_agency
13675,20240122,169,6,1957.53,2554.7,2,tied_agency
11618,20241010,144,2,2864.73,3120.12,1,bancassurance
10056,20250220,125,1,868.14,989.53,2,bancassurance
15858,20250624,195,5,809.09,1159.31,1,bancassurance
826,20230124,15,2,2978.55,3387.7,1,tied_agency
3539,20250718,45,4,959.11,924.06,2,tied_agency
2629,20231011,34,3,2891.67,3443.45,1,tied_agency
15603,20240314,192,2,3491.22,3595.42,2,tied_agency
15887,20231002,196,5,1149.96,1614.4,1,tied_agency
7409,20250407,90,1,4296.93,5132.0,2,bancassurance
1636,20241001,24,2,1387.47,1870.66,2,bancassurance
4183,20240606,52,2,1575.95,2208.03,2,tied_agency
10122,20231009,126,1,949.07,1115.78,1,bancassurance
3460,20250929,44,1,2071.45,1962.07,1,bancassurance
8523,20250331,103,1,4899.28,5720.31,1,tied_agency
14844,20230509,184,4,2977.73,2770.72,2,bancassurance
4404,20230609,56,1,1925.54,2176.08,1,tied_agency
13676,20240115,169,2,1987.06,2977.95,1,tied_agency
4331,20250217,54,5,293.15,264.09,1,bancassurance
1440,20230227,23,2,4455.89,4838.45,2,bancassurance
7060,20240708,85,3,1637.06,2410.11,2,tied_agency
2820,20240417,36,3,1328.63,1443.16,1,bancassurance
7694,20230306,96,5,238.04,240.57,1,tied_agency
14812,20251117,183,6,2244.63,2095.79,1,tied_agency
7119,20250702,85,2,3069.71,3448.14,1,tied_agency
4725,20250825,60,5,838.92,1065.05,1,tied_agency
5573,20231207,68,5,601.28,690.76,1,tied_agency
11555,20240923,143,5,1130.93,1641.92,2,bancassurance
4220,20250205,52,5,1185.98,1136.97,1,tied_agency
13856,20250908,171,6,3584.28,3296.87,1,bancassurance
11631,20250328,144,2,3760.8,5382.08,1,bancassurance
904,20250603,15,3,1735.74,2249.69,1,tied_agency
14097,20250402,176,2,3899.57,4806.66,2,bancassurance
8189,20240522,100,4,2641.89,3916.29,2,bancassurance
2930,20231127,37,1,4543.89,4205.44,2,tied_agency
7730,20230911,96,6,3706.02,5021.81,2,tied_agency
13096,20231121,162,1,2058.09,2792.42,2,bancassurance
2369,20230706,31,2,3916.26,5428.69,2,tied_agency
15141,20240724,186,2,2816.99,4025.19,1,tied_agency
8164,20230511,100,2,2117.86,3145.41,1,bancassurance
1246,20230619,21,1,2847.49,3393.24,2,tied_agency
13889,20240129,173,4,2616.93,2728.23,1,tied_agency
1224,20230308,21,2,3674.12,3968.95,2,tied_agency
15995,20240701,198,5,638.52,827.61,2,bancassurance
14477,20230320,182,1,3541.11,3417.75,2,tied_agency
3111,20250102,38,1,4770.44,5367.29,2,bancassurance
12650,20241211,157,3,2244.94,2361.25,1,bancassurance
6307,20231204,76,5,518.91,533.75,2,tied_agency
15109,20231205,186,6,5875.09,8092.22,2,tied_agency
13540,20230123,168,3,1707.83,2450.71,2,tied_agency
12926,20230821,161,6,2536.86,3580.25,2,bancassurance
15278,20241024,187,4,1003.52,1321.36,1,bancassurance
4505,20250513,56,2,3145.75,2930.0,1,tied_agency
1607,20240528,24,1,3021.63,3989.38,2,bancassurance
9342,20230116,118,6,7121.44,7829.61,2,bancassurance
7462,20240221,91,1,1163.66,1677.76,1,bancassurance
1139,20241217,19,2,2540.12,2669.05,2,tied_agency
2869,20251222,36,4,966.41,1158.31,2,bancassurance
14404,20240327,181,6,7918.46,9576.91,1,tied_agency
2229,20240611,29,4,1781.58,2378.84,2,tied_agency
6797,20231025,83,1,3689.27,5123.01,2,bancassurance
5478,20231226,67,4,2847.44,2739.84,1,tied_agency
4119,20230622,52,1,2433.52,2836.24,2,tied_agency
5712,20250620,69,4,2386.49,2366.35,2,tied_agency
15704,20251016,193,2,1660.36,2265.92,2,bancassurance
5569,20231120,68,5,1059.64,1558.43,2,tied_agency
4120,20230608,52,1,2635.11,3462.68,2,tied_agency
9144,20230615,114,6,7830.44,8391.83,1,tied_agency
15024,20251229,184,5,433.95,466.95,2,bancassurance
11101,20250721,136,5,1103.0,1019.7,1,tied_agency
13783,20240723,170,4,1684.24,1887.34,1,tied_agency
10341,20231013,128,2,1393.17,1505.58,1,tied_agency
11751,20230612,148,1,2398.27,2606.83,2,bancassurance
900,20250508,15,5,987.33,1211.17,1,tied_agency
13938,20251013,173,6,6873.97,8429.41,2,tied_agency
5363,20230508,66,4,1480.36,1943.25,1,bancassurance
4767,20230823,61,3,841.79,1002.36,1,bancassurance
4121,20230605,52,6,6239.97,8901.21,1,tied_agency
7190,20230419,87,6,2414.74,3081.84,1,bancassurance
5826,20230130,71,4,920.75,1056.54,2,tied_agency
13340,20241227,165,1,4443.0,5389.97,1,tied_agency
10663,20240902,130,2,1516.55,2193.53,1,tied_agency
14315,20230220,180,3,1306.2,1556.78,2,tied_agency
4383,20230104,56,4,1570.27,2301.15,2,tied_agency
3283,20250320,40,3,1557.97,2137.7,1,tied_agency
5546,20230413,68,6,3918.04,5507.63,1,tied_agency
128,20230424,4,3,911.64,996.97,1,tied_agency
9665,20231127,123,4,1992.14,2921.43,1,tied_agency
12846,20240815,160,3,2495.01,2576.17,1,tied_agency
6686,20230413,82,4,1972.15,2952.34,2,bancassurance
7006,20230925,85,4,2882.07,4260.68,2,tied_agency
16161,20251103,200,1,1275.83,1226.86,2,tied_agency
5042,20230922,63,6,6338.48,6864.86,2,bancassurance
2341,20240321,30,5,692.01,861.48,1,tied_agency
11388,20251030,139,2,3975.76,5002.38,1,bancassurance
15596,20230828,192,3,668.13,665.02,1,tied_agency
10318,20230619,128,5,646.11,748.03,1,tied_agency
15568,20250605,191,4,1046.46,1268.63,1,tied_agency
1236,20230515,9002,6,5716.62,7512.64,2,tied_agency
11262,20250109,138,5,224.73,250.63,1,tied_agency
1494,20250217,23,3,1495.61,1496.6,2,bancassurance
7619,20240119,94,2,1884.67,2776.44,1,bancassurance
3444,20240430,44,1,2719.59,3674.05,1,bancassurance
824,20230120,15,4,2028.76,2729.66,1,tied_agency
10839,20250409,132,1,3408.08,4877.88,2,tied_agency
6101,20230922,74,1,1591.92,2128.83,1,tied_agency
15651,20240117,193,1,2829.51,3061.54,2,bancassurance
14970,20250303,184,5,926.51,960.13,1,bancassurance
13381,20230508,166,6,5428.23,7562.15,2,tied_agency
7643,20251212,94,6,3777.92,4520.36,1,bancassurance
8135,20250507,99,5,323.3,334.29,2,bancassurance
7853,20250930,96,1,3202.99,4326.1,2,tied_agency
2656,20240918,34,6,6209.78,6637.33,2,tied_agency
13691,20240729,169,6,4616.72,6790.67,2,tied_agency
5683,20240724,69,6,4417.93,6160.68,1,tied_agency
5766,20231127,70,1,2657.87,3307.03,2,tied_agency
8391,20250307,101,3,2573.59,3625.14,2,bancassurance
1021,20231002,18,4,2733.59,3006.25,2,tied_agency
9761,20250506,123,2,2939.7,3785.73,1,tied_agency
8854,20230412,108,1,1077.03,1577.08,2,bancassurance
9586,20250410,122,3,2492.48,3047.39,2,tied_agency
11077,20230530,136,2,3734.33,5569.72,2,tied_agency
3311,20230216,42,3,2116.46,2664.12,2,tied_agency
10035,20240520,125,5,306.99,373.9,2,bancassurance
12304,20250616,153,4,1405.99,1486.28,1,bancassurance
16032,20230227,199,2,3382.08,3443.36,2,bancassurance
9362,20230928,118,2,3841.51,3501.91,1,bancassurance
7312,20231120,89,5,462.23,440.88,1,bancassurance
1366,20250331,21,6,2579.4,3388.63,1,tied_agency
10121,20230911,9011,1,927.8,1156.92,2,bancassurance
9487,20240130,121,2,4654.15,5351.21,2,tied_agency
15066,20230208,186,2,1686.61,2191.99,2,tied_agency
339,20230522,8,1,1357.34,1405.82,2,bancassurance
15373,20241129,189,6,2081.39,2243.5,2,bancassurance
11926,20241023,149,3,689.63,907.26,2,bancassurance
8128,20250212,99,4,529.84,644.33,2,bancassurance
13990,20240726,174,2,4305.24,4610.47,1,bancassurance
2693,20230322,35,5,204.04,298.04,1,tied_agency
2313,20251007,29,2,4070.93,5527.15,2,tied_agency
10704,20250731,130,5,415.46,460.12,2,tied_agency
12799,20230131,160,6,4407.77,4730.57,2,tied_agency
9677,20240108,123,3,1096.45,1003.41,1,tied_agency
10921,20250120,9008,5,829.47,949.61,1,tied_agency
12446,20230130,156,4,2138.72,2256.28,1,bancassurance
5085,20240614,63,3,2707.43,2719.02,1,bancassurance
2919,20230928,37,4,2998.2,3203.28,2,tied_agency
9187,20230321,115,6,7941.84,8738.25,2,tied_agency
8603,20231002,104,5,353.58,530.14,2,bancassurance
610,20230103,12,5,308.83,397.57,2,bancassurance
12772,20250304,158,2,3519.28,4448.65,2,tied_agency
381,20240902,8,6,6877.02,9808.83,2,bancassurance
13254,20250407,164,5,841.23,1189.26,2,tied_agency
16129,20241017,200,3,513.73,739.52,1,tied_agency
4152,20231204,52,5,716.19,773.6,2,tied_agency
12124,20250901,151,5,1194.34,1534.98,1,bancassurance
6983,20230515,85,1,2046.04,2858.95,1,tied_agency
9595,20250716,122,4,669.63,670.49,2,tied_agency
9485,20231023,9007,1,4430.61,4856.12,2,tied_agency
7180,20250502,86,5,1115.14,1327.4,1,bancassurance
15841,20241120,195,6,7006.88,7722.52,2,bancassurance
12931,20230904,161,2,2260.51,2257.1,2,bancassurance
6937,20250317,84,6,5442.35,6558.63,2,bancassurance
522,20241115,10,4,2971.66,3202.3,1,tied_agency
11689,20250407,9006,2,3699.53,4992.6,2,bancassurance
8495,20240201,103,2,1993.58,2502.51,2,tied_agency
4888,20250916,61,3,2825.88,3197.6,2,bancassurance
1999,20230927,28,5,954.48,1051.58,2,bancassurance
8947,20250307,110,6,3441.45,4319.44,2,bancassurance
1746,20230110,9001,4,1965.9,2774.31,1,tied_agency
1084,20251127,18,2,3781.56,3468.66,1,tied_agency
2251,20241125,29,2,4432.55,6028.82,2,tied_agency
8408,20250707,101,4,600.26,720.18,2,bancassurance
1838,20240812,9007,4,574.85,579.42,2,tied_agency
14244,20231027,179,2,1271.29,1838.72,2,tied_agency
8306,20231206,101,4,1374.84,1928.12,1,bancassurance
4352,20230615,55,2,3362.19,4335.26,1,bancassurance
13623,20250731,168,1,3521.35,4649.75,1,tied_agency
14131,20230501,177,3,1346.15,1767.61,2,tied_agency
14947,20241128,9009,1,4484.74,5145.45,1,bancassurance
15521,20240202,191,3,1510.38,1756.46,1,tied_agency
14961,20250120,184,6,3460.2,4790.35,2,bancassurance
5858,20240408,71,6,5732.43,5191.0,1,tied_agency
14336,20240603,180,2,4663.23,6595.0,2,tied_agency
9918,20241031,124,5,924.65,938.69,1,bancassurance
13545,20230206,9002,3,2604.27,2463.44,1,tied_agency
15918,20230630,197,3,1262.84,1317.88,1,tied_agency
7570,20241007,92,4,2105.9,2343.59,2,tied_agency
12129,20251027,151,4,2175.33,2425.01,1,bancassurance
4456,20240617,56,6,2997.19,3289.8,1,tied_agency
8166,20230724,100,3,1304.58,1429.8,2,bancassurance
14016,20250804,9010,3,1418.71,1719.75,1,bancassurance
12387,20241225,9008,5,586.89,582.49,1,tied_agency
1481,20240816,23,5,279.39,274.51,2,bancassurance
4981,20250425,9011,6,3853.68,4311.96,1,tied_agency
2070,20241121,28,6,6863.45,8755.35,1,bancassurance
6637,20250708,80,3,1522.12,1942.85,1,bancassurance
10626,20240124,130,3,2339.81,3447.53,1,tied_agency
10443,20250717,128,5,360.48,361.24,2,tied_agency
4279,20240527,53,2,1719.9,1904.29,2,tied_agency
4556,20230703,58,1,4148.72,4562.23,1,tied_agency
3011,20250527,37,3,1152.01,1095.59,1,tied_agency
13465,20230619,167,2,4876.59,6557.43,1,bancassurance
14324,20231030,180,3,2556.19,2799.95,1,tied_agency
10159,20240617,126,3,1583.05,2110.13,1,bancassurance
1763,20230605,26,4,895.51,1020.49,1,tied_agency
11067,20250707,135,1,4564.18,5592.29,2,tied_agency
6585,20231229,80,3,1389.12,2053.2,2,bancassurance
5961,20240730,72,4,889.08,1134.98,2,bancassurance
7641,20250901,94,2,3742.69,3945.96,1,bancassurance
3340,20250730,42,6,3641.71,3511.36,2,tied_agency
15822,20240516,195,3,1414.92,1939.24,2,bancassurance
10685,20250127,130,5,1132.05,1528.71,1,tied_agency
897,20250418,9009,5,849.45,1168.38,2,tied_agency
15789,20251230,194,4,1987.21,2045.24,2,bancassurance
13366,20251030,165,4,2126.09,3092.29,2,tied_agency
7481,20240912,91,3,2509.57,2664.89,1,bancassurance
6717,20240115,82,1,3727.52,5349.87,1,bancassurance
10817,20240701,132,4,633.33,624.58,2,tied_agency
4575,20240129,58,5,520.0,668.11,2,tied_agency
1918,20251203,26,4,1885.71,2037.77,2,tied_agency
5658,20230821,69,3,1483.18,1398.23,1,tied_agency
14314,20230116,9010,4,2068.92,2089.45,1,tied_agency
10916,20241127,133,4,2659.64,2553.78,1,tied_agency
2464,20240415,32,2,3193.4,4552.45,1,tied_agency
15439,20240618,190,2,3559.94,3927.84,1,tied_agency
6618,20250127,80,1,3577.41,4373.97,1,bancassurance
4688,20240702,60,4,583.1,589.4,1,tied_agency
9693,20240415,123,4,1398.48,1475.95,2,tied_agency
14165,20240515,177,2,1657.08,1536.81,2,tied_agency
1416,20240116,22,4,1581.26,1771.81,2,bancassurance
12419,20230724,155,3,506.54,576.28,1,tied_agency
13320,20240610,165,4,1798.38,2544.25,2,tied_agency
14579,20240916,182,3,2876.77,2852.76,2,tied_agency
5295,20240220,65,1,1130.39,1484.95,2,tied_agency
14644,20251209,182,1,993.78,958.56,1,tied_agency
2523,20250331,32,6,3225.45,4003.69,1,tied_agency
410,20250902,8,1,4562.21,6237.1,2,bancassurance
9022,20241210,112,2,2269.66,2869.14,2,bancassurance
11135,20231113,137,4,2751.7,3121.05,2,bancassurance
3157,20230904,39,6,5268.11,6490.97,1,bancassurance
15077,20230503,186,3,2074.98,2790.55,1,tied_agency
6988,20230630,85,1,3664.31,4812.21,2,tied_agency
5180,20230302,64,5,1178.03,1178.05,1,tied_agency
3573,20231113,46,2,1348.45,1568.71,1,bancassurance
12457,20230713,156,2,3870.81,3847.14,1,bancassurance
6856,20250707,83,5,656.47,841.28,1,bancassurance
10920,20250131,133,1,4822.63,6013.59,1,tied_agency
6804,20240108,83,6,2341.93,3050.06,2,bancassurance
6058,20250203,73,5,426.5,452.59,1,tied_agency
14905,20240411,184,2,2461.34,2398.77,2,bancassurance
4483,20241212,56,5,385.61,352.96,2,tied_agency
13248,20250203,164,1,4652.8,5282.64,1,tied_agency
13259,20250602,164,2,2732.28,3374.96,2,tied_agency
5701,20250228,69,5,680.49,675.2,1,tied_agency
16156,20250903,200,5,563.46,656.8,1,tied_agency
7653,20230814,9005,3,1546.35,2158.24,2,bancassurance
1179,20251230,19,5,424.49,623.52,1,tied_agency
14855,20230619,184,2,2052.52,3034.59,2,bancassurance
743,20240520,9007,2,2848.94,3105.47,2,bancassurance
1247,20230614,21,2,3800.02,4624.57,2,tied_agency
13934,20250926,173,4,2224.46,2066.78,1,tied_agency
9055,20230529,113,4,1563.31,2077.66,1,tied_agency
15674,20240904,193,6,4160.84,4690.06,1,bancassurance
3198,20250225,39,4,645.92,707.07,2,bancassurance
3706,20250120,47,5,321.31,398.95,1,tied_agency
12669,20250416,157,5,474.08,615.64,2,bancassurance
6424,20250324,78,5,916.94,1170.14,1,tied_agency
8772,20230315,106,4,2020.71,2545.44,1,tied_agency
3438,20230828,44,4,804.26,988.15,2,bancassurance
6869,20230116,84,6,1522.92,1695.12,2,bancassurance
6371,20230619,78,3,2180.74,2453.76,2,tied_agency
6075,20250818,73,3,1860.91,2043.61,2,tied_agency
7926,20240828,97,4,2122.81,2851.91,1,bancassurance
423,20230406,9,6,7724.63,9960.97,2,bancassurance
14775,20250320,183,2,1542.88,1509.91,1,tied_agency
9085,20240528,113,3,1949.04,1784.22,1,tied_agency
10674,20241115,130,4,1781.46,2337.0,1,tied_agency
6382,20231027,78,1,802.89,877.25,2,tied_agency
9742,20250122,123,3,1181.76,1224.2,1,tied_agency
11996,20230523,150,6,5415.13,7928.02,2,tied_agency
6195,20230717,75,2,2574.76,3722.25,2,tied_agency
11907,20240611,149,1,1493.81,1577.4,2,bancassurance
10725,20251022,130,6,7439.11,9624.68,1,tied_agency
8298,20231128,101,1,1069.41,1319.94,1,bancassurance
6190,20230531,75,4,1356.99,1628.79,1,tied_agency
6251,20250325,75,4,2185.42,2211.08,1,tied_agency
772,20250411,13,3,2960.99,3046.54,1,bancassurance
8965,20230421,9009,5,762.45,1058.41,2,bancassurance
12424,20240109,155,4,1492.25,1673.05,1,tied_agency
8169,20230829,100,6,3530.94,3357.76,2,bancassurance
9095,20240906,113,4,2334.64,2969.17,2,tied_agency
5236,20250311,64,3,552.06,585.95,1,tied_agency
10196,20250102,126,3,1957.67,2668.65,1,bancassurance
13957,20230424,174,5,220.42,321.53,2,bancassurance
5602,20241230,68,5,540.47,538.8,1,tied_agency
10726,20251013,130,1,4545.18,4206.24,2,tied_agency
13863,20230215,173,5,960.41,960.14,2,tied_agency
12889,20230213,161,1,3921.76,5030.03,2,bancassurance
7754,20240311,96,2,4961.28,7244.59,2,tied_agency
1423,20240821,22,5,957.81,868.86,1,bancassurance
9021,20241104,112,4,2980.25,4169.01,2,bancassurance
6467,20230717,79,3,2953.1,3510.42,1,bancassurance
4259,20251007,52,5,419.61,470.99,1,tied_agency
11550,20240527,143,6,4022.27,3770.63,2,bancassurance
3445,20240411,44,1,2354.24,3270.86,2,bancassurance
3889,20250328,49,3,2430.94,2621.86,2,tied_agency
10513,20240418,129,3,1538.05,1481.51,1,tied_agency
9673,20231218,123,6,6695.49,6807.33,1,tied_agency
4834,20241010,61,3,1836.44,2000.24,1,bancassurance
7080,20241204,85,4,2221.57,2200.03,2,tied_agency
3786,20241025,48,1,1436.87,1567.12,2,tied_agency
8123,20241118,99,3,1512.51,1884.68,2,bancassurance
7737,20231128,96,6,7487.02,7095.33,1,tied_agency
7866,20251124,96,3,1433.28,1799.59,1,tied_agency
14553,20240520,182,4,607.23,675.23,2,tied_agency
3606,20241119,46,4,1327.06,1555.47,2,bancassurance
3836,20230605,49,5,1069.88,1331.84,1,tied_agency
2484,20240719,32,3,769.44,1007.83,1,tied_agency
8593,20230814,104,3,1996.06,1868.29,1,bancassurance
2701,20230605,35,2,898.72,825.62,1,tied_agency
14318,20230403,180,5,766.09,1085.49,1,tied_agency
10549,20250804,129,6,1316.32,1346.52,1,tied_agency
8288,20230925,101,2,4763.62,6304.11,2,bancassurance
6749,20250128,82,1,2164.79,2597.08,1,bancassurance
9668,20231222,123,4,716.6,819.17,2,tied_agency
5532,20251209,67,2,987.35,1022.38,2,tied_agency
14008,20250217,174,5,491.52,628.0,2,bancassurance
4067,20250224,51,2,828.74,994.1,1,tied_agency
6906,20240411,84,2,3154.26,4106.42,2,bancassurance
6369,20230531,78,1,1202.05,1758.47,2,tied_agency
2053,20240806,28,3,1307.0,1426.13,1,bancassurance
2048,20240715,28,4,2077.08,2792.46,2,bancassurance
4436,20240119,56,5,772.29,1032.95,2,tied_agency
6747,20241231,82,6,5103.57,5725.32,2,bancassurance
11316,20230717,9005,6,7273.58,7539.7,1,bancassurance
11444,20240723,140,2,3058.52,4288.79,2,bancassurance
15363,20240815,189,3,2606.16,3115.21,2,bancassurance
8522,20250210,103,1,2316.69,2545.8,1,tied_agency
2522,20250307,32,6,7535.31,10248.58,1,tied_agency
4008,20230222,51,6,4900.34,7263.81,1,tied_agency
11898,20240423,149,4,1169.7,1666.47,2,bancassurance
4713,20250519,60,3,1047.94,1197.37,2,tied_agency
10203,20250312,126,5,1155.1,1362.11,2,bancassurance
15305,20251015,187,3,749.64,1098.16,1,bancassurance
6096,20230605,74,4,2125.28,2035.53,1,tied_agency
9622,20230330,123,1,2467.24,3061.83,1,tied_agency
3829,20230330,49,5,367.05,470.15,1,tied_agency
7405,20250317,90,6,6040.29,7671.2,1,bancassurance
7166,20240311,86,3,2929.66,3698.53,1,bancassurance
2789,20230425,36,1,4912.48,5495.8,1,bancassurance
3853,20231117,49,3,1836.6,1931.36,1,tied_agency
6616,20241231,80,5,959.0,1350.4,2,bancassurance
7142,20251201,85,2,3279.42,3232.35,1,tied_agency
470,20250127,9,2,1609.61,2253.06,1,bancassurance
14867,20230925,184,4,2076.57,2169.32,1,bancassurance
1703,20251208,24,2,805.08,832.93,2,bancassurance
2512,20250127,32,6,5847.66,5409.55,2,tied_agency
12855,20250121,160,4,2129.83,2211.94,1,tied_agency
13347,20250311,9011,4,1214.18,1462.37,1,tied_agency
5027,20230602,9008,1,4466.76,4987.75,1,bancassurance
13535,20250909,167,2,4960.92,5362.0,2,bancassurance
11828,20230109,149,6,5518.86,8237.18,2,bancassurance
1245,20230619,21,4,2342.7,2945.95,2,tied_agency
754,20240930,13,1,4307.81,4212.45,1,bancassurance
10393,20240925,128,1,1381.82,1981.17,1,tied_agency
10678,20241223,130,4,1081.49,974.43,1,tied_agency
3561,20230403,46,4,1890.03,1751.44,2,bancassurance
11421,20231117,9008,3,670.71,665.36,2,bancassurance
1802,20231227,26,3,2699.02,2857.45,2,tied_agency
7559,20240527,92,5,377.77,341.3,1,tied_agency
6984,20230522,85,2,2441.47,3108.52,2,tied_agency
5665,20231127,69,1,4555.37,5172.16,1,tied_agency
13110,20240410,162,1,3214.47,3619.5,2,bancassurance
8286,20230915,101,3,1918.07,1832.46,2,bancassurance
8058,20230109,99,6,1880.06,1932.57,1,bancassurance
3843,20230822,49,5,981.85,1153.06,2,tied_agency
2503,20241101,32,4,1016.84,1305.88,1,tied_agency
7120,20250722,85,1,3269.61,4707.28,2,tied_agency
10367,20240411,128,3,1297.05,1901.88,1,tied_agency
13134,20250129,162,4,2963.5,3420.27,1,bancassurance
13632,20251007,168,6,3614.76,4090.91,2,tied_agency
10450,20250825,128,4,811.76,1168.06,2,tied_agency
11378,20250708,139,1,4434.18,5855.95,2,bancassurance
11377,20250616,139,6,3406.89,5013.65,1,bancassurance
1730,20241202,25,1,1454.73,2078.36,1,tied_agency
10945,20251231,133,2,3509.42,4654.92,2,tied_agency
11483,20230825,141,2,4804.25,6326.57,2,bancassurance
13364,20250922,165,1,4047.6,5887.03,1,tied_agency
10681,20250124,130,6,7201.72,6880.63,2,tied_agency
9682,20240227,123,3,1623.94,1633.56,1,tied_agency
1395,20251020,21,2,2020.42,2054.04,2,tied_agency
10453,20250917,128,3,761.18,1106.1,2,tied_agency
3649,20230216,47,1,2948.09,3341.52,1,tied_agency
13843,20240624,171,4,2002.98,2293.91,1,bancassurance
9316,20250107,116,6,5862.31,8393.93,1,bancassurance
3898,20250704,49,3,2210.68,2405.39,2,tied_agency
15125,20240318,186,4,2256.12,3187.62,1,tied_agency
2425,20230915,32,3,2117.72,2465.34,1,tied_agency
8108,20240701,99,6,4430.52,4663.69,1,bancassurance
1159,20250616,19,4,1135.76,1423.89,2,tied_agency
1107,20231109,19,2,4320.06,5767.8,2,tied_agency
542,20230728,11,3,2563.28,3562.84,2,bancassurance
7887,20230410,97,5,358.34,384.78,1,bancassurance
14868,20230928,184,1,903.02,864.28,1,bancassurance
11967,20250818,149,2,3453.94,4527.43,1,bancassurance
11401,20230306,140,4,2023.19,2466.52,1,bancassurance
1228,20230424,21,1,4028.32,3664.81,2,tied_agency
1492,20250110,23,2,2580.87,3260.96,2,bancassurance
2811,20240125,36,3,559.69,667.34,1,bancassurance
3502,20240122,45,4,2802.84,3864.21,2,tied_agency
3745,20230706,48,3,1122.81,1514.71,2,tied_agency
6894,20231106,84,3,742.24,1018.56,2,bancassurance
4639,20230123,60,5,483.44,458.98,2,tied_agency
4739,20230220,61,6,3044.92,3581.13,2,bancassurance
3603,20241003,46,1,4197.45,4384.37,2,bancassurance
2866,20251124,36,6,5677.89,7398.2,2,bancassurance
12089,20240529,151,6,4902.14,6376.23,2,bancassurance
6044,20240823,73,4,1079.12,1251.57,2,tied_agency
8553,20251208,103,1,4028.54,3628.12,2,tied_agency
2709,20230904,35,1,2794.46,3426.68,1,tied_agency
5933,20230713,72,6,5970.59,5468.16,2,bancassurance
10317,20230607,128,5,965.8,1011.64,1,tied_agency
4181,20240625,52,4,2809.63,3279.93,1,tied_agency
2572,20230217,33,3,980.06,1046.85,1,bancassurance
144,20231115,4,1,1178.21,1338.38,1,tied_agency
7792,20240925,96,6,1352.93,1342.36,1,tied_agency
15482,20251128,190,3,2243.52,2944.17,1,tied_agency
10735,20251215,130,6,7767.14,11116.95,2,tied_agency
12347,20231218,154,3,978.73,1061.37,1,tied_agency
5773,20240226,70,2,4608.86,6571.59,1,tied_agency
15936,20240927,197,1,2258.63,2139.98,2,tied_agency
1276,20231114,21,3,1504.13,2050.77,1,tied_agency
15006,20250912,184,2,2421.96,3580.1,2,bancassurance
15036,20230823,185,2,2366.9,2212.62,1,tied_agency
3928,20230525,50,6,4252.76,5738.68,2,bancassurance
3844,20230828,49,3,1897.87,2488.77,2,tied_agency
8446,20240513,102,3,2077.82,2264.11,2,bancassurance
8646,20240625,104,2,3758.71,4859.37,1,bancassurance
13262,20250922,164,2,1601.53,1920.28,2,tied_agency
4244,20250813,52,2,875.56,1054.83,2,tied_agency
8712,20250714,104,4,854.03,961.91,1,bancassurance
15479,20251028,190,1,3148.76,3232.15,2,tied_agency
4587,20240517,58,6,4316.3,5050.87,1,tied_agency
259,20231204,6,5,945.46,1047.11,2,tied_agency
12890,20230223,161,4,2219.16,2615.48,1,bancassurance
2085,20250122,28,1,3161.48,3458.39,2,bancassurance
10741,20230227,131,1,2318.79,3189.62,2,tied_agency
2014,20231221,28,3,2672.64,2609.39,1,bancassurance
4389,20230216,56,3,1119.77,1638.92,2,tied_agency
4869,20250519,61,6,1797.14,2133.34,2,bancassurance
7449,20230914,91,2,4863.97,6714.63,2,bancassurance
4321,20240812,54,6,5210.53,4749.75,2,bancassurance
7610,20230329,94,3,1573.29,2019.28,1,bancassurance
11451,20250122,140,1,4496.3,4136.69,2,bancassurance
5506,20241121,9006,5,919.32,1241.46,1,tied_agency
15297,20250610,187,1,3509.39,3832.46,1,bancassurance
8402,20250609,101,1,1981.0,2746.2,1,bancassurance
10220,20250616,126,2,1989.65,1805.46,2,bancassurance
2691,20230109,35,5,339.52,471.85,2,tied_agency
2544,20250724,32,3,1315.03,1498.25,1,tied_agency
11863,20230918,149,2,3412.88,3223.64,2,bancassurance
13002,20241014,161,6,4623.28,6463.34,2,bancassurance
11286,20251015,138,1,3517.18,4879.55,2,tied_agency
4348,20230407,55,3,905.77,1291.76,2,bancassurance
1475,20240523,23,1,3319.44,4942.15,2,bancassurance
8237,20250929,100,6,7331.28,9237.7,2,bancassurance
2501,20241104,32,6,5894.28,8525.47,2,tied_agency
11879,20231208,149,1,3779.23,5563.31,1,bancassurance
7571,20241014,92,2,4340.5,5370.44,1,tied_agency
13180,20250324,9010,3,2141.97,2024.04,1,tied_agency
14689,20230811,183,1,1569.71,1732.33,2,tied_agency
1887,20250602,26,2,2195.05,2575.08,1,tied_agency
1373,20250512,21,1,4660.29,5429.94,2,tied_agency
11462,20250526,140,4,599.15,816.01,2,bancassurance
2405,20230313,32,4,2465.78,3175.06,1,tied_agency
1726,20240909,25,1,1416.92,1395.34,1,tied_agency
6490,20240209,79,6,1252.55,1607.17,1,bancassurance
14842,20230424,184,4,1696.76,2119.41,2,bancassurance
15985,20240318,198,4,1918.22,2680.05,2,bancassurance
14657,20230206,183,5,1113.49,1339.13,1,tied_agency
6139,20250213,74,4,2784.99,3947.99,2,tied_agency
10893,20240221,133,1,3024.62,3413.97,2,tied_agency
7039,20240322,85,5,284.52,272.92,2,tied_agency
13,20230628,2,5,243.37,333.4,2,tied_agency
14320,20230630,180,6,6788.87,8453.7,2,tied_agency
2128,20251103,28,2,1431.47,1345.91,2,bancassurance
9610,20251229,122,6,7405.73,7387.58,1,tied_agency
2089,20250220,28,6,1772.21,2624.56,2,bancassurance
11153,20240611,137,2,1776.29,2408.83,2,bancassurance
15369,20241023,189,1,4235.19,6222.51,2,bancassurance
13759,20231031,170,1,1802.94,1623.49,1,tied_agency
14385,20230828,181,4,2244.18,2763.91,2,tied_agency
412,20251027,8,2,3558.83,3772.06,1,bancassurance
13293,20230811,165,5,656.71,633.69,2,tied_agency
8932,20230627,110,6,2264.19,2591.97,1,bancassurance
15513,20231122,191,4,2661.2,2531.02,2,tied_agency
2286,20250528,29,3,1410.4,1699.75,2,tied_agency
16162,20251201,200,1,1405.31,1569.82,2,tied_agency
3856,20231204,49,3,2583.52,3477.7,2,tied_agency
10996,20240613,134,4,983.46,1292.42,1,bancassurance
15743,20240530,194,1,1664.14,1608.5,2,bancassurance
2714,20231030,35,5,1062.72,1454.33,2,tied_agency
2475,20240620,32,1,3000.24,2736.94,1,tied_agency
8860,20231122,108,1,2513.69,3731.0,1,bancassurance
7439,20230525,91,2,3516.85,3636.87,2,bancassurance
4905,20251229,61,2,1610.89,2073.32,1,bancassurance
2252,20241114,29,5,608.52,821.97,2,tied_agency
2476,20240606,32,5,259.15,291.26,1,tied_agency
9577,20241209,122,2,3525.57,5097.52,1,tied_agency
1389,20250919,21,5,892.41,1259.37,2,tied_agency
15585,20230116,192,4,2256.85,2223.5,2,tied_agency
12078,20240122,151,1,3304.27,3732.94,1,bancassurance
8057,20251202,98,4,760.66,981.37,1,bancassurance
4923,20230810,62,3,1138.2,1070.91,1,tied_agency
5192,20230720,64,4,2521.8,2375.14,1,tied_agency
14697,20231016,183,4,653.92,759.35,1,tied_agency
11513,20230508,142,3,1878.08,2043.78,2,bancassurance
2201,20240110,29,2,2479.51,2718.21,2,tied_agency
4359,20240108,55,2,4996.06,7376.37,2,bancassurance
12627,20240724,157,3,1062.8,1246.36,1,bancassurance
13920,20250324,173,6,5008.87,6781.57,1,tied_agency
10489,20230828,129,1,4122.73,5214.46,1,tied_agency
6959,20251209,84,3,984.28,1256.75,2,bancassurance
9744,20250210,123,4,695.57,833.91,2,tied_agency
2374,20240404,31,2,1186.92,1771.97,2,tied_agency
1874,20250304,26,6,4716.2,5240.52,1,tied_agency
11632,20250313,144,5,1022.45,1103.84,1,bancassurance
13350,20250411,165,1,2030.17,2637.48,2,tied_agency
15401,20251217,189,4,2233.0,3052.14,1,bancassurance
11412,20230703,140,3,2714.37,2658.96,2,bancassurance
2494,20241011,32,1,2859.95,3416.91,2,tied_agency
10743,20230428,131,1,3082.59,4535.97,2,tied_agency
1544,20230509,24,4,2415.77,2493.62,2,bancassurance
530,20230116,9009,4,2800.99,2710.69,2,bancassurance
7344,20230220,90,4,2243.16,3143.04,2,bancassurance
2188,20231009,29,6,3795.33,5315.2,2,tied_agency
11917,20240819,149,3,1090.83,1097.81,2,bancassurance
13793,20241118,170,3,1123.1,1649.89,1,tied_agency
5704,20250324,69,5,1193.53,1589.73,1,tied_agency
11394,20230123,140,6,3037.69,3406.74,2,bancassurance
6617,20250127,80,5,588.6,677.47,1,bancassurance
886,20250122,15,1,1346.31,1591.93,1,tied_agency
11242,20240809,138,2,1301.99,1655.79,2,tied_agency
14300,20250828,179,5,821.06,776.09,2,tied_agency
9812,20230201,124,6,1594.69,2206.01,1,bancassurance
2247,20241014,29,2,3424.42,3424.56,2,tied_agency
9232,20240708,9005,2,2992.58,4105.28,2,tied_agency
13260,20250707,164,3,2708.89,3383.14,2,tied_agency
12780,20250623,158,1,4799.76,5158.92,2,tied_agency
11556,20241023,9006,2,4766.58,5788.58,1,bancassurance
1673,20250501,24,4,2018.05,2066.8,1,bancassurance
9503,20250210,121,3,2985.84,3574.87,2,tied_agency
1833,20240729,26,2,4805.8,5731.87,2,tied_agency
758,20241003,13,6,4439.84,6366.11,2,bancassurance
13941,20251113,173,4,1229.48,1530.89,2,tied_agency
5186,20230417,64,6,5214.36,4869.01,1,tied_agency
3301,20250915,40,3,2595.83,3721.85,1,tied_agency
3481,20230620,45,1,3212.32,4769.76,1,tied_agency
14269,20240916,179,3,724.04,883.06,2,tied_agency
2602,20250915,33,2,979.34,1088.77,2,bancassurance
5884,20241225,71,2,2657.04,2790.07,1,tied_agency
14044,20230501,9008,6,7706.08,7325.28,2,bancassurance
7486,20241028,91,2,4678.4,5001.59,2,bancassurance
14750,20241025,183,1,1817.44,2595.12,2,tied_agency
5560,20230825,68,4,1844.21,2093.31,1,tied_agency
10554,20250930,129,2,2251.59,3201.52,2,tied_agency
12956,20240111,161,3,1036.8,1397.51,1,bancassurance
4978,20250317,62,4,1106.16,1590.38,2,tied_agency
14806,20250915,183,5,472.75,503.39,1,tied_agency
5885,20250129,71,4,501.41,622.75,2,tied_agency
3317,20230731,42,4,957.54,1285.19,2,tied_agency
8456,20250521,102,3,1503.61,1801.84,1,bancassurance
13269,20251007,164,3,2782.29,3101.97,2,tied_agency
12949,20231208,161,5,842.59,1228.09,2,bancassurance
4589,20240614,58,6,6687.86,9080.42,2,tied_agency
12331,20230508,154,2,4434.39,4084.8,1,tied_agency
86,20251223,2,1,2004.89,2802.55,1,tied_agency
14030,20230119,176,2,2131.16,2651.8,1,bancassurance
936,20231109,16,6,4126.57,5714.08,1,tied_agency
26,20231010,2,6,1360.12,1458.83,2,tied_agency
6509,20241004,79,4,612.3,846.51,2,bancassurance
11112,20230424,137,5,471.53,619.75,1,bancassurance
14994,20250722,184,1,3085.5,4075.65,2,bancassurance
8511,20241023,103,4,1511.66,2205.52,1,tied_agency
9458,20240603,120,5,1167.95,1367.17,2,tied_agency
13084,20230424,162,3,2900.15,3903.79,1,bancassurance
3776,20240628,48,4,552.02,551.87,2,tied_agency
2613,20230327,34,2,1787.64,2620.69,1,tied_agency
14737,20240830,183,3,1193.52,1497.86,1,tied_agency
3287,20250402,40,4,506.83,469.56,1,tied_agency
6347,20250603,76,5,631.62,883.56,1,tied_agency
10107,20230614,126,6,2712.87,3009.84,1,bancassurance
7828,20250421,96,5,978.25,1299.21,1,tied_agency
13753,20230920,170,3,1641.42,2260.52,1,tied_agency
9202,20231025,115,3,2454.42,2968.61,1,tied_agency
12104,20241216,151,4,2533.6,3597.04,2,bancassurance
10635,20240215,130,5,357.33,439.79,2,tied_agency
15154,20241030,186,6,6139.11,8104.6,2,tied_agency
16106,20240415,200,2,4803.27,5732.2,1,tied_agency
14528,20231225,182,5,639.9,724.01,2,tied_agency
5523,20250716,67,4,2822.37,2678.06,1,tied_agency
15191,20250623,186,5,765.1,869.67,2,tied_agency
2234,20240708,29,4,1186.97,1558.87,2,tied_agency
8700,20250401,104,2,1812.11,1855.76,1,bancassurance
14393,20231114,181,4,767.83,829.65,1,tied_agency
4030,20231025,9010,1,2967.86,3689.18,1,tied_agency
4087,20251020,51,6,1453.41,1758.76,2,tied_agency
14555,20240510,182,4,640.14,847.43,2,tied_agency
11703,20230529,147,6,3185.01,3324.27,1,tied_agency
13527,20250519,167,4,1217.52,1523.89,2,bancassurance
5493,20240607,67,5,407.06,461.4,1,tied_agency
3548,20251119,45,5,1060.7,1010.46,2,tied_agency
12496,20241104,156,1,3080.28,3692.53,2,bancassurance
8194,20240710,100,3,1195.16,1501.39,2,bancassurance
9613,20230124,123,2,2638.62,2619.29,1,tied_agency
2124,20251027,28,2,2018.83,2646.72,2,bancassurance
430,20230801,9,3,1141.64,1101.48,1,bancassurance
12764,20241216,158,5,236.2,270.38,1,tied_agency
5875,20240916,71,4,600.94,570.58,2,tied_agency
5700,20250106,69,5,982.76,1379.59,2,tied_agency
9181,20230222,115,6,2254.6,3117.7,2,tied_agency
2187,20231019,29,1,2643.84,3357.59,2,tied_agency
5819,20251008,70,1,2098.26,3111.0,1,tied_agency
15884,20230616,196,1,1452.35,1404.17,1,tied_agency
2900,20230619,37,1,4012.58,4423.94,2,tied_agency
1705,20230106,25,6,6759.49,6539.44,1,tied_agency
2676,20250702,34,1,2469.66,2781.96,2,tied_agency
8660,20240902,104,2,2570.34,2607.33,2,bancassurance
3025,20250829,37,4,1132.04,1377.86,1,tied_agency
14972,20250324,184,5,335.66,461.69,1,bancassurance
10342,20231016,128,3,2929.36,2957.17,2,tied_agency
9854,20231114,124,4,2774.37,4153.47,2,bancassurance
223,20240228,5,2,3968.55,4699.2,1,bancassurance
14908,20240415,184,4,1117.3,1610.84,1,bancassurance
14098,20250403,176,5,1082.91,1352.32,1,bancassurance
13634,20251128,168,6,3042.71,3524.51,2,tied_agency
12746,20240313,158,3,727.83,757.69,1,tied_agency
20,20230927,2,4,2720.23,3123.61,2,tied_agency
9952,20250429,124,3,1447.27,2053.32,1,bancassurance
6431,20250610,78,4,1016.85,986.95,1,tied_agency
14483,20230417,182,2,4140.42,4076.79,1,tied_agency
3995,20250904,50,6,3728.93,3674.94,1,bancassurance
10699,20250509,130,4,519.02,672.97,2,tied_agency
6832,20241028,83,2,1095.39,1186.84,1,bancassurance
9306,20241121,116,5,350.02,389.77,1,bancassurance
7290,20250709,88,1,2349.68,2422.64,1,bancassurance
456,20240828,9,4,1890.91,2328.15,2,bancassurance
1357,20250224,21,5,393.77,528.95,1,tied_agency
11061,20250130,135,2,1511.38,1902.24,1,tied_agency
3032,20250929,37,4,1243.97,1135.03,2,tied_agency
791,20251027,13,3,1361.31,1760.51,2,bancassurance
448,20240222,9,5,261.64,353.56,1,bancassurance
9558,20240508,122,5,953.51,1423.14,1,tied_agency
13312,20240411,165,4,2099.83,2268.86,2,tied_agency
10776,20230424,132,4,2482.93,3023.7,2,tied_agency
1329,20240903,9005,1,2137.01,2632.52,2,tied_agency
275,20250528,6,4,1336.84,1857.25,1,tied_agency
1322,20240710,21,1,4915.1,6021.33,1,tied_agency
12563,20230718,157,3,1617.96,2132.72,1,bancassurance
1896,20250829,26,5,974.53,1378.15,2,tied_agency
12017,20240806,150,2,4786.45,5023.26,2,tied_agency
12922,20230731,161,1,4305.79,5958.0,2,bancassurance
4613,20250402,58,1,2156.2,2380.79,2,tied_agency
6611,20241014,80,3,2023.46,2026.01,2,bancassurance
8754,20241010,105,6,7068.52,10118.02,1,bancassurance
14116,20251113,176,1,3709.96,5029.97,1,bancassurance
9847,20230912,124,1,4383.78,4508.5,2,bancassurance
4115,20230510,52,2,3535.59,4601.49,1,tied_agency
1977,20230508,28,1,910.69,1246.82,2,bancassurance
4371,20241230,55,5,372.67,452.4,2,bancassurance
7064,20240923,85,5,912.05,1135.59,2,tied_agency
3479,20230531,45,2,4973.48,4692.44,2,tied_agency
8156,20230306,100,4,859.7,823.51,2,bancassurance
11365,20250206,139,5,294.14,271.61,1,bancassurance
5534,20251225,67,3,2986.36,3297.45,1,tied_agency
14781,20250508,183,2,4677.84,6961.35,1,tied_agency
13670,20231225,169,2,3348.99,4615.88,1,tied_agency
11651,20251103,144,2,1395.81,1627.98,2,bancassurance
8665,20241017,104,6,7763.47,9541.74,2,bancassurance
13196,20230329,164,2,1113.02,1073.37,1,tied_agency
3472,20230302,45,6,5021.66,7345.98,1,tied_agency
14794,20250721,183,2,2928.97,3740.25,1,tied_agency
8351,20240819,101,1,2629.49,3018.68,2,bancassurance
7729,20230901,96,5,496.2,704.87,1,tied_agency
2720,20240111,35,4,609.69,615.55,2,tied_agency
7563,20240620,92,1,4883.2,4857.58,2,tied_agency
10856,20251103,132,4,1264.24,1221.59,1,tied_agency
1313,20240521,21,6,7230.3,9699.79,1,tied_agency
36,20240415,2,5,249.76,237.01,2,tied_agency
11992,20251217,149,6,2900.9,3736.94,2,bancassurance
5717,20250731,69,6,4276.68,6038.11,1,tied_agency
10959,20230501,9002,4,2159.02,2357.33,2,bancassurance
12871,20250811,160,3,2952.63,3534.14,1,tied_agency
10276,20240913,9008,5,1098.6,1562.95,1,bancassurance
6109,20231229,74,2,4162.0,5382.48,1,tied_agency
4789,20240219,61,2,821.39,1142.59,2,bancassurance
9438,20251110,118,4,998.41,1436.0,1,bancassurance
12315,20251020,153,2,4182.88,4248.83,1,bancassurance
6810,20240318,83,6,1399.2,1265.02,1,bancassurance
3879,20241007,49,6,2743.96,2679.85,1,tied_agency
12591,20240101,157,5,1175.08,1575.61,2,bancassurance
8232,20250829,100,4,1929.46,2514.76,2,bancassurance
16049,20240701,199,4,2784.12,3173.08,1,bancassurance
10736,20251230,130,3,963.04,1104.25,2,tied_agency
12954,20240131,161,6,7585.18,7353.55,2,bancassurance
6301,20231026,76,5,1082.18,1457.18,2,tied_agency
9626,20230413,123,6,2194.47,2683.09,2,tied_agency
60,20250106,9007,5,350.86,328.8,2,tied_agency
9058,20230705,113,1,1839.65,2414.73,2,tied_agency
11520,20240125,142,2,2204.56,2677.83,1,bancassurance
6786,20230731,83,2,4501.91,6419.92,2,bancassurance
5496,20240725,67,4,771.02,945.33,2,tied_agency
10985,20231214,9001,1,2363.18,3336.39,2,bancassurance
2526,20250310,9005,2,4776.65,5748.01,1,tied_agency
12701,20251103,157,4,2525.36,2690.28,2,bancassurance
1767,20230612,26,4,998.68,1095.78,2,tied_agency
3312,20230208,42,5,729.19,871.89,1,tied_agency
3725,20251110,47,3,2239.41,2548.29,1,tied_agency
12050,20230403,151,1,2290.29,2238.23,2,bancassurance
11997,20230515,150,6,7649.17,8691.41,1,tied_agency
13569,20231127,168,6,1713.65,2387.67,1,tied_agency
8769,20230215,106,1,4536.44,4755.73,2,tied_agency
12072,20231121,151,2,4783.85,5420.93,2,bancassurance
773,20250519,13,5,711.27,883.68,1,bancassurance
10136,20240116,126,2,4145.14,6089.98,1,bancassurance
4098,20230206,52,1,3950.89,4732.49,2,tied_agency
10890,20240112,133,3,796.52,952.87,2,tied_agency
363,20240108,8,3,2165.2,2803.57,1,bancassurance
4099,20230329,52,4,613.97,828.57,2,tied_agency
1880,20250421,26,2,1283.79,1844.85,2,tied_agency
8211,20250123,100,4,2516.83,2918.31,2,bancassurance
3486,20230831,45,5,513.91,467.05,2,tied_agency
2348,20240715,30,5,493.81,629.22,1,tied_agency
975,20240415,17,1,2218.42,2956.28,1,tied_agency
4731,20251209,60,5,1096.24,1240.9,1,tied_agency
12818,20230920,160,1,4478.7,5778.97,1,tied_agency
2332,20230821,30,4,2560.78,3647.5,2,tied_agency
1050,20241011,18,5,928.54,1349.52,1,tied_agency
14694,20230927,183,6,7727.75,10805.22,2,tied_agency
16006,20241101,9002,2,3116.8,3375.46,1,bancassurance
10614,20231023,130,1,4285.42,3859.88,2,tied_agency
5991,20250911,72,6,2610.48,3287.87,2,bancassurance
8423,20251104,101,5,334.16,427.32,2,bancassurance
8206,20241118,100,4,2165.2,2823.73,2,bancassurance
11204,20230109,138,2,4115.06,3914.21,1,tied_agency
12740,20240108,158,5,1190.44,1603.0,2,tied_agency
8350,20240829,101,1,2135.77,2423.79,2,bancassurance
6125,20240807,74,4,712.69,1008.42,1,tied_agency
2421,20230720,9007,5,806.64,999.73,2,tied_agency
16111,20240501,200,1,4853.9,7095.14,2,tied_agency
15534,20240611,191,2,2918.08,3405.86,1,tied_agency
2307,20250917,29,6,2235.72,2692.65,2,tied_agency
3884,20241223,49,2,3661.32,4055.88,2,tied_agency
6163,20251006,74,1,1105.3,1352.23,1,tied_agency
5635,20251110,68,4,2422.87,2418.3,2,tied_agency
5615,20250416,68,5,1174.49,1322.28,1,tied_agency
14871,20230912,184,6,2359.25,3022.19,1,bancassurance
16008,20250122,198,1,3062.36,2778.68,2,bancassurance
7693,20230227,96,3,2892.99,3503.2,2,tied_agency
4391,20230213,56,4,2151.19,2343.61,1,tied_agency
14876,20231120,184,3,1589.08,1614.67,2,bancassurance
987,20250602,17,2,865.65,1032.01,1,tied_agency
9785,20250903,123,5,1011.93,1207.33,1,tied_agency
13287,20230623,165,1,1355.47,1508.93,1,tied_agency
12498,20250109,156,1,1679.83,1945.05,1,bancassurance
5101,20240909,63,5,224.28,240.24,1,bancassurance
2086,20250113,28,4,1478.45,1722.65,2,bancassurance
10145,20240401,126,2,3179.38,4389.84,1,bancassurance
2429,20231012,32,3,1396.47,1829.11,1,tied_agency
10477,20230116,129,2,3800.89,3737.13,1,tied_agency
8276,20230602,101,4,1051.0,1365.7,1,bancassurance
7098,20250407,85,3,2728.29,2859.9,1,tied_agency
10130,20231108,126,6,7266.19,7123.9,1,bancassurance
13882,20230918,173,4,1132.23,1562.66,2,tied_agency
13043,20250714,161,3,1134.3,1400.64,2,bancassurance
447,20240227,9,3,1599.35,1692.18,2,bancassurance
1585,20240108,24,2,4855.86,6985.45,1,bancassurance
11405,20230501,140,2,4775.13,6998.17,2,bancassurance
7799,20241120,96,2,3655.43,3483.26,1,tied_agency
8499,20240308,103,1,3532.76,5286.21,2,tied_agency
16100,20240201,200,1,2064.42,2535.9,1,tied_agency
4549,20230210,58,2,1535.53,1618.47,2,tied_agency
1541,20230518,24,4,2887.63,3434.26,1,bancassurance
6515,20241202,9009,4,579.26,785.66,2,bancassurance
6796,20231030,83,6,1250.57,1719.32,1,bancassurance
1618,20240716,24,1,3922.32,4834.24,1,bancassurance
13065,20251003,161,5,929.38,1284.14,2,bancassurance
15173,20250203,186,5,940.83,927.29,2,tied_agency
9002,20251210,111,6,6772.31,8058.03,2,bancassurance
4236,20250602,52,3,2429.15,2890.35,2,tied_agency
5925,20230501,72,6,4160.39,6212.2,1,bancassurance
9778,20250811,123,2,4624.83,5150.83,1,tied_agency
10356,20240222,128,3,2675.64,3016.3,1,tied_agency
4011,20230306,51,5,781.44,1097.89,2,tied_agency
16047,20240411,199,5,729.63,747.75,2,bancassurance
2479,20240708,32,6,5346.11,5394.61,2,tied_agency
8905,20240527,109,3,1484.22,2180.54,2,bancassurance
12815,20230808,160,3,2976.99,3523.29,2,tied_agency
5102,20240923,63,1,2989.62,3959.3,2,bancassurance
10846,20250711,132,3,1134.14,1505.83,2,tied_agency
12375,20240812,154,6,2851.63,3733.96,2,tied_agency
10915,20241112,133,5,1020.76,925.23,2,tied_agency
4294,20250623,53,1,2344.52,2527.77,1,tied_agency
11599,20240205,144,6,2806.65,3962.82,2,bancassurance
7019,20231108,85,1,4292.57,5890.73,2,tied_agency
11757,20230908,148,3,2156.6,3216.18,2,bancassurance
3139,20230109,39,2,3983.09,5655.79,1,bancassurance
9207,20231128,115,4,2631.44,3109.31,1,tied_agency
3289,20250409,40,5,429.85,502.75,1,tied_agency
3673,20240205,47,3,542.27,791.72,2,tied_agency
15863,20250707,195,6,1860.82,1715.1,1,bancassurance
9246,20250226,115,5,899.31,909.29,2,tied_agency
9081,20240314,113,2,3717.05,3891.99,2,tied_agency
6720,20240219,82,2,3433.88,3595.92,2,bancassurance
8713,20250708,104,1,3796.15,4397.14,1,bancassurance
15250,20231204,187,1,4405.35,5212.62,1,bancassurance
11359,20250123,9008,6,2540.32,2516.45,2,bancassurance
3338,20250421,42,4,610.05,878.32,1,tied_agency
10372,20240502,128,4,1959.5,2453.99,2,tied_agency
2325,20251211,29,1,2151.75,2957.69,1,tied_agency
12233,20230207,153,4,2715.45,2711.72,2,bancassurance
7930,20240912,97,1,3000.71,3098.41,1,bancassurance
13845,20241115,171,5,850.87,979.13,1,bancassurance
7027,20240108,85,6,4496.31,4227.62,2,tied_agency
14944,20241008,184,5,488.61,728.34,2,bancassurance
3650,20230316,9004,2,2400.76,2302.81,1,tied_agency
1453,20230601,23,3,1018.43,943.86,1,bancassurance
4083,20250804,51,3,2107.05,2007.52,1,tied_agency
8887,20251110,108,5,904.86,1293.99,2,bancassurance
12503,20250212,156,5,814.22,1178.92,1,bancassurance
7355,20230628,90,1,4867.85,4877.22,1,bancassurance
3588,20240510,46,3,1404.18,1519.21,2,bancassurance
6592,20240221,80,5,521.06,518.56,2,bancassurance
7138,20251110,85,6,2385.72,3064.95,2,tied_agency
8002,20240219,98,4,1880.86,2553.61,1,bancassurance
3315,20230531,42,1,1423.45,1695.29,1,tied_agency
2885,20230322,37,6,6965.15,9681.85,2,tied_agency
8330,20240515,101,1,1137.38,1591.23,2,bancassurance
2459,20240329,32,5,648.47,836.63,2,tied_agency
4977,20250327,62,5,602.92,748.88,2,tied_agency
14340,20241024,180,3,616.31,736.94,2,tied_agency
3006,20250428,37,1,2154.49,2918.33,1,tied_agency
11226,20240101,138,2,3552.85,3495.56,2,tied_agency
6261,20250910,75,3,1423.82,1884.59,2,tied_agency
6761,20250625,82,3,833.65,880.21,1,bancassurance
9887,20240517,124,6,3097.81,2819.06,2,bancassurance
10929,20250402,133,5,296.87,419.79,2,tied_agency
7015,20231117,85,3,2135.59,2082.21,2,tied_agency
10424,20250331,128,3,1177.75,1347.12,2,tied_agency
7956,20250514,97,3,1987.34,2367.05,1,bancassurance
2833,20241030,36,2,2766.89,4119.12,2,bancassurance
5564,20230908,68,5,678.88,996.76,1,tied_agency
4179,20240503,52,1,2573.67,2355.33,2,tied_agency
14964,20250217,184,5,1186.22,1776.43,1,bancassurance
10580,20230424,130,4,716.04,703.88,1,tied_agency
12117,20250618,151,6,5575.08,7974.84,2,bancassurance
9944,20250210,124,3,2171.5,2894.36,2,bancassurance
15418,20231030,190,3,713.14,822.34,2,tied_agency
9654,20230906,123,2,2854.98,4054.42,2,tied_agency
2571,20251201,32,3,2007.03,2768.88,2,tied_agency
1326,20240902,21,4,2732.53,2882.16,1,tied_agency
14426,20241202,181,3,1714.44,2311.94,2,tied_agency
14463,20251215,181,4,1499.71,1376.5,2,tied_agency
3525,20241230,45,3,1370.52,2004.54,1,tied_agency
14025,20251103,174,6,6777.22,9946.59,1,bancassurance
3963,20240718,50,1,3495.57,4037.0,1,bancassurance
16019,20250509,198,4,2260.59,2624.01,2,bancassurance
14089,20241230,176,6,3464.8,3245.4,1,bancassurance
780,20250825,13,4,2825.62,2747.42,1,bancassurance
1510,20250901,23,1,4038.08,5195.55,2,bancassurance
979,20240902,17,6,1913.76,1920.17,2,tied_agency
1957,20230109,28,4,2534.59,3510.92,1,bancassurance
8030,20241202,98,2,1291.28,1235.36,1,bancassurance
4590,20240702,58,6,4795.07,6150.43,2,tied_agency
2157,20230424,29,1,2352.04,2981.8,1,tied_agency
1169,20250925,19,1,1950.95,1849.61,2,tied_agency
13723,20250922,169,4,1536.24,2024.94,1,tied_agency
7256,20240617,88,2,3263.87,4657.76,1,bancassurance
13819,20250915,170,6,3878.6,4519.57,2,tied_agency
15566,20250605,9003,2,1925.8,2320.56,1,tied_agency
8036,20250414,98,2,4170.79,6250.54,2,bancassurance
9244,20250224,9001,2,4002.27,4993.17,2,tied_agency
11791,20241008,148,6,6178.25,5601.6,2,bancassurance
2750,20241230,35,3,2072.8,3027.32,2,tied_agency
12015,20240719,150,6,2388.57,2738.6,2,tied_agency
10369,20240520,128,1,1596.05,2204.17,2,tied_agency
15448,20240916,190,4,1822.03,2251.49,2,tied_agency
4262,20251103,52,5,343.57,409.37,2,tied_agency
11158,20240809,137,6,7093.38,8882.02,2,bancassurance
3097,20240829,38,1,4568.45,6743.09,1,bancassurance
2134,20251208,28,3,1902.78,2445.0,1,bancassurance
11679,20240506,146,5,803.35,834.27,2,bancassurance
2002,20231023,28,5,588.11,783.82,2,bancassurance
3814,20251020,48,2,4522.44,6509.99,1,tied_agency
5959,20240614,72,2,3910.74,4154.97,1,bancassurance
15904,20250613,196,2,894.58,1097.08,1,tied_agency
1930,20240205,27,4,2059.16,2101.21,1,bancassurance
4752,20230529,61,1,1432.19,1771.75,2,bancassurance
7726,20230828,96,6,7930.86,11111.27,1,tied_agency
12174,20240325,152,4,1722.91,1949.89,2,bancassurance
9293,20240416,116,6,2783.29,3669.79,1,bancassurance
13538,20251107,9007,2,1362.51,1981.76,1,bancassurance
3778,20240709,48,2,4109.7,4803.9,1,tied_agency
14524,20231212,182,2,829.38,859.89,2,tied_agency
12473,20240122,156,2,2050.1,1914.91,2,bancassurance
8405,20250707,9007,1,3364.45,4468.74,2,bancassurance
7976,20230220,98,6,5944.68,8034.46,1,bancassurance
13829,20230206,171,1,4391.41,5979.98,2,bancassurance
15975,20231201,198,1,2206.36,2793.87,1,bancassurance
4786,20240115,61,4,833.17,1076.49,2,bancassurance
3214,20250624,39,2,2338.44,2827.61,1,bancassurance
10859,20251222,132,5,1164.31,1077.12,2,tied_agency
6192,20230724,75,2,1937.79,2279.95,2,tied_agency
1741,20251020,25,1,4901.99,6072.97,2,tied_agency
7645,20230215,95,6,6144.87,7258.49,2,bancassurance
8418,20250915,101,5,848.92,798.67,2,bancassurance
1955,20251121,9002,1,3734.65,4207.37,1,bancassurance
15409,20230522,190,2,1428.61,1636.17,2,tied_agency
7369,20231114,90,1,4829.78,6317.51,2,bancassurance
7457,20240122,91,5,836.23,768.88,2,bancassurance
13557,20230727,168,4,875.78,1052.82,1,tied_agency
3441,20230925,44,6,7603.84,9533.54,1,bancassurance
12064,20230905,151,5,826.01,865.41,2,bancassurance
3749,20230803,48,1,1333.63,1437.12,1,tied_agency
6131,20241112,74,1,4270.78,5114.51,1,tied_agency
14171,20240711,177,5,809.35,1060.77,1,tied_agency
15499,20230629,191,3,2915.41,4320.4,2,tied_agency
12012,20240425,150,3,2498.0,2939.99,1,tied_agency
4776,20231011,61,4,1869.67,2596.02,1,bancassurance
2306,20250909,29,1,1857.34,2125.36,2,tied_agency
5472,20231127,67,5,1163.27,1183.76,1,tied_agency
8721,20250929,104,6,1110.76,1395.45,2,bancassurance
150,20231222,9011,5,479.72,716.44,1,tied_agency
12005,20231226,150,3,1498.45,1897.26,1,tied_agency
10413,20250218,128,3,1508.53,2171.27,2,tied_agency
12018,20240923,150,6,6007.35,7585.31,1,tied_agency
1229,20230403,21,2,4101.94,5766.29,1,tied_agency
6835,20241001,83,5,1088.62,1419.56,1,bancassurance
5604,20241227,68,3,2526.39,2390.96,1,tied_agency
16033,20230329,199,5,429.44,457.22,2,bancassurance
3127,20250915,38,5,1179.54,1286.47,2,bancassurance
7261,20240822,88,4,2708.61,2726.09,1,bancassurance
9240,20241212,115,6,7681.19,8195.84,1,tied_agency
11168,20241114,137,6,3559.93,4215.21,2,bancassurance
15989,20240626,9009,1,2774.69,2901.18,1,bancassurance
13458,20230310,167,6,5100.08,5746.92,2,bancassurance
10395,20241001,128,1,4355.05,6088.29,2,tied_agency
10879,20230920,133,1,3576.35,5243.78,2,tied_agency
260,20240313,6,5,969.01,1427.27,2,tied_agency
1648,20250106,24,2,2790.35,3821.75,1,bancassurance
13280,20230322,165,5,896.3,1264.64,1,tied_agency
3962,20240709,50,2,4352.6,4239.31,1,bancassurance
6808,20240222,83,1,4246.6,5670.4,1,bancassurance
6016,20230816,73,1,4386.23,6064.49,2,tied_agency
11891,20240320,149,6,6110.4,6471.16,1,bancassurance
3322,20231122,42,6,5614.85,7178.56,2,tied_agency
2076,20241118,28,6,5087.29,6525.1,1,bancassurance
14289,20250523,179,3,2040.35,2149.78,2,tied_agency
7648,20230421,95,6,3058.77,3692.03,1,bancassurance
7114,20250725,85,1,1862.11,1850.54,1,tied_agency
3469,20230216,45,5,546.61,588.26,1,tied_agency
11341,20240606,139,4,2405.15,3538.38,2,bancassurance
14567,20240715,182,5,611.17,899.61,1,tied_agency
11363,20250217,139,5,238.99,299.76,1,bancassurance
5076,20240409,63,3,1231.39,1813.51,2,bancassurance
2050,20240712,28,2,4561.52,5729.87,2,bancassurance
8069,20230503,99,3,815.74,770.04,2,bancassurance
3219,20250908,39,5,444.75,470.29,1,bancassurance
4497,20250311,56,4,643.95,937.33,2,tied_agency
2901,20230726,9005,1,2821.22,3579.05,1,tied_agency
8115,20240819,99,3,2222.72,2986.26,2,bancassurance
9929,20241206,124,3,2347.15,2778.55,2,bancassurance
14307,20251114,179,4,2363.44,3213.4,1,tied_agency
8387,20250307,101,2,2945.9,4131.39,1,bancassurance
7892,20230619,97,6,1240.09,1492.59,2,bancassurance
8714,20250728,104,3,1478.32,1335.31,1,bancassurance
8703,20250512,104,4,1110.63,1584.97,1,bancassurance
6399,20240516,78,2,3652.99,4080.29,2,tied_agency
10030,20240408,125,2,2267.65,2438.79,1,bancassurance
14264,20240826,179,5,444.63,603.64,2,tied_agency
9696,20240425,123,3,1095.28,1196.1,1,tied_agency
10260,20230814,127,2,4324.45,4624.31,2,bancassurance
9882,20240425,124,3,2173.63,2323.83,2,bancassurance
13890,20240104,173,5,1041.65,1358.7,2,tied_agency
3511,20240603,45,6,7597.01,9945.9,1,tied_agency
1677,20250623,24,1,3040.98,3269.38,1,bancassurance
13494,20240401,167,3,2741.29,3526.39,1,bancassurance
8990,20250404,111,6,2764.94,2954.24,1,bancassurance
8590,20230823,104,3,765.52,1022.95,1,bancassurance
14597,20250205,182,5,446.91,625.22,2,tied_agency
3861,20240209,49,3,1468.51,1407.21,1,tied_agency
2068,20241002,28,6,5815.56,8347.44,2,bancassurance
1890,20250609,26,4,1957.9,2335.74,2,tied_agency
8010,20240418,98,1,1770.35,2083.89,1,bancassurance
15427,20240115,190,4,2946.17,3784.46,2,tied_agency
1072,20250526,18,6,6727.97,7561.71,1,tied_agency
4862,20250320,61,4,532.12,715.2,2,bancassurance
7706,20230501,96,4,1386.06,1954.86,1,tied_agency
12355,20240202,154,1,4922.48,6267.25,2,tied_agency
10304,20230214,128,1,3235.95,3418.45,2,tied_agency
11725,20250210,147,6,6670.95,9721.05,2,tied_agency
13690,20240610,169,4,2860.36,4156.37,1,tied_agency
3848,20230901,49,4,1232.42,1541.22,2,tied_agency
4737,20230209,61,1,1703.97,2372.6,1,bancassurance
3451,20241014,44,4,604.89,767.67,1,bancassurance
8641,20240530,9009,1,4283.61,6102.63,2,bancassurance
4320,20240711,54,1,3633.2,3787.4,2,bancassurance
13970,20230828,174,2,3750.83,5007.49,2,bancassurance
13441,20250717,166,1,1229.47,1262.71,1,tied_agency
8368,20241118,101,1,1903.78,1730.26,1,bancassurance
10897,20240325,133,2,1162.02,1268.95,2,tied_agency
9949,20250410,124,1,4466.58,4826.74,2,bancassurance
5347,20251117,65,2,3685.46,4716.25,2,tied_agency
11502,20250101,141,3,2803.69,3626.05,1,bancassurance
1954,20251030,27,3,2016.33,2831.75,1,bancassurance
1651,20250103,24,2,2590.47,3289.59,1,bancassurance
10179,20241001,126,3,1269.8,1805.47,1,bancassurance
8152,20230120,100,6,1399.51,1669.06,1,bancassurance
1358,20250205,21,1,3270.29,4406.99,2,tied_agency
8467,20251222,102,2,4249.65,4157.52,2,bancassurance
9810,20230207,124,6,1118.11,1297.34,1,bancassurance
8223,20250428,100,5,482.17,619.08,2,bancassurance
12910,20230522,161,5,497.76,510.22,1,bancassurance
3174,20240409,9006,6,4728.92,5890.49,2,bancassurance
1217,20230104,21,6,5224.6,5827.66,2,tied_agency
9236,20241021,115,3,1345.98,1340.92,1,tied_agency
12759,20241121,9004,6,7439.23,9963.84,1,tied_agency
15696,20250610,193,2,1915.47,1896.94,2,bancassurance
5547,20230407,9007,6,6024.8,6896.19,1,tied_agency
8944,20240705,110,6,7138.56,10213.98,2,bancassurance
2644,20240411,34,1,3969.57,5888.43,1,tied_agency
11127,20230918,137,3,1141.56,1626.39,2,bancassurance
1406,20230331,22,3,2682.13,3784.22,2,bancassurance
12878,20251120,160,5,1058.28,1249.82,1,tied_agency
4699,20241108,9006,2,1875.31,2032.93,1,tied_agency
11498,20241106,141,4,1820.64,2269.64,1,bancassurance
12854,20241206,160,3,1460.55,1469.88,1,tied_agency
3471,20230327,45,2,4347.17,4870.14,1,tied_agency
6337,20241227,76,2,4843.92,4998.93,1,tied_agency
11111,20230324,137,1,3069.29,3366.69,2,bancassurance
16154,20250825,200,5,481.57,544.72,2,tied_agency
11387,20251001,139,4,2379.7,2697.99,2,bancassurance
5341,20250922,65,4,2846.9,4027.26,2,tied_agency
11646,20250819,144,6,1797.32,1863.77,2,bancassurance
1721,20240227,25,3,2621.88,3723.24,1,tied_agency
9726,20241022,123,3,2125.47,2846.26,2,tied_agency
2299,20250724,29,5,477.48,642.62,1,tied_agency
15565,20250523,191,4,1730.54,2446.74,2,tied_agency
10483,20230510,129,5,668.24,677.53,2,tied_agency
6654,20230810,81,2,1147.28,1119.46,1,tied_agency
3138,20230123,39,6,6808.23,9331.61,2,bancassurance
13375,20230327,166,4,1606.76,1960.51,1,tied_agency
14,20230616,2,4,2108.35,1936.92,2,tied_agency
9955,20250512,124,6,5265.55,7735.4,2,bancassurance
5868,20240718,71,6,2138.51,2772.35,1,tied_agency
1413,20231120,22,2,4729.1,5317.7,1,bancassurance
15543,20241028,191,4,2303.27,2899.89,1,tied_agency
2095,20250417,28,1,951.51,867.79,1,bancassurance
5407,20240711,66,5,205.01,287.65,1,bancassurance
1303,20240304,21,5,489.59,594.2,2,tied_agency
3498,20231228,45,2,2566.84,2403.29,2,tied_agency
7685,20230110,96,2,2679.24,3682.77,1,tied_agency
11143,20240220,137,4,1537.82,1574.41,1,bancassurance
10375,20240603,128,4,2758.63,3559.94,1,tied_agency
7944,20250206,97,4,1983.76,2323.89,1,bancassurance
2679,20250908,34,6,2903.74,4132.59,2,tied_agency
1394,20251020,9011,3,524.73,584.93,1,tied_agency
3670,20231204,47,1,2318.43,2436.34,1,tied_agency
1091,20230328,19,6,3460.74,3303.16,2,tied_agency
5743,20230315,70,1,4188.02,6037.62,1,tied_agency
14147,20231009,177,4,2171.27,2116.27,2,tied_agency
13428,20241211,166,1,1011.84,1490.44,1,tied_agency
6735,20240702,82,1,3697.72,4426.07,1,bancassurance
12536,20230216,157,5,777.35,855.41,1,bancassurance
1482,20240802,23,2,1437.02,1469.54,1,bancassurance
7292,20250825,88,2,2232.2,3091.8,1,bancassurance
8957,20251024,110,3,2267.15,3318.22,2,bancassurance
9774,20250723,123,1,3348.31,4482.08,1,tied_agency
12363,20240408,154,1,1731.53,2515.32,2,tied_agency
4424,20231123,56,5,368.19,547.66,1,tied_agency
2641,20240219,34,6,2980.36,3693.77,1,tied_agency
9122,20250605,113,2,4077.67,4600.05,2,tied_agency
4059,20241129,51,4,716.66,683.58,1,tied_agency
6765,20250807,82,3,804.62,829.56,2,bancassurance
8824,20240513,107,1,1070.98,1334.02,2,bancassurance
7972,20230109,98,4,1674.66,1960.66,1,bancassurance
8755,20241129,105,5,764.79,851.75,1,bancassurance
4118,20230622,9006,3,2617.29,2763.2,2,tied_agency
8447,20240715,102,3,1905.54,2197.37,1,bancassurance
6601,20240606,80,5,760.52,888.69,1,bancassurance
8689,20250303,104,1,878.13,1263.91,2,bancassurance
8631,20240328,104,5,1092.32,1010.4,1,bancassurance
3272,20241014,40,4,796.63,848.63,2,tied_agency
9368,20231115,118,2,1779.77,1915.78,2,bancassurance
9233,20240801,115,6,2143.37,2363.52,2,tied_agency
13087,20230704,162,4,2585.95,2922.9,2,bancassurance
1277,20231121,21,4,2397.98,3108.04,1,tied_agency
7714,20230627,96,2,3611.91,4482.76,2,tied_agency
4426,20231128,56,2,1131.22,1153.64,1,tied_agency
14390,20231016,181,6,2103.55,2461.46,1,tied_agency
4836,20241015,61,1,1481.04,1479.15,1,bancassurance
11219,20230925,9007,1,2771.81,4055.2,2,tied_agency
10083,20230109,126,5,1001.98,980.09,1,bancassurance
13163,20230721,163,5,514.47,485.59,1,tied_agency
2036,20240521,9001,5,705.64,1022.32,2,bancassurance
1796,20231220,26,4,759.19,1024.88,1,tied_agency
13156,20251117,162,3,2186.17,1984.08,1,bancassurance
12290,20250114,153,3,763.44,820.63,1,bancassurance
8756,20241114,105,5,778.95,780.8,1,bancassurance
7953,20250421,97,5,1102.93,1266.66,2,bancassurance
3377,20240209,43,2,2054.6,3046.49,1,tied_agency
991,20251127,17,4,2030.12,1934.32,2,tied_agency
2573,20230308,33,3,2764.54,2574.36,2,bancassurance
10566,20230222,130,6,5403.72,5311.53,1,tied_agency
13080,20230320,162,2,2836.88,2600.23,2,bancassurance
913,20251020,15,6,3679.53,4153.97,1,tied_agency
12302,20250612,153,5,435.41,473.6,1,bancassurance
7810,20250122,96,6,6106.29,8238.45,1,tied_agency
8051,20251030,98,6,7546.63,8800.89,2,bancassurance
1599,20240412,24,6,5877.62,5969.17,1,bancassurance
13720,20250723,169,5,283.22,285.95,1,tied_agency
8382,20250106,101,6,1648.12,1769.58,1,bancassurance
7667,20241125,95,1,926.72,840.24,2,bancassurance
11351,20240913,139,6,4436.69,4324.35,2,bancassurance
1194,20240411,20,3,2694.74,2638.56,2,tied_agency
10656,20240802,130,4,2279.81,2454.33,1,tied_agency
14755,20241219,183,1,2477.54,3602.77,2,tied_agency
5014,20230327,63,4,1580.64,1843.52,1,bancassurance
3229,20230131,9011,3,954.47,947.9,1,tied_agency
4073,20250403,51,2,4394.89,4683.36,2,tied_agency
2711,20231016,35,6,3361.68,4243.0,1,tied_agency
7374,20240205,90,3,1921.69,2156.71,2,bancassurance
14460,20251112,181,3,1815.23,2658.59,1,tied_agency
9407,20250114,118,6,2567.26,3259.12,2,bancassurance
9443,20251216,118,1,1785.1,2171.62,1,bancassurance
11977,20250922,149,5,955.94,880.39,2,bancassurance
11408,20230626,140,2,3779.41,5115.68,1,bancassurance
13575,20231221,168,5,242.83,257.21,1,tied_agency
2058,20240923,28,5,953.47,1387.02,2,bancassurance
6673,20250908,81,2,4918.19,5025.65,1,tied_agency
7629,20241206,94,2,3254.11,3951.9,1,bancassurance
4873,20250610,61,4,2546.84,3081.91,2,bancassurance
15533,20240625,191,2,3629.0,3480.51,1,tied_agency
7113,20250624,85,3,1127.45,1571.92,2,tied_agency
8293,20231009,101,2,4787.05,6253.61,1,bancassurance
13722,20250811,169,3,1036.08,1016.23,1,tied_agency
8481,20230831,9005,6,3409.86,3730.01,1,tied_agency
11217,20230807,138,1,3675.68,3892.81,2,tied_agency
13355,20250616,165,6,7306.75,9451.61,2,tied_agency
11173,20250101,137,5,921.12,924.47,1,bancassurance
12516,20250703,156,2,4173.93,5781.38,1,bancassurance
9712,20240813,123,1,3910.69,3843.22,2,tied_agency
7797,20241008,96,6,4494.53,5454.36,2,tied_agency
13488,20240221,167,2,4527.3,6332.81,1,bancassurance
5686,20240826,69,5,423.28,564.93,1,tied_agency
15791,20251225,194,1,3343.78,4916.69,2,bancassurance
14854,20230628,184,5,612.35,687.14,2,bancassurance
14429,20250101,181,4,2542.36,3798.84,1,tied_agency
9964,20250730,124,4,1090.52,1135.06,2,bancassurance
10660,20240926,130,3,1732.67,1635.58,1,tied_agency
8940,20240318,110,6,1016.33,1337.63,1,bancassurance
15846,20250106,195,4,1575.1,1536.12,1,bancassurance
11015,20250224,134,4,2647.06,2762.16,1,bancassurance
7309,20230711,89,6,6325.5,9458.14,1,bancassurance
8897,20230906,109,3,1131.36,1579.75,2,bancassurance
11103,20250922,136,5,472.79,574.3,1,tied_agency
10069,20250904,125,5,349.82,346.7,2,bancassurance
5055,20231108,63,6,6803.85,7151.48,2,bancassurance
3335,20250122,42,6,6265.1,7813.57,2,tied_agency
8774,20230410,9008,2,1503.08,1591.28,2,tied_agency
11438,20240620,140,2,2760.33,2709.91,1,bancassurance
14232,20230628,179,6,1530.4,1507.49,1,tied_agency
10991,20240403,134,6,1629.17,1698.82,2,bancassurance
3584,20240402,46,1,2563.16,2328.36,2,bancassurance
15739,20240104,194,1,4692.76,5240.48,1,bancassurance
10795,20231124,132,5,246.9,333.13,2,tied_agency
6068,20250616,73,5,995.76,1429.34,1,tied_agency
44,20240719,2,1,4420.86,5505.98,2,tied_agency
1037,20240610,18,2,1064.39,1514.71,2,tied_agency
11539,20230612,143,2,3241.53,3878.67,1,bancassurance
11989,20251117,149,3,2394.78,2762.29,2,bancassurance
7259,20240704,88,1,1056.85,1151.6,2,bancassurance
2349,20241021,30,4,876.24,1238.43,2,tied_agency
1968,20230329,28,4,2046.61,2512.35,1,bancassurance
15002,20250801,184,3,771.22,965.54,1,bancassurance
13165,20231030,163,6,6646.01,7471.74,2,tied_agency
4201,20241014,52,2,1581.92,1497.53,2,tied_agency
15168,20250120,186,5,1021.07,1514.6,2,tied_agency
8082,20231016,99,6,2984.36,3234.64,1,bancassurance
14739,20240819,183,6,6277.03,7959.41,2,tied_agency
5698,20250101,69,6,4337.72,5972.0,1,tied_agency
5759,20230915,70,4,1226.48,1487.27,2,tied_agency
16041,20230921,199,5,937.23,1397.49,2,bancassurance
7278,20250313,88,3,591.72,696.61,2,bancassurance
11562,20250305,143,1,3882.74,4515.74,2,bancassurance
379,20240725,8,3,1979.23,2367.19,1,bancassurance
1600,20240426,24,4,2553.92,2783.3,2,bancassurance
1993,20230815,28,2,3733.04,4815.42,1,bancassurance
11117,20230518,9010,6,7457.43,9531.54,2,bancassurance
8251,20230210,101,6,5859.86,7286.25,2,bancassurance
15546,20241125,191,6,2672.65,3806.39,2,tied_agency
13171,20240419,163,1,826.39,1100.83,1,tied_agency
7879,20230116,97,6,6507.38,9699.5,2,bancassurance
4038,20240103,51,6,6845.23,10075.19,1,tied_agency
1231,20230411,21,6,4149.64,5746.01,1,tied_agency
6363,20230308,78,3,1495.94,1879.61,2,tied_agency
1523,20230109,24,1,2031.13,2288.35,1,bancassurance
7514,20251231,91,5,953.67,858.86,2,bancassurance
14680,20230710,183,4,2279.37,3182.18,1,tied_agency
6787,20230727,83,4,935.39,1062.45,1,bancassurance
12079,20240115,151,3,1596.84,1909.88,2,bancassurance
1671,20250519,24,6,6701.73,8022.07,1,bancassurance
15790,20251217,9005,3,2840.55,4156.89,1,bancassurance
11058,20240809,135,2,1621.23,1795.19,2,tied_agency
10092,20230314,9006,3,2480.02,2965.24,2,bancassurance
7239,20231205,88,6,4177.82,4176.2,2,bancassurance
9607,20251106,122,4,930.22,1033.35,1,tied_agency
13824,20251124,9005,2,4710.25,5572.43,2,tied_agency
12765,20241209,158,2,1973.79,2272.3,1,tied_agency
5653,20230605,69,2,2256.73,2470.03,2,tied_agency
15635,20230615,193,4,2828.68,2653.41,2,bancassurance
413,20251112,8,5,1046.51,1442.55,1,bancassurance
12350,20240115,154,4,1655.47,2276.53,2,tied_agency
500,20230123,10,3,2077.58,2090.24,1,tied_agency
3207,20250428,39,6,7141.6,10211.42,1,bancassurance
10452,20250919,128,3,1151.75,1253.03,1,tied_agency
4,20230201,2,6,2484.74,3189.65,1,tied_agency
14856,20230717,184,6,5817.28,6951.38,1,bancassurance
7100,20250404,85,1,2252.13,3288.66,1,tied_agency
13321,20240716,165,4,1901.34,2197.63,2,tied_agency
7734,20231016,96,5,631.18,819.14,2,tied_agency
2875,20230201,37,6,2263.59,2089.45,2,tied_agency
11014,20250113,134,5,1000.84,1289.35,1,bancassurance
5823,20251106,70,6,7368.92,9720.79,2,tied_agency
9526,20230424,122,1,4473.68,5590.31,2,tied_agency
12252,20231009,153,6,3698.48,5235.96,2,bancassurance
7709,20230512,96,3,2123.11,2417.72,1,tied_agency
11674,20240304,146,4,2909.75,3908.01,2,bancassurance
13887,20231218,173,5,265.09,352.69,1,tied_agency
8906,20240627,109,3,2432.99,3371.99,1,bancassurance
7597,20250929,92,5,566.69,761.8,2,tied_agency
14595,20250120,182,3,1980.5,2675.95,1,tied_agency
9658,20230926,123,6,2879.65,3154.08,2,tied_agency
3230,20230227,40,2,4812.44,6447.14,2,tied_agency
9119,20250523,113,3,1359.61,1891.99,2,tied_agency
2092,20250318,28,6,1344.51,1379.84,1,bancassurance
903,20250505,15,4,940.44,1385.77,1,tied_agency
12127,20250929,151,6,3400.76,3521.75,2,bancassurance
14083,20240909,176,6,6859.8,9761.65,1,bancassurance
12464,20231013,156,4,2786.11,3023.54,1,bancassurance
13902,20240805,173,5,1078.07,1399.51,1,tied_agency
13921,20250421,173,3,1398.35,1573.41,2,tied_agency
14633,20251020,182,2,4935.2,6002.36,1,tied_agency
4538,20251229,56,6,4791.04,7103.38,2,tied_agency
9439,20251117,118,4,913.89,1063.33,1,bancassurance
13400,20231201,166,5,981.34,930.83,1,tied_agency
6498,20240523,79,3,2940.04,3571.9,2,bancassurance
8591,20230801,104,4,2517.87,3479.69,2,bancassurance
14793,20250728,183,5,1022.07,964.17,1,tied_agency
1359,20250224,21,5,1055.48,1507.86,2,tied_agency
7586,20250505,92,5,794.21,953.56,2,tied_agency
12119,20250722,151,4,2817.13,3121.03,2,bancassurance
11687,20250123,146,3,2890.07,3958.68,1,bancassurance
7854,20250915,96,5,314.85,388.52,2,tied_agency
11797,20241223,148,2,3350.34,3156.49,2,bancassurance
7035,20240209,85,3,2295.94,3372.38,2,tied_agency
11298,20230109,139,2,1352.48,1829.0,1,bancassurance
1662,20250304,9010,1,1348.04,1813.86,1,bancassurance
12125,20250903,151,4,2026.5,1996.09,2,bancassurance
9958,20250604,124,3,2589.63,2584.29,1,bancassurance
1736,20250414,25,4,1693.54,2187.41,2,tied_agency
2864,20251010,36,4,815.27,1087.29,2,bancassurance
10957,20230501,134,6,6493.22,7227.29,2,bancassurance
10834,20250218,132,2,2589.85,3815.05,2,tied_agency
15686,20250210,193,5,305.08,295.54,1,bancassurance
14911,20240409,184,5,550.49,621.61,1,bancassurance
15808,20231030,195,6,7222.18,8528.37,1,bancassurance
7906,20231213,97,4,1607.61,1638.75,2,bancassurance
2859,20250811,36,6,2985.88,3392.07,1,bancassurance
9175,20251117,114,6,1382.97,1415.22,2,tied_agency
1684,20250901,24,5,857.32,1218.07,1,bancassurance
3507,20240311,45,5,1136.92,1638.74,1,tied_agency
15142,20240702,186,1,3015.29,3082.43,2,tied_agency
5721,20250818,69,2,1713.54,1672.85,2,tied_agency
720,20230731,13,1,3102.49,3143.26,2,bancassurance
10918,20241209,133,3,1048.44,1297.19,1,tied_agency
14921,20240717,184,4,2668.62,3697.9,2,bancassurance
13252,20250303,164,5,1053.87,985.43,2,tied_agency
4698,20241028,60,6,6174.12,8362.88,1,tied_agency
7632,20250220,94,6,4397.96,6129.44,1,bancassurance
12527,20230131,157,4,1418.8,1397.77,2,bancassurance
7456,20231208,91,6,3163.21,3788.54,2,bancassurance
12501,20250204,156,1,4760.8,7114.22,1,bancassurance
4668,20231130,60,6,6054.04,6205.22,2,tied_agency
9471,20251217,120,3,2298.39,3306.59,1,tied_agency
12138,20230215,152,3,2495.48,3250.06,2,bancassurance
7502,20250623,91,6,4293.56,5230.76,1,bancassurance
7197,20240415,87,4,1763.84,1706.98,2,bancassurance
10236,20250929,126,6,6413.29,9145.48,2,bancassurance
6999,20230719,85,1,1104.41,1100.06,1,tied_agency
3448,20240703,9004,4,2790.35,3012.06,1,bancassurance
13336,20241119,165,5,767.87,938.22,1,tied_agency
6561,20230417,80,1,4263.14,5786.46,2,bancassurance
992,20251107,17,3,1546.96,1909.92,1,tied_agency
15241,20230904,187,1,1707.61,2442.8,1,bancassurance
9863,20231225,124,6,3782.0,5308.25,2,bancassurance
1976,20230508,28,4,1258.55,1774.43,1,bancassurance
1386,20250804,21,5,1019.18,1259.37,2,tied_agency
11312,20230518,139,4,2094.66,2803.6,1,bancassurance
2973,20240809,37,1,4656.45,5333.88,2,tied_agency
784,20250915,13,5,775.25,739.63,2,bancassurance
13735,20230306,170,2,4223.27,5218.2,1,tied_agency
4325,20241025,54,2,3157.93,3813.45,2,bancassurance
15231,20230418,187,6,2631.01,3866.91,1,bancassurance
15785,20251103,194,6,4730.15,4661.59,1,bancassurance
6122,20240624,74,4,2910.56,3889.2,1,tied_agency
2280,20250417,29,5,235.74,231.97,2,tied_agency
9478,20230705,121,5,937.86,1126.92,1,tied_agency
13683,20240409,169,5,792.04,749.03,1,tied_agency
14659,20230313,183,4,827.67,1199.89,2,tied_agency
5580,20240219,68,3,696.45,644.07,2,tied_agency
9191,20230407,115,4,1409.48,1805.17,2,tied_agency
5122,20250122,63,3,1520.22,1997.36,2,bancassurance
5312,20240729,65,3,1638.02,2324.1,1,tied_agency
2206,20240221,29,3,1588.5,1753.31,1,tied_agency
1154,20250519,19,6,6899.25,7186.43,1,tied_agency
5437,20250616,66,3,1026.27,1289.25,1,bancassurance
15914,20230413,197,3,2455.48,2470.22,2,tied_agency
12981,20240613,161,6,2673.02,2591.55,2,bancassurance
7621,20240325,9001,6,3433.72,5149.32,2,bancassurance
3918,20230125,50,1,2740.91,3990.05,2,bancassurance
1556,20230823,24,6,5657.45,7811.67,1,bancassurance
12291,20250129,153,3,1099.77,1315.15,2,bancassurance
3405,20241031,43,3,1405.07,1898.89,2,tied_agency
7347,20230331,90,2,1761.34,2428.12,2,bancassurance
12842,20240617,160,3,2121.69,2502.82,2,tied_agency
316,20241227,7,2,4957.06,4765.96,1,tied_agency
12295,20250307,153,5,1066.68,1204.3,1,bancassurance
555,20231127,11,4,2948.75,4274.35,1,bancassurance
800,20230703,14,2,4114.59,5228.73,2,tied_agency
9188,20230329,115,2,4484.43,4726.06,2,tied_agency
6238,20241113,75,1,1580.79,2347.44,1,tied_agency
6275,20230109,76,5,777.01,947.28,1,tied_agency
15753,20240703,194,3,1197.03,1236.36,2,bancassurance
13561,20230828,168,1,2530.59,2967.77,2,tied_agency
15117,20240205,186,2,1912.96,1813.45,1,tied_agency
10235,20250925,126,4,2597.18,2908.87,1,bancassurance
7371,20240115,90,4,2193.36,2080.56,2,bancassurance
13658,20230728,169,6,1645.81,1923.14,2,tied_agency
15827,20240716,195,2,3415.3,3205.44,1,bancassurance
9394,20240812,118,2,4705.6,5017.54,1,bancassurance
15829,20240709,195,5,589.95,875.72,2,bancassurance
12098,20240930,151,3,1958.32,2242.51,2,bancassurance
7185,20251007,86,3,1824.0,1923.06,2,bancassurance
12261,20240327,153,1,2074.09,2299.68,2,bancassurance
10385,20240819,128,3,2033.15,2502.75,2,tied_agency
305,20240305,7,3,792.37,890.61,2,tied_agency
3268,20240801,40,2,3304.56,3718.77,1,tied_agency
10326,20230710,128,6,2378.79,2438.66,1,tied_agency
11005,20240919,134,5,1136.5,1210.17,1,bancassurance
6709,20231114,82,1,1004.57,1119.25,2,bancassurance
5256,20251028,64,6,3345.87,3832.28,1,tied_agency
2042,20240625,28,1,1500.44,1727.27,2,bancassurance
11622,20241206,144,3,2329.07,2625.96,2,bancassurance
14968,20250204,184,2,1309.61,1416.21,1,bancassurance
10313,20230403,9006,6,7767.47,7267.5,1,tied_agency
7023,20231214,85,2,2915.68,3853.13,1,tied_agency
6449,20251104,78,4,1131.05,1662.43,1,tied_agency
6396,20240419,78,1,1711.45,2179.75,1,tied_agency
9533,20230821,122,2,1852.08,2448.54,2,tied_agency
6567,20230602,80,3,1770.76,1676.35,1,bancassurance
11597,20240112,144,2,2193.07,3125.62,2,bancassurance
8173,20231003,100,2,4513.91,6402.79,2,bancassurance
1308,20240429,21,4,1932.65,2395.44,2,tied_agency
849,20231003,15,3,1421.42,1602.46,2,tied_agency
13394,20231002,166,2,3449.08,4707.29,2,tied_agency
8349,20240722,101,2,4586.42,6678.96,2,bancassurance
9259,20250811,115,1,3903.67,4844.67,2,tied_agency
8684,20250120,104,4,2640.04,3209.05,1,bancassurance
13147,20250721,162,3,2213.85,3179.59,2,bancassurance
5836,20230418,71,1,1234.32,1381.03,2,tied_agency
5300,20240325,65,5,686.86,618.2,2,tied_agency
6229,20240808,75,5,1163.9,1669.12,2,tied_agency
12539,20230306,157,5,459.57,661.48,1,bancassurance
9787,20251006,123,5,1050.83,960.32,1,tied_agency
11709,20230918,147,1,4606.06,6135.37,1,tied_agency
5405,20240726,66,6,5859.1,8630.16,1,bancassurance
3712,20250529,47,2,1462.31,2164.81,2,tied_agency
8031,20241203,98,2,1242.7,1166.01,2,bancassurance
2524,20250306,32,3,2648.72,2782.43,2,tied_agency
5590,20240607,68,6,4799.97,7023.85,1,tied_agency
6683,20230227,82,6,6419.61,6698.14,1,bancassurance
12390,20250127,154,6,1878.59,2775.95,2,tied_agency
15326,20230720,189,1,2429.15,3354.88,1,bancassurance
2559,20251029,9001,3,2058.08,2241.87,2,tied_agency
6978,20230424,85,3,529.47,779.83,2,tied_agency
5059,20231204,9004,4,912.96,1272.34,2,bancassurance
7722,20230807,96,2,4797.86,5572.02,1,tied_agency
13908,20241015,173,2,2727.75,3130.54,2,tied_agency
13089,20230717,162,2,3532.91,5093.0,2,bancassurance
6065,20250428,73,2,3113.15,4325.69,2,tied_agency
10950,20230206,134,5,661.39,990.29,1,bancassurance
8217,20250214,100,1,3439.07,4840.25,1,bancassurance
2855,20250728,36,2,4116.08,5919.88,2,bancassurance
4430,20231222,56,1,2040.13,2392.85,1,tied_agency
3964,20240826,50,4,2597.86,3617.41,1,bancassurance
6736,20240802,82,2,1010.69,1074.37,1,bancassurance
4770,20230802,61,2,3127.25,4623.3,2,bancassurance
13796,20241220,170,2,1259.83,1181.94,1,tied_agency
9727,20241003,123,2,1074.84,1250.79,1,tied_agency
15757,20241007,194,1,1167.18,1465.29,2,bancassurance
3262,20240624,40,2,1631.4,2078.05,1,tied_agency
14536,20240219,182,5,1086.21,985.34,2,tied_agency
8710,20250619,104,3,1001.53,1264.94,2,bancassurance
8109,20240603,99,6,7271.24,9695.89,2,bancassurance
5181,20230303,64,2,3500.61,3177.79,2,tied_agency
13422,20241028,166,6,4721.47,4443.58,1,tied_agency
15338,20231127,189,3,1242.2,1591.05,2,bancassurance
8384,20250227,101,1,2191.13,2735.16,1,bancassurance
9110,20250217,113,5,1152.38,1699.81,1,tied_agency
11769,20240124,148,1,1280.22,1356.03,2,bancassurance
380,20240808,8,2,826.79,947.52,2,bancassurance
9871,20240228,124,3,1778.74,1882.14,2,bancassurance
13341,20250114,165,4,1629.57,2153.16,1,tied_agency
12695,20251009,157,2,1719.55,2152.39,2,bancassurance
2780,20230220,36,5,815.64,1144.29,1,bancassurance
303,20240206,7,3,1379.96,1621.06,2,tied_agency
6881,20230627,84,4,815.21,876.68,2,bancassurance
3789,20241122,48,1,2612.15,2470.05,2,tied_agency
10646,20240503,130,5,905.46,878.04,2,tied_agency
3781,20240812,48,3,2486.98,2477.06,1,tied_agency
6028,20231204,73,6,4175.75,5420.51,1,tied_agency
2082,20250129,28,6,3786.63,3698.91,2,bancassurance
5104,20241022,63,1,3679.84,5201.28,2,bancassurance
1794,20231130,26,6,2982.74,3794.72,1,tied_agency
4452,20240506,56,5,916.61,1061.65,2,tied_agency
13719,20250730,169,2,2760.93,3456.72,1,tied_agency
14455,20250917,181,6,1236.07,1321.87,1,tied_agency
8438,20230613,102,1,4331.07,5635.56,1,bancassurance
2244,20240903,29,1,3574.93,4442.88,2,tied_agency
15394,20250908,189,6,5977.9,7242.8,2,bancassurance
1176,20251111,19,5,885.75,1218.42,2,tied_agency
6311,20240112,76,2,2052.32,2924.39,2,tied_agency
12787,20250807,158,1,3301.32,3567.2,2,tied_agency
8266,20230405,101,2,2582.98,3281.5,2,bancassurance
6771,20251230,82,6,2981.98,3704.39,2,bancassurance
2991,20250127,37,4,1562.22,1978.66,2,tied_agency
9900,20240704,124,2,2546.6,3573.6,2,bancassurance
3070,20230904,38,1,4764.16,6788.44,1,bancassurance
8167,20230703,100,6,5879.16,7191.26,2,bancassurance
3266,20240722,9003,1,1994.69,2740.51,2,tied_agency
7701,20230410,96,5,1023.58,1402.36,2,tied_agency
7150,20230417,86,6,5365.92,4991.26,1,bancassurance
10589,20230612,130,6,4978.74,5218.01,2,tied_agency
5702,20250212,69,2,1903.01,1778.45,2,tied_agency
6147,20250401,74,2,2766.11,3484.93,2,tied_agency
3463,20251124,44,4,1642.3,2173.81,1,bancassurance
6080,20251008,73,6,1330.39,1883.4,1,tied_agency
10227,20250703,126,1,1715.34,1610.83,1,bancassurance
852,20231117,15,1,3199.74,4759.97,1,tied_agency
125,20230321,4,5,273.75,406.09,1,tied_agency
15009,20250915,184,5,470.76,684.5,2,bancassurance
869,20240619,15,4,2066.28,2904.04,2,tied_agency
13656,20230720,9007,2,4292.53,6345.15,1,tied_agency
15527,20240408,191,4,2256.06,2905.94,1,tied_agency
3386,20240415,43,3,2251.5,2099.56,2,tied_agency
7364,20230908,90,6,2737.33,3142.9,2,bancassurance
11281,20250814,138,3,1726.73,1723.9,1,tied_agency
7007,20230918,85,1,1392.13,1578.17,1,tied_agency
12622,20240530,157,4,2406.57,2783.91,2,bancassurance
7005,20230908,85,1,4301.45,5867.49,1,tied_agency
4643,20230327,9004,1,1757.29,2386.27,2,tied_agency
4033,20231215,51,2,3679.15,3756.14,2,tied_agency
13295,20230918,165,2,4278.19,5153.21,2,tied_agency
3660,20230602,47,2,3883.86,4319.8,2,tied_agency
5907,20251024,71,6,5457.81,7735.52,1,tied_agency
9213,20240110,115,1,3806.24,3726.16,2,tied_agency
8459,20250805,102,4,578.64,774.13,2,bancassurance
15416,20230807,190,6,4567.63,6465.1,2,tied_agency
2411,20230503,32,5,942.91,1105.68,2,tied_agency
5232,20250224,64,3,1021.72,1146.94,2,tied_agency
5853,20240109,71,1,3762.64,3816.22,1,tied_agency
6706,20231012,82,5,1017.44,1006.84,1,bancassurance
7121,20250825,85,6,7828.29,8652.33,2,tied_agency
6574,20230911,80,5,1183.27,1453.59,2,bancassurance
808,20240129,9008,1,3428.33,4892.93,1,tied_agency
8448,20240815,9009,2,3204.73,2989.69,1,bancassurance
13214,20240102,164,5,381.7,450.6,1,tied_agency
14501,20230731,182,4,2530.9,2532.89,1,tied_agency
8473,20230515,103,2,1420.32,1668.92,2,tied_agency
5436,20250508,66,4,1512.29,2222.58,2,bancassurance
11215,20230718,138,4,1090.58,1308.93,2,tied_agency
8196,20240718,100,6,3158.18,4626.37,1,bancassurance
9945,20250324,124,3,1236.86,1738.51,1,bancassurance
13050,20250828,9004,6,5922.08,7426.07,2,bancassurance
2570,20251231,32,6,3244.89,4305.47,1,tied_agency
12113,20250509,151,3,696.47,953.92,2,bancassurance
15907,20251013,196,2,2620.75,3705.31,2,tied_agency
10100,20230425,126,4,1565.62,1710.05,2,bancassurance
15406,20230206,190,4,2849.23,3742.28,1,tied_agency
11470,20250808,140,1,3144.69,3311.06,1,bancassurance
1212,20250811,20,2,4425.77,6111.7,2,tied_agency
458,20240919,9,1,2540.66,2512.51,1,bancassurance
12702,20251118,157,3,1087.45,1606.11,2,bancassurance
8091,20240102,99,6,6514.9,9530.32,2,bancassurance
3014,20250513,9010,5,821.65,760.42,2,tied_agency
14681,20230706,9004,3,1977.22,2527.28,1,tied_agency
7918,20240522,97,1,2505.48,2275.64,1,bancassurance
8377,20241204,101,3,2605.53,3749.41,1,bancassurance
10048,20241025,125,5,1152.96,1305.8,1,bancassurance
9713,20240826,123,3,1930.25,2401.25,2,tied_agency
5096,20240820,63,6,2065.78,2039.23,1,bancassurance
6170,20251222,9002,3,2693.21,3517.32,2,tied_agency
1784,20230927,26,5,922.29,1376.93,1,tied_agency
5845,20231003,71,5,669.96,936.45,2,tied_agency
2202,20240116,29,5,593.85,560.0,1,tied_agency
4090,20251107,51,2,4223.75,4741.76,2,tied_agency
9919,20241031,124,2,3892.72,5443.28,1,bancassurance
4833,20241021,61,3,1116.5,1589.74,1,bancassurance
14490,20230529,182,6,6850.59,8171.46,2,tied_agency
4831,20240925,61,2,1692.89,2043.95,1,bancassurance
7268,20241028,88,1,3846.65,4333.53,2,bancassurance
6705,20231019,82,5,562.02,740.3,1,bancassurance
6461,20230510,79,1,1740.56,1677.48,1,bancassurance
4951,20240527,62,6,6896.59,8850.71,1,tied_agency
971,20230904,17,2,2055.26,2330.79,2,tied_agency
8862,20231211,108,1,4178.93,4173.56,2,bancassurance
2672,20250430,34,3,854.6,1003.43,1,tied_agency
10273,20240726,127,6,2760.7,3949.66,2,bancassurance
14459,20251003,181,4,563.89,796.89,2,tied_agency
9527,20230519,122,3,1317.07,1382.14,2,tied_agency
6144,20250328,74,2,1566.94,1690.64,1,tied_agency
10811,20240403,132,2,1335.06,1732.19,1,tied_agency
14347,20250203,180,2,2737.18,3286.46,2,tied_agency
12743,20240205,158,6,3235.38,3214.26,2,tied_agency
8077,20230925,99,6,5720.08,7347.22,1,bancassurance
13190,20230113,164,2,1489.21,1704.67,1,tied_agency
10539,20250528,129,1,2321.6,2246.95,2,tied_agency
12046,20230306,151,5,271.72,306.24,2,bancassurance
2410,20230417,9001,6,5189.13,5393.11,2,tied_agency
776,20250624,13,5,599.8,870.15,1,bancassurance
15196,20250723,186,6,4021.59,4213.84,2,tied_agency
9328,20250711,116,5,845.59,1090.1,1,bancassurance
4751,20230529,61,1,999.75,1086.66,1,bancassurance
10639,20240307,130,5,576.8,678.15,1,tied_agency
7617,20231204,94,2,4332.27,5424.47,1,bancassurance
10956,20230417,134,4,2185.14,2851.7,2,bancassurance
905,20250623,15,2,4526.5,6527.0,1,tied_agency
2019,20240205,28,6,1313.13,1366.73,1,bancassurance
115,20250724,3,3,1124.03,1088.14,1,tied_agency
12902,20230414,161,6,1425.14,1555.62,1,bancassurance
10863,20230102,133,2,1593.41,1752.73,1,tied_agency
4376,20250728,55,6,5629.34,7947.19,2,bancassurance
3076,20231107,38,5,844.15,831.96,2,bancassurance
5757,20230811,70,3,1517.51,1451.91,1,tied_agency
11583,20230822,144,4,773.92,954.97,2,bancassurance
4719,20250716,60,5,350.73,337.39,1,tied_agency
7589,20250723,92,1,1374.28,1737.94,2,tied_agency
8224,20250521,100,3,830.46,941.46,1,bancassurance
4510,20250616,56,3,1765.85,2042.76,1,tied_agency
7721,20230830,96,5,396.14,444.58,2,tied_agency
71,20250603,2,2,1751.48,1720.9,2,tied_agency
11036,20230428,135,2,4395.53,4483.31,1,tied_agency
3455,20250106,44,5,720.04,922.49,2,bancassurance
2618,20230531,34,4,1425.02,1492.94,2,tied_agency
11352,20241017,139,5,1096.19,1472.33,1,bancassurance
3236,20230308,40,2,1478.56,1679.42,1,tied_agency
4945,20240307,62,1,1436.82,1737.49,1,tied_agency
9160,20240718,114,6,3214.73,4193.09,2,tied_agency
1340,20241118,21,6,1860.84,1830.68,2,tied_agency
2674,20250616,34,1,1272.86,1699.12,2,tied_agency
2561,20251201,32,2,1485.68,1442.69,2,tied_agency
4197,20240918,52,4,2306.96,2776.19,2,tied_agency
11906,20240603,149,2,2243.37,2262.23,2,bancassurance
5209,20240311,64,6,2195.15,3096.46,1,tied_agency
1073,20250616,18,2,3242.95,3203.0,1,tied_agency
9813,20230220,124,2,4686.85,4880.52,1,bancassurance
137,20230807,4,4,1661.11,1834.06,2,tied_agency
14521,20231103,182,3,1392.99,1750.15,2,tied_agency
12103,20241202,151,1,2532.3,2510.57,1,bancassurance
9515,20251127,121,5,990.77,1253.57,1,tied_agency
11621,20241204,144,5,1010.46,1275.13,2,bancassurance
4414,20230825,56,5,582.62,793.16,1,tied_agency
4265,20251212,52,2,3776.59,5015.07,1,tied_agency
2317,20251117,29,5,862.59,944.89,2,tied_agency
10216,20250515,126,1,2410.17,3031.23,1,bancassurance
8257,20230320,101,6,5057.65,5019.77,2,bancassurance
3391,20240503,43,5,267.33,245.05,1,tied_agency
8502,20240521,103,6,2675.38,2935.61,2,tied_agency
670,20241216,12,3,2903.1,3412.04,1,bancassurance
3532,20250227,45,6,1134.55,1409.92,1,tied_agency
194,20250512,4,6,1821.91,2641.18,2,tied_agency
14665,20230320,183,6,1391.84,1423.86,1,tied_agency
8360,20240923,101,1,3969.61,5912.12,1,bancassurance
12092,20240716,151,6,4163.92,6094.21,1,bancassurance
9260,20250811,115,1,1843.09,2127.99,1,tied_agency
9912,20240916,124,1,3827.6,3981.43,2,bancassurance
4500,20250425,56,2,1696.47,1684.32,2,tied_agency
11038,20230626,135,3,2998.02,4378.06,2,tied_agency
10535,20250421,129,6,4672.27,4508.47,1,tied_agency
13827,20251203,170,1,3964.34,5463.27,1,tied_agency
14909,20240423,184,1,3923.85,4899.91,2,bancassurance
5812,20250825,70,2,4082.52,5306.68,1,tied_agency
2972,20240802,37,6,2501.74,2808.27,2,tied_agency
5678,20240506,69,4,2845.68,3508.49,2,tied_agency
298,20231115,7,1,3897.03,5572.2,2,tied_agency
6215,20240325,75,3,1898.92,2664.7,2,tied_agency
8625,20240205,104,3,1086.82,1433.73,1,bancassurance
6244,20250124,75,6,2039.4,2404.43,2,tied_agency
1856,20241126,26,2,1169.67,1560.88,2,tied_agency
4754,20230522,61,6,7753.71,11054.48,1,bancassurance
13821,20251013,170,3,2315.17,2645.67,1,tied_agency
12900,20230403,161,3,534.98,610.96,2,bancassurance
9691,20240415,123,2,1770.72,2361.97,1,tied_agency
4878,20250717,61,4,1361.45,1763.38,2,bancassurance
15098,20231013,186,4,2039.3,1862.54,2,tied_agency
14624,20250819,182,6,2468.04,3448.49,1,tied_agency
6643,20251013,80,6,6764.32,6263.29,1,bancassurance
1181,20230203,20,5,628.9,664.18,2,tied_agency
10932,20250602,9008,4,1765.19,1810.78,2,tied_agency
14610,20250523,182,3,2734.16,4055.4,1,tied_agency
15261,20240429,187,1,4079.51,4802.53,2,bancassurance
8928,20230424,110,1,2539.51,3544.57,1,bancassurance
5846,20231023,71,6,6015.29,7182.46,2,tied_agency
11669,20230915,146,4,605.87,687.74,1,bancassurance
11617,20241016,144,2,3724.29,4684.72,2,bancassurance
8247,20230131,101,6,5056.62,4980.02,2,bancassurance
9030,20250403,112,6,4079.27,5252.69,2,bancassurance
10238,20251015,126,4,1601.5,2094.86,2,bancassurance
12993,20240809,161,3,2612.63,3101.41,2,bancassurance
10987,20240111,134,4,778.0,825.19,1,bancassurance
2365,20230202,31,3,2324.07,3342.94,1,tied_agency
6843,20250210,83,2,3591.91,5307.36,1,bancassurance
11432,20240311,140,5,517.2,506.6,2,bancassurance
1832,20240619,26,4,757.24,1041.88,2,tied_agency
551,20231030,11,1,3027.53,2813.01,2,bancassurance
7372,20240102,90,5,1185.76,1701.44,1,bancassurance
6241,20241225,75,2,842.46,1218.46,1,tied_agency
12203,20250228,152,1,4892.91,5930.83,2,bancassurance
5262,20251222,64,3,1785.41,2452.71,2,tied_agency
6909,20240503,84,6,1991.68,2739.09,2,bancassurance
4708,20250212,60,2,3411.69,4770.32,2,tied_agency
4965,20241216,62,6,5988.53,6094.92,1,tied_agency
13593,20240618,168,5,269.76,253.1,1,tied_agency
123,20230203,4,5,329.77,471.75,2,tied_agency
5206,20240215,64,5,670.47,979.28,1,tied_agency
10687,20250210,130,2,1962.39,1774.67,1,tied_agency
7370,20231225,90,3,1396.43,1648.99,2,bancassurance
2669,20250131,34,3,1612.65,2156.51,1,tied_agency
14020,20250916,9005,1,3702.36,4624.27,1,bancassurance
15555,20250203,191,4,2893.07,3595.1,2,tied_agency
5360,20230410,66,1,2557.74,2852.31,2,bancassurance
13848,20250210,171,2,1412.09,1378.5,2,bancassurance
518,20240819,10,6,3868.29,3853.68,2,tied_agency
2949,20240304,37,4,1722.28,1833.09,2,tied_agency
4216,20250116,52,1,1295.2,1354.31,2,tied_agency
14306,20251006,179,5,733.13,880.69,2,tied_agency
12945,20231108,161,4,1274.85,1451.38,2,bancassurance
6276,20230201,76,6,5309.46,7615.61,1,tied_agency
9627,20230426,123,4,2366.85,2552.61,2,tied_agency
13121,20240823,162,6,5497.4,6985.29,1,bancassurance
15272,20240808,187,5,747.65,930.42,1,bancassurance
10427,20250428,128,4,1840.82,2056.6,2,tied_agency
16138,20250205,200,5,816.2,1096.79,2,tied_agency
15579,20251020,9002,1,2150.78,2702.87,2,tied_agency
5542,20230327,68,3,1653.34,1995.65,2,tied_agency
6256,20250617,75,6,5387.21,7716.33,1,tied_agency
10750,20240315,131,6,2372.14,2644.05,1,tied_agency
14741,20240808,183,2,3472.82,4512.75,1,tied_agency
12887,20230207,161,6,5827.18,7213.28,2,bancassurance
11932,20241127,149,6,3105.61,4258.06,2,bancassurance
3568,20230703,46,6,7618.6,7127.17,2,bancassurance
13113,20240531,162,4,2499.98,3507.52,1,bancassurance
15964,20230808,198,3,1021.92,1449.47,1,bancassurance
2858,20250818,36,6,6432.53,7776.51,1,bancassurance
14414,20240719,181,2,2635.64,3237.28,1,tied_agency
9086,20240611,113,1,3735.82,3362.35,1,tied_agency
206,20251125,4,4,579.34,663.53,1,tied_agency
10281,20241118,9001,3,2961.41,3965.99,2,bancassurance
12182,20240729,152,2,3184.93,3859.15,1,bancassurance
3300,20250930,40,5,602.58,839.73,2,tied_agency
445,20240213,9,6,2855.03,3669.06,1,bancassurance
2808,20231228,36,5,1136.87,1137.03,2,bancassurance
1033,20240404,18,2,2011.17,2964.42,1,tied_agency
2073,20241104,28,3,829.48,1062.45,1,bancassurance
12667,20250418,157,5,419.29,460.43,2,bancassurance
10211,20250526,126,3,844.06,1251.61,2,bancassurance
9799,20251229,123,6,4906.72,7041.02,2,tied_agency
9073,20231129,113,5,450.4,556.71,1,tied_agency
12800,20230117,160,6,2568.49,3083.71,2,tied_agency
11357,20241231,139,1,4064.65,4218.64,1,bancassurance
14146,20230926,177,3,2150.71,2489.0,1,tied_agency
9343,20230130,118,6,7577.58,10728.37,1,bancassurance
14013,20250623,174,3,1638.02,2353.95,2,bancassurance
11940,20250130,9010,3,2706.48,2549.47,1,bancassurance
4361,20240410,55,5,273.69,307.55,2,bancassurance
1324,20240711,21,6,2184.34,2771.24,1,tied_agency
15296,20250630,187,5,294.5,326.85,2,bancassurance
9676,20240112,123,5,1144.56,1360.65,2,tied_agency
15531,20240520,191,1,2058.4,2060.58,2,tied_agency
14878,20231106,184,1,4387.34,3966.42,2,bancassurance
13548,20230314,168,3,2907.32,3536.75,2,tied_agency
11113,20230428,137,5,388.21,471.73,2,bancassurance
7159,20231006,86,5,1020.04,1288.76,2,bancassurance
1430,20250110,22,4,2407.1,3163.68,2,bancassurance
6913,20240712,84,2,4156.1,4073.56,2,bancassurance
14397,20231225,181,1,3465.78,4616.13,2,tied_agency
10630,20240105,130,6,5809.46,7293.92,1,tied_agency
9531,20230619,122,6,1904.42,2094.85,2,tied_agency
15074,20230424,186,5,627.65,842.24,1,tied_agency
5881,20241220,71,4,1302.94,1560.34,1,tied_agency
12810,20230619,160,1,3108.85,2937.07,1,tied_agency
6830,20240930,83,2,4807.71,4673.11,1,bancassurance
9068,20230925,113,2,2098.71,2502.34,2,tied_agency
1338,20241010,21,6,2489.28,3495.97,1,tied_agency
8698,20250401,104,6,5991.03,8828.11,2,bancassurance
4960,20241016,62,1,3646.99,4557.05,1,tied_agency
14499,20230725,182,6,5621.94,6674.08,2,tied_agency
13517,20250113,167,4,628.56,720.23,2,bancassurance
4416,20230922,56,6,7804.71,10507.06,2,tied_agency
14974,20250313,184,1,4619.75,4433.45,1,bancassurance
106,20241111,3,5,493.77,474.79,2,tied_agency
72,20250624,2,1,2932.3,3588.73,1,tied_agency
3759,20231225,48,4,1485.51,1812.72,2,tied_agency
9199,20230822,115,4,2074.16,1867.95,2,tied_agency
2488,20240926,32,2,4833.63,5773.58,2,tied_agency
13057,20250903,161,3,1609.29,2331.94,2,bancassurance
10595,20230727,130,5,859.95,1148.12,2,tied_agency
8528,20250512,103,3,2157.28,2939.65,2,tied_agency
14508,20230925,182,5,437.08,558.69,2,tied_agency
10717,20250903,130,5,247.17,298.94,2,tied_agency
7092,20250224,85,1,3610.95,3626.6,2,tied_agency
635,20231026,12,2,4287.53,5404.45,1,bancassurance
9524,20230425,122,6,5600.19,7472.0,1,tied_agency
16073,20230214,200,4,2257.45,3258.13,1,tied_agency
3147,20230522,39,2,1740.41,1931.13,1,bancassurance
14412,20240624,181,6,5384.3,6134.3,2,tied_agency
15053,20250304,185,1,2369.94,2219.46,2,tied_agency
3371,20231009,43,6,6467.32,9680.35,2,tied_agency
3351,20230327,43,1,2059.58,2118.63,1,tied_agency
6436,20250722,78,1,4434.92,4473.02,1,tied_agency
13101,20240108,162,6,7213.92,8606.61,1,bancassurance
9422,20250512,118,4,1404.86,1415.04,2,bancassurance
1279,20231120,21,4,1505.01,1969.34,2,tied_agency
13253,20250310,164,4,851.93,930.08,1,tied_agency
11684,20241024,146,2,4443.15,6237.31,1,bancassurance
7001,20230815,85,3,2955.44,4409.34,1,tied_agency
4634,20251224,58,3,726.18,1025.89,2,tied_agency
15410,20230510,190,2,3756.96,4168.37,2,tied_agency
14572,20240823,182,3,1574.96,1846.6,2,tied_agency
11914,20240705,149,5,854.67,859.84,2,bancassurance
2191,20231113,29,4,2435.18,3585.53,1,tied_agency
1304,20240318,21,3,2977.55,3221.58,1,tied_agency
14386,20230828,181,4,985.68,1291.07,2,tied_agency
12159,20230913,152,6,5726.84,7968.93,1,bancassurance
1675,20250610,24,5,907.75,1102.96,1,bancassurance
15532,20240507,191,6,6580.6,7722.17,1,tied_agency
13407,20240327,166,5,891.11,1011.6,1,tied_agency
8493,20240105,103,4,2090.14,2045.58,1,tied_agency
6210,20240110,75,1,4953.15,4812.26,2,tied_agency
14054,20231108,176,3,862.06,1231.3,1,bancassurance
13741,20230426,9010,3,2655.38,2697.1,1,tied_agency
4172,20240415,52,5,320.69,383.25,1,tied_agency
7501,20250611,9010,3,1630.18,1798.74,2,bancassurance
15210,20251001,186,3,2488.01,2462.09,2,tied_agency
9115,20250422,113,1,4278.58,5281.77,1,tied_agency
14204,20250825,177,4,2928.12,2663.82,2,tied_agency
2109,20250616,28,4,2428.01,2836.53,1,bancassurance
1875,20250317,26,3,1578.68,1563.48,2,tied_agency
2963,20240524,37,1,2820.28,2855.32,2,tied_agency
13874,20230703,173,3,1059.61,1353.67,2,tied_agency
3191,20241011,39,2,4154.98,4854.66,1,bancassurance
1383,20250805,21,3,1959.16,2399.36,1,tied_agency
10552,20250904,129,2,1874.57,1868.32,2,tied_agency
7125,20250908,85,3,1185.54,1366.57,1,tied_agency
11400,20230307,140,1,3660.35,4119.91,2,bancassurance
11048,20240212,135,1,4628.79,5342.13,1,tied_agency
6681,20230220,82,4,1822.97,2137.26,2,bancassurance
15411,20230623,190,6,5377.1,7337.49,2,tied_agency
14839,20230403,184,5,1049.72,1428.47,1,bancassurance
14948,20241129,184,3,600.0,892.06,1,bancassurance
246,20230206,6,6,5718.23,7912.32,1,tied_agency
11924,20240904,149,5,1128.0,1143.37,1,bancassurance
3944,20240131,50,1,2395.29,2509.45,1,bancassurance
6378,20230727,9003,2,4324.59,5827.85,2,tied_agency
5242,20250519,64,1,958.07,1202.52,2,tied_agency
15114,20240108,186,5,1066.04,1070.43,2,tied_agency
13427,20241122,166,6,3837.61,5546.29,1,tied_agency
15870,20250929,195,1,2954.2,4241.47,1,bancassurance
8055,20251226,98,1,4549.68,5867.8,1,bancassurance
4544,20230131,58,3,2721.17,3023.87,1,tied_agency
1852,20241023,9010,4,2030.8,2306.98,2,tied_agency
8063,20230327,99,6,7260.4,8441.03,1,bancassurance
2996,20250224,37,4,1486.52,1917.3,1,tied_agency
3533,20250310,45,5,586.86,682.83,1,tied_agency
1262,20230920,21,2,4384.31,6244.21,1,tied_agency
7839,20250618,96,3,1824.45,1761.18,2,tied_agency
1738,20250526,25,1,1238.48,1384.15,2,tied_agency
6566,20230526,80,3,2459.64,3101.12,1,bancassurance
14509,20230914,182,1,3214.01,4417.08,2,tied_agency
6665,20241219,81,3,1181.61,1263.29,2,tied_agency
4283,20240819,53,3,2220.54,2228.92,2,tied_agency
943,20240401,16,3,862.87,1227.14,2,tied_agency
5597,20240920,9011,6,1748.0,2026.58,2,tied_agency
2165,20230607,29,2,2662.28,2836.17,2,tied_agency
13751,20230816,170,6,2318.91,3038.4,2,tied_agency
9614,20230109,123,2,899.42,878.11,1,tied_agency
4778,20231010,61,1,808.47,1034.68,2,bancassurance
1306,20240416,21,3,1038.95,1445.67,1,tied_agency
9858,20231113,124,3,2660.76,2501.04,1,bancassurance
13669,20231113,169,5,911.79,1082.77,2,tied_agency
11300,20230224,139,2,4276.64,4625.37,2,bancassurance
6739,20240829,82,5,300.42,366.96,2,bancassurance
12408,20251103,154,5,689.93,733.47,2,tied_agency
6955,20251024,84,6,7963.46,9349.77,1,bancassurance
9550,20240319,122,3,1340.38,1650.12,2,tied_agency
6092,20230427,74,3,1784.87,2543.79,2,tied_agency
1418,20240318,22,1,2036.97,2446.52,1,bancassurance
14504,20230831,182,4,2722.62,3444.98,2,tied_agency
5408,20240729,9004,4,2369.38,2665.17,2,bancassurance
11495,20240916,141,4,1443.29,1388.21,2,bancassurance
4472,20241004,56,3,2329.81,2607.57,2,tied_agency
15328,20230724,189,1,3103.66,2975.23,2,bancassurance
10769,20230224,132,1,3621.44,3729.81,2,tied_agency
10289,20250903,127,6,5590.12,7060.49,2,bancassurance
8846,20251117,107,3,506.38,709.15,1,bancassurance
12899,20230410,161,6,1986.85,2624.57,1,bancassurance
9836,20230705,124,4,1320.51,1673.58,2,bancassurance
4233,20250519,52,2,1443.97,1380.51,1,tied_agency
2793,20230503,36,2,2519.75,2519.69,1,bancassurance
4072,20250414,51,4,2258.98,2558.2,2,tied_agency
6732,20240603,82,6,4377.61,6159.38,2,bancassurance
4069,20250217,51,3,1895.84,2186.12,2,tied_agency
12779,20250519,158,4,1398.41,1956.89,2,tied_agency
12459,20230712,156,3,1142.16,1152.68,2,bancassurance
12164,20231106,152,5,838.47,1032.53,2,bancassurance
11900,20240430,149,4,776.93,980.89,1,bancassurance
1345,20241223,21,5,676.53,974.79,1,tied_agency
474,20250424,9,3,908.78,1305.64,1,bancassurance
8159,20230427,100,1,4024.64,5904.21,1,bancassurance
5445,20251008,66,2,3402.21,3703.12,1,bancassurance
12730,20230922,158,3,664.01,663.77,2,tied_agency
887,20250113,15,1,2411.12,2294.59,1,tied_agency
4276,20230918,53,4,1319.48,1456.85,2,tied_agency
6007,20230323,73,1,3704.19,3459.91,2,tied_agency
3841,20230825,49,5,1188.46,1286.75,2,tied_agency
15559,20250320,191,5,764.3,852.9,2,tied_agency
2788,20230428,36,3,1696.33,1698.24,1,bancassurance
11953,20250401,149,2,3522.87,4257.59,2,bancassurance
10515,20240612,129,6,1979.16,2472.52,1,tied_agency
5964,20240820,72,4,509.01,670.94,2,bancassurance
14746,20240930,183,3,2664.53,3741.23,1,tied_agency
7813,20250113,96,4,1672.03,1566.21,2,tied_agency
2285,20250505,29,1,4373.86,5467.05,1,tied_agency
14982,20250409,184,2,800.33,790.71,2,bancassurance
12510,20250512,156,1,3548.17,3912.78,1,bancassurance
1252,20230717,21,5,1053.45,1400.16,1,tied_agency
624,20230613,12,4,2931.69,3030.6,2,bancassurance
13109,20240401,9006,2,3634.96,4384.91,1,bancassurance
16029,20251223,198,3,790.56,913.94,1,bancassurance
552,20231030,11,5,682.93,822.93,1,bancassurance
15334,20231002,189,2,3190.11,3595.27,2,bancassurance
15910,20230117,197,3,1813.66,1798.61,1,tied_agency
830,20230224,15,4,2574.73,3015.06,1,tied_agency
9552,20240305,122,3,1117.05,1218.1,1,tied_agency
2738,20240912,35,6,6273.9,8807.69,1,tied_agency
6333,20241021,9003,1,2828.71,3456.01,2,tied_agency
12911,20230607,161,5,653.71,788.33,1,bancassurance
4971,20250130,62,1,1090.82,1445.67,1,tied_agency
187,20250319,4,1,3893.8,5351.87,1,tied_agency
6240,20241216,75,2,4802.73,5392.17,1,tied_agency
1059,20250214,18,3,909.48,1215.79,2,tied_agency
4207,20241122,52,3,1209.2,1665.95,1,tied_agency
3421,20250718,43,3,1154.72,1076.31,1,tied_agency
14304,20250919,179,2,1665.7,1998.12,1,tied_agency
14648,20230123,183,3,2760.25,3481.18,2,tied_agency
11488,20240326,141,2,2012.24,2542.71,1,bancassurance
3689,20240830,47,3,1907.6,2238.87,2,tied_agency
12987,20240723,9005,3,1819.79,1870.28,1,bancassurance
11736,20230126,9009,1,2143.93,2125.05,1,bancassurance
6106,20231027,74,5,1101.18,1230.04,1,tied_agency
9685,20240226,123,6,7131.97,9032.26,1,tied_agency
3074,20231018,38,3,630.13,729.61,1,bancassurance
5577,20240130,68,2,3220.36,3116.86,2,tied_agency
1534,20230331,24,6,2315.54,3454.11,2,bancassurance
10601,20230809,130,3,1202.22,1194.21,2,tied_agency
1255,20230807,21,6,6244.78,8119.67,1,tied_agency
8104,20240529,99,5,1051.31,1540.93,2,bancassurance
13924,20250527,173,6,2561.12,3461.95,1,tied_agency
12076,20240125,151,6,7775.2,7298.7,2,bancassurance
8724,20251006,104,4,735.36,834.54,1,bancassurance
4935,20231218,62,4,1390.62,1865.52,1,tied_agency
13805,20250319,170,5,315.42,315.2,1,tied_agency
5205,20240129,64,4,1501.15,1409.01,1,tied_agency
10530,20250203,129,6,6447.36,8239.74,1,tied_agency
4747,20230427,61,5,994.57,1063.06,2,bancassurance
13770,20240312,170,2,3428.43,3670.56,1,tied_agency
4647,20230508,60,3,2161.09,3237.64,1,tied_agency
1620,20240729,24,4,1787.53,2679.1,1,bancassurance
16085,20230804,200,1,3567.13,3925.79,2,tied_agency
14942,20241007,184,6,3157.96,4621.56,2,bancassurance
12665,20250401,157,4,1628.27,1551.81,1,bancassurance
11713,20240207,147,6,5735.88,8569.27,1,tied_agency
3718,20250922,47,4,2822.25,2791.29,1,tied_agency
14513,20231010,182,5,345.07,426.67,1,tied_agency
1032,20240403,18,2,4545.99,5340.29,2,tied_agency
3170,20240329,39,1,3626.65,3629.38,1,bancassurance
10439,20250606,128,1,4774.21,6865.4,2,tied_agency
2386,20250428,31,3,529.28,629.03,2,tied_agency
7378,20240520,90,2,3493.2,4044.41,2,bancassurance
13739,20230426,170,2,4397.65,4872.62,2,tied_agency
4126,20230705,52,5,738.19,762.76,2,tied_agency
9455,20240328,120,2,4981.63,5913.19,1,tied_agency
4003,20251201,50,6,7397.04,9605.73,2,bancassurance
5178,20230109,64,4,1991.71,2520.07,2,tied_agency
73,20250707,2,5,331.05,372.77,1,tied_agency
12638,20240923,157,3,1912.99,1928.78,1,bancassurance
4365,20240614,55,4,2871.57,3565.1,1,bancassurance
2762,20250627,35,4,2836.88,3490.46,2,tied_agency
8021,20240807,98,1,3391.7,3162.85,1,bancassurance
10637,20240305,130,6,4859.52,5228.02,2,tied_agency
1901,20250929,26,3,2692.86,3520.32,2,tied_agency
6837,20241104,83,3,1867.85,2098.22,1,bancassurance
10806,20240202,132,2,3540.54,4249.68,1,tied_agency
1490,20241209,23,5,748.85,1031.27,1,bancassurance
6099,20230829,74,4,2076.69,2822.26,2,tied_agency
9995,20230103,125,2,2225.92,2632.84,1,bancassurance
10829,20241122,132,3,2600.54,3456.24,2,tied_agency
10800,20240110,132,6,7069.44,7142.86,1,tied_agency
3715,20250714,9011,3,2075.74,2845.05,2,tied_agency
15112,20240102,186,6,7700.22,8531.92,1,tied_agency
1699,20251201,24,2,1384.77,1877.48,2,bancassurance
7460,20240219,91,3,1234.48,1801.73,2,bancassurance
4669,20231218,60,6,2790.73,3431.47,1,tied_agency
14120,20251222,176,5,635.4,712.71,2,bancassurance
12154,20230712,152,1,1202.93,1571.07,1,bancassurance
1716,20231120,25,2,2409.38,2962.58,2,tied_agency
8047,20250916,98,6,4876.87,5118.59,1,bancassurance
13589,20240513,168,2,2168.05,2309.75,1,tied_agency
10307,20230310,128,1,1380.12,1591.19,1,tied_agency
13532,20250804,167,2,1258.81,1269.3,2,bancassurance
8880,20250505,108,6,1515.91,1983.73,1,bancassurance
6384,20231025,78,3,2889.47,2698.59,1,tied_agency
4835,20241028,61,4,935.29,1121.78,2,bancassurance
11399,20230309,140,4,1921.13,2395.1,1,bancassurance
6183,20230331,75,5,472.01,671.65,2,tied_agency
9562,20240610,122,1,1983.1,2144.56,1,tied_agency
4906,20230103,62,5,898.72,954.29,2,tied_agency
7350,20230419,90,5,869.9,1214.68,2,bancassurance
1724,20240812,25,6,1184.43,1751.71,1,tied_agency
5783,20240722,70,1,4557.09,5418.21,2,tied_agency
3237,20230425,40,3,2663.58,3320.33,2,tied_agency
13058,20250929,161,4,1756.99,1852.94,2,bancassurance
5696,20241227,69,6,1226.61,1361.16,2,tied_agency
11721,20241105,147,3,1688.87,2026.05,1,tied_agency
5738,20230104,70,1,1631.62,1536.75,1,tied_agency
10322,20230727,128,2,2197.01,2624.75,1,tied_agency
7124,20250815,85,2,3121.51,3388.21,1,tied_agency
1018,20230915,18,4,2172.59,2166.25,1,tied_agency
3939,20231002,50,2,2283.57,3149.24,1,bancassurance
2255,20241230,29,4,2392.07,2563.75,2,tied_agency
1554,20230705,24,1,3060.83,3600.64,2,bancassurance
11424,20231219,140,6,3428.9,4745.24,1,bancassurance
10013,20230828,125,4,1629.74,1842.23,1,bancassurance
9296,20240520,116,4,862.58,1156.03,2,bancassurance
7517,20230130,92,3,1846.93,2249.38,1,tied_agency
9569,20240909,122,6,6458.43,6114.28,2,tied_agency
11060,20240906,135,5,1045.87,1305.37,2,tied_agency
1299,20240205,21,6,7812.91,10893.44,1,tied_agency
3129,20251010,38,4,685.84,892.09,2,bancassurance
15729,20230926,194,1,2690.25,2800.14,1,bancassurance
1711,20230428,9007,6,6590.78,9051.21,1,tied_agency
12613,20240404,157,1,1276.9,1572.47,1,bancassurance
3977,20250116,50,5,843.25,789.03,2,bancassurance
3053,20230201,38,5,920.29,1117.86,1,bancassurance
11604,20240404,144,2,2974.85,3555.81,1,bancassurance
8830,20241015,107,2,4172.53,4080.57,2,bancassurance
2848,20250414,36,3,897.98,984.44,1,bancassurance
11445,20240808,140,6,1936.36,2715.64,2,bancassurance
12521,20251020,156,6,1917.84,2120.99,2,bancassurance
9591,20250625,122,2,3879.85,5413.09,2,tied_agency
12582,20231005,157,3,891.4,892.92,2,bancassurance
8987,20241213,111,1,4190.82,4735.25,2,bancassurance
4173,20240429,52,1,4073.64,4051.52,2,tied_agency
8113,20240726,99,5,335.94,495.7,2,bancassurance
9109,20250203,113,3,2627.02,3817.8,1,tied_agency
2260,20250101,29,5,770.58,882.52,2,tied_agency
505,20230918,10,3,1280.23,1231.1,2,tied_agency
11690,20250630,146,5,867.31,839.57,1,bancassurance
12789,20251015,158,5,309.35,331.17,2,tied_agency
7863,20251017,96,6,2104.68,2073.03,2,tied_agency
11588,20231018,144,6,7943.58,8469.53,2,bancassurance
7867,20251103,96,2,3867.98,5370.25,1,tied_agency
11197,20251006,137,5,880.7,856.33,1,bancassurance
10675,20241128,130,5,276.71,351.26,1,tied_agency
15336,20231030,189,6,4906.17,4493.52,1,bancassurance
6850,20250514,83,6,2624.15,3873.4,2,bancassurance
8464,20251016,102,6,2740.33,2556.2,2,bancassurance
9902,20240722,124,4,2716.04,3831.12,1,bancassurance
15184,20250403,186,4,1770.86,2067.48,1,tied_agency
13390,20230804,166,2,2207.96,2717.17,1,tied_agency
9722,20240930,123,1,931.27,936.85,2,tied_agency
15663,20240506,193,5,1164.32,1206.18,2,bancassurance
3116,20250407,38,4,1606.74,1717.45,1,bancassurance
2810,20240115,36,1,3338.46,3830.71,2,bancassurance
5526,20250918,67,3,733.06,832.24,1,tied_agency
13120,20240822,162,4,2117.58,1996.99,2,bancassurance
8562,20230208,104,2,4369.01,6284.46,1,bancassurance
13883,20230911,173,6,2430.25,3608.46,2,tied_agency
6367,20230424,78,4,947.85,1335.32,2,tied_agency
3782,20240812,48,1,2557.12,3660.5,1,tied_agency
14656,20230227,183,4,1515.43,2220.93,2,tied_agency
8361,20240917,101,4,1473.77,1803.82,2,bancassurance
2295,20250718,29,5,1161.66,1635.57,1,tied_agency
7925,20240710,97,6,3690.99,4666.11,1,bancassurance
6199,20230925,75,4,1512.59,1429.3,1,tied_agency
16115,20240628,200,6,3011.85,3292.96,2,tied_agency
13404,20240115,166,5,489.88,588.04,1,tied_agency
10831,20241202,132,4,1690.26,1599.64,1,tied_agency
5520,20250505,67,1,4610.85,6266.58,1,tied_agency
969,20230727,17,5,1053.34,1162.93,2,tied_agency
2152,20230309,29,3,735.27,824.47,1,tied_agency
6883,20230605,84,1,1282.92,1166.69,2,bancassurance
12898,20230403,161,5,382.93,558.65,1,bancassurance
13136,20250331,162,4,2213.52,2985.05,2,bancassurance
6995,20230714,85,1,2460.22,3411.41,2,tied_agency
9261,20250807,115,3,2605.97,2853.4,1,tied_agency
8479,20230718,103,3,1397.88,1794.3,2,tied_agency
9579,20250122,122,4,2346.62,2986.95,2,tied_agency
8064,20230407,99,1,1316.48,1872.09,2,bancassurance
9543,20240124,122,2,2952.24,4420.92,1,tied_agency
9860,20231128,124,4,1757.7,1584.86,1,bancassurance
14677,20230619,183,1,3380.4,3532.77,2,tied_agency
5431,20250312,66,5,1097.89,1305.22,2,bancassurance
2990,20250122,37,2,4280.86,5379.16,1,tied_agency
7096,20250304,9005,3,1301.23,1606.3,2,tied_agency
4614,20250521,58,6,7335.48,8175.29,1,tied_agency
2283,20250523,29,6,3064.16,4125.09,1,tied_agency
7266,20241028,88,3,1013.97,941.44,1,bancassurance
705,20230116,13,6,5108.44,7557.0,1,bancassurance
7908,20240112,9004,3,2989.21,3317.84,2,bancassurance
4166,20240206,52,4,2276.7,2519.3,2,tied_agency
3705,20250127,47,3,2272.59,3116.49,2,tied_agency
7885,20230320,97,6,1571.83,2290.86,1,bancassurance
2705,20230816,35,6,5303.62,4906.51,1,tied_agency
8291,20230919,101,1,3574.22,5241.43,1,bancassurance
7074,20241126,85,1,3348.21,3130.16,2,tied_agency
9336,20251201,116,6,7287.79,7916.71,1,bancassurance
8440,20231127,102,5,359.05,371.84,1,bancassurance
8295,20231030,101,3,2616.19,3286.29,2,bancassurance
6877,20230404,84,1,4085.62,4400.32,2,bancassurance
15045,20240710,185,6,5142.77,5526.24,2,tied_agency
9332,20250919,116,3,1279.07,1210.89,2,bancassurance
5051,20231110,63,2,2623.54,2977.67,2,bancassurance
7367,20231117,90,3,1221.45,1230.62,1,bancassurance
3667,20231117,9003,4,936.29,1214.05,2,tied_agency
3189,20241007,39,3,1005.74,1035.87,2,bancassurance
4273,20230616,53,6,7263.32,8817.78,2,tied_agency
4154,20231204,52,6,2448.12,2905.77,1,tied_agency
3068,20230904,38,4,1588.43,2183.2,1,bancassurance
15528,20240401,191,5,301.33,298.03,1,tied_agency
6712,20231215,82,4,2317.35,2450.1,2,bancassurance
2319,20251128,29,2,4717.94,5582.21,2,tied_agency
3153,20230710,39,2,2605.84,3297.37,1,bancassurance
429,20230823,9,4,528.49,542.13,1,bancassurance
6158,20250811,74,1,2481.36,2390.52,2,tied_agency
796,20230216,9001,6,6629.97,7180.73,1,tied_agency
6154,20250723,74,2,3033.93,2789.77,1,tied_agency
15797,20230407,195,2,3151.29,3506.03,1,bancassurance
9184,20230206,115,3,2636.16,2523.31,1,tied_agency
15666,20240618,193,3,1628.1,1722.73,2,bancassurance
4082,20250813,9008,5,985.65,897.25,2,tied_agency
200,20250922,4,3,2636.22,3071.47,1,tied_agency
689,20250725,9001,4,1559.86,1796.11,2,bancassurance
4702,20250107,60,4,2198.19,2417.91,2,tied_agency
6572,20230717,80,6,5107.56,7083.43,2,bancassurance
7345,20230202,90,2,1029.03,1286.16,2,bancassurance
16163,20251205,200,3,1993.97,2264.27,1,tied_agency
767,20250128,13,3,1875.2,2809.26,2,bancassurance
7684,20230127,96,5,735.24,680.93,2,tied_agency
1392,20251024,21,4,2059.8,2149.22,2,tied_agency
774,20250505,13,1,958.49,1067.18,2,bancassurance
12687,20250818,157,5,727.1,799.15,1,bancassurance
539,20230516,11,4,1617.67,1571.12,1,bancassurance
4852,20250220,61,2,2855.52,3404.72,1,bancassurance
14721,20240411,183,1,4736.21,6575.78,1,tied_agency
15997,20240829,198,6,6242.81,7044.44,1,bancassurance
8973,20230913,111,3,1020.39,931.13,2,bancassurance
111,20250505,3,6,6469.18,5957.33,1,tied_agency
5802,20250304,70,1,1907.52,2017.09,2,tied_agency
2176,20230821,29,3,1946.74,2159.55,2,tied_agency
9071,20231030,113,2,3186.32,4130.34,1,tied_agency
14559,20240625,182,1,3848.23,5569.84,1,tied_agency
8896,20230619,109,3,1358.97,1345.84,2,bancassurance
3775,20240603,48,5,799.22,1161.64,2,tied_agency
2327,20230417,30,6,4357.78,5807.87,1,tied_agency
3181,20240603,39,5,910.62,1021.3,2,bancassurance
14140,20230629,177,4,2182.91,2549.37,2,tied_agency
684,20250630,12,5,232.56,257.76,1,bancassurance
7876,20230104,97,2,2915.83,3901.79,2,bancassurance
7047,20240405,85,4,1401.48,1883.93,1,tied_agency
9833,20230609,9008,4,1986.58,1792.59,1,bancassurance
13466,20230606,167,2,2837.26,3703.15,1,bancassurance
1098,20230717,19,1,2756.79,3340.78,2,tied_agency
9792,20251002,123,1,1553.21,2039.29,1,tied_agency
13008,20241202,161,1,3872.88,4955.86,1,bancassurance
2233,20240716,29,6,6592.68,7413.74,1,tied_agency
6577,20231011,80,6,6918.18,6713.73,2,bancassurance
14136,20230519,177,4,1486.33,2220.13,2,tied_agency
541,20230717,11,5,762.33,985.51,2,bancassurance
1546,20230608,24,1,4141.27,4554.07,1,bancassurance
9609,20251212,122,6,1890.25,1760.5,2,tied_agency
9408,20250129,118,6,1450.73,1545.25,1,bancassurance
2598,20250512,33,1,4904.1,6398.38,2,bancassurance
5587,20240520,68,3,927.79,1214.08,2,tied_agency
6129,20240912,74,3,2881.71,3049.13,2,tied_agency
12933,20230912,161,4,1422.98,2047.31,2,bancassurance
9681,20240207,123,1,1912.43,2504.0,2,tied_agency
7530,20230619,92,4,1005.89,915.23,2,tied_agency
8909,20240708,109,1,2495.77,2594.25,2,bancassurance
8994,20250820,111,1,2915.89,3074.31,1,bancassurance
6924,20241125,84,3,1865.84,1820.21,2,bancassurance
12606,20240325,157,1,3273.26,3474.71,2,bancassurance
5296,20240205,65,3,2984.05,2840.99,2,tied_agency
11346,20240729,139,4,878.07,831.82,1,bancassurance
3870,20240620,49,1,2159.15,2389.13,2,tied_agency
6600,20240603,80,4,1968.59,1990.17,1,bancassurance
11282,20250903,138,6,6177.31,6201.85,1,tied_agency
15011,20250923,184,1,2838.62,3538.56,1,bancassurance
152,20240117,4,2,1636.04,1972.2,1,tied_agency
13207,20230911,164,1,2660.32,3413.82,1,tied_agency
11206,20230209,138,2,3880.11,4310.64,2,tied_agency
2695,20230501,35,6,6855.28,7705.29,2,tied_agency
13725,20251027,169,6,2065.79,2538.5,2,tied_agency
6980,20230421,85,5,825.27,952.29,2,tied_agency
8043,20250609,98,3,1677.05,2010.83,1,bancassurance
1682,20250721,24,5,494.9,737.97,1,bancassurance
15520,20240201,191,3,801.79,887.49,1,tied_agency
90,20230719,3,5,736.05,941.54,1,tied_agency
7506,20250821,91,6,7507.71,9059.92,2,bancassurance
2971,20240715,37,1,3660.04,5437.2,1,tied_agency
14757,20241209,183,1,3584.19,4794.73,2,tied_agency
10619,20231114,130,6,2051.64,1882.48,1,tied_agency
7697,20230329,96,2,4632.88,6616.03,2,tied_agency
3057,20230420,38,3,2323.15,3238.06,1,bancassurance
2023,20240214,28,3,2017.42,2251.79,2,bancassurance
428,20230828,9,2,3471.98,5131.06,2,bancassurance
6969,20230201,85,5,349.38,428.5,1,tied_agency
3316,20230627,42,4,1927.54,2021.88,1,tied_agency
544,20230801,11,1,1209.24,1566.38,2,bancassurance
5038,20230829,63,2,4212.02,5775.93,2,bancassurance
11827,20230105,149,6,4150.65,4362.45,1,bancassurance
16130,20241015,9010,3,1988.81,2799.21,2,tied_agency
15556,20250226,191,3,1147.18,1044.17,1,tied_agency
1588,20240212,24,1,1155.36,1126.28,2,bancassurance
13111,20240422,162,3,880.48,1316.36,1,bancassurance
6364,20230306,78,5,853.86,1018.03,2,tied_agency
3772,20240408,48,5,1079.07,1218.81,1,tied_agency
1753,20230328,26,2,4018.53,4363.02,1,tied_agency
5218,20240812,64,3,520.16,718.67,1,tied_agency
1970,20230411,9001,1,2219.79,2345.27,1,bancassurance
4234,20250522,52,6,6730.47,8594.61,2,tied_agency
4546,20230227,58,5,646.41,783.84,2,tied_agency
3499,20231215,45,5,635.42,856.04,1,tied_agency
6562,20230428,80,5,939.45,1344.23,2,bancassurance
13300,20231103,165,3,1930.23,2252.65,1,tied_agency
7294,20250915,88,4,2291.72,3237.64,1,bancassurance
4966,20241219,62,6,2276.09,3192.61,1,tied_agency
8891,20230314,109,1,2981.32,3539.89,1,bancassurance
10296,20230130,128,6,5177.62,6706.12,2,tied_agency
6019,20231016,73,6,4833.5,5081.18,1,tied_agency
63,20250114,2,3,1432.13,1532.0,2,tied_agency
3465,20230113,45,3,729.76,968.87,1,tied_agency
4952,20240701,62,4,2483.4,2934.1,1,tied_agency
10102,20230509,126,4,2221.48,2456.2,1,bancassurance
15476,20250811,190,5,1167.47,1571.49,1,tied_agency
631,20230821,12,2,3444.07,3180.65,1,bancassurance
16126,20240902,9003,3,1990.87,2199.12,1,tied_agency
225,20240409,5,5,729.99,827.12,1,bancassurance
9329,20250820,116,5,418.11,480.68,1,bancassurance
9537,20231101,122,6,2449.22,3640.22,1,tied_agency
15218,20251110,186,1,1893.01,1984.01,2,tied_agency
5251,20250901,64,1,3079.84,3705.39,1,tied_agency
11472,20250922,140,1,2478.85,3251.6,2,bancassurance
5927,20230530,72,4,2935.94,3109.99,2,bancassurance
12891,20230306,161,4,2865.31,2702.11,2,bancassurance
10284,20250516,127,1,3363.38,3818.45,1,bancassurance
6664,20241023,81,2,3212.27,3333.64,1,tied_agency
9017,20240304,112,1,803.32,978.83,2,bancassurance
333,20230201,8,1,3429.95,4808.86,1,bancassurance
13376,20230327,166,3,2848.56,3151.01,2,tied_agency
15388,20250522,189,6,1876.47,2652.1,1,bancassurance
11433,20240415,140,4,871.28,1107.61,2,bancassurance
2153,20230417,29,3,583.82,621.75,2,tied_agency
1614,20240610,24,3,2496.17,2998.74,2,bancassurance
6104,20231026,74,2,2016.16,2825.24,1,tied_agency
14590,20241225,182,3,2625.39,2764.9,2,tied_agency
15662,20240514,9005,3,995.69,1283.39,2,bancassurance
7447,20230817,91,6,5627.57,7614.28,2,bancassurance
4460,20240704,56,5,994.2,1116.09,2,tied_agency
4746,20230424,61,4,2141.98,2191.4,2,bancassurance
13107,20240325,162,6,2932.5,3573.15,1,bancassurance
9703,20240520,123,4,1309.27,1295.35,2,tied_agency
15094,20230907,186,5,290.37,350.97,1,tied_agency
14236,20230731,179,6,6952.63,7181.64,2,tied_agency
3454,20241209,44,5,659.11,599.3,2,bancassurance
8859,20231114,108,4,516.57,473.8,2,bancassurance
15091,20230802,186,5,921.9,936.28,1,tied_agency
14770,20250224,183,4,2860.43,4191.91,1,tied_agency
1000,20230314,18,6,4113.75,5133.37,1,tied_agency
11002,20240826,134,5,627.0,868.31,2,bancassurance
14703,20240101,183,1,3190.68,2988.46,1,tied_agency
4108,20230404,52,4,568.73,747.4,2,tied_agency
5951,20240216,72,1,4370.42,4521.63,1,bancassurance
2723,20240301,35,4,1416.69,1869.11,2,tied_agency
5715,20250702,69,1,817.55,798.29,1,tied_agency
11372,20250407,139,6,2165.34,2959.85,2,bancassurance
7874,20251229,96,2,2361.81,3247.16,2,tied_agency
9473,20230123,121,4,2403.39,2977.13,1,tied_agency
15390,20250619,189,6,7979.65,11405.71,1,bancassurance
10412,20250212,128,4,1160.67,1151.44,2,tied_agency
10992,20240513,134,1,1971.07,2761.96,2,bancassurance
9776,20250725,123,4,1950.97,2576.23,2,tied_agency
1645,20241203,24,4,1700.48,1818.38,2,bancassurance
2640,20240226,34,4,945.0,1198.12,1,tied_agency
10753,20240626,131,3,1491.92,1790.31,1,tied_agency
1090,20230207,19,1,4085.96,5933.05,1,tied_agency
16048,20240422,199,1,1896.22,1748.62,2,bancassurance
5385,20231214,66,4,2745.69,3318.29,2,bancassurance
12883,20230117,161,6,7846.54,10892.37,1,bancassurance
15069,20230216,186,4,594.04,583.65,2,tied_agency
1545,20230626,24,6,1950.3,2380.78,2,bancassurance
13577,20240122,168,6,7365.08,9541.42,1,tied_agency
13761,20231115,170,5,852.61,1238.51,1,tied_agency
10021,20231106,125,2,1090.2,1261.27,2,bancassurance
13746,20230616,170,1,4591.32,4152.07,2,tied_agency
622,20230508,12,6,2843.21,3487.51,2,bancassurance
12553,20230529,157,6,5759.11,7967.16,1,bancassurance
12205,20250328,152,4,1899.49,1810.81,2,bancassurance
15431,20240325,190,4,715.94,906.25,2,tied_agency
10062,20250407,125,1,4660.71,6292.78,1,bancassurance
12206,20250421,152,4,1218.69,1180.82,1,bancassurance
12126,20250909,9009,4,771.72,803.46,2,bancassurance
158,20240424,4,4,1959.26,2699.96,1,tied_agency
7463,20240301,91,3,2002.91,2835.9,2,bancassurance
11093,20240704,136,6,3729.92,4040.56,2,tied_agency
11080,20230731,136,5,1123.12,1411.71,2,tied_agency
10737,20251222,130,6,6520.12,8563.28,1,tied_agency
13860,20251209,171,2,2465.09,2675.52,2,bancassurance
16086,20230815,200,3,1567.44,2211.52,1,tied_agency
12075,20231211,151,5,947.17,1004.9,2,bancassurance
13785,20240805,170,2,4099.46,3945.8,1,tied_agency
10680,20241227,130,1,3758.08,4954.45,1,tied_agency
85,20251126,2,1,4324.54,5578.55,1,tied_agency
10751,20240401,9005,2,2524.31,2518.09,1,tied_agency
15882,20230515,196,1,3384.86,3229.58,1,tied_agency
11596,20240101,144,2,4304.15,5139.04,2,bancassurance
9730,20241129,123,2,4734.5,6061.37,1,tied_agency
1899,20250825,26,3,1744.58,1825.91,2,tied_agency
4601,20241118,58,6,1617.51,2308.34,1,tied_agency
6410,20240923,78,1,3836.43,3750.61,2,tied_agency
12107,20250127,151,4,998.63,1237.0,1,bancassurance
6083,20251203,73,3,2727.73,3352.02,1,tied_agency
5705,20250417,69,4,2077.74,2165.3,2,tied_agency
12051,20230504,151,3,1661.43,1977.23,2,bancassurance
769,20250218,13,5,745.63,838.86,2,bancassurance
15470,20250616,190,4,505.13,638.59,2,tied_agency
3063,20230607,38,2,4222.77,4200.0,1,bancassurance
8556,20230124,104,3,2365.12,3380.8,1,bancassurance
2399,20230120,9003,6,2064.36,3024.94,2,tied_agency
12173,20240325,152,4,627.99,829.81,1,bancassurance
11246,20240927,138,3,534.36,790.96,1,tied_agency
7133,20251008,85,6,7450.84,10811.37,1,tied_agency
14573,20240813,182,5,490.72,703.44,1,tied_agency
12362,20240417,154,2,4546.44,5737.87,2,tied_agency
1097,20230614,19,4,1560.23,1885.62,1,tied_agency
1769,20230717,26,4,595.71,591.8,1,tied_agency
10876,20230811,133,2,3692.62,5316.73,1,tied_agency
576,20240903,11,5,419.96,424.29,1,bancassurance
2472,20240523,32,2,1202.63,1338.64,2,tied_agency
14303,20250922,179,4,1250.14,1538.76,1,tied_agency
9999,20230330,125,6,5852.18,6213.2,2,bancassurance
9388,20240626,118,1,1377.27,1827.2,2,bancassurance
1568,20231005,24,4,2239.89,2407.1,1,bancassurance
11427,20240116,140,2,4427.68,6346.1,2,bancassurance
7649,20230530,95,6,3850.42,4384.02,1,bancassurance
4665,20231013,60,6,2278.95,2988.13,2,tied_agency
9789,20251016,123,3,795.86,1069.84,1,tied_agency
15756,20240902,194,5,953.71,974.37,2,bancassurance
6397,20240402,78,5,309.05,281.02,2,tied_agency
77,20250822,2,4,2759.94,2805.23,2,tied_agency
11130,20231009,137,1,4942.71,6403.54,1,bancassurance
12449,20230227,156,6,7973.99,10708.73,2,bancassurance
227,20240613,5,6,6805.84,6335.71,1,bancassurance
861,20240304,15,5,749.99,1020.15,2,tied_agency
12324,20230210,154,6,2259.5,2223.71,1,tied_agency
4469,20240912,56,3,1816.4,2258.24,1,tied_agency
11884,20240118,149,4,1152.43,1650.89,1,bancassurance
14698,20231027,183,4,984.46,1016.02,1,tied_agency
6164,20251007,74,3,1466.78,1347.43,2,tied_agency
525,20250806,10,6,1650.66,2292.73,1,tied_agency
11589,20231024,9003,1,1542.51,1537.84,2,bancassurance
15477,20250901,190,3,842.13,1262.66,2,tied_agency
12475,20240226,156,4,2310.77,2482.85,1,bancassurance
15275,20240916,187,3,1708.43,1660.13,1,bancassurance
13907,20240926,173,1,4971.95,6879.47,2,tied_agency
5391,20240223,66,5,828.51,1204.87,2,bancassurance
10565,20230215,130,3,565.42,832.65,2,tied_agency
5423,20241202,66,4,1902.95,2599.54,2,bancassurance
13310,20240318,165,2,2582.09,2886.45,1,tied_agency
9768,20250616,123,2,2848.5,3259.23,2,tied_agency
5134,20250402,9008,6,4402.64,5236.0,1,bancassurance
2708,20230904,35,6,4432.16,4061.62,2,tied_agency
14983,20250522,184,5,515.74,470.63,2,bancassurance
8309,20231211,101,1,4077.51,5529.3,2,bancassurance
10221,20250617,126,5,615.82,788.76,2,bancassurance
10688,20250207,130,5,564.03,733.22,1,tied_agency
2707,20230919,35,5,969.79,1118.77,2,tied_agency
6755,20250303,82,2,3587.17,4454.44,2,bancassurance
3672,20240111,47,1,3178.15,4611.45,2,tied_agency
2330,20230731,30,3,1190.12,1334.92,2,tied_agency
3106,20241127,38,6,7292.96,10303.36,1,bancassurance
13005,20241104,161,5,785.38,814.56,2,bancassurance
10421,20250326,9007,5,1126.4,1635.36,2,tied_agency
4801,20240429,61,2,2257.52,2072.0,2,bancassurance
16141,20250416,200,5,799.81,1087.03,1,tied_agency
8424,20251103,101,5,642.87,662.26,1,bancassurance
4937,20240108,62,1,2197.93,3269.25,2,tied_agency
13498,20240701,167,5,638.69,842.6,1,bancassurance
8912,20241014,109,1,3362.18,3837.73,2,bancassurance
14036,20230217,176,3,1813.82,2488.36,1,bancassurance
2246,20240923,29,3,1229.56,1339.24,2,tied_agency
15423,20231127,190,4,1882.93,1887.5,2,tied_agency
5878,20241108,71,2,1547.98,2314.22,2,tied_agency
11603,20240401,144,3,2127.61,2731.46,1,bancassurance
12058,20230720,151,2,3773.18,4197.33,2,bancassurance
8317,20240205,101,5,1172.92,1239.01,2,bancassurance
13611,20241209,168,1,1423.88,2038.21,2,tied_agency
212,20230529,5,3,887.8,899.42,1,bancassurance
13905,20240903,173,4,1101.38,1437.83,2,tied_agency
8535,20250620,103,2,2459.93,2974.97,2,tied_agency
4690,20240806,60,6,3285.09,4594.41,2,tied_agency
8647,20240723,104,4,2502.63,2748.03,2,bancassurance
6886,20230713,84,4,1110.68,1204.84,2,bancassurance
4305,20230426,54,5,959.93,1253.43,1,bancassurance
16004,20240916,198,4,1975.58,2618.46,2,bancassurance
7097,20250414,85,1,1554.84,1762.85,1,tied_agency
9165,20250131,114,5,567.35,770.18,2,tied_agency
9831,20230605,124,1,1108.39,1449.84,2,bancassurance
14285,20250428,179,2,4663.76,5680.88,2,tied_agency
14713,20240226,183,1,1348.61,1928.54,1,tied_agency
8471,20230322,9003,1,4217.81,4031.91,2,tied_agency
3694,20240930,47,4,2226.57,2049.03,2,tied_agency
14263,20240705,179,4,2757.47,3062.46,1,tied_agency
211,20230220,5,4,2183.75,2678.73,2,bancassurance
15894,20240405,196,6,1408.03,1607.44,1,tied_agency
2495,20241028,32,5,588.81,705.73,2,tied_agency
9638,20230619,123,6,5488.03,7137.77,2,tied_agency
6679,20230109,82,5,1098.52,1538.81,1,bancassurance
5371,20230703,66,6,6272.65,9042.22,1,bancassurance
11790,20241028,148,1,4119.19,5716.38,1,bancassurance
9741,20250127,123,4,704.34,676.36,1,tied_agency
11544,20240124,143,6,3014.23,4063.27,1,bancassurance
4908,20230228,9010,4,2075.35,2703.23,2,tied_agency
3491,20230918,45,3,828.76,873.72,1,tied_agency
3824,20230222,49,2,3810.96,3778.23,1,tied_agency
5165,20251006,63,6,7556.49,7458.95,1,bancassurance
5075,20240423,63,4,1058.61,1074.98,2,bancassurance
6565,20230522,80,1,2663.2,3756.19,2,bancassurance
273,20250415,6,6,4470.62,5677.69,1,tied_agency
15600,20231108,192,4,2145.05,2815.67,1,tied_agency
5071,20240319,63,1,1397.39,1808.35,1,bancassurance
1328,20240904,21,5,952.39,1077.18,2,tied_agency
1400,20251208,21,3,2840.29,3076.16,2,tied_agency
10757,20241220,131,4,1548.43,1825.94,2,tied_agency
3148,20230522,39,1,4967.03,6493.14,2,bancassurance
8867,20240408,108,2,2555.27,2871.19,1,bancassurance
14863,20230823,184,1,1073.68,1131.88,2,bancassurance
3801,20250520,48,6,3175.55,4278.14,2,tied_agency
14640,20251209,182,4,811.05,732.24,2,tied_agency
4567,20231102,9008,2,3532.83,4893.84,1,tied_agency
2175,20230803,29,3,1148.39,1336.45,2,tied_agency
5956,20240523,72,1,2480.96,2457.23,1,bancassurance
12947,20231114,9005,1,1033.85,1284.26,2,bancassurance
13984,20240318,174,2,1618.86,1748.05,1,bancassurance
4794,20240304,61,2,1607.13,2140.81,2,bancassurance
7762,20240415,96,6,1361.61,1730.97,1,tied_agency
15308,20251103,187,1,2248.39,3228.48,2,bancassurance
15,20230717,2,6,1755.73,2330.63,1,tied_agency
618,20230403,12,6,6124.03,8962.55,1,bancassurance
3635,20250922,46,1,4667.25,5555.46,1,bancassurance
7386,20240805,90,5,1116.71,1518.38,2,bancassurance
5744,20230317,70,3,2151.46,2586.05,1,tied_agency
11194,20250908,137,3,1559.26,2116.76,2,bancassurance
9621,20230324,123,1,2372.83,2137.07,2,tied_agency
1342,20241125,21,6,7617.86,9759.26,2,tied_agency
5370,20230719,66,1,4672.84,5556.93,2,bancassurance
3478,20230508,45,2,3693.16,4912.81,1,tied_agency
10778,20230509,132,3,843.86,1046.97,2,tied_agency
16145,20250516,200,3,1989.66,2864.57,2,tied_agency
4692,20240812,60,4,1522.14,1403.41,1,tied_agency
15047,20240905,185,5,926.16,860.51,1,tied_agency
10543,20250630,129,4,1754.06,2430.38,2,tied_agency
1078,20250818,18,6,5885.77,6577.43,2,tied_agency
11575,20230526,144,4,1023.83,1420.88,1,bancassurance
6464,20230613,79,1,810.65,1082.76,1,bancassurance
856,20231208,15,4,2519.95,3604.03,2,tied_agency
6516,20241216,79,5,670.37,777.38,1,bancassurance
15161,20241119,186,2,2597.11,2807.61,2,tied_agency
16067,20250918,199,1,3166.32,3936.35,1,bancassurance
13815,20250721,170,1,4492.37,4640.86,1,tied_agency
7741,20231225,96,6,2551.82,3623.3,2,tied_agency
3883,20241223,49,5,524.72,529.22,2,tied_agency
8336,20240610,101,2,2057.45,2918.45,1,bancassurance
16036,20230426,199,6,5209.63,6992.89,2,bancassurance
11680,20240620,146,4,2415.55,3331.83,1,bancassurance
10967,20230626,134,3,2600.29,2344.97,2,bancassurance
12377,20240925,154,1,4238.07,5899.52,1,tied_agency
11314,20230605,139,2,1560.13,1563.29,1,bancassurance
15563,20250411,191,2,1917.72,2328.68,1,tied_agency
9031,20250526,9004,1,3408.14,5001.75,1,bancassurance
6318,20240326,76,4,702.66,707.19,2,tied_agency
2511,20250120,32,2,4230.24,5046.38,1,tied_agency
9593,20250610,122,4,1474.33,2173.35,2,tied_agency
11021,20250704,134,6,5358.17,5684.76,2,bancassurance
15152,20240916,186,6,2194.68,2689.94,2,tied_agency
14813,20251119,183,4,1297.74,1287.17,2,tied_agency
7864,20251127,96,4,1610.94,1820.51,1,tied_agency
5249,20250711,64,6,7526.4,8797.0,2,tied_agency
15687,20250312,193,5,780.53,777.67,2,bancassurance
4641,20230206,60,1,2656.2,2927.14,1,tied_agency
15837,20241028,195,1,1632.5,2117.38,2,bancassurance
1396,20251110,21,1,1636.32,1751.62,2,tied_agency
13202,20230601,164,2,4654.91,4872.1,2,tied_agency
8892,20230310,109,5,1112.91,1660.62,1,bancassurance
15062,20230126,186,2,3396.19,3901.37,1,tied_agency
6826,20240902,83,1,4970.8,5066.4,1,bancassurance
12828,20240131,9009,2,1084.92,978.89,2,tied_agency
8800,20250623,106,2,1128.41,1397.41,1,tied_agency
7298,20251201,88,4,1277.0,1651.47,1,bancassurance
15784,20251008,194,5,594.81,597.19,1,bancassurance
6463,20230619,79,5,356.28,336.6,1,bancassurance
14286,20250403,179,3,2931.94,3341.98,2,tied_agency
9280,20230601,116,1,1989.56,2507.98,2,bancassurance
15582,20251124,191,5,1086.78,1405.25,1,tied_agency
5234,20250318,64,3,939.32,985.77,1,tied_agency
7321,20241118,89,1,3789.97,4804.86,1,bancassurance
8929,20230515,110,6,6399.31,5963.07,2,bancassurance
10941,20251020,133,6,1822.03,2541.24,1,tied_agency
14829,20230213,184,6,7029.53,7972.47,1,bancassurance
159,20240527,4,3,2917.68,3996.47,1,tied_agency
12397,20250609,154,3,2346.13,3090.45,1,tied_agency
1294,20240215,21,5,392.56,536.68,1,tied_agency
14369,20230324,181,4,1847.91,2408.35,2,tied_agency
11178,20250320,137,1,1088.58,1066.91,1,bancassurance
13774,20240403,170,3,2956.63,2802.87,2,tied_agency
15473,20250723,190,4,2626.21,2802.82,1,tied_agency
14488,20230504,182,1,3341.34,4452.62,1,tied_agency
3976,20250113,50,1,3173.11,3159.58,1,bancassurance
7143,20251229,85,3,2095.94,2073.23,1,tied_agency
14298,20250805,179,3,1367.64,1824.3,1,tied_agency
2003,20231019,28,5,663.5,825.1,2,bancassurance
12641,20241009,157,3,1636.43,2288.51,2,bancassurance
11265,20250226,138,1,3655.51,5175.19,2,tied_agency
2897,20230522,37,3,2994.71,3937.85,1,tied_agency
4209,20241125,52,6,6483.57,8261.81,1,tied_agency
6456,20230216,79,2,4300.49,4666.72,2,bancassurance
14156,20240116,177,5,224.41,268.44,1,tied_agency
14424,20241122,181,2,2978.52,4285.97,1,tied_agency
2059,20240917,28,2,1203.1,1481.37,1,bancassurance
4102,20230328,52,6,4266.62,5181.09,2,tied_agency
6944,20250605,84,4,2323.37,2828.59,1,bancassurance
5349,20251209,65,2,928.0,942.97,2,tied_agency
3723,20251027,47,1,3132.58,3627.99,1,tied_agency
13859,20251105,171,3,621.82,616.25,2,bancassurance
8461,20250902,102,4,688.67,869.74,1,bancassurance
1728,20241118,25,6,4692.15,6893.99,2,tied_agency
1909,20251104,26,1,1712.77,2389.8,1,tied_agency
4654,20230605,60,2,4132.42,5797.67,1,tied_agency
14203,20250730,177,6,7821.01,8185.32,1,tied_agency
8088,20231204,99,4,546.35,790.66,2,bancassurance
5311,20240711,65,3,1634.46,2197.35,1,tied_agency
9234,20240819,115,2,2838.45,2601.28,2,tied_agency
9777,20250723,123,2,1157.63,1664.97,1,tied_agency
8688,20250310,104,5,302.92,377.1,1,bancassurance
6816,20240424,83,5,479.47,534.8,1,bancassurance
6537,20250901,79,6,3531.22,3616.09,1,bancassurance
15259,20240411,187,6,4550.39,6215.48,1,bancassurance
4114,20230502,52,3,1663.81,2466.05,1,tied_agency
10689,20250313,130,1,2661.83,3016.82,1,tied_agency
96,20231225,3,6,5397.8,7356.67,2,tied_agency
13798,20250108,170,3,1328.68,1415.73,1,tied_agency
13271,20251217,164,3,1886.85,1949.04,1,tied_agency
6338,20250131,76,2,1973.68,2194.35,1,tied_agency
13807,20250401,170,6,7077.48,9790.31,1,tied_agency
8894,20230410,109,5,252.94,270.36,2,bancassurance
13360,20250805,165,2,3289.87,3500.63,2,tied_agency
11754,20230710,148,6,3945.02,4249.01,1,bancassurance
15913,20230418,197,3,2498.48,2462.67,2,tied_agency
10020,20231128,125,1,3717.34,3767.25,2,bancassurance
756,20241002,13,5,823.97,1033.41,2,bancassurance
10361,20240328,128,3,770.68,859.31,2,tied_agency
4703,20250127,60,2,2902.51,3131.93,2,tied_agency
2715,20231120,35,5,381.23,405.95,2,tied_agency
1782,20230905,26,1,1432.13,1683.03,2,tied_agency
2034,20240508,28,3,2370.47,2297.58,2,bancassurance
3083,20231201,9003,3,1214.41,1225.42,2,bancassurance
11832,20230221,149,4,1372.43,1967.9,1,bancassurance
14105,20250722,9004,2,4773.23,5998.78,1,bancassurance
4128,20230714,52,1,2066.0,1992.21,1,tied_agency
9215,20240108,9005,2,2006.42,1832.7,1,tied_agency
14760,20250113,183,1,3552.58,4266.91,2,tied_agency
13313,20240522,165,6,6730.56,6607.43,1,tied_agency
12968,20240304,161,4,2782.33,3799.62,2,bancassurance
9671,20231218,123,4,1582.22,1898.33,1,tied_agency
6524,20250327,79,6,3543.56,5073.91,2,bancassurance
15567,20250623,191,2,3457.36,3220.34,1,tied_agency
7489,20241111,91,4,2297.94,3409.08,1,bancassurance
8150,20251111,99,1,4954.68,6214.01,1,bancassurance
2360,20251003,30,3,1537.82,1578.11,2,tied_agency
13898,20240531,173,2,4149.44,3739.93,1,tied_agency
14274,20241118,179,6,5938.74,5820.78,1,tied_agency
14356,20251009,180,5,467.92,481.37,2,tied_agency
8835,20250108,107,4,2828.72,2959.44,2,bancassurance
554,20231117,11,6,5203.82,7439.47,2,bancassurance
10498,20231117,129,4,1415.54,1360.73,2,tied_agency
13689,20240617,169,6,3935.6,5839.89,2,tied_agency
7598,20250912,92,1,2992.06,3657.43,1,tied_agency
8099,20240404,99,5,999.06,952.52,1,bancassurance
15150,20240923,186,1,3470.85,5153.78,1,tied_agency
1464,20231030,23,1,4044.12,5501.09,1,bancassurance
14259,20240401,179,6,4043.82,5174.68,2,tied_agency
2177,20230831,29,6,5809.28,5822.55,2,tied_agency
5621,20250714,68,6,3480.36,3608.55,1,tied_agency
884,20241205,15,5,550.32,600.45,2,tied_agency
2577,20230623,9011,4,589.96,768.8,2,bancassurance
8050,20250915,98,3,2717.09,4020.46,1,bancassurance
5067,20240305,63,2,2242.35,3208.42,2,bancassurance
9547,20240215,122,1,3740.61,4467.32,2,tied_agency
10434,20250513,128,5,846.23,1028.93,1,tied_agency
8157,20230418,100,6,3089.98,3334.5,2,bancassurance
15193,20250718,186,3,2871.0,3210.45,1,tied_agency
7536,20230831,92,2,4759.7,4458.12,1,tied_agency
9308,20241108,116,4,1151.5,1156.37,2,bancassurance
12863,20250401,160,1,3437.85,4833.97,2,tied_agency
11578,20230612,144,1,3666.83,3962.18,2,bancassurance
8966,20230424,111,4,2389.68,3061.23,1,bancassurance
1015,20230804,18,4,2524.29,3326.99,2,tied_agency
15341,20231222,189,6,5050.76,7386.73,1,bancassurance
15865,20250709,195,2,4023.69,5783.29,1,bancassurance
8690,20250311,104,5,858.81,866.13,1,bancassurance
7314,20240307,89,5,540.71,716.06,2,bancassurance
11457,20250211,140,5,834.94,1063.99,1,bancassurance
12808,20230410,160,4,911.77,944.7,1,tied_agency
9048,20230320,113,5,919.23,1179.4,2,tied_agency
15429,20240219,190,2,1302.61,1853.31,1,tied_agency
9183,20230222,115,6,6054.4,5769.15,1,tied_agency
6206,20231123,75,4,1184.8,1390.73,2,tied_agency
15385,20250428,189,2,2327.47,2209.78,2,bancassurance
15166,20241203,186,4,2949.73,3441.6,1,tied_agency
14478,20230302,182,5,778.92,1125.17,2,tied_agency
2847,20250408,36,4,1575.26,1639.95,1,bancassurance
14375,20230529,181,6,5583.68,7950.24,1,tied_agency
9888,20240521,124,1,4480.94,4535.52,2,bancassurance
10558,20251212,129,1,2304.75,2156.67,1,tied_agency
1913,20251202,26,5,1118.26,1201.55,2,tied_agency
7671,20250213,95,2,4717.67,5145.93,1,bancassurance
7786,20240806,96,1,3444.1,4516.71,1,tied_agency
6737,20240815,82,4,1978.81,2795.63,2,bancassurance
6412,20241014,78,5,559.91,567.61,1,tied_agency
8526,20250407,103,4,1448.65,1851.76,1,tied_agency
13999,20241129,174,6,4670.49,5117.82,1,bancassurance
10255,20230320,127,4,1855.0,2404.39,2,bancassurance
4341,20250804,54,5,1084.56,1226.56,1,bancassurance
7626,20241112,94,6,2902.1,3977.64,2,bancassurance
14823,20230124,184,1,3416.69,4826.13,1,bancassurance
2268,20250310,29,3,2680.21,3873.78,2,tied_agency
15281,20241217,187,3,1192.6,1751.12,2,bancassurance
5389,20240108,66,5,674.94,666.8,2,bancassurance
1450,20230530,23,6,6085.76,8771.65,2,bancassurance
5568,20231026,68,3,2926.56,3275.11,1,tied_agency
8813,20230710,107,2,2537.28,3335.39,1,bancassurance
2845,20250312,36,4,2945.9,3241.29,1,bancassurance
3762,20240223,48,5,241.96,318.94,2,tied_agency
1766,20230630,26,1,1557.15,1502.66,2,tied_agency
14111,20250909,176,1,2374.47,2827.83,2,bancassurance
7255,20240509,88,4,2104.2,2113.0,2,bancassurance
5734,20251224,69,5,1004.24,1274.77,2,tied_agency
6608,20240920,9011,6,6354.89,8623.43,2,bancassurance
12569,20230804,9010,5,765.42,742.1,2,bancassurance
609,20230110,12,4,1657.12,1848.09,2,bancassurance
5571,20231106,68,6,5130.64,5017.95,1,tied_agency
15809,20231127,195,2,4747.24,6535.72,2,bancassurance
8428,20251113,101,4,2750.18,3000.42,2,bancassurance
7042,20240415,85,4,2653.32,3153.19,1,tied_agency
1737,20250414,25,2,1029.62,1156.15,1,tied_agency
4530,20251017,56,1,4358.43,5947.56,1,tied_agency
13962,20230612,174,5,1160.13,1546.87,2,bancassurance
10551,20250911,129,5,651.37,660.12,2,tied_agency
2005,20231109,28,1,1978.94,2591.54,1,bancassurance
8307,20231204,101,3,1501.78,1586.73,2,bancassurance
12292,20250218,153,1,4935.81,5960.48,2,bancassurance
13218,20240318,164,1,1874.45,2479.07,1,tied_agency
5359,20230327,66,1,2009.75,1843.36,1,bancassurance
2683,20251118,34,3,2146.5,2410.01,1,tied_agency
7656,20231006,95,6,3456.45,4486.04,2,bancassurance
3058,20230515,38,1,4505.58,5893.63,2,bancassurance
10722,20251020,130,1,3790.26,3909.27,1,tied_agency
10812,20240509,132,4,1950.37,2605.38,1,tied_agency
10666,20241030,130,1,3113.84,3784.53,1,tied_agency
16076,20230309,200,1,1343.01,1463.44,2,tied_agency
939,20240206,16,2,3574.8,4774.5,1,tied_agency
12228,20251107,152,2,2228.28,2221.41,2,bancassurance
12576,20230918,157,2,4909.53,7317.06,1,bancassurance
3031,20250924,37,5,771.42,1004.16,2,tied_agency
1129,20240902,19,3,551.01,651.19,2,tied_agency
11499,20241129,141,5,918.13,1197.59,1,bancassurance
8300,20231106,101,6,2696.96,2540.62,2,bancassurance
6111,20240131,74,1,1656.57,1791.68,1,tied_agency
13699,20240909,169,4,1329.97,1972.47,2,tied_agency
8311,20240126,101,1,2060.46,2544.35,1,bancassurance
15267,20240701,187,1,3677.83,4260.74,1,bancassurance
14290,20250507,179,6,5441.28,6083.58,2,tied_agency
4625,20250929,58,1,4642.91,6935.6,2,tied_agency
8525,20250414,103,4,2699.65,3427.9,1,tied_agency
6108,20231130,74,3,2812.68,3338.85,2,tied_agency
1429,20241216,22,6,6840.09,7550.73,2,bancassurance
5817,20250909,70,3,1145.35,1500.73,1,tied_agency
716,20230612,13,3,1414.46,1493.51,1,bancassurance
15892,20240318,196,4,2195.06,2463.74,2,tied_agency
12565,20230728,157,4,2123.01,2360.21,1,bancassurance
9514,20251027,121,3,2434.16,3341.21,2,tied_agency
15274,20240919,187,5,643.05,749.07,1,bancassurance
11998,20230621,150,2,1039.48,960.31,1,tied_agency
15947,20251126,197,1,1001.55,1051.41,1,tied_agency
7492,20250108,91,3,2339.53,2774.2,1,bancassurance
4591,20240723,58,4,2961.08,3697.07,2,tied_agency
691,20250818,12,1,3827.42,5291.23,2,bancassurance
14576,20240905,182,5,820.39,975.33,2,tied_agency
68,20250411,2,3,1897.31,2440.12,1,tied_agency
9379,20240329,118,1,1172.22,1320.92,2,bancassurance
1509,20250806,23,5,778.34,1009.95,1,bancassurance
13191,20230106,164,1,2564.2,2966.54,1,tied_agency
10767,20230123,132,1,3925.99,5045.85,2,tied_agency
15519,20240108,191,3,1801.22,2222.97,1,tied_agency
15776,20250630,194,3,2102.84,2416.39,2,bancassurance
61,20250102,2,6,1590.3,2047.79,1,tied_agency
11515,20230926,142,1,4801.48,6174.77,2,bancassurance
7568,20240909,92,5,597.43,592.16,1,tied_agency
9849,20231006,124,4,899.05,1122.04,2,bancassurance
16108,20240410,200,5,804.1,1108.62,1,tied_agency
13244,20250120,164,2,1973.05,2605.11,2,tied_agency
15294,20250526,187,3,2163.24,2068.36,1,bancassurance
1883,20250521,26,2,1518.32,1551.94,2,tied_agency
8723,20251001,104,4,1682.9,1872.38,2,bancassurance
10958,20230420,134,5,933.34,1047.86,2,bancassurance
23,20230914,2,1,1183.14,1125.42,1,tied_agency
6409,20240911,78,5,745.98,893.0,2,tied_agency
2376,20240605,31,4,1673.72,2413.05,2,tied_agency
14818,20251212,183,6,7653.71,8877.45,2,tied_agency
15575,20250806,191,5,923.19,1127.61,1,tied_agency
4149,20231122,52,5,1046.68,1385.18,1,tied_agency
15238,20230719,9001,2,1425.11,1701.9,1,bancassurance
5596,20240912,68,5,834.27,754.33,1,tied_agency
13769,20240208,170,3,2706.27,2804.15,2,tied_agency
14449,20250715,181,4,623.78,861.66,2,tied_agency
9493,20240603,121,3,2885.66,3582.23,2,tied_agency
3286,20250326,40,4,2603.95,2557.38,2,tied_agency
6435,20250728,78,4,2905.89,2858.09,1,tied_agency
4674,20240123,60,2,2301.91,2229.8,2,tied_agency
8235,20250826,100,1,1785.97,2598.72,1,bancassurance
13963,20230706,174,4,2693.24,3730.67,1,bancassurance
2831,20240830,36,4,1867.64,1966.79,1,bancassurance
9872,20240205,124,6,1641.27,2137.3,2,bancassurance
9312,20241216,116,1,3890.9,4652.06,1,bancassurance
7625,20240709,94,5,909.99,1281.66,2,bancassurance
6529,20250516,79,3,2694.1,3427.2,1,bancassurance
476,20250409,9,2,3519.0,4597.99,2,bancassurance
958,20250428,16,3,2989.9,3154.17,2,tied_agency
3306,20251103,40,6,4271.51,6186.67,1,tied_agency
13270,20251103,164,3,2915.43,3861.81,1,tied_agency
2336,20231011,30,4,2368.18,2436.59,2,tied_agency
9200,20230830,115,1,2076.72,2437.18,2,tied_agency
1013,20230703,18,5,1098.25,1263.72,1,tied_agency
8820,20240131,107,5,716.58,708.83,1,bancassurance
10579,20230412,130,3,1875.85,1890.94,1,tied_agency
5223,20240911,64,1,3500.62,3819.12,2,tied_agency
324,20250922,7,3,2571.2,3488.82,2,tied_agency
13382,20230629,166,1,1773.82,2228.88,1,tied_agency
10786,20230814,132,4,1716.13,2129.91,1,tied_agency
11233,20240502,138,4,2268.72,2652.18,1,tied_agency
6836,20241108,83,5,295.52,408.02,2,bancassurance
15932,20240618,197,4,2496.53,2760.83,1,tied_agency
6555,20230206,80,2,3264.9,4638.91,2,bancassurance
5769,20240109,70,3,2623.02,3026.24,1,tied_agency
874,20240801,15,2,4636.09,5406.91,2,tied_agency
3678,20240408,47,3,683.23,697.63,2,tied_agency
4973,20250210,62,5,771.82,791.39,2,tied_agency
15955,20230417,198,2,3310.42,4076.33,2,bancassurance
2463,20240318,32,4,1038.01,1215.79,2,tied_agency
4957,20240909,62,2,2039.85,2191.13,1,tied_agency
2642,20240304,34,6,6020.89,5895.17,1,tied_agency
7510,20250929,91,4,1900.67,2216.83,1,bancassurance
4969,20250127,62,1,4001.5,4404.63,1,tied_agency
2130,20251120,28,3,736.79,939.4,1,bancassurance
2096,20250407,9006,5,597.94,712.11,2,bancassurance
14270,20241014,179,2,4631.72,4474.58,1,tied_agency
3736,20230308,48,2,4334.18,4052.75,2,tied_agency
520,20241007,10,1,4307.98,5606.46,1,tied_agency
10114,20230804,126,1,2295.77,3129.64,2,bancassurance
440,20231204,9,6,2970.66,3097.0,2,bancassurance
15085,20230724,186,1,4795.92,5219.05,2,tied_agency
2,20230118,2,3,748.39,981.44,2,tied_agency
5052,20231127,63,2,1447.88,2050.79,2,bancassurance
4868,20250508,61,6,5374.63,5339.84,1,bancassurance
4626,20250929,58,6,6993.57,10296.4,1,tied_agency
2219,20240404,29,4,621.36,664.25,2,tied_agency
7090,20250210,85,1,1386.8,1472.64,1,tied_agency
12454,20230515,156,1,3700.77,3447.89,1,bancassurance
13495,20240503,167,3,1979.32,2062.21,2,bancassurance
1273,20231016,21,2,4167.43,4784.4,2,tied_agency
514,20240321,10,6,2071.89,2728.92,1,tied_agency
5183,20230323,64,1,2433.87,3362.36,1,tied_agency
4561,20230911,58,1,1680.93,1905.41,1,tied_agency
12577,20230921,157,2,4887.96,7118.55,2,bancassurance
13047,20250804,161,5,711.05,642.76,2,bancassurance
1491,20241210,23,5,278.16,371.34,1,bancassurance
360,20231221,8,4,1966.09,2669.82,1,bancassurance
816,20240924,14,4,2902.99,3141.06,2,tied_agency
2639,20240214,34,6,3625.2,3318.07,2,tied_agency
742,20240506,13,6,1420.37,1581.31,1,bancassurance
9899,20240722,124,6,1431.12,1639.4,1,bancassurance
3866,20240410,9004,1,1769.89,2568.75,2,tied_agency
10120,20230904,126,1,4461.36,5007.37,1,bancassurance
1834,20240711,26,4,1990.82,2116.25,1,tied_agency
11315,20230612,139,4,2058.58,2105.68,1,bancassurance
3720,20250924,9004,1,1372.71,1329.99,2,tied_agency
2727,20240419,35,2,1308.25,1304.58,1,tied_agency
389,20241231,8,3,1631.89,1697.44,1,bancassurance
10440,20250715,128,3,1687.05,1819.08,1,tied_agency
10309,20230417,128,3,2919.25,3760.35,1,tied_agency
996,20230102,18,4,940.81,1225.02,1,tied_agency
2851,20250605,9007,1,808.77,814.06,2,bancassurance
7485,20241015,91,4,1309.07,1767.75,1,bancassurance
7491,20241230,91,5,565.3,544.12,1,bancassurance
1706,20230112,25,2,1227.29,1808.42,1,tied_agency
6848,20250519,83,3,1334.9,1798.27,2,bancassurance
6262,20250912,9004,6,6823.99,6731.51,2,tied_agency
14316,20230320,180,1,1239.68,1327.85,1,tied_agency
13102,20240117,162,4,2146.96,3013.57,1,bancassurance
7136,20251103,85,2,4877.2,4763.7,2,tied_agency
13627,20250807,168,3,2153.41,3143.37,2,tied_agency
11648,20250919,144,5,1006.02,1365.28,2,bancassurance
3362,20230703,43,5,741.04,1070.46,2,tied_agency
9411,20250203,118,4,1007.42,1367.56,2,bancassurance
872,20240729,15,4,2692.62,3023.68,2,tied_agency
8997,20251015,111,6,3592.55,4863.62,1,bancassurance
9174,20250805,114,1,4623.68,4946.4,2,tied_agency
13338,20241219,165,5,729.43,1068.49,2,tied_agency
8026,20240903,9003,1,1150.26,1315.23,1,bancassurance
13195,20230228,164,2,2629.45,3561.72,1,tied_agency
7673,20250312,95,2,2205.85,2442.99,1,bancassurance
4239,20250702,52,1,2303.47,2926.57,1,tied_agency
12858,20250205,160,5,887.38,946.53,1,tied_agency
6630,20250430,80,5,463.97,687.08,1,bancassurance
11704,20230601,147,5,424.26,442.57,1,tied_agency
2314,20251104,29,3,1300.04,1583.76,2,tied_agency
6895,20231204,84,5,280.67,390.17,1,bancassurance
8606,20231103,104,2,1046.62,994.4,2,bancassurance
12725,20230714,158,6,2039.61,2687.63,2,tied_agency
13160,20251216,162,3,1745.27,1866.0,2,bancassurance
15041,20240422,185,2,2105.66,2133.09,1,tied_agency
11245,20240927,138,3,1293.03,1283.3,2,tied_agency
11911,20240711,149,3,1370.36,1504.11,1,bancassurance
5515,20250310,67,2,4045.35,4534.17,2,tied_agency
3542,20250821,9005,6,6512.18,8093.28,2,tied_agency
15113,20240105,186,2,1074.17,1228.85,2,tied_agency
4091,20251128,51,1,4169.02,4218.6,1,tied_agency
12401,20250702,154,4,2703.1,3135.98,2,tied_agency
6522,20250324,79,5,645.89,710.92,1,bancassurance
483,20250811,9,1,2212.39,2358.16,2,bancassurance
13881,20230907,173,2,3172.71,3708.35,1,tied_agency
15573,20250702,9004,5,970.36,1254.94,1,tied_agency
9670,20231228,123,5,1098.14,1331.25,1,tied_agency
14951,20241104,184,5,370.46,382.43,2,bancassurance
2364,20230216,31,1,3531.82,4895.46,1,tied_agency
13684,20240521,9006,5,271.73,388.69,2,tied_agency
14776,20250425,183,2,3478.18,3200.99,1,tied_agency
12208,20250519,152,5,891.02,956.21,1,bancassurance
6501,20240826,79,1,2119.75,1966.14,1,bancassurance
11505,20250603,141,5,565.33,828.92,2,bancassurance
7169,20240618,86,3,1182.68,1667.65,1,bancassurance
5993,20250922,72,2,2411.03,3151.03,2,bancassurance
12168,20240119,152,1,3936.56,4560.44,2,bancassurance
1979,20230515,28,4,2414.2,3180.14,2,bancassurance
7954,20250519,97,3,715.78,933.31,1,bancassurance
9518,20230112,122,5,842.46,912.82,1,tied_agency
7029,20240117,85,1,3848.33,4858.97,2,tied_agency
1610,20240624,24,4,1980.78,2090.59,1,bancassurance
9532,20230704,9001,4,2515.77,2429.61,2,tied_agency
15016,20251119,184,5,220.26,292.31,2,bancassurance
4432,20231211,56,6,1049.07,1244.66,2,tied_agency
11835,20230306,149,3,2389.31,2480.96,1,bancassurance
10997,20240617,134,2,2952.63,3924.02,2,bancassurance
12414,20230123,155,1,4855.67,6739.19,2,tied_agency
8414,20250822,9010,3,1660.35,1544.5,2,bancassurance
3329,20240806,42,3,1594.17,1445.79,1,tied_agency
15891,20240209,196,2,2503.79,3171.88,1,tied_agency
8979,20240701,111,4,2045.96,2614.98,1,bancassurance
8863,20240117,108,5,663.02,831.38,1,bancassurance
7040,20240401,9003,3,1600.43,1825.14,2,tied_agency
11676,20240429,146,2,4932.67,6782.34,2,bancassurance
12178,20240527,152,3,2273.57,2915.61,1,bancassurance
14011,20250401,9010,2,4958.54,5741.53,2,bancassurance
8277,20230623,101,1,1999.78,2116.41,1,bancassurance
9123,20250623,113,6,2310.63,2940.06,2,tied_agency
11358,20241204,139,2,3956.31,4200.35,1,bancassurance
202,20251020,4,4,829.86,953.72,1,tied_agency
9480,20230825,121,5,815.19,827.57,1,tied_agency
13985,20240404,174,6,2052.78,2573.82,2,bancassurance
12925,20230830,161,3,888.21,1305.84,2,bancassurance
12481,20240520,156,6,5047.86,6700.83,2,bancassurance
5009,20230216,63,6,7067.42,8519.44,2,bancassurance
7818,20250205,96,6,6777.62,6962.56,2,tied_agency
3704,20241209,47,2,2053.86,2255.64,2,tied_agency
9555,20240422,9002,1,4542.71,5770.75,2,tied_agency
4598,20240917,58,5,711.73,816.08,1,tied_agency
15722,20230620,194,2,1772.63,2475.25,2,bancassurance
12382,20241104,154,2,3982.24,4047.03,2,tied_agency
12677,20250516,157,4,1983.04,2972.07,1,bancassurance
6744,20241202,82,3,2603.73,2578.09,1,bancassurance
12028,20250512,150,1,2048.74,2171.27,1,tied_agency
14864,20230814,184,6,4510.32,4759.35,1,bancassurance
14816,20251222,183,3,803.09,827.96,1,tied_agency
15310,20251217,187,4,1889.04,1743.85,2,bancassurance
4519,20250811,56,6,5341.55,5816.93,1,tied_agency
5268,20230316,65,2,4607.52,6645.06,2,tied_agency
5369,20230628,66,1,4967.62,6853.42,1,bancassurance
8301,20231130,101,5,1167.01,1676.47,2,bancassurance
56,20241104,2,5,274.19,322.73,1,tied_agency
3516,20240823,45,2,4411.71,5981.08,1,tied_agency
3020,20250721,37,3,1275.32,1278.05,2,tied_agency
7198,20240520,87,5,611.43,600.07,1,bancassurance
6602,20240715,80,5,497.15,731.58,1,bancassurance
5815,20250922,70,4,1957.93,2472.88,2,tied_agency
9939,20250225,124,2,4278.15,4178.56,1,bancassurance
11557,20241021,143,4,1830.33,2097.34,1,bancassurance
2264,20250217,29,3,2307.65,2408.24,1,tied_agency
6259,20250721,9005,3,1661.85,1934.28,2,tied_agency
5023,20230519,63,3,1707.11,2133.25,1,bancassurance
6900,20240109,84,2,1318.58,1836.74,1,bancassurance
10464,20251201,128,6,1714.93,2528.21,2,tied_agency
5916,20230109,72,4,1959.67,1938.44,2,bancassurance
9706,20240604,123,4,887.61,1191.25,1,tied_agency
262,20240522,6,5,1141.14,1322.71,2,tied_agency
7213,20251113,87,1,2594.15,2638.95,1,bancassurance
5716,20250714,69,2,4565.89,4895.46,2,tied_agency
15623,20251201,192,5,841.0,1211.22,1,tied_agency
14792,20250707,183,5,720.12,1079.45,1,tied_agency
8644,20240624,104,1,3005.06,4258.28,2,bancassurance
10910,20241007,133,6,6783.57,8084.89,2,tied_agency
14251,20240205,179,4,2803.34,3540.79,1,tied_agency
3550,20251201,45,6,6628.75,6678.52,1,tied_agency
8444,20240313,102,4,1622.55,1855.82,1,bancassurance
6029,20231220,9003,3,1442.19,1513.6,1,tied_agency
9536,20231003,122,6,6917.22,6475.96,1,tied_agency
12771,20250218,158,3,1659.09,2031.6,1,tied_agency
14901,20240320,184,4,1068.29,1453.05,2,bancassurance
5624,20250702,68,2,2532.88,3190.81,1,tied_agency
12579,20231002,157,6,2847.73,2818.98,2,bancassurance
7973,20230124,98,4,813.44,950.34,2,bancassurance
12023,20250103,150,3,2165.69,2167.31,2,tied_agency
13231,20240823,164,4,678.29,956.76,2,tied_agency
14800,20250825,183,4,2286.05,3074.26,2,tied_agency
14381,20230710,181,1,3107.3,4311.81,1,tied_agency
6082,20251112,73,4,859.45,888.94,2,tied_agency
4468,20240916,56,4,1742.63,1666.54,1,tied_agency
5193,20230824,64,5,1080.58,1015.81,2,tied_agency
6005,20230208,73,2,1567.16,1762.01,2,tied_agency
13299,20231016,165,5,785.11,953.93,1,tied_agency
4718,20250630,60,6,2748.89,2951.71,2,tied_agency
11356,20241101,139,3,2267.14,3115.06,1,bancassurance
1652,20250210,24,4,1812.43,2392.58,1,bancassurance
6711,20231205,82,2,2325.05,2260.85,1,bancassurance
5025,20230515,63,3,2503.58,3055.94,1,bancassurance
10191,20241220,126,1,4784.0,5513.64,2,bancassurance
9121,20250611,113,5,928.92,836.83,1,tied_agency
2667,20250128,34,1,3388.76,4848.12,1,tied_agency
130,20230505,4,2,3467.24,4266.46,2,tied_agency
11105,20230131,137,2,1160.19,1371.79,1,bancassurance
9180,20230109,115,2,1831.68,2051.45,1,tied_agency
14295,20250714,179,2,2613.73,3083.71,2,tied_agency
13131,20241101,162,1,1613.5,1882.18,2,bancassurance
6728,20240521,82,2,3231.84,3069.03,2,bancassurance
6658,20240422,81,4,2850.44,4094.8,1,tied_agency
12986,20240731,161,1,980.23,996.48,2,bancassurance
3948,20240209,50,5,282.21,390.68,1,bancassurance
5449,20251126,66,6,3861.49,3578.01,2,bancassurance
7435,20230328,91,1,3609.55,3311.55,1,bancassurance
4771,20230913,61,5,1170.63,1515.47,1,bancassurance
2454,20240205,32,6,2728.27,3336.58,1,tied_agency
7123,20250804,85,3,1506.22,1854.03,2,tied_agency
14962,20250124,184,5,657.15,920.54,1,bancassurance
10154,20240520,126,1,2214.99,2445.07,2,bancassurance
9028,20250304,112,6,4362.95,6096.03,2,bancassurance
2478,20240708,32,5,574.84,541.29,1,tied_agency
12973,20240524,161,4,775.06,1029.3,1,bancassurance
4055,20240902,51,6,7821.87,8663.28,2,tied_agency
978,20240722,17,6,1133.44,1637.04,1,tied_agency
4682,20240520,60,1,2840.72,3491.53,2,tied_agency
12864,20250409,160,3,2141.17,2551.27,1,tied_agency
5524,20250901,67,1,2250.68,2701.24,1,tied_agency
1377,20250715,21,6,7563.09,10359.6,2,tied_agency
14059,20240117,176,5,963.09,945.37,1,bancassurance
6057,20250130,73,6,2702.41,2442.37,2,tied_agency
11864,20230913,149,5,1097.8,1056.19,1,bancassurance
9764,20250522,123,2,4720.6,5766.07,2,tied_agency
10093,20230327,126,5,527.65,556.26,2,bancassurance
9337,20251208,116,4,1804.69,2284.64,1,bancassurance
6222,20240621,75,5,1192.75,1666.71,2,tied_agency
12201,20250103,152,2,1343.39,1589.15,1,bancassurance
7061,20240807,85,4,2894.11,4132.26,2,tied_agency
15794,20230306,195,5,250.94,350.07,2,bancassurance
7872,20251208,96,1,4918.84,4983.11,1,tied_agency
14799,20250825,9006,4,1592.12,1580.57,2,tied_agency
7658,20240313,9008,1,4225.26,5608.31,2,bancassurance
12804,20230317,160,1,2668.74,3933.99,2,tied_agency
10878,20230928,9010,6,5864.98,6508.27,2,tied_agency
2420,20230704,9003,2,3282.55,4265.27,2,tied_agency
6274,20230130,76,3,1735.53,2052.47,2,tied_agency
1293,20240104,21,6,3643.66,4891.64,2,tied_agency
3551,20251203,45,4,1425.11,1727.8,2,tied_agency
13696,20240820,169,1,2365.54,2675.36,2,tied_agency
5588,20240628,68,3,927.03,862.58,2,tied_agency
7440,20230512,91,5,423.79,609.19,2,bancassurance
15678,20241128,193,1,3767.6,5375.0,2,bancassurance
10898,20240417,133,6,4679.89,6032.84,2,tied_agency
4258,20251024,52,6,2621.2,2476.83,1,tied_agency
7815,20250213,96,2,3712.26,5390.05,1,tied_agency
13409,20240410,166,3,732.85,988.81,2,tied_agency
6455,20230126,9006,4,1415.27,1451.73,2,bancassurance
9360,20230914,118,6,6880.45,8024.99,1,bancassurance
1102,20230828,19,2,4398.45,6319.93,2,tied_agency
1257,20230802,21,4,1259.13,1291.44,1,tied_agency
7287,20250616,88,5,429.62,474.3,2,bancassurance
14060,20240108,9004,4,1947.03,2330.41,2,bancassurance
7916,20240410,97,3,2853.0,2595.8,1,bancassurance
8955,20250908,9006,6,6344.99,6506.8,1,bancassurance
8245,20230116,101,5,709.62,727.29,1,bancassurance
10664,20240923,130,1,4526.93,6334.21,1,tied_agency
5563,20230911,68,3,1827.66,2552.91,2,tied_agency
7091,20250217,85,1,901.0,1145.93,2,tied_agency
1454,20230613,23,6,5861.4,7911.96,2,bancassurance
9162,20241001,114,5,936.06,1202.01,2,tied_agency
11466,20250730,140,3,875.84,1026.8,1,bancassurance
725,20230918,13,5,652.77,861.84,1,bancassurance
1928,20231124,27,6,2435.45,2402.55,2,bancassurance
5992,20250908,72,6,3164.62,4426.83,2,bancassurance
2172,20230703,29,6,6290.83,6162.75,2,tied_agency
14611,20250519,182,3,1518.89,1752.27,2,tied_agency
16097,20231225,200,3,2979.98,3021.09,1,tied_agency
8042,20250610,98,4,1609.49,1526.91,1,bancassurance
7784,20240821,96,6,1487.19,1605.77,2,tied_agency
13285,20230503,165,4,1401.25,2082.8,1,tied_agency
13229,20240603,164,5,571.11,668.27,2,tied_agency
7542,20231016,92,1,2407.13,3585.32,1,tied_agency
10994,20240520,134,2,4721.14,5212.89,1,bancassurance
1192,20240213,20,5,819.66,886.47,2,tied_agency
11169,20241227,137,2,2244.06,2573.01,1,bancassurance
5171,20251201,63,5,800.27,871.84,1,bancassurance
14048,20230727,176,2,1457.19,1576.61,1,bancassurance
3702,20241220,47,3,2035.2,2950.43,2,tied_agency
4140,20231025,52,4,2635.2,3382.79,2,tied_agency
7958,20250707,97,5,592.18,648.53,2,bancassurance
13245,20250106,164,1,2139.16,2358.01,1,tied_agency
12177,20240501,152,1,3108.31,4353.61,1,bancassurance
11846,20230607,149,4,2512.82,3165.29,2,bancassurance
10727,20251117,130,6,1002.83,1404.42,2,tied_agency
889,20250107,15,5,555.62,610.85,1,tied_agency
14671,20230524,183,4,570.48,778.38,1,tied_agency
4705,20250203,60,4,983.32,987.57,2,tied_agency
14243,20230912,179,4,2069.75,1896.97,2,tied_agency
10762,20250827,131,3,684.25,790.9,2,tied_agency
1830,20240617,9001,4,2362.99,2829.64,2,tied_agency
11259,20250130,138,5,813.76,843.12,2,tied_agency
7877,20230125,97,1,3006.46,3716.24,2,bancassurance
1631,20240913,24,1,2268.83,3025.39,2,bancassurance
14635,20251110,182,2,2448.06,2878.66,1,tied_agency
9953,20250416,124,1,1850.01,2754.15,2,bancassurance
6748,20241230,82,2,3020.41,4161.96,1,bancassurance
7935,20241004,97,4,2079.92,2922.91,2,bancassurance
2666,20250122,34,5,796.74,1097.11,1,tied_agency
9013,20231225,9002,6,4608.66,5334.72,1,bancassurance
7232,20230915,88,3,2271.88,2724.69,1,bancassurance
13677,20240214,169,2,4023.01,4792.04,2,tied_agency
10051,20241220,125,2,4788.35,5701.6,2,bancassurance
718,20230717,13,4,1837.75,2412.34,2,bancassurance
9636,20230516,123,5,766.41,1027.24,2,tied_agency
5040,20230921,63,2,2772.21,3813.35,2,bancassurance
7394,20241007,90,2,4391.61,4372.32,1,bancassurance
13210,20231204,164,6,1863.68,2763.83,2,tied_agency
10644,20240417,130,1,1675.64,2271.36,2,tied_agency
1760,20230529,26,6,3892.36,4554.28,1,tied_agency
4104,20230323,52,3,1058.64,1289.49,1,tied_agency
2156,20230417,29,5,832.24,993.84,1,tied_agency
7572,20241121,92,2,4938.43,5993.49,2,tied_agency
12646,20241115,157,1,4993.85,6015.56,2,bancassurance
3099,20240805,38,1,3106.86,4378.76,2,bancassurance
3280,20250227,40,3,1152.65,1634.96,1,tied_agency
14233,20230601,179,4,2543.76,3363.95,1,tied_agency
9150,20240208,114,5,1139.21,1479.95,1,tied_agency
422,20230424,9,3,1306.51,1940.84,2,bancassurance
5735,20251205,69,4,2891.03,3775.47,2,tied_agency
15621,20250804,192,3,594.23,820.18,1,tied_agency
15541,20240909,191,5,1037.59,1404.67,2,tied_agency
9405,20241206,118,2,4989.22,4693.74,2,bancassurance
7764,20240429,96,5,1115.27,1394.14,2,tied_agency
3494,20231011,45,6,6414.12,5909.41,1,tied_agency
12488,20240724,156,6,1950.59,2550.9,2,bancassurance
4435,20240115,56,1,2663.93,2499.07,1,tied_agency
149,20231218,4,3,1883.06,1777.83,2,tied_agency
11781,20240621,148,6,4713.64,5630.99,2,bancassurance
7453,20240101,91,6,1090.97,998.61,1,bancassurance
12817,20230915,160,4,1160.31,1513.67,1,tied_agency
1971,20230411,28,2,1657.78,2304.41,1,bancassurance
2519,20250203,32,4,1697.05,1640.78,2,tied_agency
15801,20230623,195,3,940.96,995.08,1,bancassurance
13018,20250102,161,2,4540.74,5927.46,2,bancassurance
1933,20240508,27,4,1709.3,1727.12,2,bancassurance
6941,20250512,84,3,2011.24,2713.31,2,bancassurance
10613,20231031,130,5,974.88,1308.28,1,tied_agency
989,20250909,9006,6,1888.25,1861.54,2,tied_agency
2829,20240801,36,4,1050.59,973.28,1,bancassurance
3940,20231030,50,6,3337.04,3647.57,2,bancassurance
4552,20230411,58,1,2952.75,3070.94,2,tied_agency
898,20250408,9006,4,1976.34,2061.61,1,tied_agency
6214,20240325,75,6,2293.07,2747.61,2,tied_agency
9793,20251127,123,3,1603.01,2311.1,2,tied_agency
10109,20230612,126,3,2425.91,3159.76,1,bancassurance
15092,20230831,186,3,1278.28,1459.41,1,tied_agency
13329,20240906,165,5,578.52,846.99,2,tied_agency
2527,20250428,32,3,2145.03,2495.36,2,tied_agency
3232,20230206,40,5,750.66,782.09,2,tied_agency
15766,20250203,194,1,2208.74,2641.0,1,bancassurance
7778,20240724,96,4,810.74,955.74,2,tied_agency
2536,20250609,32,6,2663.68,3181.33,2,tied_agency
15475,20250825,190,4,1926.69,2723.95,1,tied_agency
10418,20250224,128,3,1052.18,1290.08,2,tied_agency
4821,20240813,61,1,2384.5,3187.44,2,bancassurance
6865,20251110,83,1,2319.13,2475.34,1,bancassurance
6071,20250728,73,6,4221.64,5135.99,2,tied_agency
7861,20251013,96,2,4345.87,4746.04,2,tied_agency
9692,20240405,123,3,2444.27,2682.8,1,tied_agency
7676,20250407,95,5,534.58,502.59,2,bancassurance
4926,20230911,62,3,1787.63,1841.88,2,tied_agency
4027,20230901,51,1,4490.33,6092.56,1,tied_agency
5030,20230710,63,6,4241.39,3943.96,1,bancassurance
7832,20250522,96,4,2858.05,3276.25,2,tied_agency
5598,20241021,68,1,3393.19,3767.25,1,tied_agency
10441,20250725,128,4,927.03,932.06,1,tied_agency
2041,20240606,28,6,7170.09,7305.34,2,bancassurance
4017,20230424,51,5,949.2,1103.91,1,tied_agency
5207,20240222,64,4,2231.03,2169.93,1,tied_agency
4584,20240419,58,4,2558.32,3563.79,2,tied_agency
5752,20230703,70,6,3831.64,4139.23,2,tied_agency
15898,20250101,196,6,4072.85,5640.4,2,tied_agency
6534,20250707,79,6,5113.37,4675.53,1,bancassurance
3193,20241216,39,1,947.81,1054.26,2,bancassurance
15625,20251215,192,6,3354.37,3995.07,1,tied_agency
114,20250613,3,1,3210.47,3909.31,2,tied_agency
11696,20230112,147,4,2074.51,2748.71,1,tied_agency
9686,20240219,123,4,2327.41,3312.58,1,tied_agency
9719,20240923,123,2,4861.66,4689.7,2,tied_agency
14249,20231221,179,4,1020.38,1364.45,1,tied_agency
5910,20251126,9010,6,4478.15,5149.8,1,tied_agency
5897,20250623,71,2,4870.45,5749.31,1,tied_agency
12358,20240322,154,5,1173.34,1590.67,1,tied_agency
12567,20230717,157,4,2932.21,3763.42,1,bancassurance
13012,20241231,161,3,2537.17,2647.74,2,bancassurance
4815,20240719,61,2,4252.48,4854.2,1,bancassurance
10927,20250303,9010,2,4158.99,4615.71,2,tied_agency
11468,20250721,140,4,1502.38,2033.99,1,bancassurance
6708,20231106,82,6,4714.53,6138.94,2,bancassurance
4817,20240710,61,4,2460.62,3089.1,1,bancassurance
8998,20251021,111,2,4183.34,4329.55,2,bancassurance
11512,20230112,142,4,1853.33,2344.93,1,bancassurance
4673,20240129,60,3,2216.59,2383.82,1,tied_agency
9412,20250210,118,4,573.71,685.91,1,bancassurance
15812,20231113,9007,2,3187.93,3801.79,1,bancassurance
249,20230410,6,5,443.21,584.3,1,tied_agency
5559,20230807,68,4,2029.93,2623.93,2,tied_agency
6296,20230814,76,5,397.83,381.14,2,tied_agency
6059,20250227,73,4,954.99,1167.16,1,tied_agency
2064,20241003,9007,4,2722.2,3255.62,1,bancassurance
3680,20240507,47,1,3178.86,3858.92,1,tied_agency
4745,20230417,61,2,1943.14,2065.83,2,bancassurance
13503,20240819,167,2,2545.46,2696.63,1,bancassurance
2677,20250701,34,4,2576.13,2955.99,1,tied_agency
12234,20230327,153,4,2334.15,2207.48,2,bancassurance
10841,20250512,132,6,5657.12,5362.71,2,tied_agency
9066,20230926,113,3,816.99,1140.24,1,tied_agency
1551,20230703,24,4,1942.29,1750.02,1,bancassurance
11491,20240618,141,4,549.32,567.24,2,bancassurance
5484,20240222,67,3,2250.17,2269.34,2,tied_agency
9421,20250522,118,3,952.1,984.14,2,bancassurance
9400,20241021,118,5,555.55,724.43,1,bancassurance
8893,20230424,109,6,2675.45,3345.52,2,bancassurance
14181,20241226,177,2,4102.69,6037.25,2,tied_agency
2450,20240122,32,2,4361.2,5445.12,2,tied_agency
5077,20240520,63,5,1023.8,1305.84,1,bancassurance
13041,20250617,161,5,863.68,786.05,1,bancassurance
3353,20230407,43,2,3801.89,3667.97,2,tied_agency
821,20250708,14,1,4686.83,6890.2,1,tied_agency
15974,20231222,198,3,595.48,536.53,1,bancassurance
3084,20240122,38,5,1007.32,1150.07,2,bancassurance
12607,20240301,157,3,1346.74,1894.83,2,bancassurance
15212,20251006,186,2,834.74,1228.98,2,tied_agency
1104,20230822,19,6,1736.2,2018.91,1,tied_agency
11476,20251030,140,3,2627.35,3170.5,1,bancassurance
699,20251006,12,5,775.89,1000.49,2,bancassurance
12031,20250729,150,1,2642.47,2862.71,2,tied_agency
2274,20250328,29,4,2468.56,2375.18,2,tied_agency
9335,20251125,116,4,1497.32,1869.79,1,bancassurance
13560,20230829,168,1,4151.79,4821.34,2,tied_agency
5022,20230531,63,1,4047.47,3908.3,2,bancassurance
9881,20240319,124,2,1681.79,2371.94,1,bancassurance
9968,20250820,124,2,1468.29,1398.64,2,bancassurance
3823,20230105,49,1,803.45,758.96,1,tied_agency
21,20230914,9008,4,1539.97,1473.83,2,tied_agency
3876,20240827,49,3,926.81,1305.75,1,tied_agency
13393,20231009,166,1,1148.69,1683.5,1,tied_agency
2035,20240503,28,6,7703.26,8827.59,2,bancassurance
5998,20251229,72,4,1833.93,2468.7,2,bancassurance
3595,20240822,46,6,4883.64,5334.58,1,bancassurance
9358,20230724,118,2,4093.12,4393.38,2,bancassurance
3355,20230511,43,3,1890.73,1808.74,1,tied_agency
6309,20231227,76,5,1060.57,1364.91,2,tied_agency
5353,20230102,66,6,2408.66,2378.46,2,bancassurance
1499,20250407,23,3,841.64,994.44,1,bancassurance
5220,20240827,64,2,2763.32,3017.41,1,tied_agency
12289,20250106,153,6,6158.15,7650.42,2,bancassurance
932,20230911,16,3,2522.24,3214.82,2,tied_agency
645,20240109,12,3,1995.73,2447.24,1,bancassurance
13367,20251103,165,3,2204.46,2872.14,2,tied_agency
4281,20240718,53,2,2307.53,2483.02,2,tied_agency
8711,20250626,104,5,219.43,199.02,2,bancassurance
13949,20230102,174,4,2417.86,2958.99,1,bancassurance
14167,20240610,177,4,1644.58,2116.79,1,tied_agency
12184,20240716,152,3,851.76,885.36,2,bancassurance
11446,20240930,140,1,3585.33,4890.26,2,bancassurance
6722,20240216,82,5,997.84,1331.34,2,bancassurance
692,20250825,12,4,990.16,1366.44,1,bancassurance
12549,20230515,157,1,2446.5,2414.65,1,bancassurance
15217,20251121,186,2,2912.29,2970.11,2,tied_agency
11041,20230919,135,3,694.9,768.91,2,tied_agency
9957,20250526,124,2,3943.3,5906.64,1,bancassurance
14598,20250221,182,1,2561.1,2990.46,1,tied_agency
3410,20241225,43,4,1595.97,2177.11,1,tied_agency
8640,20240527,104,6,1171.19,1598.98,2,bancassurance
2483,20240704,32,5,1088.23,1497.61,2,tied_agency
3820,20251224,48,2,4221.14,4831.12,1,tied_agency
14822,20251201,183,2,3417.05,3794.28,1,tied_agency
12731,20230920,9006,1,4849.4,7041.44,1,tied_agency
2607,20230104,34,2,3290.34,3324.38,1,tied_agency
14817,20251205,183,6,6654.57,9337.72,2,tied_agency
13103,20240202,162,3,1216.37,1511.14,1,bancassurance
3726,20251202,47,2,4725.11,5813.96,1,tied_agency
3294,20250728,40,3,699.27,649.4,2,tied_agency
766,20250115,13,6,2107.24,3158.88,2,bancassurance
4995,20250922,62,1,2207.43,3153.24,1,tied_agency
12272,20240613,153,3,1586.83,1953.78,2,bancassurance
8028,20241022,98,2,4199.7,4745.37,1,bancassurance
13022,20250217,161,3,1409.93,1823.23,1,bancassurance
2520,20250203,32,2,1151.15,1515.11,1,tied_agency
11506,20250711,141,3,1923.19,2293.99,2,bancassurance
10291,20251117,127,1,806.07,808.29,2,bancassurance
15438,20240520,190,2,4958.11,5963.61,2,tied_agency
15030,20230403,185,3,1266.9,1489.46,1,tied_agency
5585,20240429,68,6,7054.22,6637.25,2,tied_agency
14996,20250731,184,1,4516.96,4512.84,2,bancassurance
13013,20241230,161,1,4052.53,4067.99,2,bancassurance
9373,20240117,118,4,1480.86,1524.76,1,bancassurance
13604,20240916,168,5,846.63,1177.97,2,tied_agency
14885,20231205,184,2,2946.72,3749.79,2,bancassurance
7305,20230406,89,6,2082.97,1969.72,2,bancassurance
9374,20240101,118,6,2784.49,3693.04,1,bancassurance
2781,20230227,36,3,861.29,815.14,2,bancassurance
968,20230621,17,6,3119.8,2911.14,1,tied_agency
3265,20240610,40,5,303.63,412.52,1,tied_agency
3423,20250701,9008,4,2261.44,2784.92,2,tied_agency
12264,20240408,153,1,1871.98,2104.56,2,bancassurance
6610,20241028,80,6,5851.4,6931.7,2,bancassurance
4750,20230519,61,1,2481.92,3686.13,1,bancassurance
15186,20250519,186,3,1722.47,2410.6,2,tied_agency
4213,20241209,52,1,1330.57,1968.65,2,tied_agency
2212,20240313,29,1,2841.79,4194.35,2,tied_agency
9229,20240708,115,4,988.71,1320.69,2,tied_agency
13083,20230501,162,2,1341.36,1360.23,2,bancassurance
1562,20230927,24,4,2318.49,2502.72,1,bancassurance
2941,20240208,37,2,3786.49,3932.32,1,tied_agency
1640,20241125,24,4,1875.31,2587.73,1,bancassurance
228,20240624,9006,1,1590.29,2158.05,1,bancassurance
8592,20230824,104,4,1985.35,2148.78,2,bancassurance
3693,20240930,47,1,2563.12,2616.39,2,tied_agency
469,20250120,9,2,4078.17,4953.23,1,bancassurance
12152,20230630,152,3,768.68,927.32,2,bancassurance
14380,20230705,181,1,1455.79,2117.68,1,tied_agency
994,20251209,17,4,2425.83,3142.9,1,tied_agency
319,20250305,7,5,832.77,832.43,1,tied_agency
9519,20230116,122,6,1430.85,1504.12,1,tied_agency
4735,20230207,61,6,3075.76,4153.48,1,bancassurance
11023,20250804,134,1,2864.11,3969.2,2,bancassurance
5970,20241104,72,1,2234.72,3171.99,2,bancassurance
10597,20230718,130,3,2933.81,3443.25,1,tied_agency
9659,20231012,123,3,1843.23,2651.16,1,tied_agency
15222,20251208,186,5,1077.22,1573.46,2,tied_agency
6507,20240926,79,3,778.65,978.59,1,bancassurance
2838,20241217,36,4,1708.49,1874.03,2,bancassurance
8413,20250819,101,1,1192.14,1643.11,1,bancassurance
1331,20240904,21,3,1885.19,2359.7,1,tied_agency
12619,20240527,157,1,3686.76,5382.77,1,bancassurance
8395,20250423,101,2,4865.27,5400.29,1,bancassurance
14658,20230217,183,1,2952.01,3107.0,1,tied_agency
4612,20250428,58,6,1710.93,1715.18,1,tied_agency
9206,20231128,115,2,3698.84,4603.18,1,tied_agency
3271,20240925,40,6,5084.21,7087.88,1,tied_agency
2748,20241227,35,5,687.79,931.58,1,tied_agency
10808,20240412,132,6,3205.31,4526.52,2,tied_agency
7628,20241216,94,4,1280.87,1748.77,2,bancassurance
9942,20250203,124,1,3277.58,4562.1,2,bancassurance
8133,20250423,99,4,2606.13,2817.12,1,bancassurance
6180,20230320,75,6,7431.05,8296.22,1,tied_agency
553,20231005,11,6,5049.88,6758.24,1,bancassurance
2867,20251103,36,6,2468.4,2922.43,2,bancassurance
12270,20240527,153,3,753.07,721.4,2,bancassurance
7408,20250422,90,5,249.25,250.2,2,bancassurance
8843,20250728,107,1,1452.7,2166.93,1,bancassurance
8202,20240910,100,1,4534.1,5643.41,2,bancassurance
4620,20250704,58,2,2482.5,3709.57,2,tied_agency
7021,20231213,85,3,2729.34,2921.01,2,tied_agency
9896,20240606,124,2,3993.84,5550.5,2,bancassurance
14361,20230123,181,2,3699.29,3561.53,1,tied_agency
15260,20240422,187,6,5317.45,6426.43,1,bancassurance
3903,20250930,49,6,4354.34,5858.26,1,tied_agency
14115,20251013,176,2,1785.78,2125.26,1,bancassurance
1581,20240115,24,4,1710.48,2200.97,2,bancassurance
1849,20240902,26,3,827.65,1225.01,1,tied_agency
3055,20230306,38,3,2446.58,2366.35,1,bancassurance
6854,20250722,83,1,1714.5,2037.22,1,bancassurance
15497,20230629,191,3,818.55,1226.16,1,tied_agency
8220,20250415,100,1,1941.11,2160.97,2,bancassurance
14086,20241021,176,6,1057.72,1097.74,1,bancassurance
12785,20250812,158,5,617.79,695.76,2,tied_agency
11964,20250711,149,2,1132.15,1600.84,2,bancassurance
6904,20240311,84,2,1116.63,1457.13,1,bancassurance
11705,20230707,147,6,2526.73,2652.68,1,tied_agency
9378,20240327,118,4,1729.85,2319.88,2,bancassurance
15496,20230529,191,5,939.66,1260.03,1,tied_agency
15810,20231101,195,5,1179.7,1401.21,1,bancassurance
14312,20251229,179,2,1236.52,1621.59,1,tied_agency
10975,20230901,134,6,5706.15,7818.69,2,bancassurance
10055,20250203,125,5,369.39,401.05,1,bancassurance
9456,20240506,120,3,1794.74,1815.23,1,tied_agency
3535,20250410,45,6,2356.92,3320.82,2,tied_agency
9725,20241031,123,2,3891.4,4255.54,1,tied_agency
2409,20230417,32,1,3474.38,4212.24,1,tied_agency
4151,20231106,52,4,2213.13,2526.72,2,tied_agency
12427,20240415,155,6,4615.54,4165.02,1,tied_agency
15189,20250515,186,3,1678.63,2011.0,2,tied_agency
12367,20240614,154,4,1152.22,1215.01,2,tied_agency
4127,20230710,52,5,1055.28,1268.48,1,tied_agency
3109,20241217,38,1,4301.58,5841.34,1,bancassurance
2539,20250612,32,4,2997.85,4284.41,1,tied_agency
14231,20230529,179,3,552.64,759.82,2,tied_agency
11429,20240216,140,6,2095.55,2848.22,1,bancassurance
7666,20241014,95,3,1330.62,1494.78,1,bancassurance
13116,20240729,162,1,1081.87,1006.84,2,bancassurance
8806,20251124,106,1,1654.55,1721.26,2,tied_agency
3645,20251217,46,2,3737.1,3789.65,1,bancassurance
3770,20240405,48,2,890.15,1258.93,1,tied_agency
5081,20240617,63,2,3084.03,2974.83,1,bancassurance
4837,20241126,61,2,1730.82,1707.7,2,bancassurance
7801,20241111,96,2,4414.66,6400.89,2,tied_agency
15917,20230605,197,5,1021.42,1285.66,1,tied_agency
3033,20250929,37,6,1913.57,2551.46,2,tied_agency
10731,20251120,9005,4,2011.59,1892.5,1,tied_agency
3738,20230524,48,3,952.94,1287.39,1,tied_agency
11474,20250908,140,3,1322.36,1841.08,1,bancassurance
7719,20230712,96,6,5473.47,6617.29,1,tied_agency
8861,20231213,108,3,984.2,932.6,2,bancassurance
5565,20230925,68,1,4839.76,6190.3,1,tied_agency
8538,20250711,103,2,4408.83,4037.49,2,tied_agency
6626,20250321,9008,6,6428.9,8341.85,2,bancassurance
15553,20250116,191,5,1111.38,1125.46,2,tied_agency
15628,20230223,193,5,423.62,588.28,2,bancassurance
8472,20230403,103,6,2027.76,1865.77,2,tied_agency
10518,20240814,129,3,2940.45,4296.84,1,tied_agency
14654,20230220,183,6,3218.86,4153.65,2,tied_agency
7742,20231208,96,2,1359.65,1396.42,1,tied_agency
5315,20240924,65,3,2980.28,3642.98,2,tied_agency
6651,20230329,81,1,845.53,1142.06,1,tied_agency
3112,20250224,38,3,2074.66,1958.27,2,bancassurance
15284,20250107,187,6,3381.5,4602.83,1,bancassurance
10098,20230428,126,6,6896.26,8362.92,2,bancassurance
14276,20241223,179,3,981.46,1273.24,1,tied_agency
8529,20250521,103,1,4027.49,4473.01,1,tied_agency
5680,20240612,69,4,2827.41,2622.27,1,tied_agency
11527,20250106,142,2,4585.94,5998.83,1,bancassurance
1155,20250526,19,5,864.22,1078.76,2,tied_agency
3348,20230208,43,5,600.13,790.98,1,tied_agency
12188,20240808,152,5,982.94,972.63,1,bancassurance
12644,20241030,157,3,2139.06,2982.93,1,bancassurance
10110,20230703,126,2,4333.36,5498.38,1,bancassurance
14651,20230123,183,6,6931.56,8536.96,1,tied_agency
11218,20230821,138,5,533.67,726.72,2,tied_agency
12753,20240806,158,6,7082.04,9459.09,1,tied_agency
7379,20240613,90,5,1039.51,1371.98,2,bancassurance
12927,20230828,161,6,3387.56,4202.42,2,bancassurance
12715,20230123,158,4,695.57,717.31,2,tied_agency
10004,20230524,125,6,7093.44,10448.77,1,bancassurance
9755,20250410,123,4,2594.82,3011.74,1,tied_agency
7464,20240327,91,2,3579.69,3828.88,1,bancassurance
8022,20240829,9008,4,2473.86,2367.47,1,bancassurance
14693,20230904,183,3,2481.06,3106.64,2,tied_agency
3764,20240216,48,4,2637.64,3739.57,2,tied_agency
7830,20250529,96,5,697.85,784.9,1,tied_agency
2964,20240527,37,6,6349.14,6671.05,2,tied_agency
8885,20250904,108,3,2448.66,3059.78,1,bancassurance
10391,20240923,128,3,1481.24,1339.14,2,tied_agency
666,20241111,12,4,2824.28,3516.07,1,bancassurance
14777,20250411,183,4,1970.75,2623.31,1,tied_agency
5364,20230529,66,1,4582.44,5029.4,2,bancassurance
13021,20250211,161,4,1265.05,1311.47,1,bancassurance
7662,20240524,95,6,2166.65,3206.19,2,bancassurance
7078,20241224,85,1,3462.43,4983.9,2,tied_agency
7017,20231101,85,6,6618.91,9199.1,2,tied_agency
14660,20230317,183,2,1346.26,1481.92,2,tied_agency
3858,20231207,49,3,2788.0,2588.23,1,tied_agency
184,20250217,4,3,1635.87,2101.75,2,tied_agency
277,20250818,6,3,1228.62,1618.06,1,tied_agency
1505,20250721,23,6,5819.43,7669.27,2,bancassurance
10166,20240819,126,1,4272.92,4808.32,1,bancassurance
438,20231129,9,4,2856.11,2853.25,2,bancassurance
15957,20230512,198,3,2337.87,2279.33,1,bancassurance
2471,20240528,32,4,1453.23,1721.56,2,tied_agency
10730,20251113,130,6,5213.04,4713.43,1,tied_agency
8908,20240715,109,4,953.24,1090.35,2,bancassurance
5874,20240918,71,2,2744.63,3629.7,1,tied_agency
14887,20240116,184,4,2807.54,2615.29,1,bancassurance
10047,20241016,125,1,3562.65,3658.12,2,bancassurance
6652,20230526,81,5,787.67,844.78,1,tied_agency
1374,20250610,21,1,3645.77,4504.55,2,tied_agency
11397,20230227,140,6,6102.29,7175.24,1,bancassurance
10819,20240719,132,4,1498.08,2079.32,2,tied_agency
9221,20240502,115,6,4417.35,4971.77,2,tied_agency
5270,20230407,65,3,1537.38,1431.24,2,tied_agency
9074,20231229,113,2,2726.48,2574.05,2,tied_agency
2468,20240425,32,6,2362.33,3514.84,1,tied_agency
7044,20240411,85,6,1977.75,2297.11,2,tied_agency
6074,20250804,73,2,3789.04,4827.84,1,tied_agency
9893,20240627,124,1,4925.68,6959.57,2,bancassurance
6325,20240606,76,6,1002.27,1420.78,2,tied_agency
1417,20240209,22,4,561.8,654.5,1,bancassurance
3489,20230807,45,6,3051.25,4230.37,2,tied_agency
7889,20230511,97,4,802.67,943.37,1,bancassurance
13926,20250612,173,2,4441.26,6624.47,1,tied_agency
5967,20240917,72,2,3092.17,3070.64,1,bancassurance
2955,20240415,37,4,1174.1,1395.08,1,tied_agency
6519,20250106,79,1,4423.32,5493.72,1,bancassurance
10277,20240916,127,1,3990.5,5467.78,2,bancassurance
7423,20251119,90,5,504.92,713.71,2,bancassurance
174,20241008,4,1,3385.84,4239.4,1,tied_agency
2650,20240731,34,1,977.14,1324.14,1,tied_agency
12391,20250113,154,3,1001.1,960.34,2,tied_agency
12251,20231009,153,5,726.67,970.59,2,bancassurance
10698,20250501,130,2,3530.53,4032.73,1,tied_agency
15657,20240315,193,6,7108.92,9049.14,1,bancassurance
3974,20250103,50,2,830.76,1125.49,1,bancassurance
9594,20250717,122,6,4209.76,4090.7,1,tied_agency
11149,20240405,137,2,1649.46,2251.16,1,bancassurance
734,20240122,13,4,2338.31,2236.3,1,bancassurance
14087,20241024,176,5,701.53,856.03,2,bancassurance
9525,20230501,122,6,2346.12,2464.6,1,tied_agency
14271,20241018,179,2,1575.9,1948.38,2,tied_agency
15710,20230104,194,4,1875.32,2417.34,1,bancassurance
1220,20230203,21,5,386.36,493.93,1,tied_agency
1207,20250204,20,1,1833.86,2198.55,2,tied_agency
7614,20230828,94,1,1298.6,1374.2,2,bancassurance
7704,20230424,96,6,4029.15,4634.94,2,tied_agency
13745,20230626,170,1,1617.98,1546.52,1,tied_agency
8183,20240304,9008,6,1553.84,2319.33,1,bancassurance
14747,20241007,9002,4,1441.36,2141.65,1,tied_agency
13573,20231218,168,3,1397.56,2012.04,1,tied_agency
14902,20240311,184,6,3374.39,3164.12,1,bancassurance
8613,20231205,104,3,2830.66,3965.86,2,bancassurance
7418,20250811,90,5,666.81,798.83,1,bancassurance
8422,20251124,101,1,2573.62,3514.91,2,bancassurance
4429,20231221,56,2,3564.19,3446.08,2,tied_agency
8501,20240422,103,5,972.17,1116.68,1,tied_agency
13592,20240701,168,6,7813.73,8645.41,1,tied_agency
1570,20231127,24,6,6992.99,6721.44,1,bancassurance
8506,20240704,103,2,2452.49,3145.15,1,tied_agency
10868,20230510,133,1,3022.38,3678.25,2,tied_agency
3380,20240306,43,1,2172.87,2523.75,1,tied_agency
13837,20231011,171,3,1797.65,2325.1,1,bancassurance
1172,20251020,19,3,1552.18,2076.1,2,tied_agency
11944,20250213,149,6,1262.01,1718.07,2,bancassurance
13054,20250922,161,6,6783.99,8244.82,2,bancassurance
6834,20241014,83,2,4890.75,4559.66,2,bancassurance
3505,20240212,45,4,2049.69,2278.16,2,tied_agency
13891,20240108,173,4,949.03,880.82,2,tied_agency
5328,20250320,9004,4,972.7,949.63,1,tied_agency
2965,20240527,37,5,399.47,455.86,2,tied_agency
6200,20230925,75,1,4397.03,6263.02,2,tied_agency
833,20230501,15,1,1850.35,2433.27,1,tied_agency
6582,20231123,80,3,2542.59,3735.22,1,bancassurance
8873,20240930,108,2,4439.63,5627.14,1,bancassurance
12436,20250205,155,3,1121.79,1039.52,1,tied_agency
6162,20250910,74,4,945.66,915.06,1,tied_agency
11546,20240219,143,1,1542.63,1435.32,1,bancassurance
12888,20230223,161,2,2367.65,3037.35,1,bancassurance
11477,20251113,140,6,1055.89,1544.05,2,bancassurance
1623,20240830,24,5,648.65,649.38,1,bancassurance
9826,20230410,124,1,2408.37,3204.95,1,bancassurance
2610,20230216,9004,2,1597.77,2019.73,2,tied_agency
1787,20231031,26,5,577.56,640.43,1,tied_agency
8512,20241001,103,2,2595.13,3040.98,2,tied_agency
1390,20250904,21,5,499.63,548.18,2,tied_agency
4550,20230310,58,5,788.73,933.37,1,tied_agency
3742,20230626,48,3,1520.73,1771.02,1,tied_agency
3169,20240319,39,6,5336.77,6998.47,1,bancassurance
1370,20250403,21,3,1799.19,1874.84,2,tied_agency
7780,20240708,96,2,3987.25,4150.76,2,tied_agency
4448,20240411,56,3,838.14,1060.24,1,tied_agency
12039,20251204,150,6,4532.67,5239.75,1,tied_agency
5119,20241220,63,6,3423.54,3194.76,2,bancassurance
6849,20250505,83,2,998.77,1181.96,1,bancassurance
11858,20230828,149,2,2732.81,2706.09,2,bancassurance
8648,20240725,104,2,3989.76,4755.92,2,bancassurance
9404,20241128,118,6,1417.54,1462.86,2,bancassurance
1799,20231204,26,1,1621.35,1916.02,2,tied_agency
12997,20240923,161,4,1920.2,1993.1,2,bancassurance
1704,20251208,24,4,868.44,1123.08,2,bancassurance
2583,20240730,33,1,3893.31,4300.87,1,bancassurance
2163,20230515,29,5,214.17,278.14,1,tied_agency
5856,20240213,71,5,311.86,358.43,1,tied_agency
6684,20230327,82,6,3430.13,3834.37,1,bancassurance
9445,20230306,120,4,1538.48,2099.82,2,tied_agency
2100,20250526,28,1,1110.34,1480.38,2,bancassurance
15726,20230710,194,2,3756.49,5149.16,2,bancassurance
7116,20250707,85,4,2294.51,2394.06,2,tied_agency
1698,20251128,24,1,3077.95,4281.28,1,bancassurance
14213,20251006,177,6,1992.03,2347.63,1,tied_agency
2218,20240429,29,2,2962.56,3758.64,2,tied_agency
5415,20240917,66,1,3317.06,3290.17,2,bancassurance
4001,20251103,50,3,860.56,1109.06,1,bancassurance
5253,20250807,64,5,1086.82,1423.58,2,tied_agency
269,20241230,6,4,1469.5,1397.23,1,tied_agency
1622,20240826,24,6,4740.27,5247.65,1,bancassurance
8638,20240501,104,4,2984.04,3353.96,1,bancassurance
15029,20230302,185,3,1825.17,2732.42,1,tied_agency
737,20240212,13,3,1703.07,1838.1,1,bancassurance
5418,20241021,66,3,2306.64,3252.07,1,bancassurance
12587,20231129,157,2,3321.7,4298.64,2,bancassurance
7495,20250207,91,5,209.25,264.72,1,bancassurance
14410,20240516,181,4,1766.07,2026.81,2,tied_agency
1661,20250313,24,2,3531.04,3622.92,1,bancassurance
12278,20240805,153,2,897.63,887.46,2,bancassurance
3615,20250305,46,1,2703.44,4024.08,1,bancassurance
2239,20240820,29,1,3367.82,4502.43,2,tied_agency
235,20250108,5,3,1534.83,1899.37,1,bancassurance
14079,20240826,176,3,2787.59,3686.23,2,bancassurance
10471,20251222,128,2,3538.99,3234.35,1,tied_agency
7181,20250529,86,2,3414.19,4310.88,1,bancassurance
6273,20251222,75,6,5697.66,5253.78,2,tied_agency
12841,20240513,160,2,4729.75,6854.14,1,tied_agency
450,20240418,9,4,2546.01,2930.91,2,bancassurance
9916,20240920,124,2,2856.62,3402.51,2,bancassurance
9711,20240815,123,4,2995.47,3437.23,2,tied_agency
10280,20241104,127,2,1139.81,1258.8,2,bancassurance
9247,20250307,115,2,1564.0,2062.74,1,tied_agency
9465,20250319,120,5,868.53,968.32,2,tied_agency
5650,20230504,69,2,4940.19,5700.29,1,tied_agency
3177,20240530,39,2,3038.77,3350.95,2,bancassurance
6930,20250114,84,5,635.06,606.83,1,bancassurance
442,20231222,9,1,2595.95,2795.14,2,bancassurance
12777,20250407,158,6,6288.64,9082.41,1,tied_agency
14082,20240902,176,1,1593.1,1983.23,2,bancassurance
6172,20230130,75,1,837.24,1252.08,1,tied_agency
13334,20241118,165,2,1830.0,2343.62,2,tied_agency
3092,20240520,38,4,2055.54,1878.3,2,bancassurance
15744,20240523,194,6,1935.71,2885.08,2,bancassurance
3345,20230130,43,1,2420.93,2410.97,2,tied_agency
12601,20240219,157,3,1865.49,1883.21,2,bancassurance
64,20250204,2,6,5531.14,5196.77,2,tied_agency
6819,20240507,83,3,1235.36,1543.09,2,bancassurance
10738,20251222,130,3,2636.52,3491.78,2,tied_agency
2106,20250617,28,4,1211.06,1600.69,1,bancassurance
7234,20231030,88,2,3740.12,3938.2,1,bancassurance
7387,20240903,9002,2,4886.71,6606.28,2,bancassurance
15422,20231122,190,4,2909.01,2788.93,2,tied_agency
8776,20230726,106,4,1513.75,1654.05,1,tied_agency
11701,20230330,147,6,3076.91,3948.0,1,tied_agency
9108,20250127,113,6,1295.04,1526.23,1,tied_agency
3648,20230202,47,1,2772.08,2647.29,2,tied_agency
710,20230417,13,3,1073.39,1441.09,1,bancassurance
7471,20240520,91,5,811.89,1205.06,1,bancassurance
3862,20240311,49,5,864.97,1244.11,2,tied_agency
10519,20240904,129,4,2359.55,3180.48,2,tied_agency
7577,20250116,92,2,1240.05,1573.09,2,tied_agency
12865,20250529,160,4,1136.61,1575.19,2,tied_agency
13075,20230112,162,3,1303.85,1509.47,2,bancassurance
11859,20230802,149,2,3217.57,4167.1,2,bancassurance
5692,20241014,69,1,1152.8,1248.01,1,tied_agency
1305,20240430,21,2,4091.93,4718.22,2,tied_agency
3695,20240911,47,1,896.83,938.58,1,tied_agency
10662,20240916,130,4,2556.28,2721.98,1,tied_agency
6255,20250623,75,2,1779.53,2414.82,1,tied_agency
3710,20250414,47,2,1000.53,1097.49,1,tied_agency
6032,20240112,73,4,797.07,1141.61,2,tied_agency
14487,20230522,182,6,2845.51,3408.63,1,tied_agency
6045,20240821,73,1,2996.12,2748.14,1,tied_agency
14415,20240729,181,2,2130.14,3062.93,2,tied_agency
11788,20240902,148,5,871.74,1213.15,2,bancassurance
10106,20230626,126,2,1373.09,1440.79,2,bancassurance
14068,20240422,176,6,5169.76,6914.91,2,bancassurance
13015,20250120,161,1,2395.55,2424.71,2,bancassurance
2684,20251106,34,3,2337.99,2590.66,2,tied_agency
10886,20231127,133,1,3983.29,4159.16,1,tied_agency
8412,20250819,101,2,1597.61,2256.89,2,bancassurance
3753,20231011,48,4,2105.48,2767.84,2,tied_agency
11278,20250623,138,2,2467.69,3187.85,1,tied_agency
12271,20240620,153,1,1042.33,1534.5,2,bancassurance
13681,20240320,169,5,901.74,1079.93,2,tied_agency
868,20240527,15,3,665.53,658.6,1,tied_agency
15194,20250701,186,3,2300.41,3120.76,1,tied_agency
14743,20240917,183,1,2149.13,2947.37,2,tied_agency
151,20240111,4,1,2454.4,3379.56,2,tied_agency
14599,20250210,182,3,2001.04,2375.58,1,tied_agency
10149,20240429,126,6,6224.41,5996.01,2,bancassurance
4290,20250310,53,5,1156.19,1403.07,1,tied_agency
7997,20231204,98,1,4812.97,4693.72,2,bancassurance
2746,20241121,35,3,1193.47,1275.22,2,tied_agency
13088,20230720,162,5,1171.23,1422.07,2,bancassurance
13462,20230417,167,3,2284.83,3157.74,2,bancassurance
2983,20241108,37,3,1652.14,2142.82,1,tied_agency
891,20250224,9005,1,2713.45,3556.48,2,tied_agency
5032,20230717,63,3,2084.05,1955.43,2,bancassurance
1007,20230614,18,2,1266.66,1493.8,1,tied_agency
13771,20240401,170,4,1020.31,1469.11,2,tied_agency
10396,20241014,128,5,220.82,266.48,2,tied_agency
7968,20251017,97,5,1104.74,1423.28,1,bancassurance
4959,20241028,62,1,3981.04,5575.57,2,tied_agency
9080,20240212,113,1,3341.09,4538.22,2,tied_agency
12712,20230124,158,5,440.31,580.87,2,tied_agency
15156,20241011,186,2,2025.11,2154.0,2,tied_agency
10746,20230703,131,4,2802.4,3931.06,2,tied_agency
3662,20230726,47,4,1105.61,1590.15,2,tied_agency
15982,20240212,198,4,557.58,697.74,2,bancassurance
1451,20230626,23,5,321.23,360.18,1,bancassurance
10670,20241125,130,1,3058.97,4311.52,1,tied_agency
2080,20241223,28,4,2923.41,3201.83,2,bancassurance
7229,20230815,88,4,1762.0,1757.24,1,bancassurance
8542,20250918,103,2,3458.58,4501.27,2,tied_agency
15813,20231207,195,5,207.31,291.34,1,bancassurance
697,20251027,12,3,1400.77,1729.24,2,bancassurance
8430,20251215,101,4,2258.08,3045.28,2,bancassurance
9605,20251001,122,3,2921.78,2676.59,1,tied_agency
890,20250224,15,5,331.8,460.44,2,tied_agency
6334,20241007,76,5,1147.92,1444.62,1,tied_agency
5753,20230726,70,1,1741.42,2013.04,2,tied_agency
4697,20241001,60,1,2364.24,2326.18,1,tied_agency
10466,20251117,128,3,1830.54,1855.54,1,tied_agency
6484,20240116,79,2,1431.6,1628.26,2,bancassurance
2816,20240401,36,2,4780.45,6875.35,1,bancassurance
6146,20250407,74,6,4791.98,5825.51,1,tied_agency
15923,20231103,197,1,4421.03,5952.8,1,tied_agency
12354,20240221,154,4,1133.75,1632.79,1,tied_agency
1768,20230704,26,4,1031.59,1387.25,2,tied_agency
11672,20240214,146,3,1673.23,2404.8,1,bancassurance
6806,20240112,83,3,951.61,1356.85,2,bancassurance
8280,20230704,101,4,1411.03,1717.88,2,bancassurance
1384,20250812,21,4,1271.69,1406.16,1,tied_agency
799,20230403,14,4,1957.51,2541.08,2,tied_agency
12811,20230629,160,4,698.94,778.26,1,tied_agency
2492,20241015,32,6,2406.52,2628.38,1,tied_agency
3989,20250701,50,2,2518.93,3088.76,1,bancassurance
3537,20250521,45,3,1320.23,1360.87,2,tied_agency
12840,20240524,160,4,2227.74,2263.3,1,tied_agency
12706,20251217,157,6,3273.2,3016.19,2,bancassurance
2998,20250220,37,2,4613.61,5559.63,1,tied_agency
14230,20230515,179,5,881.21,1089.62,1,tied_agency
14262,20240715,9002,4,1178.65,1356.72,1,tied_agency
8487,20231129,103,6,1376.55,2062.44,2,tied_agency
2745,20241121,35,6,7241.55,7149.86,1,tied_agency
10909,20240902,133,1,2573.39,2613.42,2,tied_agency
3379,20240214,43,6,7030.95,8915.49,2,tied_agency
5726,20251020,69,6,4887.25,5134.73,2,tied_agency
15003,20250801,184,1,3893.25,4363.79,1,bancassurance
14582,20241014,182,4,1271.33,1512.74,1,tied_agency
2300,20250808,29,5,502.76,515.15,2,tied_agency
14711,20240108,183,1,3422.39,4559.47,2,tied_agency
12996,20240920,161,1,4272.63,5225.76,1,bancassurance
13694,20240724,169,4,2095.72,1968.09,2,tied_agency
3227,20251222,39,6,4281.41,4015.93,1,bancassurance
3263,20240613,40,1,2033.17,2064.62,2,tied_agency
13032,20250418,161,3,841.59,1208.19,2,bancassurance
2651,20240725,34,2,2902.45,3174.61,2,tied_agency
11514,20230531,142,6,7591.65,10055.64,2,bancassurance
8504,20240607,103,3,2048.44,2756.09,1,tied_agency
9333,20251013,116,2,1897.25,2183.1,1,bancassurance
11503,20250403,141,5,870.79,1079.81,2,bancassurance
9365,20231030,118,4,1852.32,2565.43,2,bancassurance
863,20240422,15,2,2188.16,2413.02,2,tied_agency
3766,20240311,48,1,3268.58,4156.51,2,tied_agency
10091,20230303,126,6,3183.21,4029.84,1,bancassurance
5020,20230407,63,4,1240.96,1525.67,2,bancassurance
4158,20240126,52,4,2739.8,3606.81,2,tied_agency
13901,20240821,173,1,1415.33,2050.05,2,tied_agency
10632,20240208,130,3,2339.94,2316.68,2,tied_agency
9409,20250110,118,6,2850.99,2979.99,2,bancassurance
13389,20230801,166,6,5573.8,6260.24,1,tied_agency
2514,20250103,32,1,1467.48,2017.37,1,tied_agency
12544,20230501,157,2,1806.93,2167.84,1,bancassurance
5392,20240304,66,5,908.54,1343.93,1,bancassurance
14192,20250324,177,6,4180.15,4269.59,2,tied_agency
2946,20240219,37,3,2943.13,3317.6,2,tied_agency
12150,20230615,152,2,1266.44,1721.08,2,bancassurance
7672,20250203,95,4,1116.27,1293.23,2,bancassurance
5859,20240403,71,3,1434.54,2074.24,1,tied_agency
745,20240617,13,3,2746.66,3271.77,2,bancassurance
197,20250703,4,6,6283.18,8946.5,2,tied_agency
8661,20240923,104,4,1996.24,2576.76,2,bancassurance
13049,20250819,161,3,2476.62,3625.2,1,bancassurance
4178,20240516,52,3,960.96,1094.06,1,tied_agency
5533,20251211,67,6,6801.02,9080.56,2,tied_agency
5861,20240410,71,1,928.64,1140.33,2,tied_agency
916,20251124,15,1,1101.33,1001.58,2,tied_agency
7341,20230110,90,6,7993.52,10773.75,2,bancassurance
8829,20240923,107,5,846.54,1044.37,1,bancassurance
8913,20241108,109,4,1631.27,2229.36,2,bancassurance
10365,20240412,128,3,1414.87,2024.36,1,tied_agency
4611,20250415,58,6,4122.64,5690.15,1,tied_agency
14257,20240402,179,3,1107.11,1645.54,1,tied_agency
7340,20230104,90,1,2419.13,2585.72,2,bancassurance
15703,20251013,193,1,2914.76,4043.59,2,bancassurance
10850,20250825,132,4,2510.82,2737.74,2,tied_agency
3242,20230612,40,2,2859.38,4109.59,1,tied_agency
1664,20250418,24,6,4120.39,3952.21,2,bancassurance
5558,20230808,68,5,1184.91,1250.26,1,tied_agency
988,20250923,9006,6,5156.11,5518.27,2,tied_agency
4557,20230710,58,1,4929.1,6733.72,1,tied_agency
4223,20250317,52,4,1296.25,1685.99,2,tied_agency
14465,20230124,182,1,968.63,1333.58,1,tied_agency
4410,20230727,56,3,528.27,553.36,1,tied_agency
4485,20250120,56,2,4101.76,4019.55,2,tied_agency
10481,20230425,129,3,2608.38,2604.68,2,tied_agency
8958,20251016,110,2,4530.07,4896.64,2,bancassurance
13978,20231204,174,2,4320.39,6056.99,2,bancassurance
4666,20231009,60,1,2054.25,1904.27,2,tied_agency
2414,20230626,32,2,2995.93,2855.55,2,tied_agency
13188,20250922,163,4,2572.04,2942.7,1,tied_agency
16153,20250818,9004,3,814.88,792.37,1,tied_agency
2497,20241029,32,1,2089.9,2617.56,1,tied_agency
7689,20230117,96,3,2631.91,3804.29,1,tied_agency
14712,20240117,183,1,3405.62,3842.58,2,tied_agency
62,20250117,2,6,4064.31,4729.45,1,tied_agency
196,20250625,4,4,2254.85,3264.3,1,tied_agency
10963,20230508,134,2,4319.02,4467.53,2,bancassurance
3508,20240401,45,4,2072.36,2249.93,1,tied_agency
5543,20230307,9009,2,1498.96,1963.45,2,tied_agency
12788,20250910,158,6,2899.32,3503.81,2,tied_agency
2575,20230529,33,1,2198.26,2019.81,1,bancassurance
504,20230721,10,5,390.58,510.12,1,tied_agency
3908,20251020,49,6,1258.52,1169.08,2,tied_agency
11965,20250711,149,4,1679.85,2069.81,2,bancassurance
2377,20240723,31,5,565.58,717.25,1,tied_agency
2857,20250811,36,2,1072.76,1355.65,1,bancassurance
1978,20230516,28,6,5785.17,5269.46,1,bancassurance
7193,20230712,87,2,1383.1,1855.59,1,bancassurance
934,20231009,16,2,3386.35,3606.9,1,tied_agency
11155,20240708,137,6,4888.83,5751.44,1,bancassurance
10192,20250106,126,3,2648.79,3552.42,2,bancassurance
2335,20230904,30,6,1152.96,1571.78,2,tied_agency
13189,20251024,163,3,2649.36,2785.27,1,tied_agency
12099,20241030,151,5,990.27,938.89,2,bancassurance
4210,20241230,52,2,2037.08,2134.4,1,tied_agency
4803,20240405,61,2,4017.8,4895.16,1,bancassurance
14763,20250106,183,1,2545.29,3131.32,1,tied_agency
2329,20230502,30,3,2967.32,3714.1,1,tied_agency
8370,20241104,101,2,818.41,1200.14,2,bancassurance
2167,20230615,29,3,1901.4,1845.55,1,tied_agency
4195,20240909,52,5,844.52,940.41,2,tied_agency
2490,20240904,32,6,5953.46,8355.31,1,tied_agency
2243,20240909,29,5,897.73,1170.45,2,tied_agency
7252,20240408,9006,6,4879.49,6495.36,2,bancassurance
13698,20240826,169,6,2912.47,2795.23,2,tied_agency
15014,20251029,184,3,1329.21,1798.38,1,bancassurance
3601,20241014,46,4,2935.27,2970.48,1,bancassurance
2132,20251229,28,2,1953.24,2719.79,2,bancassurance
8557,20230110,104,5,842.88,1001.19,1,bancassurance
14062,20240205,176,2,2488.78,3172.6,2,bancassurance
9805,20230116,124,3,2818.16,2737.15,2,bancassurance
8555,20230127,104,4,2610.39,3674.37,2,bancassurance
9739,20250131,123,1,1641.3,2383.8,2,tied_agency
10103,20230501,126,2,4547.37,4174.67,1,bancassurance
1434,20250521,22,1,2181.13,3221.88,2,bancassurance
2203,20240108,29,2,4519.47,4550.64,2,tied_agency
7937,20241231,97,2,1108.77,1546.49,1,bancassurance
1635,20241015,24,5,1011.54,976.36,2,bancassurance
2681,20251110,34,2,3805.39,5120.21,2,tied_agency
15792,20230123,195,2,2768.42,3324.01,1,bancassurance
1863,20241209,26,5,677.93,809.49,2,tied_agency
3072,20231031,38,2,3676.61,3469.28,1,bancassurance
875,20240930,15,2,2228.49,2652.09,2,tied_agency
5556,20230719,68,1,4108.73,4229.55,1,tied_agency
14670,20230508,9007,6,4090.43,4959.23,2,tied_agency
13132,20241203,162,3,1557.55,1593.61,1,bancassurance
11321,20230914,139,2,2908.87,3887.33,2,bancassurance
3585,20240429,46,4,1892.95,2122.27,2,bancassurance
3800,20250512,48,6,7718.34,9900.19,2,tied_agency
7204,20241211,87,3,568.67,621.79,1,bancassurance
2390,20250818,31,1,3605.65,3985.78,2,tied_agency
11822,20251208,148,2,1709.76,1806.16,1,bancassurance
12513,20250618,156,1,1526.63,1717.36,2,bancassurance
8875,20241031,108,6,5814.92,6260.25,1,bancassurance
11124,20230828,137,2,1905.69,2250.58,1,bancassurance
7681,20250929,95,2,1434.91,1412.93,2,bancassurance
1136,20241126,19,5,536.84,504.82,2,tied_agency
5373,20230711,66,5,786.86,1175.72,1,bancassurance
1049,20241025,18,4,2739.94,4059.94,1,tied_agency
10017,20231016,125,6,1302.65,1639.28,2,bancassurance
13479,20231120,167,6,7772.87,7649.37,1,bancassurance
5841,20230707,71,4,2207.38,2677.6,1,tied_agency
6049,20240923,73,2,3054.8,4381.61,2,tied_agency
12720,20230530,158,3,1891.52,2783.98,2,tied_agency
6451,20251222,78,5,1132.05,1132.22,1,tied_agency
13168,20240129,163,6,2819.84,2667.47,2,tied_agency
1065,20250319,18,1,4255.76,4601.31,2,tied_agency
5155,20250804,63,3,963.92,1163.27,2,bancassurance
4734,20230105,61,2,2157.92,2302.03,1,bancassurance
998,20230220,18,1,1238.57,1153.7,1,tied_agency
892,20250228,15,4,1079.24,1116.23,2,tied_agency
14144,20230821,177,4,2470.96,3593.88,1,tied_agency
2782,20230213,36,2,4109.89,4209.67,2,bancassurance
7400,20250205,90,5,866.2,994.27,1,bancassurance
3281,20250203,40,2,3745.04,5317.48,1,tied_agency
8627,20240301,104,3,2857.85,2856.33,2,bancassurance
11205,20230113,138,4,1508.05,1612.07,1,tied_agency
7077,20241112,85,2,1321.64,1871.8,1,tied_agency
14728,20240611,183,6,1668.31,2233.76,1,tied_agency
5179,20230217,64,1,3210.63,4607.2,1,tied_agency
6223,20240729,75,1,2521.44,2878.24,1,tied_agency
2432,20231027,32,6,3809.25,4224.93,1,tied_agency
7273,20241209,88,2,2137.37,2101.62,1,bancassurance
15289,20250220,187,2,4275.29,6074.97,1,bancassurance
3360,20230630,43,4,2389.01,2844.22,1,tied_agency
3339,20250618,42,3,2185.48,3027.08,1,tied_agency
14548,20240408,182,3,2212.58,2565.79,2,tied_agency
7420,20250929,90,4,2597.86,2552.66,1,bancassurance
6329,20240703,76,4,2369.18,3062.04,2,tied_agency
12190,20240923,152,1,4418.81,5197.98,2,bancassurance
8637,20240522,104,2,3974.08,5811.09,1,bancassurance
14237,20230707,179,5,424.45,629.81,1,tied_agency
12061,20230912,9003,6,3668.7,4198.67,1,bancassurance
10459,20251022,128,4,2851.96,2753.58,2,tied_agency
1184,20230515,20,3,2366.11,2671.92,1,tied_agency
2753,20250120,35,5,876.1,934.9,2,tied_agency
3221,20251006,39,5,906.17,1177.2,1,bancassurance
12450,20230320,156,2,2424.75,3367.91,2,bancassurance
9062,20230817,113,4,1548.77,1890.75,2,tied_agency
7601,20251110,92,6,3132.06,4657.26,2,tied_agency
10913,20241125,133,6,5185.07,6855.56,1,tied_agency
7390,20240909,9002,2,1529.86,1387.95,2,bancassurance
7771,20240619,96,5,967.22,1312.22,2,tied_agency
7218,20230313,88,5,635.63,766.65,1,bancassurance
5848,20231101,71,3,1330.04,1743.23,1,tied_agency
7674,20250328,95,4,2500.85,3678.46,2,bancassurance
2959,20240520,37,3,2366.01,2158.23,1,tied_agency
6773,20230220,83,6,5922.91,8533.54,1,bancassurance
5800,20250213,70,5,1053.69,1369.38,1,tied_agency
11480,20230615,141,4,1497.97,2111.31,1,bancassurance
8790,20241011,106,1,4069.45,4912.29,1,tied_agency
10104,20230515,126,6,1700.88,1837.21,2,bancassurance
4983,20250526,62,6,1899.75,1712.75,1,tied_agency
5727,20251015,69,2,3841.59,4020.57,1,tied_agency
4292,20250514,53,3,2696.18,2841.35,2,tied_agency
7282,20250416,88,1,3494.88,3612.67,1,bancassurance
1074,20250616,18,3,908.27,966.04,2,tied_agency
9072,20231127,113,5,706.44,912.27,2,tied_agency
3999,20251027,50,4,634.48,943.49,1,bancassurance
3245,20230825,40,2,958.16,887.91,2,tied_agency
7497,20250402,91,4,1300.1,1913.54,1,bancassurance
11040,20230714,135,4,1207.58,1152.23,2,tied_agency
14510,20230919,182,4,1669.63,2343.44,2,tied_agency
9118,20250520,113,3,2214.03,2866.19,1,tied_agency
8337,20240605,101,1,4792.86,6015.62,1,bancassurance
2486,20240813,32,4,2821.52,3467.05,2,tied_agency
487,20250915,9,3,1148.57,1322.16,1,bancassurance
5787,20241014,70,3,2375.29,2698.06,1,tied_agency
8093,20240202,99,6,2073.23,2361.27,2,bancassurance
15088,20230830,9010,5,1062.41,1561.29,2,tied_agency
12738,20231228,158,6,1720.04,2115.75,2,tied_agency
14217,20251110,177,5,911.89,1115.63,2,tied_agency
10050,20241127,125,1,4833.18,5672.4,1,bancassurance
1840,20240801,26,3,862.6,939.09,2,tied_agency
11230,20240401,138,6,1277.08,1699.14,2,tied_agency
5011,20230322,63,4,1861.87,2687.85,2,bancassurance
14174,20240812,177,6,1394.14,1494.13,2,tied_agency
2249,20241014,29,2,2376.19,2905.02,1,tied_agency
15967,20230925,198,3,2824.7,2985.65,2,bancassurance
2359,20250916,30,2,3977.75,3867.23,2,tied_agency
1177,20251106,19,4,2683.76,2630.37,2,tied_agency
690,20250805,12,4,1199.07,1208.58,1,bancassurance
15742,20240402,194,3,1657.32,1954.23,1,bancassurance
4853,20250224,61,1,1044.17,953.33,2,bancassurance
82,20251117,2,1,4774.94,4933.58,2,tied_agency
9452,20231206,120,3,1640.26,1840.96,1,tied_agency
11685,20241101,146,5,399.7,536.36,1,bancassurance
10343,20231106,128,5,750.73,889.98,2,tied_agency
10618,20231110,130,6,1291.31,1324.0,2,tied_agency
4827,20240906,61,4,2307.21,2929.19,2,bancassurance
9941,20250213,124,2,1937.62,2818.09,2,bancassurance
15732,20231023,194,3,1408.46,1420.53,2,bancassurance
12802,20230217,160,6,1340.11,1472.8,2,tied_agency
1527,20230213,24,4,2392.28,3020.55,2,bancassurance
13763,20231219,170,1,2773.36,2755.71,2,tied_agency
15044,20240624,185,2,897.21,1188.19,1,tied_agency
9245,20250212,115,3,1903.48,2125.89,1,tied_agency
14188,20250203,177,6,2871.36,3632.17,2,tied_agency
13482,20231221,167,4,593.06,592.21,1,bancassurance
13661,20230911,169,2,2773.61,2673.3,2,tied_agency
1983,20230602,28,1,4467.67,4690.85,1,bancassurance
14999,20250825,184,2,2833.35,3398.74,2,bancassurance
11081,20230717,136,4,704.3,879.61,2,tied_agency
5139,20250414,63,2,1710.1,1545.68,1,bancassurance
15965,20230921,198,6,1627.47,1795.23,2,bancassurance
5511,20250213,67,1,3313.12,4249.31,1,tied_agency
7538,20230811,92,2,3001.48,3354.75,2,tied_agency
8334,20240514,101,4,1705.55,1581.8,2,bancassurance
13343,20250123,165,2,2946.96,2704.1,2,tied_agency
3199,20250228,39,4,1847.29,1972.39,1,bancassurance
7228,20230808,88,3,2259.92,2508.52,2,bancassurance
266,20240916,6,3,755.58,719.6,2,tied_agency
9218,20240311,115,5,295.88,431.75,1,tied_agency
3228,20251208,9010,2,2660.17,3538.87,1,bancassurance
6174,20230131,75,4,2438.59,3594.18,2,tied_agency
6297,20230831,9001,6,5598.53,6267.26,1,tied_agency
15316,20230206,189,4,1516.48,1626.19,1,bancassurance
5053,20231130,63,4,1412.3,1670.19,2,bancassurance
14132,20230417,177,1,897.91,864.44,1,tied_agency
5920,20230323,72,2,1466.21,1528.87,2,bancassurance
14646,20230120,183,5,1040.03,1110.4,1,tied_agency
3167,20240202,39,6,5376.4,5604.84,2,bancassurance
2022,20240205,28,1,3495.93,4983.49,1,bancassurance
6343,20250602,76,1,1086.83,1576.86,1,tied_agency
12069,20231129,151,5,310.39,421.9,2,bancassurance
5527,20251009,67,2,1804.08,2040.61,1,tied_agency
1111,20231204,19,1,1218.33,1135.13,2,tied_agency
4449,20240425,9011,6,2400.22,3517.89,2,tied_agency
14978,20250422,184,5,899.0,1215.59,2,bancassurance
9430,20250818,118,4,656.09,928.09,2,bancassurance
4113,20230518,52,5,214.92,286.63,2,tied_agency
2250,20241119,29,4,1045.76,1563.7,2,tied_agency
11819,20251016,148,5,773.21,1000.54,1,bancassurance
10492,20230918,129,4,601.81,690.66,1,tied_agency
12991,20240821,161,2,3208.33,3694.76,1,bancassurance
12396,20250521,154,6,5293.16,4882.29,2,tied_agency
4903,20251222,61,4,560.57,581.93,1,bancassurance
3610,20250103,46,4,1021.55,1091.23,1,bancassurance
12939,20231009,161,4,2939.29,4248.7,2,bancassurance
4190,20240816,52,4,2251.79,3365.94,1,tied_agency
13192,20230203,9010,1,3287.26,3560.56,1,tied_agency
4155,20240101,52,3,1020.61,1254.43,2,tied_agency
13077,20230213,162,6,5973.4,7328.7,1,bancassurance
14019,20250901,174,4,2662.94,3803.71,2,bancassurance
1765,20230615,26,4,2106.21,3033.1,1,tied_agency
1842,20240820,9005,2,3158.89,3573.82,1,tied_agency
12131,20251124,151,1,3081.33,4369.9,1,bancassurance
9818,20230308,124,4,2234.91,2713.23,2,bancassurance
11961,20250702,149,6,1669.09,2032.85,2,bancassurance
9624,20230313,123,3,2173.6,2121.35,2,tied_agency
10308,20230301,128,6,6584.26,8813.38,2,tied_agency
9042,20230208,113,5,829.0,1122.74,2,tied_agency
5453,20230119,67,3,2323.83,2778.42,2,tied_agency
12171,20240318,152,6,5032.62,6779.28,1,bancassurance
660,20240917,12,2,941.16,1185.59,1,bancassurance
16103,20240306,9010,5,271.3,269.16,2,tied_agency
628,20230724,12,6,2612.42,3622.65,1,bancassurance
506,20230911,10,2,1074.21,996.26,2,tied_agency
3733,20230327,48,5,1159.26,1149.75,1,tied_agency
10627,20240108,130,1,1572.84,1545.14,1,tied_agency
1135,20241128,19,5,942.89,900.62,1,tied_agency
1106,20231020,19,3,2938.02,3241.16,2,tied_agency
11079,20230626,136,6,7022.72,9731.18,2,tied_agency
6047,20240812,73,4,1960.0,2835.73,2,tied_agency
1773,20230705,26,3,1130.18,1136.58,1,tied_agency
8431,20251229,101,1,2144.74,2753.81,2,bancassurance
524,20250815,10,6,2193.59,2444.79,2,tied_agency
15430,20240301,190,3,1618.53,1544.51,1,tied_agency
3972,20241230,50,1,3551.88,3559.81,1,bancassurance
1470,20240111,23,1,1776.11,1711.34,1,bancassurance
13354,20250505,165,5,368.42,359.06,1,tied_agency
4777,20231024,61,3,938.75,1214.36,2,bancassurance
10980,20231011,134,2,2031.21,2472.1,2,bancassurance
15524,20240312,191,1,1136.37,1105.84,2,tied_agency
5212,20240529,64,3,1271.35,1155.21,1,tied_agency
14538,20240202,182,2,1089.86,1477.44,2,tied_agency
7430,20230124,91,2,3170.15,4091.72,2,bancassurance
1288,20240112,21,5,310.44,290.56,2,tied_agency
9922,20241118,124,4,2701.77,3381.74,1,bancassurance
9842,20230814,124,3,2711.56,2626.56,1,bancassurance
6844,20250307,83,6,4469.03,4593.39,2,bancassurance
1560,20230925,24,2,4277.12,4389.9,1,bancassurance
7227,20230807,88,1,1341.53,1330.18,1,bancassurance
9829,20230519,124,5,589.2,714.51,1,bancassurance
6184,20230426,75,1,865.5,997.04,2,tied_agency
13301,20231121,165,3,2539.65,3039.1,2,tied_agency
6010,20230529,73,1,2900.34,2975.13,2,tied_agency
2653,20240702,34,5,267.96,273.34,1,tied_agency
8551,20251201,103,6,4213.84,4744.21,1,tied_agency
15339,20231108,189,4,1814.39,2319.69,1,bancassurance
7099,20250402,85,5,466.26,549.07,1,tied_agency
9647,20230814,123,4,762.08,1016.9,2,tied_agency
15311,20251226,187,1,3817.61,3641.1,1,bancassurance
2968,20240618,37,5,533.43,552.93,1,tied_agency
14965,20250220,184,5,965.99,994.36,1,bancassurance
9214,20240122,115,3,840.91,888.63,1,tied_agency
15598,20230925,192,6,6620.71,7887.45,2,tied_agency
2842,20250113,36,4,2356.31,2713.47,2,bancassurance
9924,20241126,124,5,791.2,719.13,1,bancassurance
6090,20230329,74,3,563.55,623.04,1,tied_agency
12095,20240820,151,4,2681.71,3061.5,1,bancassurance
15826,20240719,195,6,4786.84,6985.54,1,bancassurance
11666,20230825,146,6,6600.21,7059.24,2,bancassurance
11803,20250418,148,5,345.49,442.62,1,bancassurance
11663,20230609,146,6,1322.49,1852.41,1,bancassurance
12494,20241015,156,4,1531.85,1566.63,1,bancassurance
7050,20240527,9002,6,2625.12,3191.39,2,tied_agency
7082,20241202,85,5,412.14,538.61,1,tied_agency
3462,20251031,9011,3,1339.04,1457.7,1,bancassurance
10860,20251224,132,5,910.41,820.81,1,tied_agency
14785,20250617,183,4,2209.13,3225.25,2,tied_agency
1268,20231009,21,3,2547.9,2481.12,2,tied_agency
2267,20250217,29,2,4146.36,6151.88,1,tied_agency
7554,20240327,92,3,2096.73,2829.36,2,tied_agency
14382,20230726,181,3,2335.81,2935.72,1,tied_agency
3304,20251121,40,4,750.42,1109.91,1,tied_agency
6674,20251010,81,4,2271.67,2546.5,1,tied_agency
608,20230124,12,3,2600.28,2549.79,2,bancassurance
4433,20240126,56,3,1700.62,2243.01,1,tied_agency
4890,20250919,61,2,1491.68,2071.18,2,bancassurance
15525,20240325,191,4,1088.63,1392.35,1,tied_agency
6871,20230111,84,6,3356.03,3461.5,2,bancassurance
865,20240527,15,5,1095.93,1290.44,2,tied_agency
15626,20251208,192,6,7780.66,8022.88,2,tied_agency
9193,20230608,115,3,1414.96,1577.15,2,tied_agency
12507,20250407,156,2,3101.33,4039.01,2,bancassurance
9406,20241225,118,4,1202.1,1799.61,1,bancassurance
5089,20240730,63,2,884.75,1244.36,2,bancassurance
643,20240125,12,3,1972.62,2652.85,1,bancassurance
11430,20240319,140,3,2700.63,3528.29,2,bancassurance
12670,20250408,157,4,2677.41,3169.49,2,bancassurance
1460,20230911,23,1,3619.85,3282.21,1,bancassurance
4004,20251229,50,3,2354.77,2749.54,2,bancassurance
9907,20240814,124,5,546.09,699.47,1,bancassurance
9001,20251222,111,5,916.13,1145.52,1,bancassurance
2441,20231213,32,6,5185.79,7395.77,2,tied_agency
3130,20251006,38,3,1981.39,2646.33,2,bancassurance
14612,20250623,182,6,3701.09,4806.52,1,tied_agency
2662,20241104,34,5,1017.86,1136.5,1,tied_agency
5066,20240206,63,3,2981.14,2724.45,1,bancassurance
13525,20250414,167,5,924.86,848.7,1,bancassurance
8186,20240408,100,5,529.9,484.06,1,bancassurance
10904,20240729,133,6,7915.86,10336.48,1,tied_agency
540,20230601,11,4,1530.85,1889.5,1,bancassurance
3082,20231219,38,5,1022.26,1231.25,1,bancassurance
3212,20250616,39,6,7933.24,8197.03,2,bancassurance
13137,20250320,162,6,5911.64,8803.06,1,bancassurance
9447,20230619,120,4,930.73,1248.97,1,tied_agency
14076,20240710,176,3,2411.59,2504.14,1,bancassurance
2395,20230120,32,2,3880.33,4316.33,1,tied_agency
2832,20240924,36,1,1486.24,1371.02,2,bancassurance
10864,20230217,133,1,4420.58,6319.67,2,tied_agency
15607,20240701,192,5,1010.63,1235.61,1,tied_agency
10169,20240909,126,1,2565.56,3573.74,1,bancassurance
15866,20250804,195,3,1399.27,1643.86,2,bancassurance
15758,20241028,194,4,1519.49,1600.45,2,bancassurance
15313,20230131,189,2,4490.95,6536.18,1,bancassurance
6252,20250416,75,1,1778.93,1845.92,1,tied_agency
15787,20251128,194,3,1403.74,1769.26,2,bancassurance
10259,20230710,127,3,2609.77,3912.23,1,bancassurance
11484,20230925,141,1,1420.42,1902.47,2,bancassurance
5703,20250211,69,3,1303.12,1687.42,2,tied_agency
7745,20240104,96,4,2186.13,2030.35,2,tied_agency
12685,20250822,157,2,2467.47,2701.28,2,bancassurance
10348,20231219,128,4,2748.45,4011.93,1,tied_agency
676,20250331,12,2,4777.9,6258.4,1,bancassurance
15507,20230911,191,2,1874.71,1879.52,1,tied_agency
8570,20230404,104,4,2021.95,2638.32,2,bancassurance
15873,20251007,195,6,7775.46,9061.5,2,bancassurance
9516,20230125,122,1,1700.29,2011.27,1,tied_agency
3636,20250911,46,6,1896.16,2058.31,2,bancassurance
3632,20250825,46,1,3511.96,3259.05,2,bancassurance
6864,20251113,83,5,837.56,873.62,1,bancassurance
5677,20240426,69,5,793.9,732.74,2,tied_agency
10264,20231205,127,4,1856.86,2115.07,2,bancassurance
12243,20230731,9008,2,1736.88,1716.19,1,bancassurance
1439,20230103,9011,2,3053.1,3623.88,2,bancassurance
641,20231212,12,6,5544.62,6726.88,1,bancassurance
10590,20230623,130,6,3398.32,4809.71,2,tied_agency
13637,20251222,168,6,1761.01,2089.67,2,tied_agency
1506,20250702,23,4,2339.16,2445.39,2,bancassurance
7324,20250214,89,2,2562.48,3542.9,1,bancassurance
15859,20250630,195,5,558.2,517.2,2,bancassurance
270,20250106,6,5,369.58,417.05,2,tied_agency
2149,20230329,29,6,3968.55,5040.79,1,tied_agency
14075,20240605,176,2,4379.39,4742.55,1,bancassurance
4474,20241125,56,6,4221.65,5250.05,1,tied_agency
15919,20230703,197,2,3383.43,3404.07,2,tied_agency
1016,20230801,18,4,1101.28,1360.18,2,tied_agency
13764,20240117,170,2,1539.06,2096.1,2,tied_agency
1486,20240923,9005,2,3065.11,4425.96,1,bancassurance
14072,20240527,176,1,2089.6,1995.83,1,bancassurance
4272,20230508,53,1,4644.65,4728.14,2,tied_agency
11010,20241030,134,1,4074.58,4166.96,2,bancassurance
16087,20230905,200,4,1439.78,1337.68,2,tied_agency
9010,20230906,112,5,363.85,431.1,2,bancassurance
11698,20230207,147,2,4529.58,4261.23,2,tied_agency
14605,20250416,182,5,224.04,223.05,1,tied_agency
2342,20240425,30,1,3174.29,4712.35,1,tied_agency
8558,20230111,104,1,2217.76,2572.45,1,bancassurance
5079,20240522,63,3,2571.99,2797.29,1,bancassurance
15630,20230414,193,5,665.7,868.85,2,bancassurance
14411,20240607,181,5,270.25,336.98,1,tied_agency
9608,20251112,122,6,2284.07,2914.05,2,tied_agency
10524,20241106,129,2,1550.17,1894.37,1,tied_agency
6866,20251219,83,5,382.7,363.06,2,bancassurance
8100,20240419,99,6,6751.76,7941.49,2,bancassurance
3318,20230815,42,5,1111.97,1665.07,1,tied_agency
13501,20240729,167,6,3413.61,4369.32,1,bancassurance
5720,20250804,69,3,673.62,768.96,1,tied_agency
11798,20250115,148,4,1360.84,2020.31,2,bancassurance
15399,20251028,189,4,1804.19,1654.92,1,bancassurance
12045,20230317,151,3,2477.95,3622.93,2,bancassurance
11772,20240308,148,1,4388.69,5111.82,2,bancassurance
14554,20240513,182,3,1444.68,1690.09,1,tied_agency
14255,20240306,179,2,4633.16,6426.74,2,tied_agency
2168,20230706,9005,4,720.4,1045.16,1,tied_agency
1185,20230622,20,2,4979.87,5327.37,1,tied_agency
5671,20240213,9008,1,2120.45,2623.9,2,tied_agency
13817,20250828,170,2,3782.42,3829.87,2,tied_agency
10251,20230120,127,3,1541.84,1986.48,1,bancassurance
7441,20230519,91,4,502.4,645.26,1,bancassurance
5302,20240301,65,5,1085.44,1438.1,2,tied_agency
8842,20250613,107,1,1566.14,2191.91,2,bancassurance
9623,20230330,123,6,6045.69,8999.38,2,tied_agency
12199,20250127,152,4,1326.49,1946.73,1,bancassurance
9732,20241202,123,6,5718.3,5258.34,1,tied_agency
15547,20241104,191,3,2969.14,3520.66,1,tied_agency
3401,20240930,43,3,2241.09,2997.9,1,tied_agency
3887,20250317,49,3,1998.22,2108.11,2,tied_agency
13635,20251210,168,6,7462.54,8695.49,1,tied_agency
11796,20241223,148,1,1012.74,976.04,1,bancassurance
7931,20240909,97,3,2677.94,3483.28,2,bancassurance
727,20230905,13,2,4883.8,5222.09,2,bancassurance
13564,20230919,168,1,4312.31,5277.94,1,tied_agency
3880,20241125,49,6,6453.93,6725.62,1,tied_agency
12994,20240924,161,5,908.41,955.51,1,bancassurance
7069,20241007,85,4,2259.2,2261.17,2,tied_agency
1548,20230704,24,4,2521.12,2607.17,2,bancassurance
10262,20231026,9011,1,4974.07,6088.09,1,bancassurance
3088,20240301,38,2,2187.49,2103.85,2,bancassurance
14973,20250324,184,6,2951.46,3004.88,1,bancassurance
237,20250616,5,2,2395.33,3353.5,2,bancassurance
12971,20240423,161,4,2245.77,2575.33,2,bancassurance
14877,20231116,184,6,1359.57,1770.92,2,bancassurance
5446,20251020,66,5,566.72,636.84,1,bancassurance
13067,20251117,161,6,4492.8,5530.62,2,bancassurance
15459,20250224,190,1,4880.86,6561.94,1,tied_agency
15344,20240115,189,1,4452.8,4347.03,2,bancassurance
4394,20230322,56,4,715.4,890.93,1,tied_agency
2962,20240514,37,3,2421.23,3297.26,2,tied_agency
13009,20241209,161,3,2191.66,3079.04,2,bancassurance
8589,20230829,104,5,285.79,295.4,1,bancassurance
5835,20230428,71,3,1482.36,1914.86,2,tied_agency
8972,20230821,111,1,1858.75,2557.44,1,bancassurance
950,20241024,16,1,3679.1,4087.15,2,tied_agency
11011,20241119,134,1,945.06,1201.11,1,bancassurance
2916,20230927,37,1,3424.78,3149.04,2,tied_agency
14506,20230925,182,3,2362.56,2149.35,2,tied_agency
9561,20240604,122,1,1722.34,1565.82,1,tied_agency
12002,20230814,150,2,2479.72,2639.26,1,tied_agency
13779,20240628,170,3,1778.17,2011.31,1,tied_agency
12014,20240725,150,5,933.96,973.8,2,tied_agency
12235,20230427,153,5,308.03,434.76,2,bancassurance
8747,20240524,105,2,1687.4,2377.03,2,bancassurance
9567,20240930,122,5,783.71,1159.64,2,tied_agency
8992,20250606,111,4,1820.91,2606.32,1,bancassurance
10186,20241230,126,6,4539.53,5119.9,1,bancassurance
11615,20240819,144,5,270.9,337.6,2,bancassurance
16053,20240916,199,4,1430.13,1888.05,2,bancassurance
6299,20231009,76,4,2903.42,4068.37,2,tied_agency
8575,20230518,104,6,4283.64,6038.68,1,bancassurance
14593,20250122,182,5,1125.59,1271.19,1,tied_agency
9996,20230227,125,1,1705.55,2415.34,2,bancassurance
9868,20240118,124,2,4017.0,5575.9,1,bancassurance
6013,20230717,73,2,2253.89,3337.3,1,tied_agency
12469,20231228,156,4,2140.28,2919.41,1,bancassurance
4583,20240425,58,4,1852.21,1833.22,1,tied_agency
3838,20230714,49,3,1058.79,1126.23,1,tied_agency
8062,20230324,9002,3,2639.47,3612.61,1,bancassurance
2293,20250702,29,2,3913.79,4376.15,2,tied_agency
8216,20250219,100,4,2380.06,2781.1,1,bancassurance
10603,20230918,130,1,1249.62,1272.23,1,tied_agency
6018,20230915,73,3,936.26,981.9,1,tied_agency
1005,20230508,18,4,1433.71,1684.1,2,tied_agency
4979,20250407,62,3,2196.95,2293.7,1,tied_agency
11750,20230602,148,2,2931.55,3329.93,2,bancassurance
8920,20250502,9002,5,626.32,721.06,1,bancassurance
9926,20241225,124,1,3767.31,4609.32,1,bancassurance
7548,20240108,92,3,2966.88,4225.38,1,tied_agency
12960,20240212,161,1,2947.25,3203.8,2,bancassurance
10516,20240717,129,1,4412.69,5076.86,1,tied_agency
2928,20231124,37,4,732.42,805.63,1,tied_agency
11367,20250328,139,1,4027.19,4936.15,2,bancassurance
14448,20250728,181,1,2548.51,2374.49,1,tied_agency
8767,20251216,105,5,658.2,830.07,2,bancassurance
12745,20240401,158,2,2939.98,4406.59,1,tied_agency
1850,20240904,26,3,2111.94,1988.76,2,tied_agency
13638,20251222,168,1,4081.41,4868.64,1,tied_agency
15380,20250227,189,2,1231.7,1534.55,1,bancassurance
13811,20250512,170,3,2488.62,2332.47,2,tied_agency
1540,20230427,24,2,2891.29,2753.24,2,bancassurance
1302,20240304,9005,1,3326.72,3809.67,2,tied_agency
14742,20240819,183,2,1010.85,1162.99,1,tied_agency
9596,20250715,122,6,2541.82,3543.75,2,tied_agency
10029,20240319,125,3,2413.82,2822.65,2,bancassurance
2863,20250904,36,1,1133.7,1420.08,1,bancassurance
12087,20240418,151,3,1889.72,2733.36,2,bancassurance
3182,20240628,39,5,462.85,523.84,2,bancassurance
1109,20231204,19,5,478.89,651.67,1,tied_agency
8308,20231225,101,5,1076.73,1397.33,2,bancassurance
12632,20240902,157,3,1848.82,1907.03,1,bancassurance
7688,20230130,96,5,741.84,931.5,1,tied_agency
8285,20230824,9008,2,2804.03,3691.91,1,bancassurance
244,20230116,6,4,539.33,657.62,1,tied_agency
633,20230829,12,5,1169.24,1499.64,2,bancassurance
13917,20250213,173,3,968.14,1398.12,1,tied_agency
14956,20241205,184,6,1690.28,1932.51,1,bancassurance
8014,20240610,98,4,2427.14,2720.09,1,bancassurance
14221,20230109,179,2,3580.23,4131.15,1,tied_agency
1855,20241023,26,2,1241.57,1357.92,2,tied_agency
2980,20241004,37,5,895.94,820.81,1,tied_agency
15698,20250721,193,2,1571.71,1436.88,1,bancassurance
12006,20240102,150,2,1666.44,2498.29,2,tied_agency
9005,20230328,112,5,374.1,513.46,1,bancassurance
12557,20230619,157,3,1305.38,1887.13,1,bancassurance
11639,20250520,144,3,2097.94,2716.2,1,bancassurance
11525,20240905,142,6,3148.79,3889.07,2,bancassurance
13748,20230703,170,5,1125.28,1538.43,1,tied_agency
13000,20241007,161,1,3284.09,4138.83,2,bancassurance
5984,20250602,72,1,4690.77,5827.77,1,bancassurance
14102,20250506,176,3,2823.3,4094.09,1,bancassurance
2588,20241107,33,6,4705.33,5578.76,2,bancassurance
5230,20250107,64,4,2183.37,2636.27,2,tied_agency
1432,20250320,22,5,829.84,1047.09,2,bancassurance
5840,20230606,71,2,4838.5,6789.07,1,tied_agency
1419,20240402,22,2,1213.32,1143.93,1,bancassurance
7618,20231228,94,4,2395.35,3052.34,2,bancassurance
6407,20240813,78,2,829.88,877.35,2,tied_agency
14109,20250901,176,5,850.54,802.27,1,bancassurance
741,20240522,13,1,1844.63,2213.47,2,bancassurance
12224,20250912,152,3,1540.64,2245.5,1,bancassurance
8188,20240422,100,4,1141.81,1460.57,2,bancassurance
601,20251119,11,2,1281.41,1669.15,1,bancassurance
10080,20230117,126,6,4240.62,4631.63,2,bancassurance
5382,20231106,66,6,7574.83,9247.94,1,bancassurance
14663,20230324,183,6,1459.31,1927.13,2,tied_agency
3159,20231030,39,6,5583.83,5332.55,1,bancassurance
1405,20230208,22,5,494.18,488.81,1,bancassurance
13368,20251117,165,2,906.38,1257.73,1,tied_agency
4187,20240709,52,6,3783.89,5516.07,1,tied_agency
3912,20251125,49,4,1192.34,1744.07,2,tied_agency
568,20240528,11,1,3923.41,4009.15,2,bancassurance
5613,20250429,68,2,3468.5,3532.78,2,tied_agency
15508,20230921,191,2,3992.53,4938.58,1,tied_agency
14917,20240605,184,6,5697.06,6746.15,1,bancassurance
2297,20250728,29,6,2278.79,3331.14,1,tied_agency
15417,20230926,190,1,4092.54,4798.33,2,tied_agency
2989,20241217,37,6,6688.2,7087.38,2,tied_agency
10358,20240325,128,1,1370.41,1870.75,1,tied_agency
13333,20241014,165,4,1888.94,2308.41,1,tied_agency
11766,20240108,148,5,569.57,585.18,2,bancassurance
1685,20250821,24,6,6220.39,7023.99,2,bancassurance
3698,20241021,47,6,4958.03,5527.49,2,tied_agency
8888,20230119,109,6,4698.25,5291.36,2,bancassurance
6820,20240603,83,6,5928.0,8595.83,2,bancassurance
409,20250922,8,4,1176.09,1076.87,1,bancassurance
15143,20240724,186,2,4156.63,5911.29,2,tied_agency
13339,20241210,165,5,383.4,441.09,1,tied_agency
10314,20230529,128,2,1871.28,2274.3,2,tied_agency
11532,20250709,142,6,7518.34,8012.67,1,bancassurance
3729,20230104,48,2,1913.52,1960.87,1,tied_agency
14205,20250801,177,1,2471.39,2767.21,1,tied_agency
2008,20231106,28,6,6671.82,8438.51,2,bancassurance
9575,20241129,122,2,991.02,931.19,2,tied_agency
12500,20250122,9010,6,2044.91,2844.08,2,bancassurance
14814,20251113,183,4,963.76,1204.07,1,tied_agency
6875,20230322,84,6,1270.89,1738.29,1,bancassurance
1761,20230526,26,5,1177.43,1100.0,1,tied_agency
5243,20250609,64,2,3112.01,4573.8,2,tied_agency
2265,20250203,29,3,831.63,780.81,1,tied_agency
15488,20230123,191,6,2960.9,4387.71,2,tied_agency
9508,20250501,121,3,997.56,956.55,1,tied_agency
8483,20230905,103,1,4623.22,4843.56,2,tied_agency
3303,20251113,40,1,934.76,1390.82,2,tied_agency
3105,20241118,9005,5,996.28,1082.4,2,bancassurance
15835,20240909,195,1,1997.78,2899.74,1,bancassurance
12356,20240322,154,5,923.65,1301.94,1,tied_agency
9618,20230215,123,5,611.2,898.68,1,tied_agency
5584,20240422,68,1,2473.07,3011.94,1,tied_agency
13913,20250116,173,1,3861.0,5683.37,2,tied_agency
89,20230414,9002,2,2064.84,1917.51,2,tied_agency
6404,20240718,78,5,879.56,1191.22,1,tied_agency
5145,20250612,63,2,4355.12,4548.1,2,bancassurance
6036,20240408,73,4,2089.16,2255.68,1,tied_agency
11221,20231010,138,5,1028.2,1516.62,2,tied_agency
14052,20231002,176,5,815.39,802.73,1,bancassurance
13158,20251201,162,6,2426.05,2740.51,1,bancassurance
11770,20240215,148,3,545.56,638.21,1,bancassurance
11207,20230206,138,6,7466.82,9576.07,2,tied_agency
5177,20251229,63,3,1621.58,1632.61,2,bancassurance
6952,20250930,84,5,556.51,765.69,1,bancassurance
11930,20241022,149,1,1861.7,1776.51,1,bancassurance
13386,20230727,166,4,587.31,696.91,2,tied_agency
4036,20240101,51,3,1471.27,1360.01,2,tied_agency
6015,20230717,73,5,717.04,1025.81,1,tied_agency
5810,20250721,70,4,1766.86,1926.09,1,tied_agency
2532,20250527,9009,1,2401.1,2971.67,2,tied_agency
7596,20250820,92,5,420.21,430.93,2,tied_agency
4819,20240722,61,4,2006.86,2323.85,1,bancassurance
14365,20230213,181,5,365.43,426.8,2,tied_agency
6269,20251103,75,6,2478.59,3261.9,1,tied_agency
5788,20241001,70,5,735.11,924.46,1,tied_agency
8677,20241202,104,5,321.53,435.85,1,bancassurance
10026,20240201,125,6,4672.75,6554.21,1,bancassurance
10090,20230327,126,4,579.12,575.64,2,bancassurance
4602,20241118,58,2,4699.27,6053.71,2,tied_agency
4663,20230904,60,4,2379.02,2682.98,2,tied_agency
14849,20230529,184,3,766.32,881.36,1,bancassurance
3429,20251031,43,6,7905.47,9678.42,2,tied_agency
13234,20240930,164,2,3159.73,3846.53,1,tied_agency
8419,20251013,101,1,2389.29,3417.95,1,bancassurance
15282,20241209,9005,4,2005.11,1904.39,1,bancassurance
7998,20231228,98,1,1125.02,1597.38,2,bancassurance
4664,20231025,60,5,833.71,928.43,1,tied_agency
16021,20250715,198,3,1817.28,1958.35,2,bancassurance
6956,20251020,84,6,4083.26,6035.2,2,bancassurance
12845,20240724,160,1,1335.95,1999.69,1,tied_agency
6468,20230713,9005,4,1635.47,2392.96,2,bancassurance
12071,20231108,151,1,3909.57,3680.34,1,bancassurance
3914,20251212,49,4,1321.48,1752.27,1,tied_agency
8429,20251203,9001,4,649.7,623.7,1,bancassurance
4023,20230714,51,1,1740.81,2575.14,2,tied_agency
8017,20240722,98,4,1041.71,1194.48,1,bancassurance
4987,20250604,62,2,4260.39,5100.98,2,tied_agency
7717,20230710,96,3,2711.28,2498.94,2,tied_agency
1397,20251110,21,6,2219.99,3126.9,1,tied_agency
6216,20240318,9008,4,511.83,604.6,1,tied_agency
13017,20250110,161,2,4928.63,5530.06,2,bancassurance
404,20250721,8,1,3379.25,4292.28,2,bancassurance
8566,20230306,104,1,2276.79,2125.84,1,bancassurance
12216,20250711,152,2,3848.68,5689.17,2,bancassurance
8476,20230629,103,3,2932.89,3140.15,2,tied_agency
11106,20230125,137,4,2498.08,2680.03,1,bancassurance
5062,20240109,63,2,4347.05,5451.96,2,bancassurance
6128,20240925,9005,6,2441.61,2430.21,1,tied_agency
7613,20230608,94,4,1300.69,1531.64,2,bancassurance
16063,20250422,199,1,3566.85,4188.17,1,bancassurance
15414,20230731,190,2,909.05,1265.79,2,tied_agency
15738,20240124,194,1,3508.94,4944.97,2,bancassurance
15639,20230823,193,5,712.96,1058.29,1,bancassurance
215,20230824,5,6,5923.0,5503.69,1,bancassurance
13291,20230731,165,3,1017.82,953.55,2,tied_agency
2347,20240614,30,5,981.11,1318.29,1,tied_agency
6141,20250217,74,2,3698.09,3459.78,1,tied_agency
1848,20240902,9002,6,6483.14,8074.46,2,tied_agency
4315,20240116,54,5,1016.4,1482.21,1,bancassurance
11812,20250801,148,2,2803.04,3690.59,1,bancassurance
7711,20230601,96,2,4029.23,5674.01,2,tied_agency
8270,20230517,101,5,279.26,280.06,2,bancassurance
11187,20250716,137,5,1041.86,1161.66,1,bancassurance
4940,20240219,9006,3,2879.64,4297.67,1,tied_agency
11572,20230207,144,2,1808.39,1666.32,2,bancassurance
8837,20250217,107,3,1053.57,1252.81,2,bancassurance
13706,20241216,169,4,2691.14,3420.96,2,tied_agency
4268,20230307,53,1,1663.46,2362.79,2,tied_agency
15915,20230515,197,6,1361.16,1662.66,1,tied_agency
7330,20250610,89,4,1443.69,1608.63,2,bancassurance
1337,20241014,21,3,1994.67,2799.9,2,tied_agency
15361,20240719,189,6,5626.61,6373.87,1,bancassurance
3226,20251231,39,5,1069.03,1422.85,1,bancassurance
2173,20230719,29,6,3009.54,3212.32,2,tied_agency
15973,20231123,198,4,1107.99,1337.12,1,bancassurance
9834,20230623,124,3,762.12,1018.72,2,bancassurance
8934,20230922,110,4,2369.42,2313.7,1,bancassurance
4194,20240916,52,4,2114.7,2948.82,1,tied_agency
2574,20230410,9006,4,2990.38,3296.93,2,bancassurance
8808,20251212,106,5,303.27,286.63,1,tied_agency
8531,20250512,103,2,1201.33,1585.88,1,tied_agency
14178,20241014,177,1,3025.57,2820.4,1,tied_agency
6693,20230606,82,4,776.65,1007.3,2,bancassurance
10135,20240116,126,2,3142.11,3928.81,2,bancassurance
7472,20240607,91,3,1225.49,1617.44,1,bancassurance
10592,20230630,130,6,2370.25,2251.93,2,tied_agency
4442,20240327,56,5,601.28,660.44,1,tied_agency
16017,20250512,198,2,4257.19,6166.49,2,bancassurance
10546,20250715,129,3,2251.93,2368.66,1,tied_agency
6623,20250317,80,4,2799.79,3707.22,2,bancassurance
1270,20231009,21,3,1216.9,1220.26,2,tied_agency
13510,20241111,167,5,309.31,354.97,1,bancassurance
4918,20230522,62,1,4441.77,4385.55,2,tied_agency
11183,20250505,137,1,1126.73,1428.17,1,bancassurance
2487,20240808,32,1,3608.56,3389.44,2,tied_agency
15018,20251119,184,3,1583.49,2367.41,2,bancassurance
1816,20240405,26,6,1362.24,1293.83,1,tied_agency
10208,20250424,126,4,2680.76,2954.73,1,bancassurance
1665,20250407,24,3,2313.38,3455.7,1,bancassurance
2925,20231025,37,2,1006.13,1093.56,1,tied_agency
616,20230331,12,5,210.59,219.71,1,bancassurance
788,20251020,13,4,2130.62,2168.25,1,bancassurance
6554,20230105,80,6,2314.56,2798.61,2,bancassurance
12136,20230124,9002,3,2240.63,2422.55,2,bancassurance
8844,20250718,107,5,532.87,786.39,1,bancassurance
15670,20240724,193,5,869.0,895.45,1,bancassurance
2634,20231205,34,1,2348.25,3206.48,2,tied_agency
4891,20251006,61,1,891.06,1019.44,2,bancassurance
12589,20231207,157,1,4344.11,5026.46,1,bancassurance
7894,20230821,97,2,3914.95,4319.13,2,bancassurance
2929,20231120,37,2,1088.74,1599.78,1,tied_agency
13571,20231106,168,1,4290.05,6040.6,1,tied_agency
6145,20250410,74,3,2723.88,3723.52,2,tied_agency
8158,20230426,100,4,1109.59,1238.43,2,bancassurance
4024,20230801,51,4,968.73,1287.1,1,tied_agency
6887,20230717,84,5,766.29,971.76,2,bancassurance
12816,20230828,160,3,1332.21,1287.75,2,tied_agency
3122,20250603,38,2,1633.44,1914.91,1,bancassurance
10282,20250430,127,6,1422.57,2019.78,2,bancassurance
15103,20231106,186,1,3592.33,4562.81,1,tied_agency
8013,20240522,98,3,592.93,639.2,1,bancassurance
8900,20231031,109,4,1865.35,2777.41,1,bancassurance
1516,20251124,23,6,2466.68,3327.49,2,bancassurance
656,20240703,12,4,2814.65,3268.45,2,bancassurance
9598,20250825,122,6,1877.99,2699.77,1,tied_agency
7075,20241127,85,6,6188.44,8777.22,1,tied_agency
2389,20250716,31,2,1872.19,2591.47,2,tied_agency
16051,20240812,9001,2,896.62,822.11,1,bancassurance
14886,20240101,184,6,7779.01,8387.3,2,bancassurance
14329,20240209,180,5,276.42,411.52,1,tied_agency
3546,20251030,45,3,2740.96,3016.99,2,tied_agency
1447,20230417,23,2,4579.85,6136.75,2,bancassurance
5793,20241223,70,3,815.36,1141.71,1,tied_agency
10905,20240708,133,5,1140.99,1148.04,1,tied_agency
15946,20251027,197,5,943.63,1309.02,2,tied_agency
7904,20231211,9006,5,415.75,475.95,1,bancassurance
10371,20240503,128,2,4738.61,4942.75,2,tied_agency
2616,20230424,34,5,329.43,352.21,2,tied_agency
13062,20251013,161,5,206.66,241.56,1,bancassurance
15095,20230913,186,3,1408.78,1962.87,2,tied_agency
12824,20231106,9010,1,1709.61,1815.63,1,tied_agency
394,20250212,8,3,870.81,1155.3,2,bancassurance
14293,20250721,179,4,2519.94,2724.15,1,tied_agency
3501,20240126,45,5,503.64,506.73,1,tied_agency
1576,20231226,24,6,6216.4,8488.56,1,bancassurance
8041,20250630,98,5,367.61,373.48,2,bancassurance
9901,20240709,124,4,1908.38,2486.3,1,bancassurance
7720,20230713,96,5,371.98,431.51,2,tied_agency
3361,20230725,43,6,2810.84,3437.5,1,tied_agency
3522,20241125,45,6,1196.35,1242.24,1,tied_agency
2231,20240627,29,6,5570.27,7964.12,2,tied_agency
9069,20231004,113,4,766.58,810.45,1,tied_agency
3560,20230424,46,6,7809.68,7813.49,1,bancassurance
7766,20240416,96,6,4253.36,4047.23,1,tied_agency
15174,20250219,186,1,4895.85,6914.57,2,tied_agency
1798,20231218,9009,4,1029.68,1406.67,2,tied_agency
7584,20250409,92,3,2628.0,3618.64,1,tied_agency
11465,20250603,140,4,2265.07,2457.39,2,bancassurance
6841,20250225,83,6,6547.78,6645.58,1,bancassurance
7135,20251103,9005,5,456.29,448.9,1,tied_agency
11554,20240925,143,1,3489.05,4631.62,2,bancassurance
14789,20250613,183,5,961.57,1023.79,1,tied_agency
2467,20240424,32,1,3378.17,4114.15,1,tied_agency
14827,20230130,184,2,1287.06,1718.07,2,bancassurance
1071,20250509,18,5,680.49,790.49,2,tied_agency
9224,20240529,115,1,3309.14,3756.76,1,tied_agency
452,20240520,9,5,771.22,933.25,1,bancassurance
7808,20250103,96,3,2598.19,3120.06,1,tied_agency
8494,20240216,103,3,1764.8,2605.28,1,tied_agency
11776,20240430,148,5,575.63,792.94,1,bancassurance
9263,20251008,115,4,2084.8,2245.24,2,tied_agency
12602,20240215,157,4,2334.55,2725.99,2,bancassurance
6752,20250211,82,2,2067.93,3028.45,2,bancassurance
1301,20240401,9001,4,1683.39,2269.04,2,tied_agency
2896,20230504,37,4,1010.23,1008.56,2,tied_agency
510,20240112,10,1,3276.71,3281.27,1,tied_agency
7927,20240807,97,6,2576.85,3332.51,1,bancassurance
3186,20240807,39,4,1997.5,1995.28,2,bancassurance
15435,20240401,190,6,5616.75,8288.89,1,tied_agency
6235,20241015,75,5,709.83,852.71,2,tied_agency
10705,20250702,130,6,6037.3,8152.84,2,tied_agency
8393,20250408,101,5,1188.46,1119.19,2,bancassurance
14560,20240617,182,1,908.64,1331.61,1,tied_agency
6027,20231214,73,1,3703.27,5471.72,1,tied_agency
2129,20251118,28,6,2313.72,3045.84,2,bancassurance
3117,20250424,9004,6,7600.52,10878.33,2,bancassurance
817,20250408,14,5,466.86,579.01,1,tied_agency
42,20240610,2,2,1342.58,1637.34,2,tied_agency
2819,20240416,36,1,4722.7,6711.79,1,bancassurance
1579,20240119,24,2,896.71,1115.32,2,bancassurance
9534,20230830,122,6,3399.51,4603.89,2,tied_agency
4351,20230623,55,4,1512.67,2102.34,1,bancassurance
9738,20241224,9003,1,4665.18,5100.66,2,tied_agency
7359,20230703,90,6,3108.83,3639.99,1,bancassurance
7924,20240729,9006,6,4342.9,4966.9,1,bancassurance
65,20250331,2,3,2309.33,2988.13,1,tied_agency
7659,20240321,95,4,1514.86,1656.93,1,bancassurance
5552,20230531,68,1,3614.34,3438.1,2,tied_agency
10889,20231204,133,2,3826.85,4060.83,1,tied_agency
12003,20231106,150,1,1855.3,1762.07,2,tied_agency
10257,20230501,9010,1,3494.2,5232.99,2,bancassurance
10764,20250926,131,2,2886.87,3349.59,1,tied_agency
6475,20231023,79,4,1667.26,1619.12,2,bancassurance
12319,20230126,154,1,4778.03,6423.78,1,tied_agency
13897,20240506,173,5,881.99,1231.09,2,tied_agency
15355,20240624,189,6,6070.39,5617.19,1,bancassurance
7841,20250616,96,4,1588.1,1989.83,2,tied_agency
1054,20241128,18,3,989.29,939.98,2,tied_agency
4274,20230810,9009,6,2459.0,2583.44,1,tied_agency
15569,20250623,191,3,1734.91,2421.14,2,tied_agency
6166,20251009,74,3,1354.24,1795.13,2,tied_agency
10202,20250303,126,5,328.58,377.21,1,bancassurance
11950,20250421,149,2,3375.99,3447.84,1,bancassurance
9436,20251014,118,5,964.65,1042.72,2,bancassurance
3165,20240124,39,3,1790.29,1821.96,1,bancassurance
8076,20230830,99,1,3702.33,3805.69,1,bancassurance
10180,20241122,126,6,3045.76,3356.9,2,bancassurance
2007,20231122,28,1,3385.3,3781.44,2,bancassurance
6260,20250813,75,4,2873.69,3571.48,1,tied_agency
6619,20250122,80,5,981.5,969.27,1,bancassurance
5724,20250926,69,5,522.96,643.76,2,tied_agency
3703,20241216,47,5,593.47,862.65,2,tied_agency
116,20250704,3,4,1794.36,2598.46,2,tied_agency
6675,20251127,81,6,7093.57,6396.55,2,tied_agency
12373,20240805,154,2,1796.11,2016.78,1,tied_agency
11332,20240229,139,2,3883.72,5247.12,1,bancassurance
5855,20240219,71,4,2418.8,2382.34,1,tied_agency
15669,20240725,193,2,1738.01,2545.52,1,bancassurance
11744,20230307,9005,3,789.15,819.48,2,bancassurance
5290,20231108,65,6,3033.53,3209.58,2,tied_agency
6757,20250428,82,4,1457.56,1366.08,2,bancassurance
5722,20250918,69,4,2087.21,1920.62,2,tied_agency
10081,20230131,126,4,2857.56,4018.64,1,bancassurance
1885,20250526,26,5,1107.78,1410.5,2,tied_agency
5203,20231128,64,5,1185.27,1501.46,1,tied_agency
6159,20250804,74,2,3215.37,3821.38,1,tied_agency
3480,20230512,45,1,2822.18,2639.73,1,tied_agency
12187,20240802,152,6,4224.0,4959.17,2,bancassurance
9878,20240325,124,1,1344.95,1216.12,1,bancassurance
15954,20230306,9001,6,1771.62,1668.16,2,bancassurance
12025,20250225,150,5,875.21,824.77,2,tied_agency
10072,20251013,125,1,4444.05,4415.43,2,bancassurance
8327,20240415,101,5,948.24,1301.07,2,bancassurance
2692,20230220,35,4,2701.81,4037.32,1,tied_agency
14912,20240509,184,3,2919.96,3032.37,2,bancassurance
11323,20231106,139,2,1416.17,2052.71,1,bancassurance
6781,20230522,83,4,1280.43,1362.21,1,bancassurance
2646,20240523,34,5,616.35,846.76,1,tied_agency
5016,20230406,63,4,2973.78,3256.05,1,bancassurance
2392,20251105,31,1,1305.17,1732.77,2,tied_agency
4029,20230908,51,6,6000.22,6852.15,1,tied_agency
1709,20230310,25,4,875.55,1138.53,2,tied_agency
4522,20250811,56,2,3930.27,5837.3,2,tied_agency
12924,20230811,161,2,1390.73,1782.05,2,bancassurance
4037,20240129,51,6,2533.83,2941.11,1,tied_agency
12288,20241226,153,3,1833.78,2605.71,2,bancassurance
14977,20250401,184,3,2597.69,3489.76,1,bancassurance
2802,20231019,36,2,4419.09,6189.24,2,bancassurance
3027,20250901,37,5,1148.45,1377.07,1,tied_agency
4608,20250310,58,5,1102.12,1601.15,2,tied_agency
11695,20251230,146,4,2583.79,3207.33,1,bancassurance
12210,20250501,152,1,4370.61,6410.65,1,bancassurance
9313,20250116,116,4,1646.93,1548.1,1,bancassurance
12063,20230904,151,5,839.7,1084.7,2,bancassurance
15602,20240108,192,3,2901.61,4311.39,2,tied_agency
11745,20230322,148,5,852.11,1207.46,1,bancassurance
9745,20250228,123,1,2553.94,3452.25,2,tied_agency
5684,20240715,69,6,5681.35,8061.16,1,tied_agency
6038,20240510,73,5,613.86,791.4,2,tied_agency
11817,20251006,148,2,3569.46,4330.4,2,bancassurance
951,20241003,16,3,982.7,898.4,1,tied_agency
16013,20250303,198,3,628.6,706.64,1,bancassurance
11711,20231030,147,6,7286.81,10050.32,1,tied_agency
15039,20240124,185,3,859.79,1095.27,1,tied_agency
1264,20230920,21,1,4893.57,6699.26,1,tied_agency
2038,20240619,28,2,4061.08,4648.19,1,bancassurance
14245,20231107,179,2,4991.29,5944.65,2,tied_agency
6729,20240501,82,5,631.5,911.51,1,bancassurance
4802,20240415,61,2,2138.47,2925.13,1,bancassurance
1801,20231218,26,1,4746.39,6499.32,2,tied_agency
2773,20251110,35,1,1834.01,2097.82,2,tied_agency
5990,20250922,72,3,2121.06,2767.27,2,bancassurance
12134,20230118,152,5,394.18,424.45,1,bancassurance
8600,20231023,104,1,1231.87,1669.85,1,bancassurance
14409,20240506,181,3,2443.57,3592.71,1,tied_agency
13537,20251118,167,1,4821.46,6254.93,2,bancassurance
3398,20240715,43,3,2631.85,3377.08,1,tied_agency
2757,20250321,35,6,2729.19,3435.72,2,tied_agency
5674,20240304,69,6,6358.23,5867.15,1,tied_agency
4536,20251117,56,4,561.25,733.93,2,tied_agency
3326,20240603,42,5,230.54,320.96,2,tied_agency
5675,20240424,69,4,2331.84,3287.31,1,tied_agency
4593,20240827,58,2,3292.06,3115.73,1,tied_agency
13937,20251020,173,1,2630.2,2734.66,1,tied_agency
13484,20240101,167,5,692.79,648.23,1,bancassurance
15542,20241014,191,3,1938.69,2884.85,1,tied_agency
3774,20240610,48,4,2693.02,3770.52,2,tied_agency
5362,20230428,66,1,3815.67,3487.43,1,bancassurance
10707,20250728,130,1,4273.24,5907.4,2,tied_agency
6020,20231006,73,1,1901.45,1800.89,2,tied_agency
9249,20250410,115,5,1013.39,1217.86,2,tied_agency
8751,20240716,105,3,2302.13,3227.66,2,bancassurance
15266,20240603,187,6,4491.81,6132.41,1,bancassurance
1500,20250512,23,1,4418.95,5913.53,2,bancassurance
14821,20251203,183,5,528.35,543.94,1,tied_agency
6052,20241024,73,6,6282.45,6285.92,1,tied_agency
11225,20231113,138,5,461.61,505.28,1,tied_agency
5287,20230920,65,2,3537.31,3624.95,1,tied_agency
8986,20241104,111,2,4954.52,7238.25,2,bancassurance
11417,20230920,140,2,3306.31,3504.34,1,bancassurance
8951,20250707,110,2,4074.43,5454.87,1,bancassurance
2783,20230208,36,4,1185.35,1575.28,2,bancassurance
7607,20251201,92,6,2403.99,3154.76,2,tied_agency
1409,20230523,22,4,1797.23,1810.53,2,bancassurance
4871,20250623,9009,3,1115.19,1104.82,2,bancassurance
7167,20240503,86,6,5730.85,7298.94,2,bancassurance
6897,20231229,84,2,3861.12,3833.07,2,bancassurance
9798,20251231,123,4,1079.73,1108.28,1,tied_agency
8780,20231218,106,6,5390.87,6737.55,1,tied_agency
16046,20240205,199,4,1859.22,1870.56,1,bancassurance
12428,20240415,155,5,460.36,448.3,1,tied_agency
1678,20250626,24,3,2818.12,2993.58,1,bancassurance
5673,20240214,69,3,974.62,1003.34,1,tied_agency
2537,20250605,32,6,4184.89,6075.02,2,tied_agency
7809,20250129,96,6,5578.25,7581.34,1,tied_agency
9876,20240401,124,5,547.45,802.78,2,bancassurance
3151,20230719,39,1,4923.15,4840.67,2,bancassurance
9588,20250428,122,4,2117.38,2536.87,1,tied_agency
8400,20250616,9007,5,750.59,891.22,1,bancassurance
6140,20250205,74,6,5232.17,7412.82,1,tied_agency
16098,20240129,200,5,391.96,548.45,1,tied_agency
16121,20240820,200,5,967.89,1050.7,2,tied_agency
9539,20231208,122,6,4252.91,4454.68,1,tied_agency
10218,20250624,126,4,930.39,889.27,1,bancassurance
6627,20250402,80,5,585.37,764.61,2,bancassurance
7526,20230427,92,4,626.35,819.3,1,tied_agency
5356,20230206,66,5,549.65,592.05,1,bancassurance
11742,20230330,148,5,743.03,865.44,1,bancassurance
2287,20250623,29,5,1100.0,1631.79,1,tied_agency
1011,20230710,18,6,3996.77,5689.64,2,tied_agency
15065,20230208,186,6,2628.23,3643.46,1,tied_agency
8386,20250310,101,5,771.74,1119.35,2,bancassurance
11716,20240724,147,6,7415.97,8889.01,2,tied_agency
11078,20230612,136,6,3984.72,4758.33,2,tied_agency
13238,20241111,164,2,1894.58,2235.24,1,tied_agency
6078,20250915,73,2,2571.33,2363.22,1,tied_agency
8882,20250723,108,5,561.27,700.47,1,bancassurance
14787,20250602,183,6,3636.23,3441.92,1,tied_agency
4954,20240730,62,6,6127.41,7913.45,2,tied_agency
13567,20231005,168,3,2190.09,2331.81,1,tied_agency
13528,20250505,167,1,1683.93,2485.99,2,bancassurance
2303,20250807,29,4,993.49,1217.44,2,tied_agency
8676,20241206,104,4,1781.53,2444.73,1,bancassurance
11370,20250403,139,3,1181.41,1257.55,1,bancassurance
14774,20250311,183,4,530.42,511.17,1,tied_agency
14690,20230920,183,4,1022.42,1439.37,2,tied_agency
2401,20230216,9003,4,2752.39,4082.36,2,tied_agency
11236,20240612,138,2,2334.46,3262.37,1,tied_agency
16026,20251006,198,6,1286.39,1417.56,2,bancassurance
11545,20240220,143,3,1641.35,1968.38,1,bancassurance
12530,20230111,157,5,686.48,618.71,1,bancassurance
13046,20250721,161,6,6501.32,9135.47,2,bancassurance
3812,20251006,48,2,3084.68,3125.19,1,tied_agency
5866,20240704,71,1,3869.39,5276.69,2,tied_agency
4846,20241227,61,4,2010.31,2382.02,1,bancassurance
15176,20250310,186,6,5442.23,6347.74,2,tied_agency
895,20250325,15,4,1653.1,1657.2,2,tied_agency
5706,20250407,69,2,2101.4,2014.06,1,tied_agency
7484,20241030,91,3,2399.06,2838.78,1,bancassurance
8279,20230731,101,6,2739.46,2557.94,1,bancassurance
2407,20230424,32,4,808.68,1086.7,1,tied_agency
9760,20250526,123,3,1480.79,1695.82,1,tied_agency
2256,20241210,29,2,4680.42,4711.2,1,tied_agency
12040,20230118,151,6,5082.55,7217.12,2,bancassurance
6402,20240624,78,6,2043.66,2220.42,1,tied_agency
14354,20250703,180,2,1381.93,2067.38,2,tied_agency
2807,20231213,36,5,777.47,1090.46,2,bancassurance
7576,20250115,92,1,3139.79,4542.6,2,tied_agency
8107,20240617,99,2,1404.69,1530.17,1,bancassurance
14512,20230904,182,4,660.13,941.2,1,tied_agency
14537,20240206,182,4,2182.8,2621.61,2,tied_agency
138,20230814,4,6,3235.21,4829.57,2,tied_agency
16082,20230628,200,1,3500.25,3220.72,1,tied_agency
3075,20231030,38,4,1930.1,2299.2,2,bancassurance
1777,20230816,26,2,1634.14,2394.28,2,tied_agency
10228,20250825,126,6,3654.71,3407.4,2,bancassurance
653,20240531,12,6,2608.4,3573.16,1,bancassurance
12364,20240516,154,5,746.63,1007.7,1,tied_agency
10822,20240812,132,2,4941.0,5241.16,2,tied_agency
14669,20230530,183,3,1320.92,1243.34,1,tied_agency
12456,20230710,156,6,2268.04,2553.79,2,bancassurance
16030,20251212,198,6,1389.35,1938.39,1,bancassurance
9814,20230327,124,5,879.92,1272.28,1,bancassurance
4732,20230113,61,2,4912.69,7307.27,1,bancassurance
120,20230130,4,3,2628.41,3488.12,1,tied_agency
7024,20231225,85,1,4607.49,6612.77,2,tied_agency
12497,20241211,156,6,7532.86,7736.24,2,bancassurance
11214,20230630,138,5,1040.56,1068.09,2,tied_agency
1530,20230228,24,3,2515.68,2268.77,2,bancassurance
3461,20251027,44,3,2836.31,4153.63,2,bancassurance
14664,20230303,183,3,520.55,536.48,2,tied_agency
8869,20240527,108,4,2314.84,2842.72,1,bancassurance
15818,20240318,195,2,3437.55,4677.25,2,bancassurance
5513,20250225,67,2,1274.94,1584.54,1,tied_agency
4110,20230418,52,3,1702.8,2324.21,1,tied_agency
8453,20250305,102,6,6254.37,7598.07,1,bancassurance
8793,20241212,106,1,1323.22,1625.19,2,tied_agency
10653,20240724,130,2,1946.63,1819.96,2,tied_agency
10880,20230911,133,6,6202.25,7186.93,2,tied_agency
2620,20230623,34,5,540.76,744.24,1,tied_agency
5093,20240902,63,6,6626.8,9732.02,1,bancassurance
4415,20230818,56,2,2957.71,4286.32,2,tied_agency
15574,20250811,191,1,4212.56,5121.96,1,tied_agency
1542,20230522,24,2,1688.89,2283.3,1,bancassurance
12761,20241114,158,6,6653.17,9607.25,1,tied_agency
9505,20250423,121,4,1925.43,1975.86,2,tied_agency
398,20250512,8,2,1349.0,1880.78,1,bancassurance
7817,20250210,96,1,1008.43,984.61,1,tied_agency
3341,20250811,42,6,5690.2,6480.54,1,tied_agency
15280,20241216,187,5,291.69,285.76,1,bancassurance
14010,20250304,174,3,2449.49,3357.26,1,bancassurance
2126,20251105,28,6,6040.91,8526.37,1,bancassurance
2422,20230821,32,5,307.8,431.82,1,tied_agency
7253,20240412,9007,4,1094.09,1056.67,1,bancassurance
9721,20240916,123,2,1880.97,1923.11,2,tied_agency
12283,20240905,153,6,6006.69,8866.63,1,bancassurance
5844,20230918,71,1,3392.17,4772.69,2,tied_agency
11222,20231012,138,3,1523.84,2126.3,1,tied_agency
2491,20240919,32,6,5583.63,8080.18,2,tied_agency
6812,20240320,83,5,482.55,601.61,2,bancassurance
5873,20240923,71,2,4231.7,4619.34,2,tied_agency
961,20250825,16,5,843.34,1220.79,2,tied_agency
3253,20231206,40,1,4071.57,5235.01,2,tied_agency
6495,20240507,79,5,207.29,215.11,1,bancassurance
10384,20240712,9003,1,1903.23,2546.02,2,tied_agency
6700,20230822,82,3,2822.67,3899.12,2,bancassurance
12097,20240923,151,5,650.84,790.16,2,bancassurance
2093,20250324,28,2,4320.23,4913.47,1,bancassurance
3458,20250303,44,1,3191.27,4589.29,1,bancassurance
15720,20230620,194,1,3486.18,5165.18,2,bancassurance
5908,20251020,71,4,2530.94,3346.98,2,tied_agency
15683,20250120,193,1,835.59,770.95,1,bancassurance
176,20241122,4,4,1325.73,1568.93,1,tied_agency
5905,20251008,71,1,4734.07,6344.48,2,tied_agency
4541,20251212,56,2,831.12,956.8,2,tied_agency
778,20250728,13,5,842.25,776.91,2,bancassurance
10148,20240429,126,4,2232.98,2618.52,2,bancassurance
3041,20251124,37,6,1762.76,1841.85,1,tied_agency
11063,20250210,135,5,891.3,1197.48,1,tied_agency
8753,20241022,105,3,2804.24,2621.35,1,bancassurance
4313,20231129,54,2,3227.1,4767.38,1,bancassurance
3363,20230815,43,5,345.46,367.19,2,tied_agency
12710,20251205,157,6,5219.77,7367.34,2,bancassurance
8060,20230301,99,3,2887.55,3329.73,1,bancassurance
9804,20230124,124,5,241.02,269.87,1,bancassurance
15157,20241118,186,5,358.62,429.07,1,tied_agency
13893,20240205,173,1,3846.91,5730.88,1,tied_agency
9936,20250131,124,4,910.32,1100.12,1,bancassurance
14511,20230912,182,6,3658.82,5263.28,1,tied_agency
13976,20231113,174,6,3430.94,4750.06,2,bancassurance
10337,20230908,9008,4,793.37,1051.62,1,tied_agency
9483,20230925,121,4,1897.03,2563.25,2,tied_agency
580,20241021,11,6,3422.05,3573.33,1,bancassurance
1035,20240530,18,3,1541.34,2018.3,1,tied_agency
12998,20240930,161,3,2215.68,2441.66,1,bancassurance
1009,20230605,18,5,1170.14,1653.41,2,tied_agency
10885,20231124,133,2,2678.86,2846.91,1,tied_agency
16007,20241225,198,1,1105.15,1230.95,2,bancassurance
8477,20230706,103,1,1143.11,1310.86,2,tied_agency
7052,20240606,85,4,1005.42,927.45,1,tied_agency
5350,20251224,65,5,999.63,1324.56,1,tied_agency
11418,20230914,140,4,1375.79,1414.14,2,bancassurance
8726,20251013,104,2,3880.15,5060.96,2,bancassurance
6302,20231023,76,2,2904.93,3612.45,2,tied_agency
3443,20231211,44,3,1521.67,2266.47,1,bancassurance
6628,20250430,80,3,667.76,895.37,2,bancassurance
10787,20230922,132,6,4775.54,6574.7,2,tied_agency
6153,20250623,74,2,2464.79,3050.31,1,tied_agency
13619,20250616,168,6,4901.08,5743.09,1,tied_agency
5914,20251230,71,4,2893.25,2766.96,1,tied_agency
1886,20250505,26,6,2670.34,2908.18,1,tied_agency
7170,20240618,86,6,5590.42,7945.64,1,bancassurance
7011,20231018,85,4,1451.64,1312.49,1,tied_agency
12548,20230526,157,2,3598.93,5001.88,2,bancassurance
14997,20250709,184,6,3010.95,3489.38,2,bancassurance
495,20251120,9,1,4438.85,5549.21,1,bancassurance
5775,20240325,70,6,3829.53,4246.15,2,tied_agency
810,20240222,14,1,3865.54,4686.7,1,tied_agency
673,20250109,12,5,735.65,971.42,1,bancassurance
12914,20230601,161,4,1146.93,1455.01,1,bancassurance
13497,20240520,167,6,5556.06,5285.22,1,bancassurance
590,20250513,11,3,1519.08,1778.35,2,bancassurance
8745,20240215,105,6,1221.06,1383.49,1,bancassurance
10911,20241018,133,5,432.95,552.54,1,tied_agency
12767,20250124,158,3,1785.69,1637.39,1,tied_agency
8065,20230424,99,6,2207.7,3259.09,1,bancassurance
12269,20240520,153,4,769.67,797.27,1,bancassurance
4912,20230328,62,2,4969.98,5106.7,2,tied_agency
9587,20250403,122,6,5065.31,5186.36,2,tied_agency
3728,20230116,48,1,4403.5,4478.1,2,tied_agency
11981,20251017,149,2,1014.54,1494.78,1,bancassurance
2909,20230830,37,6,2587.26,3348.47,2,tied_agency
3052,20230217,38,3,2978.55,2851.02,2,bancassurance
3436,20230704,44,5,585.94,679.91,1,bancassurance
12929,20230818,161,1,4502.68,4585.27,1,bancassurance
9911,20240923,124,6,6484.21,8514.47,1,bancassurance
10113,20230803,126,1,1217.05,1322.23,1,bancassurance
2823,20240515,36,4,1508.53,2080.42,2,bancassurance
15443,20240722,190,3,1236.5,1552.98,2,tied_agency
9992,20251212,124,1,4492.76,4173.73,2,bancassurance
11675,20240319,146,3,1529.65,1621.66,2,bancassurance
1646,20241206,24,2,3393.98,4539.62,1,bancassurance
11050,20240404,135,6,6829.21,7963.72,2,tied_agency
3418,20250428,43,1,4402.92,6243.05,1,tied_agency
15977,20231218,198,6,5953.59,6377.07,1,bancassurance
1972,20230419,28,2,2872.93,3974.4,1,bancassurance
4628,20251007,58,2,3985.21,4796.68,1,tied_agency
12262,20240304,153,6,2654.84,2460.12,2,bancassurance
1944,20250211,27,2,2277.84,3033.0,2,bancassurance
3520,20241028,45,1,4012.94,5307.16,1,tied_agency
11094,20241101,136,3,557.99,758.15,1,tied_agency
7109,20250602,85,1,4117.04,3926.6,1,tied_agency
15659,20240408,193,6,7306.66,7845.51,2,bancassurance
15694,20250630,193,1,3725.55,5443.57,2,bancassurance
7638,20250623,94,6,5871.01,6533.05,1,bancassurance
10887,20231128,133,2,4827.1,4770.92,1,tied_agency
6663,20240826,81,4,2673.75,3367.05,1,tied_agency
14666,20230501,183,3,2626.19,2474.06,1,tied_agency
15068,20230228,186,3,1019.41,1180.3,2,tied_agency
11804,20250421,148,4,700.46,1028.64,1,bancassurance
10432,20250527,128,2,4555.07,5632.93,2,tied_agency
7765,20240422,96,3,2414.48,2988.24,2,tied_agency
6121,20240607,74,5,354.08,461.16,2,tied_agency
4553,20230508,58,6,1444.66,1317.43,2,tied_agency
12732,20231006,158,3,658.44,914.38,1,tied_agency
4330,20250129,54,1,2394.38,3377.39,1,bancassurance
11775,20240411,148,3,1005.1,1202.69,1,bancassurance
8674,20241125,104,3,1082.34,1553.31,1,bancassurance
15386,20250522,189,6,3296.99,3780.98,2,bancassurance
13663,20231024,169,4,1886.92,1809.29,1,tied_agency
7413,20250617,90,6,2746.67,3080.37,2,bancassurance
3333,20241226,42,4,2185.85,2741.62,1,tied_agency
13642,20230206,169,1,4375.43,6108.61,1,tied_agency
619,20230502,12,2,1064.02,1193.47,1,bancassurance
7437,20230420,91,2,847.91,1227.58,2,bancassurance
15861,20250630,195,4,1669.32,1607.47,2,bancassurance
15765,20250205,194,5,898.26,863.23,1,bancassurance
11605,20240429,144,4,2717.15,2998.92,2,bancassurance
9474,20230228,121,6,6490.15,6911.05,2,tied_agency
4764,20230728,61,2,2074.51,2444.52,1,bancassurance
13607,20241001,168,6,7041.29,6966.63,1,tied_agency
1920,20230111,27,1,1382.16,1610.41,2,bancassurance
14784,20250526,183,1,1098.56,1540.74,2,tied_agency
14778,20250416,183,5,491.67,446.91,1,tied_agency
7858,20251008,96,6,7104.64,8323.87,1,tied_agency
14496,20230612,182,2,2445.12,2905.98,1,tied_agency
208,20251229,4,4,700.62,1035.86,1,tied_agency
6474,20231009,79,3,2787.51,3251.24,1,bancassurance
3556,20230206,46,3,2767.26,3361.28,2,bancassurance
396,20250318,8,4,2636.5,3252.31,1,bancassurance
2138,20230116,29,6,7099.36,9236.96,1,tied_agency
3690,20240805,47,4,517.22,481.0,2,tied_agency
8153,20230116,100,4,521.05,765.29,1,bancassurance
11402,20230411,140,4,713.5,882.23,1,bancassurance
7454,20240101,91,1,2693.13,3262.54,2,bancassurance
9735,20241216,123,3,1652.15,2155.34,1,tied_agency
1791,20231113,26,5,625.85,929.04,1,tied_agency
5018,20230411,63,5,735.46,721.74,2,bancassurance
6551,20251205,79,5,1011.35,1481.33,2,bancassurance
700,20251124,12,3,2182.98,2603.2,2,bancassurance
5816,20250930,70,2,4732.39,5147.95,2,tied_agency
8437,20230612,102,6,4077.26,5417.22,1,bancassurance
1521,20251226,23,2,1643.95,2219.25,1,bancassurance
9830,20230512,124,2,4843.95,5412.22,2,bancassurance
7424,20251110,90,2,3617.79,4872.47,2,bancassurance
7196,20240325,87,4,2199.08,2113.11,1,bancassurance
1483,20240911,23,6,7141.32,7002.49,1,bancassurance
7335,20251124,89,5,931.58,914.04,1,bancassurance
5426,20250109,66,1,1443.34,1885.8,2,bancassurance
2670,20250214,34,1,2345.81,3020.14,2,tied_agency
14138,20230615,177,2,4016.98,5285.94,2,tied_agency
14439,20250331,181,4,2112.15,2453.85,1,tied_agency
2051,20240819,28,3,1596.47,1924.07,2,bancassurance
3867,20240516,49,5,795.31,736.42,2,tied_agency
9278,20230427,116,1,1973.76,2468.19,1,bancassurance
1786,20231018,26,6,7853.22,9047.74,1,tied_agency
11528,20250430,142,4,1141.53,1358.02,1,bancassurance
11634,20250409,144,6,6339.49,6024.12,1,bancassurance
7500,20250512,91,2,2062.74,3058.92,1,bancassurance
2001,20230925,28,4,2456.53,3579.51,1,bancassurance
14355,20251020,180,2,1400.71,1957.86,1,tied_agency
4993,20250731,62,5,313.96,283.23,2,tied_agency
8619,20240115,104,3,2119.88,2338.91,2,bancassurance
13524,20250428,167,3,666.15,916.11,1,bancassurance
11239,20240719,138,4,2322.15,2631.7,1,tied_agency
4411,20230809,56,3,2731.97,2650.93,1,tied_agency
3210,20250528,39,6,1702.59,1842.13,2,bancassurance
2461,20240311,32,1,4809.88,5125.67,1,tied_agency
15230,20230320,187,6,7458.7,7170.0,1,bancassurance
5741,20230315,70,5,868.52,943.07,1,tied_agency
14114,20251017,9003,4,2031.23,2125.14,2,bancassurance
1926,20231027,27,6,1749.34,2198.23,2,bancassurance
2263,20250206,29,5,711.34,722.59,2,tied_agency
105,20241127,3,4,697.32,879.65,1,tied_agency
15680,20241202,193,2,2804.57,4133.17,2,bancassurance
10408,20250120,128,2,831.23,1200.08,1,tied_agency
15886,20230830,196,6,2984.27,4311.21,1,tied_agency
2384,20250306,31,4,2079.7,2862.74,1,tied_agency
8626,20240319,104,3,2494.2,2966.93,2,bancassurance
2953,20240410,37,5,265.3,311.11,1,tied_agency
2910,20230821,37,5,970.84,1099.35,2,tied_agency
15205,20250911,186,6,7116.1,8280.51,2,tied_agency
2728,20240418,35,6,2375.62,3078.61,2,tied_agency
10137,20240115,126,6,3136.3,4359.79,1,bancassurance
3894,20250617,49,6,2407.27,3358.86,1,tied_agency
15331,20230918,189,3,1730.37,1574.32,2,bancassurance
9201,20230911,115,1,2710.92,2951.6,2,tied_agency
9466,20250326,120,4,605.7,579.76,2,tied_agency
359,20231107,9001,1,2101.61,2536.19,1,bancassurance
3847,20230913,49,5,1143.72,1264.97,1,tied_agency
8070,20230517,99,5,461.71,430.72,2,bancassurance
7609,20230323,94,6,1141.25,1582.02,2,bancassurance
13011,20241204,161,2,3853.13,4404.4,1,bancassurance
877,20241028,15,6,1255.87,1422.34,1,tied_agency
8184,20240313,100,6,7247.16,9968.99,2,bancassurance
819,20250606,14,5,668.76,862.53,2,tied_agency
10226,20250725,126,4,1198.74,1107.63,2,bancassurance
9825,20230501,124,2,3220.53,4133.54,1,bancassurance
8805,20251007,106,3,1951.58,2605.77,2,tied_agency
14247,20231113,179,4,872.84,1191.35,1,tied_agency
8826,20240701,107,1,1872.36,2176.64,1,bancassurance
7375,20240314,90,1,1720.15,2153.98,1,bancassurance
775,20250509,13,3,2724.06,2860.03,2,bancassurance
9105,20250122,9010,1,1941.87,2429.5,1,tied_agency
10802,20240124,132,3,885.44,1146.52,2,tied_agency
16158,20251023,200,6,1164.37,1262.04,1,tied_agency
8567,20230302,104,4,1495.2,1702.11,1,bancassurance
10765,20230130,132,3,1851.69,1865.25,1,tied_agency
4105,20230317,52,1,2784.7,2784.37,2,tied_agency
16040,20230809,199,4,1548.34,2254.74,2,bancassurance
13628,20250804,168,5,1051.72,1236.18,1,tied_agency
4715,20250508,60,4,1585.76,1729.54,2,tied_agency
15828,20240715,195,6,3278.04,4609.32,2,bancassurance
2215,20240412,29,6,3345.44,4084.83,1,tied_agency
11129,20231020,137,1,1867.92,2637.98,1,bancassurance
1770,20230720,26,6,2494.29,3095.22,2,tied_agency
11322,20231002,139,5,783.7,914.44,1,bancassurance
13877,20230714,173,4,2330.73,2540.44,1,tied_agency
1617,20240708,24,1,3865.8,5670.82,1,bancassurance
8771,20230314,106,6,3222.0,4448.26,2,tied_agency
1407,20230327,22,2,3854.65,5283.95,1,bancassurance
12599,20240109,157,6,4194.66,6128.28,1,bancassurance
2226,20240617,29,4,2731.79,3024.72,1,tied_agency
9993,20230113,125,1,3956.0,4668.33,1,bancassurance
3264,20240617,40,2,3051.82,3955.78,2,tied_agency
5140,20250526,63,5,953.47,1214.08,2,bancassurance
5540,20230220,68,1,1241.78,1155.77,2,tied_agency
9565,20240822,9005,4,2914.45,2664.16,1,tied_agency
6863,20251119,83,5,531.45,539.75,1,bancassurance
11567,20251128,143,3,1116.93,1517.12,2,bancassurance
6868,20230124,84,4,521.08,774.47,2,bancassurance
16099,20240108,200,2,833.57,1086.63,1,tied_agency
5954,20240422,72,4,2448.51,2667.24,2,bancassurance
1597,20240422,24,4,1640.17,2405.87,2,bancassurance
13241,20241213,164,4,2363.24,2365.33,1,tied_agency
1282,20231215,21,5,824.36,1047.69,2,tied_agency
15854,20250423,9009,6,2252.21,2489.1,2,bancassurance
14291,20250522,179,1,1882.23,2659.48,1,tied_agency
12163,20231017,9002,6,1424.31,1575.92,1,bancassurance
4523,20250818,56,1,1349.2,1341.33,1,tied_agency
101,20240712,3,1,3963.82,4021.94,1,tied_agency
15949,20251218,197,4,2438.27,3476.78,2,tied_agency
7994,20231121,98,3,2657.06,3179.63,1,bancassurance
13948,20230105,174,1,1267.99,1833.98,1,bancassurance
9090,20240703,113,1,1057.94,1497.22,2,tied_agency
15589,20230313,192,5,886.52,1189.54,2,tied_agency
6710,20231117,82,6,2859.79,3964.48,2,bancassurance
5072,20240415,63,2,2484.64,2511.45,2,bancassurance
1352,20250122,21,2,3921.21,5313.45,2,tied_agency
3531,20250219,45,4,2909.39,3612.41,1,tied_agency
14492,20230508,182,3,2094.84,2125.66,2,tied_agency
6914,20240902,84,3,1777.94,2340.12,2,bancassurance
12540,20230313,157,5,1086.89,1056.72,2,bancassurance
10500,20231204,129,3,2431.19,2273.01,1,tied_agency
9149,20231120,114,3,2137.39,2370.27,2,tied_agency
10332,20230920,128,1,3037.65,2857.11,1,tied_agency
15782,20250804,194,5,1072.73,1452.61,1,bancassurance
13703,20241011,169,2,2482.35,2667.3,1,tied_agency
13977,20231204,174,4,1519.4,1973.33,1,bancassurance
6876,20230417,84,1,4029.92,5122.55,1,bancassurance
10299,20230106,128,1,1679.99,2097.95,2,tied_agency
10827,20241122,9008,6,1674.42,1646.1,2,tied_agency
5986,20250707,72,6,2236.27,2512.08,2,bancassurance
4513,20250612,56,2,4180.37,5423.68,2,tied_agency
11407,20230508,140,3,1585.82,1498.57,2,bancassurance
10562,20230109,130,3,1630.59,1780.87,1,tied_agency
11507,20250804,141,3,2194.93,2749.03,2,bancassurance
4188,20240722,52,2,4500.1,5712.74,2,tied_agency
13277,20230220,165,6,6294.94,7301.89,2,tied_agency
14408,20240523,181,6,4183.9,3903.53,2,tied_agency
15128,20240318,186,4,1000.3,1089.93,2,tied_agency
1048,20240924,18,4,2819.53,2801.58,2,tied_agency
2913,20230801,9010,6,3371.08,4550.42,2,tied_agency
3891,20250507,49,3,1223.46,1762.74,1,tied_agency
13923,20250421,173,2,3931.16,5114.8,1,tied_agency
10567,20230227,130,5,899.29,1253.17,2,tied_agency
9107,20250122,113,4,1670.04,1831.45,1,tied_agency
9611,20251212,122,4,1672.87,2142.6,2,tied_agency
14585,20241128,182,6,5320.13,5367.84,2,tied_agency
13914,20250127,173,3,2128.6,2348.18,1,tied_agency
6801,20231214,83,5,377.88,566.39,1,bancassurance
15805,20230717,195,4,2837.62,4219.84,1,bancassurance
664,20241118,12,1,3108.29,4151.69,2,bancassurance
5411,20240816,66,4,602.26,863.83,2,bancassurance
2273,20250324,29,6,6381.33,7134.48,2,tied_agency
13550,20230418,168,1,4299.2,4130.77,2,tied_agency
12060,20230803,151,1,1965.73,2141.88,1,bancassurance
9765,20250515,123,5,778.95,1108.34,2,tied_agency
12482,20240515,156,5,667.58,959.17,2,bancassurance
15860,20250610,195,4,2246.47,2351.65,2,bancassurance
2049,20240724,9007,4,2250.28,3015.52,1,bancassurance
1161,20250626,19,6,2724.43,2905.99,1,tied_agency
14910,20240426,184,1,3464.39,5027.2,2,bancassurance
4607,20250224,58,2,1954.58,2587.6,2,tied_agency
12562,20230703,157,5,1197.4,1697.56,1,bancassurance
876,20240927,15,3,858.24,1221.34,1,tied_agency
2433,20231124,32,1,2201.81,2795.95,1,tied_agency
8977,20231201,111,5,852.72,1150.66,1,bancassurance
1608,20240606,24,3,2018.67,2902.73,2,bancassurance
8823,20240415,107,2,4972.28,6914.25,2,bancassurance
13331,20241016,165,6,5969.81,8923.33,1,tied_agency
13730,20230112,170,1,4551.18,4946.94,1,tied_agency
12928,20230823,161,4,1828.65,2385.27,2,bancassurance
6640,20250806,9011,4,1526.89,2285.85,2,bancassurance
13521,20250303,167,6,4897.44,6355.23,2,bancassurance
11590,20231018,144,4,2214.82,2165.6,1,bancassurance
8197,20240805,100,5,1094.73,1029.47,1,bancassurance
4240,20250710,52,3,1668.17,2044.74,2,tied_agency
295,20231002,7,6,1765.54,2436.5,1,tied_agency
11228,20240223,138,1,3125.43,3788.77,1,tied_agency
15384,20250416,189,4,1748.6,2207.37,2,bancassurance
2713,20231023,35,2,3377.61,3232.28,1,tied_agency
7846,20250703,96,2,2908.39,3692.72,2,tied_agency
10522,20241125,129,4,1876.12,2600.08,1,tied_agency
10178,20241010,126,1,3521.54,3784.2,2,bancassurance
15823,20240520,195,6,3768.66,4880.04,1,bancassurance
15901,20250423,196,1,1044.34,1361.69,1,tied_agency
547,20230809,11,6,6197.58,7099.49,1,bancassurance
3947,20240212,50,4,511.71,741.2,1,bancassurance
10712,20250811,130,5,888.76,809.32,1,tied_agency
5132,20250310,63,6,7568.88,8986.76,2,bancassurance
7890,20230524,97,5,751.15,1023.36,2,bancassurance
11518,20231102,142,6,3880.43,4827.36,2,bancassurance
1399,20251229,21,6,1960.7,2535.03,1,tied_agency
14586,20241105,182,1,3491.31,5072.44,2,tied_agency
5625,20250822,68,6,7821.8,11321.45,2,tied_agency
11362,20250120,139,2,1380.13,1389.03,1,bancassurance
15926,20240125,197,5,1100.12,1575.03,2,tied_agency
9092,20240809,113,6,3741.11,3620.31,1,tied_agency
1148,20250210,19,2,916.36,1262.95,2,tied_agency
10577,20230403,130,2,1804.82,2272.51,2,tied_agency
15081,20230608,186,1,3801.39,3810.47,2,tied_agency
10355,20240223,128,4,856.05,852.99,2,tied_agency
3350,20230214,43,5,645.17,803.53,1,tied_agency
8379,20250127,101,5,710.14,925.66,2,bancassurance
1206,20250127,20,5,1198.0,1081.17,1,tied_agency
1702,20251229,24,1,3087.5,2968.75,2,bancassurance
15730,20230921,194,5,1024.09,1492.99,2,bancassurance
2056,20240812,28,1,2258.85,2257.39,2,bancassurance
14046,20230628,176,2,840.75,1086.69,1,bancassurance
7691,20230224,96,3,2984.92,3676.58,1,tied_agency
7787,20240819,96,4,713.35,924.66,1,tied_agency
3168,20240226,39,1,3586.99,5095.94,2,bancassurance
4787,20240116,9006,1,1887.76,2688.89,1,bancassurance
16070,20251229,199,3,2755.04,3985.9,1,bancassurance
8834,20250129,107,5,451.01,465.25,2,bancassurance
8222,20250410,100,6,1598.86,1792.51,2,bancassurance
9225,20240701,115,1,1341.21,1970.3,1,tied_agency
3564,20230629,46,2,4175.56,4449.75,2,bancassurance
13094,20230921,162,3,2085.42,2142.55,2,bancassurance
2438,20231120,32,2,2155.59,2084.21,2,tied_agency
8362,20240926,101,2,4376.93,5922.63,1,bancassurance
8622,20240226,104,2,2776.32,2521.88,1,bancassurance
2434,20231124,32,3,2571.71,2470.84,1,tied_agency
920,20251222,15,4,1388.27,1404.2,1,tied_agency
9133,20251022,113,3,2723.44,2671.06,1,tied_agency
11951,20250429,149,2,1117.23,1156.0,2,bancassurance
12596,20240115,157,1,1794.42,1632.53,2,bancassurance
1311,20240527,21,2,4438.65,4860.9,2,tied_agency
6429,20250528,78,1,1472.75,1490.03,2,tied_agency
10499,20231214,129,2,3051.5,3530.26,2,tied_agency
11548,20240312,143,1,4663.48,5142.71,1,bancassurance
4662,20230913,60,4,2533.89,2447.8,1,tied_agency
13701,20241014,169,3,1887.33,1834.51,2,tied_agency
8352,20240828,9003,3,1854.22,2109.99,1,bancassurance
4451,20240415,56,5,849.27,859.46,1,tied_agency
10234,20250922,126,5,930.33,1382.92,2,bancassurance
79,20250909,2,2,4165.29,4094.64,1,tied_agency
12196,20241220,152,5,525.1,497.86,2,bancassurance
2878,20230228,37,2,1420.78,1858.68,2,tied_agency
15591,20230421,192,1,3190.8,3538.64,2,tied_agency
13204,20230705,164,1,3444.55,3444.12,2,tied_agency
6953,20251006,84,4,1725.92,2376.17,1,bancassurance
5707,20250408,69,2,4153.0,5661.22,1,tied_agency
9897,20240611,124,5,404.98,570.5,2,bancassurance
6355,20251201,76,1,4338.7,5968.16,1,tied_agency
3002,20250205,37,2,3734.86,3561.67,2,tied_agency
2870,20230131,37,4,832.26,912.28,2,tied_agency
15515,20231221,191,6,6781.11,9663.47,2,tied_agency
986,20250623,17,1,1360.16,1869.72,2,tied_agency
4637,20230123,60,3,2486.77,3501.21,2,tied_agency
15820,20240402,195,3,2746.54,3338.03,2,bancassurance
1846,20240906,26,3,1553.09,1513.42,2,tied_agency
4370,20241010,55,3,2790.91,3238.28,1,bancassurance
10978,20231023,134,3,2732.28,3203.54,2,bancassurance
6440,20250912,78,1,4606.5,6141.17,2,tied_agency
3302,20251027,40,3,1962.87,2384.43,1,tied_agency
7354,20230601,90,2,1800.68,2251.76,2,bancassurance
14549,20240422,182,3,1409.48,1371.41,2,tied_agency
7516,20230127,92,3,1354.31,1444.94,1,tied_agency
6026,20231130,73,5,1126.2,1105.61,1,tied_agency
477,20250521,9006,6,1062.29,1537.04,1,bancassurance
7272,20241204,88,4,708.81,885.15,1,bancassurance
6763,20250717,82,4,1344.88,1264.76,1,bancassurance
4165,20240220,52,4,644.43,763.14,2,tied_agency
3334,20241217,42,5,870.41,1075.66,1,tied_agency
3570,20230814,46,1,2570.13,3783.47,1,bancassurance
501,20230320,10,3,1023.46,1396.13,1,tied_agency
5811,20250701,70,4,2619.04,3039.99,1,tied_agency
10173,20240902,9011,4,2291.43,2964.64,1,bancassurance
4141,20231005,52,2,1753.75,1981.76,2,tied_agency
7763,20240415,96,4,1718.54,1982.36,1,tied_agency
15725,20230718,194,3,2997.15,3276.08,1,bancassurance
16151,20250722,200,4,1463.54,1795.54,1,tied_agency
10460,20251007,9008,1,2272.95,2692.13,2,tied_agency
8552,20251208,103,6,3330.26,4428.67,2,tied_agency
70,20250625,2,2,4794.91,5298.56,2,tied_agency
15167,20241211,186,4,910.64,1015.32,1,tied_agency
4900,20251201,61,4,1875.26,2652.03,1,bancassurance
15723,20230619,194,2,2145.29,2956.47,1,bancassurance
16131,20241015,200,5,764.26,1059.73,2,tied_agency
9961,20250630,9004,3,1687.02,1700.95,2,bancassurance
5474,20231113,67,3,2435.45,2830.41,1,tied_agency
9832,20230619,124,6,3170.71,4325.72,2,bancassurance
1719,20231228,25,2,2319.18,2370.13,1,tied_agency
12518,20250807,156,2,4278.28,4136.05,2,bancassurance
750,20240820,13,1,3402.89,3805.95,1,bancassurance
349,20230810,9001,5,801.0,1067.5,1,bancassurance
621,20230504,12,1,967.6,1247.35,2,bancassurance
13639,20230106,169,5,281.31,410.68,2,tied_agency
8921,20250728,109,2,4481.53,4539.28,2,bancassurance
12369,20240729,154,2,4317.31,5748.79,1,tied_agency
12673,20250502,157,4,2638.15,3582.58,2,bancassurance
10610,20231023,130,4,2147.79,2435.43,1,tied_agency
13562,20230919,168,3,1085.08,1374.15,2,tied_agency
14558,20240701,9010,1,1444.65,1739.87,1,tied_agency
2060,20240930,28,1,3313.24,3060.93,1,bancassurance
3346,20230116,43,5,960.05,1339.57,2,tied_agency
1152,20250311,19,1,1032.37,1484.45,2,tied_agency
11841,20230413,149,3,2207.46,2785.63,2,bancassurance
6152,20250609,74,4,1739.02,2150.26,2,tied_agency
3794,20250204,9008,3,2372.96,2863.73,2,tied_agency
2381,20250123,31,2,3866.13,4177.99,2,tied_agency
7271,20241225,88,3,522.39,494.45,2,bancassurance
1965,20230308,28,1,3326.26,3654.07,2,bancassurance
15881,20230220,196,4,1304.13,1714.02,1,tied_agency
15799,20230502,195,1,1624.58,1888.44,2,bancassurance
4061,20241121,51,1,2273.56,2216.85,2,tied_agency
15319,20230410,189,2,3975.72,3600.83,1,bancassurance
1271,20231023,21,6,6283.92,7015.28,1,tied_agency
2343,20240429,30,5,358.22,432.77,1,tied_agency
2091,20250312,28,1,4077.82,4485.49,1,bancassurance
8346,20240716,101,5,739.72,731.76,1,bancassurance
9078,20240108,9004,1,4631.01,4173.44,1,tied_agency
1981,20230502,28,3,984.11,1143.45,1,bancassurance
14191,20250319,177,4,1781.37,2375.6,2,tied_agency
2043,20240627,28,6,1706.97,2426.76,2,bancassurance
7622,20240304,94,3,983.25,1305.71,2,bancassurance
1315,20240607,21,6,1866.47,2306.23,1,tied_agency
8163,20230522,100,4,1871.83,2427.5,1,bancassurance
1202,20241018,20,1,2654.38,3963.76,2,tied_agency
11643,20250714,144,1,3033.96,4506.64,2,bancassurance
14798,20250821,183,4,1740.84,1910.95,2,tied_agency
6079,20250902,73,6,4886.11,5344.52,1,tied_agency
14342,20241107,180,5,351.72,318.77,1,tied_agency
3140,20230213,39,5,377.22,493.75,2,bancassurance
5531,20251127,67,6,5445.16,7651.65,1,tied_agency
9241,20241230,9009,3,1882.04,2611.28,1,tied_agency
6824,20240705,83,4,2707.26,3907.57,1,bancassurance
13762,20231117,9011,4,2848.48,2717.06,1,tied_agency
512,20240201,9002,1,3580.27,4626.21,1,tied_agency
15702,20250929,193,2,1946.78,2860.38,1,bancassurance
5090,20240702,63,1,2630.47,3147.21,2,bancassurance
4373,20250113,55,5,284.64,425.43,1,bancassurance
11862,20230822,149,4,1750.29,2367.91,2,bancassurance
2186,20231016,29,2,4635.23,5023.5,1,tied_agency
11371,20250411,139,5,551.06,509.93,2,bancassurance
8081,20231011,9009,1,1952.02,2571.4,2,bancassurance
2615,20230420,34,6,3174.28,4034.79,1,tied_agency
5245,20250619,64,5,1162.87,1346.39,2,tied_agency
8702,20250513,104,3,2607.71,3248.46,1,bancassurance
7843,20250710,96,3,1105.59,1140.48,2,tied_agency
8331,20240501,9002,1,3783.51,4623.94,1,bancassurance
10718,20250917,130,6,6319.99,8309.01,1,tied_agency
10797,20231204,132,4,2519.43,3451.62,2,tied_agency
2534,20250527,32,5,745.58,679.88,2,tied_agency
14406,20240411,181,1,4590.04,6105.34,1,tied_agency
480,20250714,9,3,2192.99,3058.31,1,bancassurance
8239,20251016,100,1,2615.88,2705.76,2,bancassurance
12223,20250915,152,2,2754.58,2662.81,2,bancassurance
311,20240715,7,6,4442.08,5890.58,2,tied_agency
3652,20230424,47,6,1627.48,2303.56,2,tied_agency
2028,20240401,28,4,2406.53,3103.29,1,bancassurance
7723,20230828,96,2,2540.14,2645.74,1,tied_agency
836,20230406,15,4,1875.86,1737.69,2,tied_agency
11360,20250120,139,6,1201.87,1640.49,1,bancassurance
7878,20230118,97,6,4294.83,5544.56,1,bancassurance
5909,20251125,71,5,1055.07,1234.71,1,tied_agency
9769,20250616,123,2,2910.88,2789.12,1,tied_agency
7155,20230711,86,5,526.98,657.44,2,bancassurance
759,20241031,13,6,1424.9,1759.48,2,bancassurance
13504,20240904,167,1,4625.16,5732.65,1,bancassurance
13767,20240102,170,4,2517.65,2381.76,1,tied_agency
11027,20250918,134,3,1579.43,2096.08,2,bancassurance
11152,20240624,137,1,3087.08,4206.51,2,bancassurance
14317,20230501,180,2,3813.81,4341.98,1,tied_agency
11324,20231123,139,6,2587.43,3782.99,2,bancassurance
12293,20250221,153,6,1228.05,1732.37,1,bancassurance
3685,20240625,47,2,1284.21,1226.44,2,tied_agency
1931,20240404,27,1,2983.25,3127.41,2,bancassurance
6540,20250912,79,2,2304.51,3407.44,2,bancassurance
9357,20230703,118,3,1281.08,1841.52,2,bancassurance
9499,20240902,121,5,692.9,676.03,2,tied_agency
15599,20231101,192,5,374.91,493.47,2,tied_agency
13004,20241127,161,5,1116.61,1280.45,2,bancassurance
1595,20240311,24,5,752.07,943.9,1,bancassurance
7748,20240219,96,5,1027.1,1362.86,2,tied_agency
11238,20240610,9008,2,1017.55,1014.58,2,tied_agency
5073,20240415,63,2,3115.71,4375.38,1,bancassurance
