agent_id,year,month,ape_target_usd
2,2023,1,1926.23
2,2023,2,2100.38
2,2023,3,2143.63
2,2023,4,1966.31
2,2023,5,2101.25
2,2023,6,1842.07
2,2023,7,1895.23
2,2023,8,1997.38
2,2023,9,1932.94
2,2023,10,1967.48
2,2023,11,2012.37
2,2023,12,1972.34
2,2024,1,2049.71
2,2024,2,1928.02
2,2024,3,2169.25
2,2024,4,2090.49
2,2024,5,1960.28
2,2024,6,2078.14
2,2024,7,1883.67
2,2024,8,2022.27
2,2024,9,2157.15
2,2024,10,2087.61
2,2024,11,1936.39
2,2024,12,2098.28
2,2025,1,1842.48
2,2025,2,1981.22
2,2025,3,1960.2
2,2025,4,1910.14
2,2025,5,1944.08
2,2025,6,2023.02
2,2025,7,1821.4
2,2025,8,1834.62
2,2025,9,2102.76
2,2025,10,2145.21
2,2025,11,2140.26
2,2025,12,1824.58
3,2023,1,764.83
3,2023,2,794.03
3,2023,3,728.61
3,2023,4,866.54
3,2023,5,764.48
3,2023,6,744.49
3,2023,7,813.35
3,2023,8,826.09
3,2023,9,833.98
3,2023,10,780.67
3,2023,11,860.64
3,2023,12,777.58
3,2024,1,730.98
3,2024,2,851.77
3,2024,3,812.6
3,2024,4,792.97
3,2024,5,770.8
3,2024,6,846.63
3,2024,7,838.58
3,2024,8,871.84
3,2024,9,790.96
3,2024,10,797.27
3,2024,11,781.65
3,2024,12,866.26
3,2025,1,789.34
3,2025,2,869.57
3,2025,3,774.64
3,2025,4,731.61
3,2025,5,830.38
3,2025,6,833.43
3,2025,7,861.39
3,2025,8,843.04
3,2025,9,725.07
3,2025,10,757.2
3,2025,11,795.51
3,2025,12,850.86
4,2023,1,1990.65
4,2023,2,1973.61
4,2023,3,1947.42
4,2023,4,1977.82
4,2023,5,1893.65
4,2023,6,1955.46
4,2023,7,1910.68
4,2023,8,2043.59
4,2023,9,2169.6
4,2023,10,1871.15
4,2023,11,1969.9
4,2023,12,2124.08
4,2024,1,2041.22
4,2024,2,2090.61
4,2024,3,2015.81
4,2024,4,1832.34
4,2024,5,1918.99
4,2024,6,1827.35
4,2024,7,2174.35
4,2024,8,2098.79
4,2024,9,1937.07
4,2024,10,2040.93
4,2024,11,2080.75
4,2024,12,2193.79
4,2025,1,1874.32
4,2025,2,2119.17
4,2025,3,1826.98
4,2025,4,2121.04
4,2025,5,2133.13
4,2025,6,2154.11
4,2025,7,2099.44
4,2025,8,2149.22
4,2025,9,2122.87
4,2025,10,2140.7
4,2025,11,1953.13
4,2025,12,1876.66
5,2023,1,735.54
5,2023,2,809.92
5,2023,3,795.54
5,2023,4,862.36
5,2023,5,758.89
5,2023,6,736.57
5,2023,7,874.45
5,2023,8,824.08
5,2023,9,827.64
5,2023,10,786.33
5,2023,11,862.8
5,2023,12,730.9
5,2024,1,772.54
5,2024,2,722.78
5,2024,3,803.82
5,2024,4,769.2
5,2024,5,796.7
5,2024,6,857.15
5,2024,7,814.31
5,2024,8,875.28
5,2024,9,724.85
5,2024,10,879.24
5,2024,11,838.09
5,2024,12,729.44
5,2025,1,851.01
5,2025,2,816.75
5,2025,3,761.44
5,2025,4,837.4
5,2025,5,786.73
5,2025,6,784.48
5,2025,7,764.26
5,2025,8,768.86
5,2025,9,765.33
5,2025,10,731.42
5,2025,11,747.17
5,2025,12,879.49
6,2023,1,771.7
6,2023,2,767.28
6,2023,3,869.31
6,2023,4,867.93
6,2023,5,874.36
6,2023,6,870.73
6,2023,7,737.78
6,2023,8,820.77
6,2023,9,791.63
6,2023,10,799.92
6,2023,11,736.96
6,2023,12,778.48
6,2024,1,763.97
6,2024,2,814.87
6,2024,3,846.73
6,2024,4,839.43
6,2024,5,838.48
6,2024,6,793.58
6,2024,7,865.29
6,2024,8,876.7
6,2024,9,789.46
6,2024,10,782.71
6,2024,11,835.46
6,2024,12,793.58
6,2025,1,731.51
6,2025,2,799.0
6,2025,3,863.67
6,2025,4,855.3
6,2025,5,817.52
6,2025,6,827.68
6,2025,7,822.72
6,2025,8,843.31
6,2025,9,760.76
6,2025,10,879.6
6,2025,11,826.19
6,2025,12,782.1
7,2023,1,735.73
7,2023,2,791.59
7,2023,3,762.73
7,2023,4,792.0
7,2023,5,834.49
7,2023,6,846.47
7,2023,7,854.23
7,2023,8,871.52
7,2023,9,818.59
7,2023,10,760.93
7,2023,11,786.76
7,2023,12,758.37
7,2024,1,763.88
7,2024,2,780.72
7,2024,3,854.86
7,2024,4,853.14
7,2024,5,747.52
7,2024,6,855.06
7,2024,7,872.78
7,2024,8,734.62
7,2024,9,742.35
7,2024,10,744.73
7,2024,11,800.44
7,2024,12,821.77
7,2025,1,777.3
7,2025,2,769.3
7,2025,3,804.03
7,2025,4,879.99
7,2025,5,847.48
7,2025,6,748.1
7,2025,7,796.27
7,2025,8,871.97
7,2025,9,830.32
7,2025,10,731.29
7,2025,11,742.94
7,2025,12,811.56
8,2023,1,1913.55
8,2023,2,1901.3
8,2023,3,1866.01
8,2023,4,1829.02
8,2023,5,1901.0
8,2023,6,2053.42
8,2023,7,2062.12
8,2023,8,1969.82
8,2023,9,1824.06
8,2023,10,2095.23
8,2023,11,2118.11
8,2023,12,2138.53
8,2024,1,1924.15
8,2024,2,1960.41
8,2024,3,1809.78
8,2024,4,2140.1
8,2024,5,1954.05
8,2024,6,1881.1
8,2024,7,2174.52
8,2024,8,2069.89
8,2024,9,2151.53
8,2024,10,1952.31
8,2024,11,2020.82
8,2024,12,2145.29
8,2025,1,1838.67
8,2025,2,2139.17
8,2025,3,1900.96
8,2025,4,2039.89
8,2025,5,1964.89
8,2025,6,2161.71
8,2025,7,2056.57
8,2025,8,1815.56
8,2025,9,2111.37
8,2025,10,2182.69
8,2025,11,2136.0
8,2025,12,1956.09
9,2023,1,2014.66
9,2023,2,2069.32
9,2023,3,1811.74
9,2023,4,1826.5
9,2023,5,2165.19
9,2023,6,1880.56
9,2023,7,1876.51
9,2023,8,2110.1
9,2023,9,1805.66
9,2023,10,1943.01
9,2023,11,1934.49
9,2023,12,1835.01
9,2024,1,2084.44
9,2024,2,2059.09
9,2024,3,1832.04
9,2024,4,2124.62
9,2024,5,1884.43
9,2024,6,2153.09
9,2024,7,2194.97
9,2024,8,2168.5
9,2024,9,2176.02
9,2024,10,2068.14
9,2024,11,1922.57
9,2024,12,1809.25
9,2025,1,2177.8
9,2025,2,2122.71
9,2025,3,1867.89
9,2025,4,2025.79
9,2025,5,1931.02
9,2025,6,1949.48
9,2025,7,2027.75
9,2025,8,1931.05
9,2025,9,2041.25
9,2025,10,2016.58
9,2025,11,2026.61
9,2025,12,2188.95
10,2023,1,866.17
10,2023,2,786.92
10,2023,3,822.52
10,2023,4,721.46
10,2023,5,762.79
10,2023,6,773.92
10,2023,7,781.45
10,2023,8,755.73
10,2023,9,812.36
10,2023,10,853.71
10,2023,11,727.88
10,2023,12,774.62
10,2024,1,843.32
10,2024,2,813.19
10,2024,3,785.07
10,2024,4,826.06
10,2024,5,762.75
10,2024,6,841.68
10,2024,7,758.12
10,2024,8,812.11
10,2024,9,861.76
10,2024,10,741.31
10,2024,11,840.58
10,2024,12,761.58
10,2025,1,749.75
10,2025,2,876.85
10,2025,3,802.99
10,2025,4,740.42
10,2025,5,798.64
10,2025,6,771.44
10,2025,7,877.75
10,2025,8,871.19
10,2025,9,838.25
10,2025,10,725.56
10,2025,11,854.42
10,2025,12,726.74
11,2023,1,1807.22
11,2023,2,1999.27
11,2023,3,2102.88
11,2023,4,1875.27
11,2023,5,2052.46
11,2023,6,1953.12
11,2023,7,1945.8
11,2023,8,1951.1
11,2023,9,1995.56
11,2023,10,1983.55
11,2023,11,2191.4
11,2023,12,2029.72
11,2024,1,2116.82
11,2024,2,1985.34
11,2024,3,1828.95
11,2024,4,1915.71
11,2024,5,1898.61
11,2024,6,2084.74
11,2024,7,1826.05
11,2024,8,2083.69
11,2024,9,2198.87
11,2024,10,2002.02
11,2024,11,2078.81
11,2024,12,1999.55
11,2025,1,2041.72
11,2025,2,1880.19
11,2025,3,1991.41
11,2025,4,2084.59
11,2025,5,2085.05
11,2025,6,1832.42
11,2025,7,2152.84
11,2025,8,1839.39
11,2025,9,1976.21
11,2025,10,2136.63
11,2025,11,2007.34
11,2025,12,1851.57
12,2023,1,2149.61
12,2023,2,2016.42
12,2023,3,2134.32
12,2023,4,2119.62
12,2023,5,1973.5
12,2023,6,1852.91
12,2023,7,1918.18
12,2023,8,1879.28
12,2023,9,2067.77
12,2023,10,2045.11
12,2023,11,2172.33
12,2023,12,2039.77
12,2024,1,1939.12
12,2024,2,2067.57
12,2024,3,1952.16
12,2024,4,1898.0
12,2024,5,2136.92
12,2024,6,2087.39
12,2024,7,2109.06
12,2024,8,1975.95
12,2024,9,1829.39
12,2024,10,2097.32
12,2024,11,1931.9
12,2024,12,2164.12
12,2025,1,1905.79
12,2025,2,1871.94
12,2025,3,2172.83
12,2025,4,2092.67
12,2025,5,1846.19
12,2025,6,2091.24
12,2025,7,2051.78
12,2025,8,1887.1
12,2025,9,2170.12
12,2025,10,2120.88
12,2025,11,2135.03
12,2025,12,2142.03
13,2023,1,2176.02
13,2023,2,2121.08
13,2023,3,1859.22
13,2023,4,1986.87
13,2023,5,1970.16
13,2023,6,2162.99
13,2023,7,2087.63
13,2023,8,2001.34
13,2023,9,1899.08
13,2023,10,1978.0
13,2023,11,2103.29
13,2023,12,2090.12
13,2024,1,1923.27
13,2024,2,1838.14
13,2024,3,1909.44
13,2024,4,1876.05
13,2024,5,1969.18
13,2024,6,1901.52
13,2024,7,1902.12
13,2024,8,2163.71
13,2024,9,2027.86
13,2024,10,1864.76
13,2024,11,2052.14
13,2024,12,1960.09
13,2025,1,2176.01
13,2025,2,2094.11
13,2025,3,2050.93
13,2025,4,1818.6
13,2025,5,2029.83
13,2025,6,1983.22
13,2025,7,2095.22
13,2025,8,2029.35
13,2025,9,1899.85
13,2025,10,2040.44
13,2025,11,1975.69
13,2025,12,2061.31
14,2023,1,740.11
14,2023,2,850.5
14,2023,3,746.4
14,2023,4,836.78
14,2023,5,803.99
14,2023,6,834.67
14,2023,7,796.45
14,2023,8,735.29
14,2023,9,828.27
14,2023,10,852.91
14,2023,11,756.38
14,2023,12,768.6
14,2024,1,810.87
14,2024,2,804.8
14,2024,3,731.99
14,2024,4,801.9
14,2024,5,744.78
14,2024,6,866.71
14,2024,7,853.29
14,2024,8,743.91
14,2024,9,756.58
14,2024,10,728.45
14,2024,11,803.52
14,2024,12,776.56
14,2025,1,827.34
14,2025,2,823.39
14,2025,3,744.2
14,2025,4,867.47
14,2025,5,826.57
14,2025,6,878.84
14,2025,7,872.95
14,2025,8,829.69
14,2025,9,817.53
14,2025,10,771.38
14,2025,11,858.55
14,2025,12,761.42
15,2023,1,1874.44
15,2023,2,2164.19
15,2023,3,2018.43
15,2023,4,1913.49
15,2023,5,1998.14
15,2023,6,1850.99
15,2023,7,2048.38
15,2023,8,2104.98
15,2023,9,1867.48
15,2023,10,2106.7
15,2023,11,1806.66
15,2023,12,1843.28
15,2024,1,1997.04
15,2024,2,2099.27
15,2024,3,2123.1
15,2024,4,2122.27
15,2024,5,2143.12
15,2024,6,1854.14
15,2024,7,2020.78
15,2024,8,1929.77
15,2024,9,2077.14
15,2024,10,1878.67
15,2024,11,1851.52
15,2024,12,2196.61
15,2025,1,1806.99
15,2025,2,2194.13
15,2025,3,2094.68
15,2025,4,2135.96
15,2025,5,1845.43
15,2025,6,1976.52
15,2025,7,2055.71
15,2025,8,2020.72
15,2025,9,1912.01
15,2025,10,2181.77
15,2025,11,2169.09
15,2025,12,1876.0
16,2023,1,849.35
16,2023,2,848.51
16,2023,3,758.28
16,2023,4,873.56
16,2023,5,809.4
16,2023,6,816.91
16,2023,7,826.21
16,2023,8,748.07
16,2023,9,835.74
16,2023,10,797.48
16,2023,11,812.41
16,2023,12,753.93
16,2024,1,777.02
16,2024,2,728.0
16,2024,3,765.18
16,2024,4,809.5
16,2024,5,743.01
16,2024,6,732.22
16,2024,7,796.47
16,2024,8,762.4
16,2024,9,785.42
16,2024,10,857.91
16,2024,11,840.45
16,2024,12,819.25
16,2025,1,768.9
16,2025,2,872.3
16,2025,3,807.95
16,2025,4,790.67
16,2025,5,794.38
16,2025,6,831.99
16,2025,7,834.73
16,2025,8,838.87
16,2025,9,759.23
16,2025,10,725.58
16,2025,11,871.56
16,2025,12,743.01
17,2023,1,830.23
17,2023,2,867.38
17,2023,3,817.63
17,2023,4,847.87
17,2023,5,856.14
17,2023,6,794.9
17,2023,7,838.26
17,2023,8,768.27
17,2023,9,787.62
17,2023,10,803.25
17,2023,11,748.93
17,2023,12,794.05
17,2024,1,828.94
17,2024,2,777.55
17,2024,3,840.32
17,2024,4,799.23
17,2024,5,769.13
17,2024,6,777.32
17,2024,7,773.95
17,2024,8,758.29
17,2024,9,876.32
17,2024,10,826.01
17,2024,11,737.54
17,2024,12,811.99
17,2025,1,809.2
17,2025,2,783.07
17,2025,3,786.5
17,2025,4,835.17
17,2025,5,870.22
17,2025,6,790.99
17,2025,7,817.14
17,2025,8,827.33
17,2025,9,722.0
17,2025,10,851.03
17,2025,11,833.81
17,2025,12,795.09
18,2023,1,2077.73
18,2023,2,1977.42
18,2023,3,2073.72
18,2023,4,2130.95
18,2023,5,1909.3
18,2023,6,1977.16
18,2023,7,2074.79
18,2023,8,1815.79
18,2023,9,2099.83
18,2023,10,2151.08
18,2023,11,2160.05
18,2023,12,1820.79
18,2024,1,2147.37
18,2024,2,1964.69
18,2024,3,2158.54
18,2024,4,2027.39
18,2024,5,1914.49
18,2024,6,2088.78
18,2024,7,2072.89
18,2024,8,2130.87
18,2024,9,2005.09
18,2024,10,1833.24
18,2024,11,2117.13
18,2024,12,1878.82
18,2025,1,1996.77
18,2025,2,1862.18
18,2025,3,2009.22
18,2025,4,1985.14
18,2025,5,2047.83
18,2025,6,2059.14
18,2025,7,2002.8
18,2025,8,1897.1
18,2025,9,1831.99
18,2025,10,1921.24
18,2025,11,2068.31
18,2025,12,2039.45
19,2023,1,1889.84
19,2023,2,2042.19
19,2023,3,2118.24
19,2023,4,1852.83
19,2023,5,1957.96
19,2023,6,1848.86
19,2023,7,2147.67
19,2023,8,2167.36
19,2023,9,2039.36
19,2023,10,1935.79
19,2023,11,2085.65
19,2023,12,2104.31
19,2024,1,2199.39
19,2024,2,1910.82
19,2024,3,2078.74
19,2024,4,1976.27
19,2024,5,2118.94
19,2024,6,2115.51
19,2024,7,2095.86
19,2024,8,2137.96
19,2024,9,2098.65
19,2024,10,2014.68
19,2024,11,1822.06
19,2024,12,2101.14
19,2025,1,1991.29
19,2025,2,1943.75
19,2025,3,2180.25
19,2025,4,1993.34
19,2025,5,1835.03
19,2025,6,2169.69
19,2025,7,1913.51
19,2025,8,1865.17
19,2025,9,1960.3
19,2025,10,2132.8
19,2025,11,2092.33
19,2025,12,1974.77
20,2023,1,782.57
20,2023,2,849.13
20,2023,3,763.88
20,2023,4,756.74
20,2023,5,865.3
20,2023,6,878.48
20,2023,7,792.92
20,2023,8,846.76
20,2023,9,803.5
20,2023,10,777.13
20,2023,11,760.84
20,2023,12,841.64
20,2024,1,740.6
20,2024,2,781.04
20,2024,3,843.95
20,2024,4,797.7
20,2024,5,793.29
20,2024,6,791.68
20,2024,7,722.86
20,2024,8,741.45
20,2024,9,867.22
20,2024,10,727.21
20,2024,11,736.42
20,2024,12,777.56
20,2025,1,802.21
20,2025,2,792.0
20,2025,3,779.47
20,2025,4,876.15
20,2025,5,799.52
20,2025,6,851.7
20,2025,7,816.73
20,2025,8,741.26
20,2025,9,725.77
20,2025,10,865.57
20,2025,11,854.4
20,2025,12,731.47
21,2023,1,3988.03
21,2023,2,4124.15
21,2023,3,3668.53
21,2023,4,4040.85
21,2023,5,4329.61
21,2023,6,3965.32
21,2023,7,4075.62
21,2023,8,3807.62
21,2023,9,4172.69
21,2023,10,3773.04
21,2023,11,4346.78
21,2023,12,4373.17
21,2024,1,3653.38
21,2024,2,3645.1
21,2024,3,4325.99
21,2024,4,3987.43
21,2024,5,3793.77
21,2024,6,4254.08
21,2024,7,3679.96
21,2024,8,4151.18
21,2024,9,4071.85
21,2024,10,4325.81
21,2024,11,3953.65
21,2024,12,4202.46
21,2025,1,4388.61
21,2025,2,4194.33
21,2025,3,3776.21
21,2025,4,3921.55
21,2025,5,4248.36
21,2025,6,3613.05
21,2025,7,4371.05
21,2025,8,4195.75
21,2025,9,3947.82
21,2025,10,4328.02
21,2025,11,4376.28
21,2025,12,4297.48
22,2023,1,753.94
22,2023,2,767.31
22,2023,3,864.32
22,2023,4,783.22
22,2023,5,760.17
22,2023,6,847.92
22,2023,7,856.8
22,2023,8,856.72
22,2023,9,741.14
22,2023,10,863.73
22,2023,11,750.77
22,2023,12,840.71
22,2024,1,772.9
22,2024,2,817.85
22,2024,3,807.81
22,2024,4,870.19
22,2024,5,799.71
22,2024,6,777.49
22,2024,7,788.19
22,2024,8,788.92
22,2024,9,729.23
22,2024,10,849.89
22,2024,11,752.35
22,2024,12,790.96
22,2025,1,827.9
22,2025,2,875.8
22,2025,3,848.41
22,2025,4,758.96
22,2025,5,734.17
22,2025,6,746.08
22,2025,7,861.13
22,2025,8,729.16
22,2025,9,860.73
22,2025,10,721.66
22,2025,11,809.92
22,2025,12,877.81
23,2023,1,1984.42
23,2023,2,2083.27
23,2023,3,1879.97
23,2023,4,1910.31
23,2023,5,2008.36
23,2023,6,2172.87
23,2023,7,2156.96
23,2023,8,1985.69
23,2023,9,1989.49
23,2023,10,2104.14
23,2023,11,2177.78
23,2023,12,1890.5
23,2024,1,1916.04
23,2024,2,1875.58
23,2024,3,1929.83
23,2024,4,1888.76
23,2024,5,2036.75
23,2024,6,2020.64
23,2024,7,1926.89
23,2024,8,1959.28
23,2024,9,2000.63
23,2024,10,1877.15
23,2024,11,2135.31
23,2024,12,1805.82
23,2025,1,1817.56
23,2025,2,1862.63
23,2025,3,1959.38
23,2025,4,2003.48
23,2025,5,1964.07
23,2025,6,1994.72
23,2025,7,1947.0
23,2025,8,1907.76
23,2025,9,1959.7
23,2025,10,1804.49
23,2025,11,2181.0
23,2025,12,2026.77
24,2023,1,3622.26
24,2023,2,3974.31
24,2023,3,4306.08
24,2023,4,4201.89
24,2023,5,4189.3
24,2023,6,3623.6
24,2023,7,4184.97
24,2023,8,4301.93
24,2023,9,4113.13
24,2023,10,3778.87
24,2023,11,3710.73
24,2023,12,4079.75
24,2024,1,4315.49
24,2024,2,4040.25
24,2024,3,3813.62
24,2024,4,3787.0
24,2024,5,3679.92
24,2024,6,4114.63
24,2024,7,4016.66
24,2024,8,3978.95
24,2024,9,4242.71
24,2024,10,3974.06
24,2024,11,3733.48
24,2024,12,4366.52
24,2025,1,3814.16
24,2025,2,4230.64
24,2025,3,4259.53
24,2025,4,3669.67
24,2025,5,4101.7
24,2025,6,4302.91
24,2025,7,3942.8
24,2025,8,3918.72
24,2025,9,3865.19
24,2025,10,4013.7
24,2025,11,3802.03
24,2025,12,4070.13
25,2023,1,740.0
25,2023,2,733.24
25,2023,3,772.67
25,2023,4,761.57
25,2023,5,848.35
25,2023,6,858.53
25,2023,7,757.65
25,2023,8,802.04
25,2023,9,729.66
25,2023,10,746.28
25,2023,11,772.36
25,2023,12,842.13
25,2024,1,860.78
25,2024,2,734.53
25,2024,3,727.29
25,2024,4,822.71
25,2024,5,812.3
25,2024,6,744.16
25,2024,7,824.12
25,2024,8,780.58
25,2024,9,781.62
25,2024,10,776.03
25,2024,11,742.27
25,2024,12,878.56
25,2025,1,749.02
25,2025,2,825.36
25,2025,3,789.86
25,2025,4,747.97
25,2025,5,830.34
25,2025,6,863.34
25,2025,7,731.28
25,2025,8,812.85
25,2025,9,865.46
25,2025,10,788.95
25,2025,11,735.11
25,2025,12,874.03
26,2023,1,4340.3
26,2023,2,4194.64
26,2023,3,4351.28
26,2023,4,3932.13
26,2023,5,3791.44
26,2023,6,3850.9
26,2023,7,3855.54
26,2023,8,4289.6
26,2023,9,3982.78
26,2023,10,3864.91
26,2023,11,4206.48
26,2023,12,4198.87
26,2024,1,4221.06
26,2024,2,4002.99
26,2024,3,3990.25
26,2024,4,3925.98
26,2024,5,3770.66
26,2024,6,3744.56
26,2024,7,4246.25
26,2024,8,3762.06
26,2024,9,3766.22
26,2024,10,4191.87
26,2024,11,4131.13
26,2024,12,3791.63
26,2025,1,3949.4
26,2025,2,3989.48
26,2025,3,4167.27
26,2025,4,3975.58
26,2025,5,3669.76
26,2025,6,3666.21
26,2025,7,4006.69
26,2025,8,3722.66
26,2025,9,4296.29
26,2025,10,3604.11
26,2025,11,4196.01
26,2025,12,3602.2
27,2023,1,776.5
27,2023,2,850.43
27,2023,3,816.63
27,2023,4,844.49
27,2023,5,855.19
27,2023,6,748.15
27,2023,7,752.75
27,2023,8,834.77
27,2023,9,729.87
27,2023,10,843.59
27,2023,11,753.24
27,2023,12,807.0
27,2024,1,747.41
27,2024,2,778.94
27,2024,3,773.14
27,2024,4,741.75
27,2024,5,868.64
27,2024,6,823.02
27,2024,7,790.47
27,2024,8,843.2
27,2024,9,750.83
27,2024,10,764.41
27,2024,11,839.2
27,2024,12,822.7
27,2025,1,865.19
27,2025,2,796.34
27,2025,3,769.88
27,2025,4,834.96
27,2025,5,757.47
27,2025,6,796.21
27,2025,7,817.31
27,2025,8,751.28
27,2025,9,852.3
27,2025,10,844.94
27,2025,11,775.75
27,2025,12,836.81
28,2023,1,4100.85
28,2023,2,3962.74
28,2023,3,3642.66
28,2023,4,3922.26
28,2023,5,3623.16
28,2023,6,3971.17
28,2023,7,3720.37
28,2023,8,3791.24
28,2023,9,4021.98
28,2023,10,3763.56
28,2023,11,4065.8
28,2023,12,3980.42
28,2024,1,3934.47
28,2024,2,4097.64
28,2024,3,3675.47
28,2024,4,3688.46
28,2024,5,4302.91
28,2024,6,3675.08
28,2024,7,4215.21
28,2024,8,3797.21
28,2024,9,3905.24
28,2024,10,4169.26
28,2024,11,4083.82
28,2024,12,3821.6
28,2025,1,4217.36
28,2025,2,3723.14
28,2025,3,3959.85
28,2025,4,4360.67
28,2025,5,4046.16
28,2025,6,3662.68
28,2025,7,4289.78
28,2025,8,3842.09
28,2025,9,3781.58
28,2025,10,3919.38
28,2025,11,3687.56
28,2025,12,3686.82
29,2023,1,4283.01
29,2023,2,3643.8
29,2023,3,4369.5
29,2023,4,3991.57
29,2023,5,4392.18
29,2023,6,3888.83
29,2023,7,4028.29
29,2023,8,3663.61
29,2023,9,3929.95
29,2023,10,3997.3
29,2023,11,3844.24
29,2023,12,3704.05
29,2024,1,4179.13
29,2024,2,3893.34
29,2024,3,3677.03
29,2024,4,4068.54
29,2024,5,4253.96
29,2024,6,3961.33
29,2024,7,3927.67
29,2024,8,3867.65
29,2024,9,4171.53
29,2024,10,3717.03
29,2024,11,3927.39
29,2024,12,3953.72
29,2025,1,3686.69
29,2025,2,3814.6
29,2025,3,3816.6
29,2025,4,3787.48
29,2025,5,4006.99
29,2025,6,3858.09
29,2025,7,3811.45
29,2025,8,3621.9
29,2025,9,4216.9
29,2025,10,4052.23
29,2025,11,4103.16
29,2025,12,3940.55
30,2023,1,722.7
30,2023,2,811.46
30,2023,3,800.71
30,2023,4,831.78
30,2023,5,801.32
30,2023,6,803.96
30,2023,7,751.25
30,2023,8,749.58
30,2023,9,768.6
30,2023,10,825.63
30,2023,11,845.82
30,2023,12,875.84
30,2024,1,733.93
30,2024,2,824.73
30,2024,3,820.41
30,2024,4,745.31
30,2024,5,863.19
30,2024,6,754.68
30,2024,7,851.25
30,2024,8,874.4
30,2024,9,801.01
30,2024,10,792.53
30,2024,11,798.11
30,2024,12,836.72
30,2025,1,851.23
30,2025,2,752.31
30,2025,3,875.41
30,2025,4,770.44
30,2025,5,722.14
30,2025,6,775.63
30,2025,7,796.33
30,2025,8,759.61
30,2025,9,869.51
30,2025,10,831.92
30,2025,11,861.33
30,2025,12,724.29
31,2023,1,851.34
31,2023,2,870.52
31,2023,3,750.4
31,2023,4,813.75
31,2023,5,804.66
31,2023,6,801.71
31,2023,7,784.88
31,2023,8,720.32
31,2023,9,761.89
31,2023,10,724.37
31,2023,11,766.45
31,2023,12,815.09
31,2024,1,800.1
31,2024,2,803.88
31,2024,3,871.56
31,2024,4,784.69
31,2024,5,736.15
31,2024,6,835.47
31,2024,7,752.67
31,2024,8,796.05
31,2024,9,785.63
31,2024,10,752.26
31,2024,11,827.34
31,2024,12,828.95
31,2025,1,759.44
31,2025,2,859.8
31,2025,3,763.33
31,2025,4,794.06
31,2025,5,847.92
31,2025,6,877.61
31,2025,7,848.2
31,2025,8,865.85
31,2025,9,798.13
31,2025,10,808.98
31,2025,11,822.3
31,2025,12,795.05
32,2023,1,3810.46
32,2023,2,3638.49
32,2023,3,4028.01
32,2023,4,3833.23
32,2023,5,4173.07
32,2023,6,4216.01
32,2023,7,3610.87
32,2023,8,4095.27
32,2023,9,4352.48
32,2023,10,4226.57
32,2023,11,3853.36
32,2023,12,4357.13
32,2024,1,3902.36
32,2024,2,4175.3
32,2024,3,3908.86
32,2024,4,4326.37
32,2024,5,3641.02
32,2024,6,3606.26
32,2024,7,4050.68
32,2024,8,3718.23
32,2024,9,4353.98
32,2024,10,4048.1
32,2024,11,4019.87
32,2024,12,3770.38
32,2025,1,3715.24
32,2025,2,3774.03
32,2025,3,3611.62
32,2025,4,4279.1
32,2025,5,4235.4
32,2025,6,4389.59
32,2025,7,4007.32
32,2025,8,3639.32
32,2025,9,4146.08
32,2025,10,3728.67
32,2025,11,4113.1
32,2025,12,4154.68
33,2023,1,821.66
33,2023,2,747.44
33,2023,3,743.79
33,2023,4,738.76
33,2023,5,736.76
33,2023,6,746.27
33,2023,7,784.26
33,2023,8,790.71
33,2023,9,779.81
33,2023,10,755.49
33,2023,11,806.61
33,2023,12,795.56
33,2024,1,753.23
33,2024,2,863.41
33,2024,3,796.26
33,2024,4,841.31
33,2024,5,833.01
33,2024,6,801.23
33,2024,7,827.53
33,2024,8,879.89
33,2024,9,757.9
33,2024,10,860.39
33,2024,11,783.75
33,2024,12,833.37
33,2025,1,860.45
33,2025,2,845.29
33,2025,3,865.62
33,2025,4,818.3
33,2025,5,808.32
33,2025,6,855.65
33,2025,7,862.81
33,2025,8,742.06
33,2025,9,879.27
33,2025,10,844.15
33,2025,11,760.83
33,2025,12,792.79
34,2023,1,2114.59
34,2023,2,2042.65
34,2023,3,1878.97
34,2023,4,1968.03
34,2023,5,1884.84
34,2023,6,1882.4
34,2023,7,2070.32
34,2023,8,2108.34
34,2023,9,2157.08
34,2023,10,2121.32
34,2023,11,1947.57
34,2023,12,2126.72
34,2024,1,1981.92
34,2024,2,1861.84
34,2024,3,2029.83
34,2024,4,1949.77
34,2024,5,2066.07
34,2024,6,1900.74
34,2024,7,1855.31
34,2024,8,1849.69
34,2024,9,1908.17
34,2024,10,1937.46
34,2024,11,2192.42
34,2024,12,1938.4
34,2025,1,1848.04
34,2025,2,1993.82
34,2025,3,2163.85
34,2025,4,1810.63
34,2025,5,2198.88
34,2025,6,2152.52
34,2025,7,2124.11
34,2025,8,2023.51
34,2025,9,1839.46
34,2025,10,2001.0
34,2025,11,2056.47
34,2025,12,2130.75
35,2023,1,2104.07
35,2023,2,1862.25
35,2023,3,1815.64
35,2023,4,2010.37
35,2023,5,2150.33
35,2023,6,2013.2
35,2023,7,2141.61
35,2023,8,2193.15
35,2023,9,1814.29
35,2023,10,2058.88
35,2023,11,2185.74
35,2023,12,2027.09
35,2024,1,2021.24
35,2024,2,2013.6
35,2024,3,2176.73
35,2024,4,1826.44
35,2024,5,1825.85
35,2024,6,1814.4
35,2024,7,2138.55
35,2024,8,2068.56
35,2024,9,2151.84
35,2024,10,2163.08
35,2024,11,2073.97
35,2024,12,2198.16
35,2025,1,1995.73
35,2025,2,1998.17
35,2025,3,1899.79
35,2025,4,1880.53
35,2025,5,2103.02
35,2025,6,2164.09
35,2025,7,2131.13
35,2025,8,1839.76
35,2025,9,2146.49
35,2025,10,2037.26
35,2025,11,1957.84
35,2025,12,2035.92
36,2023,1,1914.87
36,2023,2,2105.28
36,2023,3,2112.21
36,2023,4,1871.93
36,2023,5,2142.77
36,2023,6,1879.34
36,2023,7,2163.3
36,2023,8,2175.2
36,2023,9,1913.17
36,2023,10,2017.04
36,2023,11,1848.4
36,2023,12,1997.22
36,2024,1,1866.29
36,2024,2,1994.06
36,2024,3,1988.86
36,2024,4,2096.05
36,2024,5,1839.71
36,2024,6,1838.39
36,2024,7,1926.69
36,2024,8,2135.11
36,2024,9,2150.89
36,2024,10,1962.94
36,2024,11,1957.48
36,2024,12,1841.68
36,2025,1,2076.41
36,2025,2,1894.58
36,2025,3,1973.18
36,2025,4,2039.53
36,2025,5,1832.37
36,2025,6,1883.49
36,2025,7,2023.02
36,2025,8,2179.91
36,2025,9,2083.25
36,2025,10,2090.74
36,2025,11,1890.32
36,2025,12,1828.34
37,2023,1,4194.54
37,2023,2,3954.41
37,2023,3,3688.57
37,2023,4,3732.29
37,2023,5,3626.4
37,2023,6,4147.11
37,2023,7,4331.93
37,2023,8,4078.91
37,2023,9,3762.82
37,2023,10,4004.47
37,2023,11,4069.33
37,2023,12,4148.53
37,2024,1,3835.73
37,2024,2,4271.92
37,2024,3,3988.72
37,2024,4,4295.16
37,2024,5,4339.35
37,2024,6,3985.01
37,2024,7,3798.41
37,2024,8,3736.32
37,2024,9,4371.84
37,2024,10,3644.88
37,2024,11,4259.2
37,2024,12,4034.43
37,2025,1,3843.69
37,2025,2,4015.95
37,2025,3,4046.58
37,2025,4,4057.33
37,2025,5,4302.4
37,2025,6,4063.45
37,2025,7,4037.86
37,2025,8,4132.72
37,2025,9,3994.71
37,2025,10,3764.2
37,2025,11,4240.08
37,2025,12,4123.22
38,2023,1,1968.53
38,2023,2,2125.77
38,2023,3,1876.18
38,2023,4,2024.12
38,2023,5,1858.9
38,2023,6,1826.89
38,2023,7,1832.54
38,2023,8,1886.83
38,2023,9,1830.44
38,2023,10,1801.06
38,2023,11,1865.62
38,2023,12,2099.15
38,2024,1,1832.02
38,2024,2,1965.41
38,2024,3,1999.28
38,2024,4,2023.07
38,2024,5,1883.08
38,2024,6,2116.86
38,2024,7,1890.77
38,2024,8,1910.26
38,2024,9,2045.7
38,2024,10,2127.97
38,2024,11,2043.42
38,2024,12,1953.57
38,2025,1,2148.36
38,2025,2,1953.71
38,2025,3,2042.82
38,2025,4,1928.18
38,2025,5,1820.45
38,2025,6,1898.11
38,2025,7,1825.83
38,2025,8,2010.42
38,2025,9,1807.32
38,2025,10,2054.92
38,2025,11,1875.4
38,2025,12,2048.11
39,2023,1,1936.35
39,2023,2,2044.06
39,2023,3,1997.0
39,2023,4,2051.06
39,2023,5,1905.83
39,2023,6,2051.44
39,2023,7,2194.16
39,2023,8,2057.96
39,2023,9,2077.21
39,2023,10,2025.79
39,2023,11,1838.32
39,2023,12,1977.87
39,2024,1,1928.45
39,2024,2,2068.47
39,2024,3,2119.04
39,2024,4,1822.69
39,2024,5,2182.15
39,2024,6,1922.62
39,2024,7,1917.74
39,2024,8,1851.54
39,2024,9,1905.34
39,2024,10,1884.89
39,2024,11,2070.01
39,2024,12,2042.56
39,2025,1,2150.9
39,2025,2,1967.26
39,2025,3,1962.31
39,2025,4,2026.96
39,2025,5,1892.27
39,2025,6,2085.59
39,2025,7,2110.93
39,2025,8,2038.37
39,2025,9,2118.55
39,2025,10,2075.02
39,2025,11,1925.7
39,2025,12,1801.05
40,2023,1,2157.19
40,2023,2,2103.38
40,2023,3,2022.02
40,2023,4,2189.26
40,2023,5,1879.95
40,2023,6,2064.88
40,2023,7,1827.17
40,2023,8,1909.36
40,2023,9,1888.65
40,2023,10,2055.45
40,2023,11,1837.36
40,2023,12,1861.09
40,2024,1,2059.66
40,2024,2,1972.1
40,2024,3,1990.46
40,2024,4,1858.66
40,2024,5,1935.77
40,2024,6,1970.69
40,2024,7,2142.58
40,2024,8,2145.36
40,2024,9,2101.51
40,2024,10,1811.3
40,2024,11,2156.46
40,2024,12,2016.32
40,2025,1,1800.0
40,2025,2,1961.9
40,2025,3,2035.93
40,2025,4,1864.27
40,2025,5,1942.47
40,2025,6,1985.0
40,2025,7,1898.17
40,2025,8,1827.08
40,2025,9,1843.33
40,2025,10,1980.22
40,2025,11,2101.64
40,2025,12,2107.67
42,2023,1,852.19
42,2023,2,744.12
42,2023,3,874.1
42,2023,4,749.83
42,2023,5,730.18
42,2023,6,726.12
42,2023,7,828.85
42,2023,8,850.18
42,2023,9,761.81
42,2023,10,798.15
42,2023,11,733.47
42,2023,12,868.52
42,2024,1,753.47
42,2024,2,764.32
42,2024,3,847.96
42,2024,4,789.96
42,2024,5,873.55
42,2024,6,816.84
42,2024,7,769.07
42,2024,8,803.62
42,2024,9,772.16
42,2024,10,797.76
42,2024,11,861.53
42,2024,12,733.89
42,2025,1,809.35
42,2025,2,803.59
42,2025,3,733.01
42,2025,4,797.42
42,2025,5,872.07
42,2025,6,816.74
42,2025,7,782.84
42,2025,8,749.82
42,2025,9,870.77
42,2025,10,743.81
42,2025,11,791.22
42,2025,12,741.32
43,2023,1,2185.42
43,2023,2,1939.77
43,2023,3,2151.66
43,2023,4,2111.47
43,2023,5,2095.3
43,2023,6,2098.84
43,2023,7,2087.41
43,2023,8,2116.06
43,2023,9,2166.65
43,2023,10,1917.93
43,2023,11,1897.7
43,2023,12,1914.87
43,2024,1,2008.66
43,2024,2,1959.37
43,2024,3,1854.84
43,2024,4,1880.16
43,2024,5,1973.79
43,2024,6,2100.43
43,2024,7,2183.42
43,2024,8,1953.09
43,2024,9,2012.16
43,2024,10,2198.41
43,2024,11,2198.19
43,2024,12,1989.44
43,2025,1,1800.8
43,2025,2,2120.25
43,2025,3,1963.52
43,2025,4,2066.23
43,2025,5,2059.72
43,2025,6,2169.88
43,2025,7,2091.97
43,2025,8,1827.01
43,2025,9,2088.93
43,2025,10,1968.75
43,2025,11,2000.67
43,2025,12,2178.11
44,2023,1,727.23
44,2023,2,860.98
44,2023,3,850.41
44,2023,4,732.5
44,2023,5,832.8
44,2023,6,763.37
44,2023,7,828.43
44,2023,8,848.3
44,2023,9,761.45
44,2023,10,804.83
44,2023,11,872.16
44,2023,12,815.13
44,2024,1,806.42
44,2024,2,781.01
44,2024,3,832.96
44,2024,4,830.7
44,2024,5,757.71
44,2024,6,768.82
44,2024,7,856.68
44,2024,8,766.86
44,2024,9,872.27
44,2024,10,749.11
44,2024,11,779.6
44,2024,12,723.25
44,2025,1,732.3
44,2025,2,809.67
44,2025,3,771.86
44,2025,4,850.51
44,2025,5,777.99
44,2025,6,775.7
44,2025,7,788.47
44,2025,8,871.13
44,2025,9,808.44
44,2025,10,746.02
44,2025,11,850.74
44,2025,12,757.66
45,2023,1,1971.42
45,2023,2,1820.06
45,2023,3,1800.25
45,2023,4,2150.45
45,2023,5,1938.03
45,2023,6,1900.41
45,2023,7,2196.37
45,2023,8,1953.89
45,2023,9,2108.6
45,2023,10,2127.11
45,2023,11,1928.02
45,2023,12,1930.35
45,2024,1,1872.92
45,2024,2,1830.13
45,2024,3,2030.88
45,2024,4,2097.11
45,2024,5,1952.4
45,2024,6,2168.93
45,2024,7,2076.21
45,2024,8,2173.5
45,2024,9,2056.92
45,2024,10,2162.78
45,2024,11,1853.56
45,2024,12,1817.94
45,2025,1,1950.41
45,2025,2,1816.46
45,2025,3,2052.38
45,2025,4,2164.12
45,2025,5,1867.33
45,2025,6,1926.68
45,2025,7,2150.53
45,2025,8,2162.21
45,2025,9,1891.53
45,2025,10,2057.69
45,2025,11,1991.65
45,2025,12,2065.52
46,2023,1,1852.84
46,2023,2,2123.32
46,2023,3,1872.72
46,2023,4,2043.03
46,2023,5,2176.99
46,2023,6,1801.01
46,2023,7,2076.54
46,2023,8,1997.26
46,2023,9,2100.48
46,2023,10,2184.97
46,2023,11,2061.61
46,2023,12,2182.15
46,2024,1,2040.84
46,2024,2,1862.69
46,2024,3,1973.27
46,2024,4,1810.49
46,2024,5,2102.08
46,2024,6,1985.79
46,2024,7,2166.18
46,2024,8,1891.74
46,2024,9,2173.85
46,2024,10,2028.26
46,2024,11,2029.33
46,2024,12,1930.49
46,2025,1,1886.2
46,2025,2,1887.89
46,2025,3,1875.77
46,2025,4,1846.22
46,2025,5,1934.27
46,2025,6,2052.96
46,2025,7,2167.92
46,2025,8,1834.17
46,2025,9,1872.19
46,2025,10,2083.11
46,2025,11,1949.58
46,2025,12,1929.03
47,2023,1,2138.6
47,2023,2,2061.07
47,2023,3,1998.84
47,2023,4,1995.97
47,2023,5,1971.8
47,2023,6,1974.65
47,2023,7,2089.5
47,2023,8,2101.47
47,2023,9,2000.11
47,2023,10,2110.11
47,2023,11,1865.23
47,2023,12,2157.55
47,2024,1,2135.83
47,2024,2,2112.07
47,2024,3,1807.44
47,2024,4,2106.76
47,2024,5,2162.27
47,2024,6,2144.64
47,2024,7,1849.47
47,2024,8,2160.49
47,2024,9,1868.89
47,2024,10,2109.99
47,2024,11,2010.82
47,2024,12,1881.61
47,2025,1,1895.6
47,2025,2,2174.12
47,2025,3,1977.82
47,2025,4,2029.5
47,2025,5,1834.56
47,2025,6,1907.17
47,2025,7,2008.31
47,2025,8,2156.07
47,2025,9,1824.17
47,2025,10,1911.72
47,2025,11,2107.93
47,2025,12,2180.92
48,2023,1,1964.34
48,2023,2,2183.77
48,2023,3,2139.43
48,2023,4,1946.76
48,2023,5,1823.04
48,2023,6,2173.56
48,2023,7,2154.24
48,2023,8,1860.58
48,2023,9,2077.84
48,2023,10,1963.49
48,2023,11,2186.32
48,2023,12,2139.37
48,2024,1,1847.73
48,2024,2,1924.37
48,2024,3,2182.57
48,2024,4,2072.65
48,2024,5,1902.93
48,2024,6,1948.77
48,2024,7,1840.89
48,2024,8,1993.88
48,2024,9,1883.02
48,2024,10,2185.61
48,2024,11,1818.87
48,2024,12,2108.48
48,2025,1,1945.0
48,2025,2,1953.1
48,2025,3,1875.32
48,2025,4,1886.87
48,2025,5,2109.73
48,2025,6,2012.01
48,2025,7,2138.31
48,2025,8,2150.89
48,2025,9,1966.16
48,2025,10,1885.22
48,2025,11,1856.49
48,2025,12,2008.41
49,2023,1,1860.59
49,2023,2,2074.01
49,2023,3,1950.59
49,2023,4,1822.9
49,2023,5,1849.04
49,2023,6,1927.28
49,2023,7,1988.71
49,2023,8,2063.27
49,2023,9,1953.02
49,2023,10,2040.22
49,2023,11,2095.93
49,2023,12,1918.74
49,2024,1,1930.07
49,2024,2,2041.89
49,2024,3,1943.05
49,2024,4,2153.73
49,2024,5,2162.48
49,2024,6,1840.61
49,2024,7,1891.64
49,2024,8,1919.2
49,2024,9,2169.46
49,2024,10,2037.76
49,2024,11,1892.08
49,2024,12,2044.66
49,2025,1,2198.26
49,2025,2,1983.89
49,2025,3,2024.63
49,2025,4,2057.05
49,2025,5,1982.6
49,2025,6,2066.25
49,2025,7,1873.36
49,2025,8,2082.98
49,2025,9,1878.81
49,2025,10,2193.77
49,2025,11,2060.69
49,2025,12,1820.59
50,2023,1,2163.39
50,2023,2,1855.45
50,2023,3,2133.4
50,2023,4,2177.11
50,2023,5,1857.01
50,2023,6,2053.75
50,2023,7,1835.14
50,2023,8,2052.24
50,2023,9,1930.19
50,2023,10,1959.93
50,2023,11,2117.11
50,2023,12,2132.49
50,2024,1,1994.4
50,2024,2,2091.79
50,2024,3,1867.53
50,2024,4,1994.12
50,2024,5,1968.55
50,2024,6,1822.0
50,2024,7,2096.71
50,2024,8,2152.56
50,2024,9,1847.54
50,2024,10,1901.12
50,2024,11,1811.11
50,2024,12,1902.78
50,2025,1,2179.13
50,2025,2,2187.85
50,2025,3,1802.55
50,2025,4,2002.04
50,2025,5,2068.3
50,2025,6,1974.48
50,2025,7,1817.45
50,2025,8,1870.71
50,2025,9,1843.35
50,2025,10,2172.03
50,2025,11,1888.42
50,2025,12,2032.97
51,2023,1,2150.31
51,2023,2,1970.51
51,2023,3,1863.32
51,2023,4,2001.53
51,2023,5,1937.5
51,2023,6,1884.52
51,2023,7,1953.2
51,2023,8,2145.28
51,2023,9,1957.53
51,2023,10,2140.48
51,2023,11,1892.1
51,2023,12,2139.14
51,2024,1,1880.38
51,2024,2,1952.52
51,2024,3,2146.03
51,2024,4,2081.13
51,2024,5,1816.86
51,2024,6,2189.79
51,2024,7,2065.98
51,2024,8,1830.69
51,2024,9,2079.54
51,2024,10,1972.84
51,2024,11,1926.17
51,2024,12,1855.53
51,2025,1,1887.53
51,2025,2,1917.26
51,2025,3,1801.36
51,2025,4,1809.48
51,2025,5,2187.84
51,2025,6,1996.7
51,2025,7,1823.97
51,2025,8,2098.85
51,2025,9,2187.34
51,2025,10,2099.25
51,2025,11,2196.13
51,2025,12,2163.71
52,2023,1,4158.9
52,2023,2,3865.57
52,2023,3,4260.89
52,2023,4,3854.01
52,2023,5,3847.75
52,2023,6,4134.27
52,2023,7,4099.44
52,2023,8,4278.13
52,2023,9,3834.25
52,2023,10,3906.97
52,2023,11,4108.01
52,2023,12,3775.09
52,2024,1,3634.88
52,2024,2,3887.48
52,2024,3,3947.96
52,2024,4,3712.0
52,2024,5,3866.39
52,2024,6,4353.69
52,2024,7,3914.48
52,2024,8,3896.52
52,2024,9,3641.3
52,2024,10,3760.63
52,2024,11,3819.09
52,2024,12,4399.54
52,2025,1,3971.38
52,2025,2,3956.2
52,2025,3,4302.94
52,2025,4,3911.46
52,2025,5,3796.76
52,2025,6,3780.12
52,2025,7,4285.4
52,2025,8,4121.29
52,2025,9,3684.89
52,2025,10,3854.62
52,2025,11,3951.69
52,2025,12,3754.81
53,2023,1,847.14
53,2023,2,808.11
53,2023,3,743.01
53,2023,4,742.88
53,2023,5,799.0
53,2023,6,815.93
53,2023,7,729.94
53,2023,8,810.02
53,2023,9,827.98
53,2023,10,873.27
53,2023,11,818.52
53,2023,12,834.85
53,2024,1,863.3
53,2024,2,779.94
53,2024,3,826.28
53,2024,4,802.72
53,2024,5,745.08
53,2024,6,836.88
53,2024,7,831.34
53,2024,8,749.64
53,2024,9,763.13
53,2024,10,857.61
53,2024,11,726.02
53,2024,12,722.2
53,2025,1,858.55
53,2025,2,735.33
53,2025,3,747.14
53,2025,4,866.82
53,2025,5,851.98
53,2025,6,753.42
53,2025,7,863.13
53,2025,8,769.33
53,2025,9,771.53
53,2025,10,878.68
53,2025,11,865.23
53,2025,12,831.57
54,2023,1,777.41
54,2023,2,829.54
54,2023,3,819.95
54,2023,4,801.84
54,2023,5,847.02
54,2023,6,852.02
54,2023,7,731.34
54,2023,8,740.11
54,2023,9,763.64
54,2023,10,797.65
54,2023,11,874.32
54,2023,12,813.66
54,2024,1,807.9
54,2024,2,796.93
54,2024,3,819.97
54,2024,4,795.22
54,2024,5,765.66
54,2024,6,841.73
54,2024,7,865.32
54,2024,8,820.77
54,2024,9,777.52
54,2024,10,862.65
54,2024,11,735.41
54,2024,12,831.12
54,2025,1,808.32
54,2025,2,779.03
54,2025,3,866.12
54,2025,4,791.91
54,2025,5,869.42
54,2025,6,857.45
54,2025,7,842.13
54,2025,8,781.17
54,2025,9,748.94
54,2025,10,768.37
54,2025,11,823.6
54,2025,12,862.28
55,2023,1,720.81
55,2023,2,820.81
55,2023,3,728.77
55,2023,4,838.93
55,2023,5,879.2
55,2023,6,829.62
55,2023,7,873.92
55,2023,8,800.44
55,2023,9,798.37
55,2023,10,765.5
55,2023,11,846.0
55,2023,12,828.05
55,2024,1,866.29
55,2024,2,837.33
55,2024,3,807.24
55,2024,4,780.99
55,2024,5,759.36
55,2024,6,722.92
55,2024,7,800.0
55,2024,8,803.81
55,2024,9,781.2
55,2024,10,872.17
55,2024,11,813.82
55,2024,12,756.81
55,2025,1,820.53
55,2025,2,842.52
55,2025,3,768.2
55,2025,4,849.19
55,2025,5,770.69
55,2025,6,874.86
55,2025,7,879.99
55,2025,8,815.26
55,2025,9,752.17
55,2025,10,831.48
55,2025,11,752.69
55,2025,12,867.89
56,2023,1,3665.42
56,2023,2,3873.67
56,2023,3,3892.81
56,2023,4,3718.37
56,2023,5,3670.67
56,2023,6,4183.52
56,2023,7,3956.29
56,2023,8,3734.97
56,2023,9,3862.91
56,2023,10,4102.66
56,2023,11,3853.19
56,2023,12,4342.73
56,2024,1,3620.26
56,2024,2,4058.87
56,2024,3,4337.95
56,2024,4,4247.9
56,2024,5,3713.72
56,2024,6,3948.88
56,2024,7,4304.59
56,2024,8,3891.84
56,2024,9,4112.85
56,2024,10,3704.16
56,2024,11,4352.23
56,2024,12,4119.92
56,2025,1,4318.31
56,2025,2,4327.06
56,2025,3,4002.74
56,2025,4,4308.05
56,2025,5,3814.64
56,2025,6,4376.47
56,2025,7,4214.6
56,2025,8,3752.57
56,2025,9,4042.29
56,2025,10,4224.91
56,2025,11,3871.39
56,2025,12,4081.84
58,2023,1,2006.41
58,2023,2,1822.61
58,2023,3,1875.64
58,2023,4,1881.91
58,2023,5,2091.94
58,2023,6,2105.24
58,2023,7,2103.87
58,2023,8,2059.21
58,2023,9,2186.29
58,2023,10,2125.16
58,2023,11,1861.11
58,2023,12,2091.48
58,2024,1,1946.17
58,2024,2,2047.58
58,2024,3,2116.01
58,2024,4,2059.48
58,2024,5,1908.69
58,2024,6,1824.48
58,2024,7,2132.78
58,2024,8,1973.21
58,2024,9,1845.33
58,2024,10,1916.9
58,2024,11,2117.95
58,2024,12,2111.04
58,2025,1,2102.22
58,2025,2,2122.25
58,2025,3,2135.02
58,2025,4,2176.41
58,2025,5,1952.22
58,2025,6,2031.85
58,2025,7,1937.25
58,2025,8,1825.68
58,2025,9,1905.43
58,2025,10,2158.64
58,2025,11,1910.04
58,2025,12,2066.21
60,2023,1,1872.61
60,2023,2,2036.78
60,2023,3,1889.27
60,2023,4,2017.82
60,2023,5,1851.42
60,2023,6,2073.38
60,2023,7,1832.74
60,2023,8,1973.22
60,2023,9,2053.33
60,2023,10,1897.09
60,2023,11,2042.67
60,2023,12,1848.96
60,2024,1,2119.96
60,2024,2,2122.9
60,2024,3,2051.35
60,2024,4,1884.59
60,2024,5,2158.16
60,2024,6,1975.43
60,2024,7,1992.07
60,2024,8,1804.63
60,2024,9,2058.29
60,2024,10,1916.99
60,2024,11,2008.27
60,2024,12,1811.4
60,2025,1,1998.48
60,2025,2,2005.44
60,2025,3,2116.79
60,2025,4,1982.36
60,2025,5,2180.27
60,2025,6,1935.99
60,2025,7,1831.78
60,2025,8,2066.91
60,2025,9,1959.77
60,2025,10,1812.34
60,2025,11,2195.89
60,2025,12,1993.79
61,2023,1,4309.02
61,2023,2,4063.14
61,2023,3,4047.72
61,2023,4,4006.27
61,2023,5,3872.45
61,2023,6,3775.84
61,2023,7,4072.63
61,2023,8,3672.57
61,2023,9,3760.29
61,2023,10,4239.03
61,2023,11,3668.08
61,2023,12,3634.85
61,2024,1,4039.6
61,2024,2,3714.35
61,2024,3,4009.81
61,2024,4,3930.17
61,2024,5,4083.83
61,2024,6,4160.19
61,2024,7,3689.41
61,2024,8,3711.23
61,2024,9,3607.09
61,2024,10,4274.45
61,2024,11,3993.14
61,2024,12,3889.21
61,2025,1,3993.07
61,2025,2,4098.47
61,2025,3,3754.69
61,2025,4,3683.83
61,2025,5,3690.37
61,2025,6,4226.37
61,2025,7,4139.96
61,2025,8,3836.22
61,2025,9,4225.74
61,2025,10,4083.14
61,2025,11,4151.75
61,2025,12,3640.75
62,2023,1,1997.51
62,2023,2,1913.54
62,2023,3,2182.51
62,2023,4,1897.7
62,2023,5,2146.13
62,2023,6,2176.87
62,2023,7,2192.94
62,2023,8,2095.12
62,2023,9,1898.55
62,2023,10,1869.2
62,2023,11,2061.89
62,2023,12,2169.55
62,2024,1,1927.72
62,2024,2,1886.8
62,2024,3,1813.3
62,2024,4,2127.08
62,2024,5,1851.66
62,2024,6,2155.81
62,2024,7,2125.62
62,2024,8,2027.58
62,2024,9,1883.81
62,2024,10,1939.87
62,2024,11,2160.12
62,2024,12,2109.37
62,2025,1,2010.47
62,2025,2,1841.49
62,2025,3,1973.11
62,2025,4,1935.05
62,2025,5,2090.57
62,2025,6,2040.36
62,2025,7,1873.95
62,2025,8,1970.74
62,2025,9,1824.52
62,2025,10,1869.67
62,2025,11,1992.86
62,2025,12,1944.59
63,2023,1,3821.21
63,2023,2,4247.57
63,2023,3,3675.6
63,2023,4,4394.68
63,2023,5,4262.97
63,2023,6,3946.54
63,2023,7,4363.94
63,2023,8,3951.65
63,2023,9,4334.22
63,2023,10,4189.33
63,2023,11,4227.51
63,2023,12,3620.11
63,2024,1,3755.36
63,2024,2,3703.45
63,2024,3,3656.51
63,2024,4,4356.6
63,2024,5,4226.23
63,2024,6,4140.24
63,2024,7,4352.58
63,2024,8,3764.78
63,2024,9,4015.55
63,2024,10,4065.95
63,2024,11,3645.0
63,2024,12,3911.14
63,2025,1,4105.37
63,2025,2,4069.37
63,2025,3,4058.71
63,2025,4,4115.14
63,2025,5,3912.59
63,2025,6,3911.89
63,2025,7,4054.14
63,2025,8,4297.71
63,2025,9,3606.35
63,2025,10,4046.96
63,2025,11,4312.39
63,2025,12,4341.88
64,2023,1,1977.24
64,2023,2,2151.61
64,2023,3,2167.1
64,2023,4,2141.49
64,2023,5,1957.1
64,2023,6,1833.11
64,2023,7,2057.47
64,2023,8,1980.99
64,2023,9,2102.43
64,2023,10,1820.28
64,2023,11,1991.55
64,2023,12,1903.88
64,2024,1,2034.76
64,2024,2,1828.97
64,2024,3,2140.88
64,2024,4,2139.69
64,2024,5,2132.11
64,2024,6,1879.21
64,2024,7,1811.52
64,2024,8,1849.75
64,2024,9,2030.83
64,2024,10,2144.06
64,2024,11,1975.73
64,2024,12,1960.0
64,2025,1,1916.21
64,2025,2,1891.23
64,2025,3,1930.65
64,2025,4,2180.79
64,2025,5,2058.5
64,2025,6,1818.69
64,2025,7,1845.43
64,2025,8,2123.4
64,2025,9,1863.2
64,2025,10,2173.81
64,2025,11,1949.82
64,2025,12,2055.93
65,2023,1,2140.88
65,2023,2,2126.31
65,2023,3,1968.51
65,2023,4,2115.9
65,2023,5,1831.5
65,2023,6,2155.62
65,2023,7,1842.73
65,2023,8,2075.84
65,2023,9,1944.49
65,2023,10,1913.66
65,2023,11,2055.2
65,2023,12,2048.22
65,2024,1,2029.37
65,2024,2,2080.0
65,2024,3,1820.62
65,2024,4,1938.94
65,2024,5,1920.95
65,2024,6,1922.98
65,2024,7,1834.89
65,2024,8,2009.71
65,2024,9,2191.58
65,2024,10,2183.41
65,2024,11,1821.82
65,2024,12,2185.7
65,2025,1,1954.68
65,2025,2,1858.34
65,2025,3,2194.57
65,2025,4,2100.62
65,2025,5,1887.86
65,2025,6,1950.66
65,2025,7,1969.43
65,2025,8,1897.27
65,2025,9,2026.58
65,2025,10,2057.27
65,2025,11,1801.14
65,2025,12,1978.85
66,2023,1,2183.54
66,2023,2,1857.79
66,2023,3,1928.73
66,2023,4,1866.36
66,2023,5,1918.99
66,2023,6,2077.6
66,2023,7,2144.12
66,2023,8,2083.84
66,2023,9,1853.09
66,2023,10,2140.23
66,2023,11,1832.85
66,2023,12,2069.86
66,2024,1,2001.55
66,2024,2,2198.2
66,2024,3,1816.01
66,2024,4,2146.35
66,2024,5,2087.73
66,2024,6,1857.44
66,2024,7,1933.4
66,2024,8,1802.99
66,2024,9,1995.18
66,2024,10,2018.11
66,2024,11,2046.88
66,2024,12,1929.41
66,2025,1,2058.79
66,2025,2,1847.28
66,2025,3,2019.07
66,2025,4,1802.35
66,2025,5,2068.51
66,2025,6,1932.78
66,2025,7,2197.77
66,2025,8,2103.45
66,2025,9,1948.19
66,2025,10,2078.15
66,2025,11,2088.09
66,2025,12,2028.36
67,2023,1,2125.39
67,2023,2,1881.56
67,2023,3,2100.69
67,2023,4,1913.72
67,2023,5,1805.9
67,2023,6,1845.16
67,2023,7,2051.71
67,2023,8,2001.98
67,2023,9,1851.03
67,2023,10,2010.81
67,2023,11,1925.25
67,2023,12,1943.42
67,2024,1,2082.68
67,2024,2,2137.46
67,2024,3,1867.12
67,2024,4,2022.83
67,2024,5,1815.61
67,2024,6,1980.49
67,2024,7,2130.37
67,2024,8,2043.61
67,2024,9,2056.03
67,2024,10,1968.38
67,2024,11,1937.52
67,2024,12,2196.37
67,2025,1,2004.03
67,2025,2,1944.35
67,2025,3,2057.71
67,2025,4,2131.51
67,2025,5,2183.66
67,2025,6,1858.86
67,2025,7,1930.35
67,2025,8,2007.18
67,2025,9,2079.15
67,2025,10,2178.09
67,2025,11,2098.52
67,2025,12,2170.74
68,2023,1,1963.43
68,2023,2,1833.7
68,2023,3,2013.17
68,2023,4,2021.93
68,2023,5,1820.67
68,2023,6,2062.03
68,2023,7,2074.88
68,2023,8,1862.09
68,2023,9,2168.18
68,2023,10,2142.63
68,2023,11,2135.06
68,2023,12,1949.02
68,2024,1,1929.93
68,2024,2,1837.71
68,2024,3,1855.01
68,2024,4,2144.18
68,2024,5,1841.82
68,2024,6,1931.55
68,2024,7,1962.08
68,2024,8,1876.75
68,2024,9,2068.6
68,2024,10,2063.66
68,2024,11,2066.27
68,2024,12,1907.34
68,2025,1,2072.8
68,2025,2,2000.93
68,2025,3,2155.87
68,2025,4,2163.36
68,2025,5,1994.02
68,2025,6,2156.24
68,2025,7,1930.1
68,2025,8,1974.83
68,2025,9,1952.3
68,2025,10,1846.87
68,2025,11,1869.95
68,2025,12,1864.78
69,2023,1,2193.55
69,2023,2,1858.13
69,2023,3,1842.44
69,2023,4,1953.87
69,2023,5,2037.26
69,2023,6,1992.82
69,2023,7,2121.04
69,2023,8,1926.52
69,2023,9,2127.64
69,2023,10,2050.87
69,2023,11,1899.09
69,2023,12,1838.52
69,2024,1,1822.5
69,2024,2,2133.42
69,2024,3,1866.33
69,2024,4,1907.17
69,2024,5,2014.61
69,2024,6,1899.05
69,2024,7,1874.42
69,2024,8,1955.9
69,2024,9,2055.24
69,2024,10,1836.46
69,2024,11,2179.52
69,2024,12,2018.12
69,2025,1,1972.96
69,2025,2,2045.05
69,2025,3,2053.74
69,2025,4,1986.79
69,2025,5,2158.37
69,2025,6,1972.39
69,2025,7,1802.0
69,2025,8,2091.03
69,2025,9,1819.02
69,2025,10,2040.49
69,2025,11,2134.18
69,2025,12,1961.53
70,2023,1,2196.27
70,2023,2,2084.86
70,2023,3,1890.31
70,2023,4,1880.57
70,2023,5,2091.27
70,2023,6,2124.87
70,2023,7,1953.19
70,2023,8,2190.53
70,2023,9,1870.66
70,2023,10,1875.87
70,2023,11,1935.71
70,2023,12,2185.1
70,2024,1,1905.39
70,2024,2,2179.45
70,2024,3,2069.62
70,2024,4,2063.81
70,2024,5,2175.66
70,2024,6,1949.64
70,2024,7,1987.59
70,2024,8,1804.82
70,2024,9,1827.62
70,2024,10,2054.24
70,2024,11,1864.11
70,2024,12,2182.51
70,2025,1,1836.32
70,2025,2,2075.37
70,2025,3,1820.07
70,2025,4,1935.57
70,2025,5,2065.74
70,2025,6,2190.94
70,2025,7,2122.98
70,2025,8,1944.08
70,2025,9,2039.93
70,2025,10,1944.59
70,2025,11,1888.95
70,2025,12,1991.71
71,2023,1,1856.18
71,2023,2,1832.37
71,2023,3,2134.34
71,2023,4,2013.53
71,2023,5,2190.51
71,2023,6,1885.63
71,2023,7,2044.54
71,2023,8,1939.27
71,2023,9,1973.69
71,2023,10,1861.16
71,2023,11,1876.86
71,2023,12,1935.63
71,2024,1,1879.06
71,2024,2,1851.64
71,2024,3,1979.01
71,2024,4,1889.22
71,2024,5,1908.68
71,2024,6,2158.68
71,2024,7,1925.48
71,2024,8,1899.73
71,2024,9,2119.95
71,2024,10,2165.23
71,2024,11,1803.31
71,2024,12,2064.98
71,2025,1,1968.38
71,2025,2,2042.66
71,2025,3,1973.93
71,2025,4,1960.74
71,2025,5,1808.58
71,2025,6,2026.42
71,2025,7,1894.38
71,2025,8,1993.13
71,2025,9,2180.77
71,2025,10,1817.91
71,2025,11,1839.57
71,2025,12,1878.59
72,2023,1,2017.56
72,2023,2,1828.17
72,2023,3,1995.59
72,2023,4,2068.57
72,2023,5,1860.86
72,2023,6,2122.69
72,2023,7,1834.95
72,2023,8,2051.98
72,2023,9,2169.67
72,2023,10,1875.4
72,2023,11,2197.99
72,2023,12,2006.2
72,2024,1,1888.11
72,2024,2,1832.96
72,2024,3,2180.26
72,2024,4,2148.82
72,2024,5,2044.46
72,2024,6,1984.81
72,2024,7,1989.8
72,2024,8,2185.45
72,2024,9,2120.98
72,2024,10,2118.36
72,2024,11,2039.15
72,2024,12,1948.94
72,2025,1,2080.51
72,2025,2,1915.51
72,2025,3,1969.39
72,2025,4,2029.54
72,2025,5,2054.22
72,2025,6,1995.78
72,2025,7,2156.15
72,2025,8,1898.69
72,2025,9,1817.16
72,2025,10,1982.52
72,2025,11,2112.75
72,2025,12,2167.06
73,2023,1,1968.37
73,2023,2,1802.7
73,2023,3,2001.87
73,2023,4,1896.64
73,2023,5,2028.96
73,2023,6,2055.44
73,2023,7,2117.22
73,2023,8,2050.29
73,2023,9,2062.53
73,2023,10,1955.31
73,2023,11,1910.65
73,2023,12,2079.71
73,2024,1,1885.42
73,2024,2,1874.45
73,2024,3,1812.57
73,2024,4,2003.2
73,2024,5,1869.22
73,2024,6,1927.65
73,2024,7,2002.92
73,2024,8,1989.62
73,2024,9,2140.27
73,2024,10,2057.54
73,2024,11,2158.75
73,2024,12,2069.51
73,2025,1,2118.69
73,2025,2,1937.38
73,2025,3,1995.56
73,2025,4,2155.17
73,2025,5,2130.37
73,2025,6,2055.42
73,2025,7,1855.89
73,2025,8,1956.22
73,2025,9,1814.41
73,2025,10,1967.45
73,2025,11,1838.0
73,2025,12,2092.85
74,2023,1,1900.13
74,2023,2,2020.18
74,2023,3,1908.94
74,2023,4,1918.56
74,2023,5,2097.37
74,2023,6,2004.53
74,2023,7,1890.59
74,2023,8,1880.19
74,2023,9,2078.64
74,2023,10,2112.83
74,2023,11,1865.98
74,2023,12,2176.79
74,2024,1,2130.88
74,2024,2,1879.46
74,2024,3,1880.16
74,2024,4,1976.16
74,2024,5,2182.09
74,2024,6,1986.55
74,2024,7,1947.7
74,2024,8,1923.97
74,2024,9,1908.57
74,2024,10,1911.06
74,2024,11,1951.75
74,2024,12,1804.61
74,2025,1,1877.21
74,2025,2,1805.98
74,2025,3,2130.36
74,2025,4,1941.9
74,2025,5,1922.89
74,2025,6,1832.39
74,2025,7,1845.79
74,2025,8,1923.41
74,2025,9,1858.12
74,2025,10,2160.26
74,2025,11,1933.26
74,2025,12,2055.38
75,2023,1,2051.34
75,2023,2,1957.46
75,2023,3,1826.92
75,2023,4,2063.3
75,2023,5,1805.15
75,2023,6,2120.21
75,2023,7,2050.15
75,2023,8,2157.66
75,2023,9,1819.81
75,2023,10,1892.48
75,2023,11,1998.28
75,2023,12,2036.92
75,2024,1,1844.76
75,2024,2,1888.77
75,2024,3,2070.3
75,2024,4,1978.88
75,2024,5,1842.1
75,2024,6,1811.45
75,2024,7,2054.12
75,2024,8,1878.47
75,2024,9,1958.96
75,2024,10,1981.04
75,2024,11,2110.22
75,2024,12,2158.19
75,2025,1,2104.18
75,2025,2,2043.95
75,2025,3,1958.0
75,2025,4,1813.53
75,2025,5,2189.8
75,2025,6,1803.17
75,2025,7,2028.41
75,2025,8,2094.29
75,2025,9,1956.1
75,2025,10,2121.33
75,2025,11,2029.99
75,2025,12,1834.34
76,2023,1,1880.57
76,2023,2,2186.03
76,2023,3,1960.93
76,2023,4,2179.25
76,2023,5,2194.18
76,2023,6,2079.18
76,2023,7,1944.49
76,2023,8,2094.61
76,2023,9,2105.4
76,2023,10,2154.02
76,2023,11,2125.59
76,2023,12,2128.74
76,2024,1,1977.19
76,2024,2,1921.86
76,2024,3,2117.94
76,2024,4,2176.25
76,2024,5,1848.7
76,2024,6,2052.75
76,2024,7,1950.71
76,2024,8,1816.84
76,2024,9,1975.09
76,2024,10,2190.02
76,2024,11,1866.15
76,2024,12,1831.94
76,2025,1,1963.18
76,2025,2,1877.32
76,2025,3,2173.13
76,2025,4,1871.68
76,2025,5,2037.94
76,2025,6,1944.34
76,2025,7,2062.37
76,2025,8,2197.41
76,2025,9,1823.31
76,2025,10,1821.54
76,2025,11,1971.67
76,2025,12,2123.91
78,2023,1,2023.71
78,2023,2,2115.43
78,2023,3,1830.65
78,2023,4,1857.19
78,2023,5,2096.0
78,2023,6,1907.63
78,2023,7,1882.83
78,2023,8,2099.27
78,2023,9,1952.82
78,2023,10,2121.75
78,2023,11,2162.9
78,2023,12,1840.74
78,2024,1,1988.48
78,2024,2,2060.43
78,2024,3,1916.08
78,2024,4,1912.19
78,2024,5,1849.05
78,2024,6,1896.14
78,2024,7,1834.03
78,2024,8,2135.62
78,2024,9,1984.16
78,2024,10,2025.55
78,2024,11,1846.79
78,2024,12,2119.23
78,2025,1,1811.38
78,2025,2,1822.64
78,2025,3,2081.81
78,2025,4,1826.28
78,2025,5,1857.61
78,2025,6,2162.25
78,2025,7,2143.08
78,2025,8,2182.27
78,2025,9,1885.77
78,2025,10,1975.92
78,2025,11,1860.06
78,2025,12,2090.94
79,2023,1,2181.05
79,2023,2,1812.82
79,2023,3,2169.1
79,2023,4,2014.38
79,2023,5,1892.71
79,2023,6,1945.56
79,2023,7,1851.47
79,2023,8,2053.39
79,2023,9,1919.28
79,2023,10,2083.92
79,2023,11,2032.77
79,2023,12,1938.5
79,2024,1,1822.75
79,2024,2,1909.95
79,2024,3,1887.51
79,2024,4,1827.13
79,2024,5,1927.02
79,2024,6,2184.71
79,2024,7,1985.64
79,2024,8,1847.49
79,2024,9,1818.66
79,2024,10,1821.44
79,2024,11,1852.11
79,2024,12,2065.24
79,2025,1,2151.84
79,2025,2,1993.19
79,2025,3,2091.25
79,2025,4,1860.63
79,2025,5,2039.71
79,2025,6,2105.53
79,2025,7,1923.83
79,2025,8,1953.48
79,2025,9,2075.06
79,2025,10,2154.97
79,2025,11,1855.53
79,2025,12,1960.34
80,2023,1,1897.11
80,2023,2,2140.01
80,2023,3,2171.81
80,2023,4,1957.59
80,2023,5,2172.09
80,2023,6,1840.4
80,2023,7,2086.83
80,2023,8,1988.47
80,2023,9,1828.31
80,2023,10,1966.18
80,2023,11,1967.08
80,2023,12,2159.04
80,2024,1,1852.1
80,2024,2,2193.28
80,2024,3,2127.64
80,2024,4,1908.4
80,2024,5,2059.98
80,2024,6,1986.6
80,2024,7,1912.51
80,2024,8,1980.56
80,2024,9,1931.23
80,2024,10,1867.51
80,2024,11,1962.26
80,2024,12,2178.19
80,2025,1,1943.31
80,2025,2,1966.85
80,2025,3,2021.08
80,2025,4,1950.99
80,2025,5,2094.86
80,2025,6,1895.37
80,2025,7,2150.64
80,2025,8,1827.36
80,2025,9,1960.68
80,2025,10,1837.31
80,2025,11,1877.95
80,2025,12,1981.07
81,2023,1,812.06
81,2023,2,852.43
81,2023,3,844.94
81,2023,4,786.26
81,2023,5,847.06
81,2023,6,853.36
81,2023,7,861.83
81,2023,8,876.85
81,2023,9,813.61
81,2023,10,777.14
81,2023,11,815.89
81,2023,12,754.82
81,2024,1,808.92
81,2024,2,825.48
81,2024,3,784.87
81,2024,4,830.47
81,2024,5,739.31
81,2024,6,739.63
81,2024,7,816.71
81,2024,8,782.44
81,2024,9,810.91
81,2024,10,731.05
81,2024,11,815.53
81,2024,12,822.72
81,2025,1,754.88
81,2025,2,806.53
81,2025,3,801.35
81,2025,4,763.84
81,2025,5,827.27
81,2025,6,825.6
81,2025,7,779.54
81,2025,8,781.78
81,2025,9,785.42
81,2025,10,805.01
81,2025,11,802.58
81,2025,12,780.86
82,2023,1,1865.69
82,2023,2,1894.83
82,2023,3,1851.12
82,2023,4,1805.75
82,2023,5,2101.06
82,2023,6,1982.4
82,2023,7,1989.79
82,2023,8,2114.91
82,2023,9,1869.22
82,2023,10,2056.81
82,2023,11,1923.79
82,2023,12,1897.84
82,2024,1,1927.44
82,2024,2,2157.91
82,2024,3,2195.95
82,2024,4,2006.24
82,2024,5,1992.63
82,2024,6,2028.59
82,2024,7,1822.71
82,2024,8,1852.89
82,2024,9,2029.75
82,2024,10,1817.96
82,2024,11,1934.43
82,2024,12,2038.75
82,2025,1,2102.26
82,2025,2,1955.95
82,2025,3,1892.97
82,2025,4,2020.63
82,2025,5,2106.31
82,2025,6,1883.09
82,2025,7,2083.94
82,2025,8,1864.33
82,2025,9,1913.93
82,2025,10,1960.87
82,2025,11,1908.49
82,2025,12,2014.77
83,2023,1,2107.44
83,2023,2,1865.68
83,2023,3,2131.13
83,2023,4,1839.93
83,2023,5,2092.12
83,2023,6,2051.22
83,2023,7,2157.84
83,2023,8,2140.48
83,2023,9,2163.61
83,2023,10,1800.75
83,2023,11,2055.36
83,2023,12,2179.06
83,2024,1,1865.14
83,2024,2,2045.83
83,2024,3,2183.2
83,2024,4,1966.24
83,2024,5,2046.12
83,2024,6,1931.66
83,2024,7,1808.07
83,2024,8,2043.06
83,2024,9,1878.42
83,2024,10,2059.56
83,2024,11,1819.92
83,2024,12,2102.43
83,2025,1,1863.74
83,2025,2,1814.98
83,2025,3,2069.26
83,2025,4,1867.42
83,2025,5,1879.94
83,2025,6,2196.74
83,2025,7,2198.68
83,2025,8,2195.14
83,2025,9,1830.62
83,2025,10,1952.43
83,2025,11,1856.08
83,2025,12,1888.79
84,2023,1,2016.56
84,2023,2,2107.07
84,2023,3,2001.03
84,2023,4,2167.68
84,2023,5,2076.83
84,2023,6,1917.82
84,2023,7,1833.11
84,2023,8,1824.07
84,2023,9,2024.99
84,2023,10,1940.15
84,2023,11,2176.96
84,2023,12,1889.75
84,2024,1,2149.04
84,2024,2,1965.31
84,2024,3,2126.64
84,2024,4,2003.59
84,2024,5,2083.7
84,2024,6,1836.93
84,2024,7,2019.33
84,2024,8,1817.03
84,2024,9,2181.16
84,2024,10,1812.75
84,2024,11,2184.94
84,2024,12,2141.49
84,2025,1,1839.11
84,2025,2,2040.13
84,2025,3,1995.28
84,2025,4,1934.21
84,2025,5,2038.04
84,2025,6,1846.98
84,2025,7,2114.42
84,2025,8,1815.01
84,2025,9,1840.44
84,2025,10,1997.43
84,2025,11,1833.12
84,2025,12,1832.73
85,2023,1,4195.14
85,2023,2,4124.12
85,2023,3,4028.54
85,2023,4,3990.57
85,2023,5,4048.5
85,2023,6,3713.09
85,2023,7,4279.2
85,2023,8,4011.04
85,2023,9,3866.91
85,2023,10,4268.67
85,2023,11,3996.47
85,2023,12,4124.84
85,2024,1,3808.42
85,2024,2,4383.09
85,2024,3,3984.69
85,2024,4,4292.8
85,2024,5,3626.3
85,2024,6,4109.44
85,2024,7,3910.57
85,2024,8,3758.92
85,2024,9,3802.24
85,2024,10,3606.49
85,2024,11,3817.45
85,2024,12,3830.23
85,2025,1,3742.75
85,2025,2,3809.93
85,2025,3,3982.84
85,2025,4,3937.31
85,2025,5,3838.14
85,2025,6,3693.73
85,2025,7,4319.77
85,2025,8,3697.43
85,2025,9,3732.86
85,2025,10,4391.95
85,2025,11,4225.31
85,2025,12,4396.77
86,2023,1,840.21
86,2023,2,832.73
86,2023,3,742.69
86,2023,4,725.82
86,2023,5,833.79
86,2023,6,837.28
86,2023,7,799.01
86,2023,8,877.13
86,2023,9,792.24
86,2023,10,828.92
86,2023,11,836.7
86,2023,12,741.95
86,2024,1,836.77
86,2024,2,801.42
86,2024,3,858.77
86,2024,4,842.09
86,2024,5,742.79
86,2024,6,758.82
86,2024,7,737.37
86,2024,8,800.56
86,2024,9,767.88
86,2024,10,778.37
86,2024,11,836.32
86,2024,12,735.48
86,2025,1,866.22
86,2025,2,837.87
86,2025,3,838.58
86,2025,4,864.09
86,2025,5,871.18
86,2025,6,842.92
86,2025,7,757.52
86,2025,8,726.68
86,2025,9,819.09
86,2025,10,748.95
86,2025,11,862.29
86,2025,12,799.39
87,2023,1,828.47
87,2023,2,736.89
87,2023,3,792.4
87,2023,4,851.08
87,2023,5,775.46
87,2023,6,769.1
87,2023,7,799.18
87,2023,8,876.0
87,2023,9,762.27
87,2023,10,758.22
87,2023,11,839.25
87,2023,12,791.3
87,2024,1,778.24
87,2024,2,741.72
87,2024,3,812.9
87,2024,4,866.43
87,2024,5,802.12
87,2024,6,874.32
87,2024,7,834.46
87,2024,8,840.48
87,2024,9,799.05
87,2024,10,851.13
87,2024,11,837.75
87,2024,12,801.84
87,2025,1,776.6
87,2025,2,825.47
87,2025,3,738.67
87,2025,4,842.72
87,2025,5,792.68
87,2025,6,792.86
87,2025,7,732.62
87,2025,8,877.72
87,2025,9,761.98
87,2025,10,832.18
87,2025,11,831.09
87,2025,12,845.43
88,2023,1,2197.63
88,2023,2,2041.06
88,2023,3,2133.55
88,2023,4,2032.29
88,2023,5,2141.25
88,2023,6,1829.85
88,2023,7,1802.58
88,2023,8,2187.57
88,2023,9,1957.78
88,2023,10,1921.28
88,2023,11,2051.99
88,2023,12,1839.77
88,2024,1,2170.38
88,2024,2,2035.79
88,2024,3,2199.25
88,2024,4,1931.42
88,2024,5,2141.8
88,2024,6,2015.07
88,2024,7,2009.28
88,2024,8,1912.2
88,2024,9,1950.86
88,2024,10,2026.79
88,2024,11,2194.95
88,2024,12,2057.79
88,2025,1,1884.7
88,2025,2,2092.55
88,2025,3,1838.21
88,2025,4,1927.04
88,2025,5,2035.19
88,2025,6,2092.3
88,2025,7,2118.19
88,2025,8,1891.91
88,2025,9,1876.15
88,2025,10,1883.16
88,2025,11,1909.0
88,2025,12,1849.68
89,2023,1,820.22
89,2023,2,748.46
89,2023,3,821.9
89,2023,4,863.97
89,2023,5,852.79
89,2023,6,736.41
89,2023,7,878.05
89,2023,8,764.76
89,2023,9,805.41
89,2023,10,838.16
89,2023,11,760.06
89,2023,12,846.81
89,2024,1,746.74
89,2024,2,813.77
89,2024,3,822.96
89,2024,4,758.28
89,2024,5,830.7
89,2024,6,743.99
89,2024,7,822.94
89,2024,8,721.39
89,2024,9,768.41
89,2024,10,790.06
89,2024,11,804.19
89,2024,12,769.31
89,2025,1,755.95
89,2025,2,818.5
89,2025,3,765.14
89,2025,4,830.37
89,2025,5,809.25
89,2025,6,782.43
89,2025,7,870.09
89,2025,8,738.86
89,2025,9,820.81
89,2025,10,865.69
89,2025,11,822.4
89,2025,12,732.77
90,2023,1,2087.32
90,2023,2,2142.05
90,2023,3,2089.97
90,2023,4,1846.81
90,2023,5,1978.03
90,2023,6,2024.74
90,2023,7,2025.6
90,2023,8,2013.99
90,2023,9,2133.86
90,2023,10,2030.69
90,2023,11,1940.88
90,2023,12,1920.49
90,2024,1,2191.36
90,2024,2,2110.49
90,2024,3,1871.11
90,2024,4,1877.54
90,2024,5,2058.73
90,2024,6,1933.39
90,2024,7,2157.51
90,2024,8,1879.03
90,2024,9,2118.96
90,2024,10,1974.65
90,2024,11,1975.63
90,2024,12,2057.12
90,2025,1,1967.26
90,2025,2,1825.89
90,2025,3,1881.67
90,2025,4,2173.51
90,2025,5,2049.23
90,2025,6,1903.26
90,2025,7,1867.5
90,2025,8,1860.65
90,2025,9,1812.76
90,2025,10,2052.11
90,2025,11,1969.15
90,2025,12,2123.94
91,2023,1,2028.28
91,2023,2,2148.08
91,2023,3,2123.63
91,2023,4,1887.96
91,2023,5,2007.39
91,2023,6,1949.84
91,2023,7,1810.86
91,2023,8,1942.67
91,2023,9,2103.82
91,2023,10,1982.18
91,2023,11,2076.96
91,2023,12,2132.72
91,2024,1,2015.88
91,2024,2,1914.88
91,2024,3,2098.28
91,2024,4,2074.46
91,2024,5,1851.66
91,2024,6,2085.6
91,2024,7,1995.17
91,2024,8,2022.14
91,2024,9,1915.6
91,2024,10,1821.62
91,2024,11,2199.59
91,2024,12,2117.55
91,2025,1,2066.08
91,2025,2,1934.83
91,2025,3,1806.5
91,2025,4,2055.95
91,2025,5,1876.81
91,2025,6,1876.85
91,2025,7,1876.45
91,2025,8,1902.34
91,2025,9,2187.18
91,2025,10,2044.7
91,2025,11,2033.44
91,2025,12,2093.64
92,2023,1,1936.01
92,2023,2,1987.8
92,2023,3,2120.73
92,2023,4,1983.8
92,2023,5,1954.29
92,2023,6,2194.69
92,2023,7,1845.5
92,2023,8,2023.46
92,2023,9,1962.21
92,2023,10,1822.22
92,2023,11,1901.93
92,2023,12,2096.92
92,2024,1,2144.09
92,2024,2,1866.74
92,2024,3,1954.39
92,2024,4,2129.75
92,2024,5,2171.5
92,2024,6,1960.82
92,2024,7,2090.16
92,2024,8,1989.61
92,2024,9,1831.24
92,2024,10,1957.21
92,2024,11,2140.49
92,2024,12,1963.07
92,2025,1,1800.7
92,2025,2,2183.05
92,2025,3,1998.22
92,2025,4,1859.84
92,2025,5,2126.74
92,2025,6,1970.17
92,2025,7,2075.04
92,2025,8,2093.08
92,2025,9,2158.18
92,2025,10,1911.51
92,2025,11,1826.72
92,2025,12,2094.2
94,2023,1,811.59
94,2023,2,730.73
94,2023,3,860.58
94,2023,4,789.36
94,2023,5,720.41
94,2023,6,865.94
94,2023,7,820.72
94,2023,8,729.11
94,2023,9,805.35
94,2023,10,847.11
94,2023,11,843.3
94,2023,12,862.74
94,2024,1,750.65
94,2024,2,828.54
94,2024,3,828.71
94,2024,4,781.68
94,2024,5,842.07
94,2024,6,782.66
94,2024,7,725.04
94,2024,8,867.48
94,2024,9,874.46
94,2024,10,830.97
94,2024,11,807.9
94,2024,12,800.93
94,2025,1,832.41
94,2025,2,820.39
94,2025,3,795.69
94,2025,4,738.97
94,2025,5,727.33
94,2025,6,772.88
94,2025,7,772.58
94,2025,8,763.49
94,2025,9,753.33
94,2025,10,799.94
94,2025,11,820.73
94,2025,12,796.83
95,2023,1,757.75
95,2023,2,738.99
95,2023,3,769.54
95,2023,4,760.37
95,2023,5,733.33
95,2023,6,776.12
95,2023,7,815.17
95,2023,8,811.01
95,2023,9,742.33
95,2023,10,739.23
95,2023,11,852.85
95,2023,12,832.47
95,2024,1,848.66
95,2024,2,800.55
95,2024,3,878.38
95,2024,4,875.15
95,2024,5,724.38
95,2024,6,760.49
95,2024,7,742.66
95,2024,8,857.61
95,2024,9,863.17
95,2024,10,722.99
95,2024,11,762.45
95,2024,12,850.78
95,2025,1,859.68
95,2025,2,802.8
95,2025,3,835.67
95,2025,4,818.52
95,2025,5,728.27
95,2025,6,812.73
95,2025,7,861.91
95,2025,8,860.83
95,2025,9,872.4
95,2025,10,852.19
95,2025,11,772.11
95,2025,12,796.64
96,2023,1,4237.16
96,2023,2,3756.96
96,2023,3,3817.06
96,2023,4,4119.98
96,2023,5,3896.76
96,2023,6,4000.94
96,2023,7,3800.76
96,2023,8,4196.23
96,2023,9,3986.07
96,2023,10,4220.18
96,2023,11,3970.19
96,2023,12,4160.84
96,2024,1,3836.41
96,2024,2,4176.55
96,2024,3,3941.24
96,2024,4,3786.63
96,2024,5,4041.5
96,2024,6,3863.8
96,2024,7,3720.77
96,2024,8,3606.33
96,2024,9,4256.89
96,2024,10,3858.62
96,2024,11,4072.52
96,2024,12,3918.43
96,2025,1,4363.89
96,2025,2,3725.45
96,2025,3,4120.67
96,2025,4,3728.22
96,2025,5,4230.53
96,2025,6,3871.02
96,2025,7,3947.77
96,2025,8,3750.29
96,2025,9,3967.11
96,2025,10,3659.6
96,2025,11,3851.39
96,2025,12,3605.39
97,2023,1,1843.12
97,2023,2,1874.87
97,2023,3,2111.7
97,2023,4,1801.02
97,2023,5,1916.25
97,2023,6,1921.48
97,2023,7,2013.81
97,2023,8,1869.34
97,2023,9,1943.22
97,2023,10,2143.93
97,2023,11,2007.42
97,2023,12,1961.49
97,2024,1,2131.81
97,2024,2,2145.53
97,2024,3,1863.2
97,2024,4,1880.68
97,2024,5,2029.89
97,2024,6,1958.38
97,2024,7,1926.29
97,2024,8,2146.44
97,2024,9,2053.12
97,2024,10,1866.31
97,2024,11,1837.63
97,2024,12,2121.4
97,2025,1,1869.61
97,2025,2,2158.25
97,2025,3,1925.56
97,2025,4,1850.16
97,2025,5,1887.86
97,2025,6,1990.08
97,2025,7,1806.98
97,2025,8,1976.08
97,2025,9,2123.09
97,2025,10,1813.74
97,2025,11,1824.44
97,2025,12,1871.78
98,2023,1,2052.4
98,2023,2,2151.36
98,2023,3,1984.79
98,2023,4,2083.14
98,2023,5,1838.7
98,2023,6,1957.7
98,2023,7,2090.4
98,2023,8,2116.32
98,2023,9,2152.74
98,2023,10,1834.0
98,2023,11,2000.92
98,2023,12,2177.42
98,2024,1,1835.51
98,2024,2,2107.17
98,2024,3,1909.97
98,2024,4,1993.13
98,2024,5,2139.47
98,2024,6,2098.81
98,2024,7,2139.25
98,2024,8,2090.3
98,2024,9,2162.19
98,2024,10,2178.65
98,2024,11,1825.59
98,2024,12,1942.49
98,2025,1,1893.91
98,2025,2,2002.69
98,2025,3,1861.83
98,2025,4,2000.56
98,2025,5,2086.23
98,2025,6,2133.53
98,2025,7,2121.66
98,2025,8,1879.18
98,2025,9,1851.91
98,2025,10,1903.11
98,2025,11,2160.07
98,2025,12,2011.68
99,2023,1,2114.73
99,2023,2,1831.85
99,2023,3,1958.76
99,2023,4,1882.21
99,2023,5,1914.07
99,2023,6,1859.67
99,2023,7,2014.53
99,2023,8,2043.61
99,2023,9,2088.23
99,2023,10,1832.4
99,2023,11,1858.65
99,2023,12,1876.01
99,2024,1,1993.15
99,2024,2,2109.49
99,2024,3,2032.96
99,2024,4,1920.17
99,2024,5,2071.2
99,2024,6,1891.68
99,2024,7,1938.46
99,2024,8,2082.45
99,2024,9,2060.37
99,2024,10,1971.93
99,2024,11,2100.83
99,2024,12,2036.56
99,2025,1,1853.12
99,2025,2,2096.36
99,2025,3,1907.0
99,2025,4,2120.14
99,2025,5,1964.82
99,2025,6,1893.55
99,2025,7,2125.13
99,2025,8,1835.68
99,2025,9,1829.62
99,2025,10,2184.76
99,2025,11,1926.74
99,2025,12,2174.34
100,2023,1,1905.96
100,2023,2,2082.13
100,2023,3,2055.73
100,2023,4,2031.13
100,2023,5,1911.34
100,2023,6,1985.95
100,2023,7,1997.88
100,2023,8,2024.91
100,2023,9,1977.46
100,2023,10,1811.9
100,2023,11,1850.99
100,2023,12,2104.41
100,2024,1,2028.49
100,2024,2,2013.55
100,2024,3,1964.79
100,2024,4,1931.73
100,2024,5,1848.4
100,2024,6,1994.17
100,2024,7,2020.26
100,2024,8,1946.98
100,2024,9,1807.55
100,2024,10,2123.81
100,2024,11,1846.1
100,2024,12,1800.07
100,2025,1,2121.79
100,2025,2,2150.94
100,2025,3,1819.32
100,2025,4,1887.51
100,2025,5,1831.89
100,2025,6,2176.94
100,2025,7,2066.83
100,2025,8,2158.27
100,2025,9,2110.42
100,2025,10,2176.48
100,2025,11,1813.88
100,2025,12,1970.12
101,2023,1,4194.45
101,2023,2,3959.65
101,2023,3,4352.92
101,2023,4,3979.19
101,2023,5,3658.35
101,2023,6,3985.13
101,2023,7,4156.8
101,2023,8,3721.4
101,2023,9,3748.68
101,2023,10,3754.36
101,2023,11,4347.33
101,2023,12,4374.89
101,2024,1,3732.78
101,2024,2,4155.46
101,2024,3,3628.25
101,2024,4,4350.55
101,2024,5,3968.49
101,2024,6,4106.05
101,2024,7,4159.72
101,2024,8,4166.42
101,2024,9,3908.91
101,2024,10,4201.63
101,2024,11,3707.22
101,2024,12,3681.27
101,2025,1,3760.6
101,2025,2,3702.52
101,2025,3,3754.59
101,2025,4,3802.01
101,2025,5,4165.81
101,2025,6,4221.14
101,2025,7,3932.16
101,2025,8,4255.13
101,2025,9,4261.3
101,2025,10,3708.71
101,2025,11,4323.63
101,2025,12,4020.23
102,2023,1,749.87
102,2023,2,728.99
102,2023,3,781.73
102,2023,4,742.97
102,2023,5,764.1
102,2023,6,843.97
102,2023,7,797.11
102,2023,8,746.96
102,2023,9,762.47
102,2023,10,749.26
102,2023,11,811.37
102,2023,12,865.26
102,2024,1,836.59
102,2024,2,745.17
102,2024,3,819.64
102,2024,4,795.94
102,2024,5,848.17
102,2024,6,744.51
102,2024,7,790.46
102,2024,8,774.75
102,2024,9,804.68
102,2024,10,856.93
102,2024,11,792.21
102,2024,12,765.27
102,2025,1,830.05
102,2025,2,773.93
102,2025,3,827.94
102,2025,4,751.74
102,2025,5,794.09
102,2025,6,795.12
102,2025,7,752.14
102,2025,8,803.47
102,2025,9,767.15
102,2025,10,727.8
102,2025,11,842.12
102,2025,12,788.75
103,2023,1,1943.95
103,2023,2,1936.55
103,2023,3,2079.84
103,2023,4,2016.46
103,2023,5,1896.71
103,2023,6,2148.92
103,2023,7,2096.92
103,2023,8,1991.44
103,2023,9,1852.43
103,2023,10,2147.31
103,2023,11,2017.82
103,2023,12,2089.12
103,2024,1,2193.74
103,2024,2,1961.09
103,2024,3,2076.16
103,2024,4,2082.73
103,2024,5,2162.79
103,2024,6,1989.78
103,2024,7,1933.76
103,2024,8,2123.07
103,2024,9,1825.63
103,2024,10,2022.44
103,2024,11,1861.93
103,2024,12,1970.35
103,2025,1,1848.23
103,2025,2,1824.84
103,2025,3,2054.73
103,2025,4,2112.3
103,2025,5,1893.87
103,2025,6,1938.97
103,2025,7,1812.02
103,2025,8,2178.23
103,2025,9,2057.16
103,2025,10,1972.78
103,2025,11,2074.56
103,2025,12,1863.28
104,2023,1,4218.49
104,2023,2,3956.3
104,2023,3,3737.82
104,2023,4,3618.12
104,2023,5,4364.32
104,2023,6,3784.76
104,2023,7,4271.48
104,2023,8,4220.79
104,2023,9,4388.61
104,2023,10,4079.31
104,2023,11,4008.15
104,2023,12,4387.05
104,2024,1,3659.02
104,2024,2,4221.37
104,2024,3,4115.09
104,2024,4,3904.35
104,2024,5,4275.83
104,2024,6,3650.64
104,2024,7,3782.91
104,2024,8,3883.7
104,2024,9,4377.4
104,2024,10,3946.76
104,2024,11,4230.56
104,2024,12,4010.6
104,2025,1,4062.44
104,2025,2,3783.8
104,2025,3,3697.51
104,2025,4,3838.23
104,2025,5,4256.07
104,2025,6,3985.01
104,2025,7,4261.26
104,2025,8,4049.82
104,2025,9,3681.4
104,2025,10,3995.44
104,2025,11,3852.86
104,2025,12,4151.44
105,2023,1,766.62
105,2023,2,755.21
105,2023,3,765.38
105,2023,4,795.98
105,2023,5,844.83
105,2023,6,879.15
105,2023,7,824.96
105,2023,8,812.55
105,2023,9,839.49
105,2023,10,840.01
105,2023,11,857.56
105,2023,12,778.04
105,2024,1,755.77
105,2024,2,813.39
105,2024,3,742.94
105,2024,4,795.96
105,2024,5,736.34
105,2024,6,758.48
105,2024,7,720.33
105,2024,8,729.92
105,2024,9,779.74
105,2024,10,758.08
105,2024,11,792.4
105,2024,12,875.78
105,2025,1,846.09
105,2025,2,757.98
105,2025,3,858.34
105,2025,4,744.54
105,2025,5,836.09
105,2025,6,742.01
105,2025,7,811.05
105,2025,8,795.55
105,2025,9,778.55
105,2025,10,776.27
105,2025,11,775.46
105,2025,12,722.88
106,2023,1,769.6
106,2023,2,854.05
106,2023,3,737.45
106,2023,4,770.37
106,2023,5,841.87
106,2023,6,823.32
106,2023,7,846.3
106,2023,8,724.53
106,2023,9,764.77
106,2023,10,848.82
106,2023,11,864.07
106,2023,12,726.34
106,2024,1,784.01
106,2024,2,850.58
106,2024,3,871.84
106,2024,4,878.5
106,2024,5,748.67
106,2024,6,764.82
106,2024,7,761.77
106,2024,8,875.23
106,2024,9,756.26
106,2024,10,817.53
106,2024,11,750.91
106,2024,12,808.81
106,2025,1,721.15
106,2025,2,861.08
106,2025,3,816.16
106,2025,4,767.96
106,2025,5,783.74
106,2025,6,860.72
106,2025,7,767.4
106,2025,8,727.1
106,2025,9,871.67
106,2025,10,874.49
106,2025,11,867.11
106,2025,12,767.05
107,2023,1,720.33
107,2023,2,761.27
107,2023,3,865.81
107,2023,4,879.68
107,2023,5,762.35
107,2023,6,850.06
107,2023,7,864.75
107,2023,8,857.35
107,2023,9,798.17
107,2023,10,843.19
107,2023,11,797.61
107,2023,12,797.51
107,2024,1,744.09
107,2024,2,801.63
107,2024,3,788.0
107,2024,4,767.32
107,2024,5,867.24
107,2024,6,803.05
107,2024,7,731.55
107,2024,8,767.38
107,2024,9,812.41
107,2024,10,829.69
107,2024,11,790.75
107,2024,12,763.2
107,2025,1,747.98
107,2025,2,725.52
107,2025,3,757.76
107,2025,4,864.14
107,2025,5,751.69
107,2025,6,777.58
107,2025,7,871.73
107,2025,8,814.27
107,2025,9,809.0
107,2025,10,872.76
107,2025,11,771.33
107,2025,12,756.73
108,2023,1,742.46
108,2023,2,819.45
108,2023,3,798.38
108,2023,4,771.89
108,2023,5,789.84
108,2023,6,837.32
108,2023,7,863.2
108,2023,8,824.85
108,2023,9,817.77
108,2023,10,840.36
108,2023,11,747.82
108,2023,12,867.4
108,2024,1,774.9
108,2024,2,762.1
108,2024,3,871.76
108,2024,4,761.09
108,2024,5,737.52
108,2024,6,848.26
108,2024,7,807.13
108,2024,8,777.6
108,2024,9,839.52
108,2024,10,836.04
108,2024,11,745.58
108,2024,12,810.74
108,2025,1,751.48
108,2025,2,782.22
108,2025,3,790.88
108,2025,4,758.83
108,2025,5,827.75
108,2025,6,820.1
108,2025,7,851.1
108,2025,8,823.97
108,2025,9,780.21
108,2025,10,790.53
108,2025,11,799.66
108,2025,12,721.66
109,2023,1,868.5
109,2023,2,767.74
109,2023,3,747.15
109,2023,4,859.21
109,2023,5,797.23
109,2023,6,775.89
109,2023,7,821.16
109,2023,8,877.07
109,2023,9,816.6
109,2023,10,722.4
109,2023,11,755.97
109,2023,12,766.88
109,2024,1,839.59
109,2024,2,835.97
109,2024,3,813.84
109,2024,4,862.03
109,2024,5,766.21
109,2024,6,810.91
109,2024,7,761.15
109,2024,8,728.27
109,2024,9,768.19
109,2024,10,737.25
109,2024,11,792.33
109,2024,12,830.72
109,2025,1,786.43
109,2025,2,793.39
109,2025,3,779.81
109,2025,4,860.94
109,2025,5,720.85
109,2025,6,769.18
109,2025,7,816.43
109,2025,8,762.36
109,2025,9,829.66
109,2025,10,730.52
109,2025,11,737.83
109,2025,12,740.44
110,2023,1,811.53
110,2023,2,784.46
110,2023,3,769.07
110,2023,4,809.1
110,2023,5,760.07
110,2023,6,722.91
110,2023,7,835.11
110,2023,8,780.01
110,2023,9,795.6
110,2023,10,765.9
110,2023,11,826.83
110,2023,12,722.82
110,2024,1,830.59
110,2024,2,824.0
110,2024,3,788.37
110,2024,4,860.89
110,2024,5,826.02
110,2024,6,860.61
110,2024,7,790.65
110,2024,8,767.14
110,2024,9,850.91
110,2024,10,854.83
110,2024,11,789.09
110,2024,12,770.01
110,2025,1,733.69
110,2025,2,758.59
110,2025,3,835.51
110,2025,4,814.93
110,2025,5,859.14
110,2025,6,789.67
110,2025,7,749.82
110,2025,8,754.98
110,2025,9,732.46
110,2025,10,737.84
110,2025,11,745.08
110,2025,12,809.33
111,2023,1,822.86
111,2023,2,841.17
111,2023,3,803.11
111,2023,4,801.46
111,2023,5,842.4
111,2023,6,763.99
111,2023,7,785.09
111,2023,8,819.92
111,2023,9,793.12
111,2023,10,786.25
111,2023,11,818.34
111,2023,12,720.72
111,2024,1,789.04
111,2024,2,746.27
111,2024,3,776.96
111,2024,4,838.44
111,2024,5,772.74
111,2024,6,762.54
111,2024,7,755.01
111,2024,8,852.06
111,2024,9,798.71
111,2024,10,765.21
111,2024,11,781.37
111,2024,12,799.7
111,2025,1,860.3
111,2025,2,876.55
111,2025,3,854.23
111,2025,4,866.33
111,2025,5,848.61
111,2025,6,820.73
111,2025,7,820.21
111,2025,8,747.82
111,2025,9,865.22
111,2025,10,878.38
111,2025,11,758.72
111,2025,12,768.24
112,2023,1,879.59
112,2023,2,857.77
112,2023,3,843.47
112,2023,4,743.15
112,2023,5,803.8
112,2023,6,773.59
112,2023,7,797.45
112,2023,8,808.74
112,2023,9,759.68
112,2023,10,821.45
112,2023,11,737.01
112,2023,12,846.57
112,2024,1,813.11
112,2024,2,831.08
112,2024,3,748.14
112,2024,4,820.12
112,2024,5,878.69
112,2024,6,721.52
112,2024,7,839.62
112,2024,8,745.25
112,2024,9,780.74
112,2024,10,833.36
112,2024,11,845.38
112,2024,12,874.3
112,2025,1,792.13
112,2025,2,817.85
112,2025,3,764.2
112,2025,4,825.21
112,2025,5,872.89
112,2025,6,816.68
112,2025,7,805.14
112,2025,8,740.17
112,2025,9,805.17
112,2025,10,741.15
112,2025,11,827.65
112,2025,12,749.4
113,2023,1,2133.19
113,2023,2,2131.79
113,2023,3,1890.54
113,2023,4,1864.91
113,2023,5,2144.28
113,2023,6,2104.81
113,2023,7,2161.67
113,2023,8,1831.04
113,2023,9,2159.61
113,2023,10,1883.0
113,2023,11,2090.6
113,2023,12,2090.58
113,2024,1,2007.56
113,2024,2,1913.9
113,2024,3,2153.81
113,2024,4,1845.31
113,2024,5,2019.34
113,2024,6,1871.89
113,2024,7,1814.82
113,2024,8,2078.25
113,2024,9,1912.58
113,2024,10,1804.96
113,2024,11,2006.07
113,2024,12,1998.02
113,2025,1,2046.28
113,2025,2,1826.65
113,2025,3,1805.38
113,2025,4,2179.12
113,2025,5,2093.18
113,2025,6,2074.92
113,2025,7,2077.59
113,2025,8,1823.1
113,2025,9,1961.66
113,2025,10,1895.53
113,2025,11,1806.47
113,2025,12,1812.39
114,2023,1,768.86
114,2023,2,778.42
114,2023,3,852.9
114,2023,4,866.98
114,2023,5,785.51
114,2023,6,764.51
114,2023,7,869.44
114,2023,8,784.54
114,2023,9,816.68
114,2023,10,785.31
114,2023,11,807.61
114,2023,12,863.61
114,2024,1,759.83
114,2024,2,832.42
114,2024,3,804.24
114,2024,4,721.47
114,2024,5,789.27
114,2024,6,818.65
114,2024,7,758.45
114,2024,8,811.87
114,2024,9,839.88
114,2024,10,855.0
114,2024,11,777.89
114,2024,12,728.29
114,2025,1,752.18
114,2025,2,876.01
114,2025,3,847.24
114,2025,4,825.55
114,2025,5,864.75
114,2025,6,768.46
114,2025,7,873.89
114,2025,8,802.18
114,2025,9,870.8
114,2025,10,756.49
114,2025,11,757.23
114,2025,12,722.35
115,2023,1,1991.61
115,2023,2,1974.2
115,2023,3,2193.53
115,2023,4,1960.94
115,2023,5,1842.05
115,2023,6,1822.05
115,2023,7,1932.51
115,2023,8,1801.74
115,2023,9,2172.47
115,2023,10,2093.36
115,2023,11,1885.86
115,2023,12,1946.36
115,2024,1,2076.37
115,2024,2,1997.82
115,2024,3,1958.32
115,2024,4,2155.29
115,2024,5,2154.37
115,2024,6,1829.55
115,2024,7,2043.48
115,2024,8,2075.09
115,2024,9,2155.04
115,2024,10,2058.73
115,2024,11,1948.96
115,2024,12,2188.97
115,2025,1,1995.71
115,2025,2,1976.83
115,2025,3,1813.42
115,2025,4,1901.87
115,2025,5,1928.03
115,2025,6,1804.0
115,2025,7,1835.74
115,2025,8,1870.74
115,2025,9,2109.37
115,2025,10,2061.28
115,2025,11,1933.99
115,2025,12,2198.6
116,2023,1,1961.61
116,2023,2,1824.65
116,2023,3,1979.56
116,2023,4,2040.03
116,2023,5,1908.29
116,2023,6,2082.58
116,2023,7,2183.35
116,2023,8,2177.31
116,2023,9,1825.57
116,2023,10,2129.3
116,2023,11,1917.26
116,2023,12,2163.94
116,2024,1,2016.39
116,2024,2,1834.97
116,2024,3,1935.78
116,2024,4,1995.39
116,2024,5,2027.66
116,2024,6,1930.03
116,2024,7,1818.15
116,2024,8,1968.25
116,2024,9,1813.08
116,2024,10,1896.64
116,2024,11,1975.74
116,2024,12,2181.14
116,2025,1,1833.49
116,2025,2,1847.91
116,2025,3,2015.75
116,2025,4,1872.2
116,2025,5,1900.82
116,2025,6,1864.95
116,2025,7,1811.22
116,2025,8,1927.35
116,2025,9,2151.64
116,2025,10,1872.08
116,2025,11,2083.06
116,2025,12,1864.92
118,2023,1,1803.49
118,2023,2,2055.68
118,2023,3,2161.91
118,2023,4,1900.92
118,2023,5,2095.16
118,2023,6,1978.8
118,2023,7,2147.7
118,2023,8,1990.44
118,2023,9,2086.92
118,2023,10,2163.11
118,2023,11,1914.59
118,2023,12,1902.31
118,2024,1,1873.99
118,2024,2,1845.45
118,2024,3,2133.34
118,2024,4,1862.57
118,2024,5,2037.7
118,2024,6,1825.61
118,2024,7,1823.41
118,2024,8,1851.84
118,2024,9,2195.27
118,2024,10,2000.53
118,2024,11,2085.75
118,2024,12,2186.8
118,2025,1,1968.25
118,2025,2,2074.92
118,2025,3,2073.84
118,2025,4,1948.93
118,2025,5,2157.31
118,2025,6,2131.2
118,2025,7,2194.13
118,2025,8,2172.22
118,2025,9,1997.18
118,2025,10,1925.69
118,2025,11,1875.32
118,2025,12,2050.72
120,2023,1,858.87
120,2023,2,748.71
120,2023,3,815.39
120,2023,4,770.98
120,2023,5,766.26
120,2023,6,834.41
120,2023,7,746.47
120,2023,8,868.27
120,2023,9,771.73
120,2023,10,748.09
120,2023,11,839.21
120,2023,12,872.55
120,2024,1,739.06
120,2024,2,838.46
120,2024,3,870.14
120,2024,4,870.59
120,2024,5,813.25
120,2024,6,790.41
120,2024,7,874.66
120,2024,8,857.6
120,2024,9,783.29
120,2024,10,779.25
120,2024,11,720.57
120,2024,12,839.5
120,2025,1,822.68
120,2025,2,804.03
120,2025,3,726.86
120,2025,4,865.3
120,2025,5,751.55
120,2025,6,783.15
120,2025,7,772.85
120,2025,8,785.19
120,2025,9,803.61
120,2025,10,733.57
120,2025,11,839.21
120,2025,12,788.76
121,2023,1,835.52
121,2023,2,724.39
121,2023,3,752.22
121,2023,4,726.37
121,2023,5,858.67
121,2023,6,819.62
121,2023,7,870.32
121,2023,8,877.3
121,2023,9,809.98
121,2023,10,764.29
121,2023,11,803.89
121,2023,12,734.79
121,2024,1,785.94
121,2024,2,840.54
121,2024,3,814.78
121,2024,4,775.29
121,2024,5,842.94
121,2024,6,864.32
121,2024,7,774.96
121,2024,8,785.54
121,2024,9,783.3
121,2024,10,751.72
121,2024,11,830.47
121,2024,12,808.44
121,2025,1,746.22
121,2025,2,773.09
121,2025,3,754.35
121,2025,4,753.25
121,2025,5,857.65
121,2025,6,791.78
121,2025,7,817.62
121,2025,8,793.9
121,2025,9,878.96
121,2025,10,838.29
121,2025,11,833.84
121,2025,12,842.24
122,2023,1,2090.97
122,2023,2,1904.96
122,2023,3,1958.33
122,2023,4,2079.39
122,2023,5,1957.94
122,2023,6,2165.3
122,2023,7,2085.32
122,2023,8,2193.22
122,2023,9,1812.59
122,2023,10,2018.7
122,2023,11,2178.9
122,2023,12,2103.83
122,2024,1,1821.24
122,2024,2,2067.82
122,2024,3,2099.29
122,2024,4,1939.07
122,2024,5,1973.09
122,2024,6,1960.28
122,2024,7,1871.31
122,2024,8,1917.39
122,2024,9,2014.51
122,2024,10,2054.4
122,2024,11,1991.86
122,2024,12,2175.34
122,2025,1,1802.18
122,2025,2,1873.92
122,2025,3,2103.99
122,2025,4,2130.85
122,2025,5,2046.73
122,2025,6,2116.08
122,2025,7,1945.39
122,2025,8,2148.3
122,2025,9,1955.23
122,2025,10,1959.06
122,2025,11,1990.14
122,2025,12,1937.08
123,2023,1,3886.67
123,2023,2,4156.87
123,2023,3,4213.62
123,2023,4,3927.7
123,2023,5,4058.16
123,2023,6,4118.67
123,2023,7,4318.06
123,2023,8,4221.46
123,2023,9,3986.2
123,2023,10,3878.13
123,2023,11,4281.44
123,2023,12,4020.63
123,2024,1,4125.97
123,2024,2,4164.01
123,2024,3,3690.48
123,2024,4,4278.49
123,2024,5,3734.86
123,2024,6,4311.41
123,2024,7,4112.35
123,2024,8,3666.13
123,2024,9,3774.74
123,2024,10,4095.03
123,2024,11,4069.18
123,2024,12,3981.15
123,2025,1,4202.75
123,2025,2,4395.65
123,2025,3,3640.29
123,2025,4,4059.12
123,2025,5,4317.66
123,2025,6,3812.34
123,2025,7,3903.99
123,2025,8,4379.51
123,2025,9,4043.59
123,2025,10,3649.56
123,2025,11,3918.38
123,2025,12,3656.47
124,2023,1,3891.45
124,2023,2,4146.07
124,2023,3,4254.56
124,2023,4,3790.23
124,2023,5,3930.32
124,2023,6,4250.64
124,2023,7,4082.23
124,2023,8,4144.33
124,2023,9,3944.74
124,2023,10,4383.53
124,2023,11,4032.57
124,2023,12,4221.6
124,2024,1,3611.05
124,2024,2,3915.26
124,2024,3,3854.11
124,2024,4,3686.99
124,2024,5,4003.52
124,2024,6,3608.63
124,2024,7,4177.01
124,2024,8,3675.63
124,2024,9,4358.35
124,2024,10,4383.69
124,2024,11,4321.04
124,2024,12,3788.73
124,2025,1,4294.84
124,2025,2,3894.31
124,2025,3,4114.06
124,2025,4,3717.8
124,2025,5,3698.31
124,2025,6,4114.94
124,2025,7,3724.19
124,2025,8,3810.25
124,2025,9,3648.07
124,2025,10,3633.1
124,2025,11,4065.84
124,2025,12,3734.21
125,2023,1,2134.27
125,2023,2,1810.0
125,2023,3,1969.78
125,2023,4,2184.13
125,2023,5,1838.11
125,2023,6,2065.61
125,2023,7,1964.27
125,2023,8,2143.49
125,2023,9,2044.4
125,2023,10,1967.15
125,2023,11,2157.42
125,2023,12,1804.67
125,2024,1,1979.15
125,2024,2,1869.9
125,2024,3,1839.51
125,2024,4,1878.46
125,2024,5,2127.5
125,2024,6,2141.3
125,2024,7,1984.55
125,2024,8,1847.42
125,2024,9,1863.96
125,2024,10,2118.18
125,2024,11,1980.19
125,2024,12,2008.91
125,2025,1,2032.88
125,2025,2,2182.27
125,2025,3,1844.3
125,2025,4,2054.9
125,2025,5,2142.95
125,2025,6,2105.91
125,2025,7,2194.56
125,2025,8,1920.37
125,2025,9,2197.32
125,2025,10,1980.64
125,2025,11,2177.02
125,2025,12,1923.26
126,2023,1,4261.32
126,2023,2,3628.69
126,2023,3,4026.17
126,2023,4,3755.69
126,2023,5,3973.57
126,2023,6,3884.18
126,2023,7,3965.26
126,2023,8,3668.58
126,2023,9,4173.94
126,2023,10,4099.97
126,2023,11,3899.25
126,2023,12,3713.2
126,2024,1,4201.59
126,2024,2,4313.16
126,2024,3,3897.64
126,2024,4,3998.13
126,2024,5,4347.63
126,2024,6,4271.36
126,2024,7,3861.0
126,2024,8,4306.11
126,2024,9,3632.79
126,2024,10,4190.36
126,2024,11,3822.3
126,2024,12,4087.25
126,2025,1,3828.31
126,2025,2,4297.9
126,2025,3,3781.83
126,2025,4,3823.57
126,2025,5,4351.72
126,2025,6,4301.48
126,2025,7,4065.99
126,2025,8,4157.96
126,2025,9,3644.48
126,2025,10,3969.84
126,2025,11,3802.49
126,2025,12,4220.15
127,2023,1,819.17
127,2023,2,753.26
127,2023,3,748.4
127,2023,4,733.59
127,2023,5,775.39
127,2023,6,858.76
127,2023,7,726.68
127,2023,8,808.88
127,2023,9,761.35
127,2023,10,738.03
127,2023,11,742.15
127,2023,12,738.29
127,2024,1,817.47
127,2024,2,815.47
127,2024,3,865.83
127,2024,4,773.91
127,2024,5,873.94
127,2024,6,811.79
127,2024,7,862.74
127,2024,8,837.57
127,2024,9,765.88
127,2024,10,802.53
127,2024,11,732.17
127,2024,12,721.79
127,2025,1,785.89
127,2025,2,774.42
127,2025,3,852.82
127,2025,4,749.79
127,2025,5,854.14
127,2025,6,864.4
127,2025,7,732.27
127,2025,8,783.17
127,2025,9,842.25
127,2025,10,813.38
127,2025,11,749.65
127,2025,12,782.95
128,2023,1,4242.14
128,2023,2,4234.34
128,2023,3,3790.19
128,2023,4,3950.38
128,2023,5,3972.42
128,2023,6,3697.71
128,2023,7,3669.28
128,2023,8,3622.62
128,2023,9,3900.79
128,2023,10,3728.32
128,2023,11,3741.21
128,2023,12,4004.61
128,2024,1,4304.76
128,2024,2,3728.45
128,2024,3,4157.44
128,2024,4,4215.78
128,2024,5,4311.22
128,2024,6,4210.33
128,2024,7,3940.49
128,2024,8,4143.48
128,2024,9,3637.0
128,2024,10,4335.5
128,2024,11,4007.75
128,2024,12,4202.61
128,2025,1,3840.88
128,2025,2,4189.64
128,2025,3,4103.13
128,2025,4,4117.84
128,2025,5,4291.96
128,2025,6,4327.81
128,2025,7,3678.54
128,2025,8,3622.95
128,2025,9,3723.66
128,2025,10,4321.1
128,2025,11,4068.49
128,2025,12,3765.17
129,2023,1,1957.49
129,2023,2,2159.27
129,2023,3,1802.38
129,2023,4,2131.18
129,2023,5,1924.03
129,2023,6,2046.91
129,2023,7,2096.15
129,2023,8,2096.39
129,2023,9,1895.64
129,2023,10,2164.01
129,2023,11,1976.26
129,2023,12,1980.73
129,2024,1,2112.31
129,2024,2,1849.28
129,2024,3,2012.33
129,2024,4,2025.15
129,2024,5,1975.54
129,2024,6,2134.52
129,2024,7,1830.09
129,2024,8,2132.77
129,2024,9,1874.09
129,2024,10,1975.46
129,2024,11,2021.1
129,2024,12,2162.2
129,2025,1,1940.99
129,2025,2,2020.54
129,2025,3,1874.28
129,2025,4,1813.05
129,2025,5,1969.6
129,2025,6,1963.05
129,2025,7,2122.2
129,2025,8,1851.23
129,2025,9,1858.91
129,2025,10,1808.11
129,2025,11,2068.49
129,2025,12,2135.2
130,2023,1,4145.07
130,2023,2,4393.32
130,2023,3,3623.45
130,2023,4,4260.58
130,2023,5,4264.53
130,2023,6,3921.84
130,2023,7,4198.18
130,2023,8,3835.5
130,2023,9,4092.17
130,2023,10,4318.99
130,2023,11,4035.34
130,2023,12,4228.37
130,2024,1,4348.72
130,2024,2,4256.06
130,2024,3,3712.23
130,2024,4,4071.27
130,2024,5,4258.93
130,2024,6,3644.43
130,2024,7,4086.37
130,2024,8,3889.07
130,2024,9,3608.92
130,2024,10,3637.95
130,2024,11,3772.75
130,2024,12,3651.87
130,2025,1,3870.64
130,2025,2,3694.22
130,2025,3,4053.07
130,2025,4,3760.66
130,2025,5,3883.86
130,2025,6,4289.7
130,2025,7,3967.28
130,2025,8,3995.51
130,2025,9,3608.44
130,2025,10,3857.45
130,2025,11,4278.75
130,2025,12,4333.71
131,2023,1,841.75
131,2023,2,860.86
131,2023,3,799.42
131,2023,4,738.04
131,2023,5,761.87
131,2023,6,872.22
131,2023,7,855.55
131,2023,8,760.65
131,2023,9,843.51
131,2023,10,821.98
131,2023,11,798.67
131,2023,12,729.71
131,2024,1,825.98
131,2024,2,875.95
131,2024,3,862.98
131,2024,4,795.8
131,2024,5,866.39
131,2024,6,845.2
131,2024,7,758.34
131,2024,8,720.94
131,2024,9,784.44
131,2024,10,878.55
131,2024,11,787.27
131,2024,12,852.83
131,2025,1,734.83
131,2025,2,780.87
131,2025,3,750.11
131,2025,4,733.37
131,2025,5,768.39
131,2025,6,759.58
131,2025,7,861.76
131,2025,8,845.6
131,2025,9,809.97
131,2025,10,820.07
131,2025,11,830.48
131,2025,12,775.51
132,2023,1,1810.23
132,2023,2,2122.95
132,2023,3,1814.65
132,2023,4,1985.88
132,2023,5,1837.66
132,2023,6,2145.59
132,2023,7,2094.83
132,2023,8,2145.32
132,2023,9,1980.54
132,2023,10,2169.02
132,2023,11,1840.04
132,2023,12,1975.51
132,2024,1,2003.83
132,2024,2,2110.47
132,2024,3,1836.61
132,2024,4,2056.87
132,2024,5,2114.84
132,2024,6,2020.75
132,2024,7,2092.4
132,2024,8,1837.47
132,2024,9,2063.33
132,2024,10,2130.13
132,2024,11,1970.64
132,2024,12,1802.23
132,2025,1,1819.82
132,2025,2,1977.65
132,2025,3,1994.94
132,2025,4,1945.86
132,2025,5,1829.96
132,2025,6,1925.0
132,2025,7,1894.44
132,2025,8,1804.33
132,2025,9,2127.84
132,2025,10,2144.9
132,2025,11,1987.85
132,2025,12,1825.53
133,2023,1,1815.99
133,2023,2,1932.95
133,2023,3,1875.14
133,2023,4,1940.31
133,2023,5,1855.68
133,2023,6,2185.25
133,2023,7,2066.99
133,2023,8,2018.45
133,2023,9,2168.47
133,2023,10,2027.03
133,2023,11,2115.29
133,2023,12,1936.06
133,2024,1,2050.15
133,2024,2,1946.94
133,2024,3,1932.75
133,2024,4,2091.26
133,2024,5,2090.27
133,2024,6,1865.53
133,2024,7,1906.6
133,2024,8,2043.46
133,2024,9,2174.1
133,2024,10,2075.24
133,2024,11,1996.26
133,2024,12,2089.73
133,2025,1,2080.14
133,2025,2,1885.44
133,2025,3,1961.68
133,2025,4,1981.04
133,2025,5,2056.0
133,2025,6,1907.75
133,2025,7,2002.77
133,2025,8,2078.79
133,2025,9,1974.32
133,2025,10,1802.7
133,2025,11,1879.47
133,2025,12,2112.19
134,2023,1,2065.92
134,2023,2,1954.7
134,2023,3,1960.81
134,2023,4,1824.81
134,2023,5,1980.13
134,2023,6,2076.74
134,2023,7,2126.15
134,2023,8,1866.77
134,2023,9,2018.45
134,2023,10,2159.14
134,2023,11,2104.59
134,2023,12,2089.67
134,2024,1,1874.82
134,2024,2,1984.91
134,2024,3,2004.12
134,2024,4,1952.05
134,2024,5,1879.28
134,2024,6,1841.12
134,2024,7,2000.91
134,2024,8,2056.16
134,2024,9,1841.7
134,2024,10,2144.67
134,2024,11,2038.37
134,2024,12,2025.56
134,2025,1,2119.99
134,2025,2,2074.31
134,2025,3,2004.6
134,2025,4,1929.9
134,2025,5,1953.41
134,2025,6,1982.23
134,2025,7,1814.61
134,2025,8,1980.18
134,2025,9,1834.86
134,2025,10,2131.02
134,2025,11,2114.16
134,2025,12,2102.65
135,2023,1,800.56
135,2023,2,731.21
135,2023,3,759.39
135,2023,4,747.91
135,2023,5,738.23
135,2023,6,744.2
135,2023,7,765.62
135,2023,8,787.99
135,2023,9,875.16
135,2023,10,835.77
135,2023,11,758.4
135,2023,12,769.3
135,2024,1,840.88
135,2024,2,843.48
135,2024,3,750.37
135,2024,4,804.03
135,2024,5,810.71
135,2024,6,849.66
135,2024,7,813.33
135,2024,8,798.49
135,2024,9,793.23
135,2024,10,788.25
135,2024,11,766.12
135,2024,12,786.08
135,2025,1,733.27
135,2025,2,810.74
135,2025,3,832.37
135,2025,4,841.6
135,2025,5,799.48
135,2025,6,734.56
135,2025,7,778.58
135,2025,8,848.78
135,2025,9,830.92
135,2025,10,758.9
135,2025,11,795.56
135,2025,12,847.94
136,2023,1,816.6
136,2023,2,733.12
136,2023,3,785.19
136,2023,4,770.51
136,2023,5,847.2
136,2023,6,796.14
136,2023,7,864.22
136,2023,8,765.37
136,2023,9,861.64
136,2023,10,809.32
136,2023,11,879.78
136,2023,12,783.25
136,2024,1,781.7
136,2024,2,752.88
136,2024,3,749.45
136,2024,4,845.4
136,2024,5,800.47
136,2024,6,862.7
136,2024,7,811.99
136,2024,8,786.18
136,2024,9,791.17
136,2024,10,778.83
136,2024,11,851.25
136,2024,12,799.47
136,2025,1,866.5
136,2025,2,806.21
136,2025,3,777.38
136,2025,4,760.69
136,2025,5,794.33
136,2025,6,737.69
136,2025,7,811.74
136,2025,8,813.99
136,2025,9,732.71
136,2025,10,817.06
136,2025,11,736.06
136,2025,12,745.37
137,2023,1,1945.62
137,2023,2,1861.37
137,2023,3,2040.58
137,2023,4,1894.54
137,2023,5,2069.67
137,2023,6,1890.05
137,2023,7,2118.1
137,2023,8,2139.55
137,2023,9,2169.51
137,2023,10,1924.62
137,2023,11,1825.65
137,2023,12,2197.45
137,2024,1,1915.27
137,2024,2,1955.68
137,2024,3,1978.95
137,2024,4,2158.36
137,2024,5,2106.63
137,2024,6,1966.17
137,2024,7,1857.36
137,2024,8,1802.46
137,2024,9,2153.09
137,2024,10,1971.71
137,2024,11,2195.85
137,2024,12,1829.73
137,2025,1,1928.4
137,2025,2,2073.09
137,2025,3,1959.0
137,2025,4,1805.72
137,2025,5,2195.76
137,2025,6,2198.12
137,2025,7,1976.83
137,2025,8,1945.83
137,2025,9,1935.85
137,2025,10,1937.94
137,2025,11,1974.85
137,2025,12,1937.37
138,2023,1,1985.04
138,2023,2,1886.98
138,2023,3,2055.65
138,2023,4,2182.51
138,2023,5,1922.3
138,2023,6,1896.92
138,2023,7,2045.16
138,2023,8,2025.61
138,2023,9,1992.21
138,2023,10,1968.82
138,2023,11,1832.25
138,2023,12,1919.79
138,2024,1,2156.69
138,2024,2,1974.98
138,2024,3,1879.86
138,2024,4,1842.56
138,2024,5,2056.6
138,2024,6,2112.27
138,2024,7,2105.93
138,2024,8,1863.19
138,2024,9,2078.89
138,2024,10,1868.3
138,2024,11,2146.91
138,2024,12,2020.31
138,2025,1,2116.03
138,2025,2,2013.81
138,2025,3,2037.84
138,2025,4,2181.49
138,2025,5,2069.52
138,2025,6,2157.33
138,2025,7,2150.81
138,2025,8,1984.02
138,2025,9,2138.14
138,2025,10,2145.21
138,2025,11,1830.11
138,2025,12,1848.76
139,2023,1,1979.62
139,2023,2,1992.92
139,2023,3,2179.46
139,2023,4,1859.41
139,2023,5,2110.08
139,2023,6,1944.05
139,2023,7,1887.97
139,2023,8,1879.5
139,2023,9,1983.53
139,2023,10,2036.06
139,2023,11,1888.88
139,2023,12,1831.76
139,2024,1,2046.9
139,2024,2,1913.8
139,2024,3,1889.23
139,2024,4,1824.87
139,2024,5,2107.81
139,2024,6,2087.54
139,2024,7,2121.79
139,2024,8,2189.42
139,2024,9,1985.19
139,2024,10,1925.47
139,2024,11,2063.18
139,2024,12,2064.72
139,2025,1,1898.79
139,2025,2,2000.48
139,2025,3,2175.94
139,2025,4,1925.07
139,2025,5,2005.65
139,2025,6,2011.6
139,2025,7,2121.24
139,2025,8,1900.34
139,2025,9,1984.94
139,2025,10,2055.01
139,2025,11,2003.38
139,2025,12,1965.43
140,2023,1,1968.63
140,2023,2,2183.16
140,2023,3,1984.55
140,2023,4,1901.66
140,2023,5,1875.38
140,2023,6,1928.4
140,2023,7,2026.62
140,2023,8,2091.25
140,2023,9,1910.05
140,2023,10,1856.3
140,2023,11,1829.71
140,2023,12,1916.91
140,2024,1,2148.65
140,2024,2,2013.21
140,2024,3,1826.0
140,2024,4,1871.64
140,2024,5,2124.36
140,2024,6,1944.83
140,2024,7,1823.54
140,2024,8,1875.79
140,2024,9,2031.98
140,2024,10,1996.15
140,2024,11,1991.43
140,2024,12,1844.11
140,2025,1,1962.63
140,2025,2,2177.6
140,2025,3,1885.42
140,2025,4,1963.41
140,2025,5,1918.0
140,2025,6,1934.81
140,2025,7,2040.06
140,2025,8,2090.24
140,2025,9,1986.56
140,2025,10,1993.61
140,2025,11,2001.78
140,2025,12,2079.41
141,2023,1,733.22
141,2023,2,837.21
141,2023,3,871.59
141,2023,4,741.38
141,2023,5,728.96
141,2023,6,788.21
141,2023,7,834.32
141,2023,8,753.9
141,2023,9,784.34
141,2023,10,724.6
141,2023,11,864.3
141,2023,12,725.9
141,2024,1,866.03
141,2024,2,774.51
141,2024,3,869.58
141,2024,4,865.67
141,2024,5,836.33
141,2024,6,868.41
141,2024,7,762.37
141,2024,8,742.51
141,2024,9,757.12
141,2024,10,759.43
141,2024,11,878.38
141,2024,12,836.06
141,2025,1,812.82
141,2025,2,809.72
141,2025,3,840.67
141,2025,4,846.56
141,2025,5,759.42
141,2025,6,867.93
141,2025,7,850.56
141,2025,8,807.66
141,2025,9,873.64
141,2025,10,733.75
141,2025,11,815.81
141,2025,12,796.28
142,2023,1,870.94
142,2023,2,807.6
142,2023,3,743.94
142,2023,4,723.72
142,2023,5,864.9
142,2023,6,769.8
142,2023,7,825.01
142,2023,8,817.14
142,2023,9,751.97
142,2023,10,830.05
142,2023,11,873.5
142,2023,12,735.5
142,2024,1,873.48
142,2024,2,741.75
142,2024,3,724.62
142,2024,4,750.31
142,2024,5,805.41
142,2024,6,729.4
142,2024,7,825.74
142,2024,8,734.0
142,2024,9,858.35
142,2024,10,749.9
142,2024,11,804.11
142,2024,12,780.24
142,2025,1,855.37
142,2025,2,795.07
142,2025,3,797.16
142,2025,4,741.51
142,2025,5,842.01
142,2025,6,876.92
142,2025,7,846.82
142,2025,8,821.0
142,2025,9,765.01
142,2025,10,857.45
142,2025,11,854.43
142,2025,12,762.49
143,2023,1,866.89
143,2023,2,877.85
143,2023,3,760.42
143,2023,4,862.46
143,2023,5,877.29
143,2023,6,800.14
143,2023,7,781.27
143,2023,8,733.31
143,2023,9,834.78
143,2023,10,804.68
143,2023,11,879.8
143,2023,12,840.57
143,2024,1,826.69
143,2024,2,817.73
143,2024,3,756.4
143,2024,4,756.96
143,2024,5,739.47
143,2024,6,848.85
143,2024,7,851.29
143,2024,8,759.38
143,2024,9,790.75
143,2024,10,808.12
143,2024,11,735.89
143,2024,12,761.21
143,2025,1,775.56
143,2025,2,783.93
143,2025,3,818.25
143,2025,4,852.98
143,2025,5,857.73
143,2025,6,729.02
143,2025,7,846.76
143,2025,8,753.25
143,2025,9,738.74
143,2025,10,787.54
143,2025,11,721.81
143,2025,12,728.27
144,2023,1,2117.59
144,2023,2,2128.05
144,2023,3,2157.23
144,2023,4,1954.34
144,2023,5,2005.56
144,2023,6,1826.23
144,2023,7,2025.58
144,2023,8,2183.75
144,2023,9,1945.67
144,2023,10,1831.94
144,2023,11,1800.22
144,2023,12,1839.95
144,2024,1,1909.72
144,2024,2,2039.21
144,2024,3,2158.84
144,2024,4,2143.95
144,2024,5,1875.12
144,2024,6,2032.97
144,2024,7,2001.23
144,2024,8,1989.29
144,2024,9,1811.1
144,2024,10,2131.78
144,2024,11,1903.67
144,2024,12,1822.19
144,2025,1,1975.03
144,2025,2,1978.17
144,2025,3,2086.8
144,2025,4,1822.98
144,2025,5,1918.57
144,2025,6,1857.98
144,2025,7,1940.9
144,2025,8,1862.09
144,2025,9,2094.27
144,2025,10,2047.33
144,2025,11,2033.08
144,2025,12,2164.42
146,2023,1,771.73
146,2023,2,837.48
146,2023,3,766.58
146,2023,4,832.61
146,2023,5,728.75
146,2023,6,843.7
146,2023,7,768.84
146,2023,8,728.61
146,2023,9,850.14
146,2023,10,747.59
146,2023,11,723.33
146,2023,12,738.16
146,2024,1,761.72
146,2024,2,859.99
146,2024,3,733.57
146,2024,4,764.79
146,2024,5,877.47
146,2024,6,784.27
146,2024,7,863.7
146,2024,8,749.9
146,2024,9,751.89
146,2024,10,778.97
146,2024,11,878.6
146,2024,12,724.31
146,2025,1,872.08
146,2025,2,831.06
146,2025,3,857.85
146,2025,4,859.35
146,2025,5,810.15
146,2025,6,843.67
146,2025,7,851.0
146,2025,8,865.67
146,2025,9,768.06
146,2025,10,801.94
146,2025,11,798.62
146,2025,12,771.68
147,2023,1,847.98
147,2023,2,746.48
147,2023,3,869.93
147,2023,4,766.29
147,2023,5,852.47
147,2023,6,738.11
147,2023,7,786.52
147,2023,8,758.57
147,2023,9,845.75
147,2023,10,765.15
147,2023,11,842.42
147,2023,12,868.4
147,2024,1,743.71
147,2024,2,754.21
147,2024,3,734.76
147,2024,4,766.58
147,2024,5,801.59
147,2024,6,855.32
147,2024,7,833.22
147,2024,8,871.22
147,2024,9,758.85
147,2024,10,734.81
147,2024,11,808.28
147,2024,12,814.83
147,2025,1,745.83
147,2025,2,720.71
147,2025,3,771.73
147,2025,4,760.04
147,2025,5,851.52
147,2025,6,724.79
147,2025,7,837.86
147,2025,8,722.03
147,2025,9,772.99
147,2025,10,830.3
147,2025,11,847.74
147,2025,12,875.46
148,2023,1,2077.19
148,2023,2,1885.52
148,2023,3,2182.07
148,2023,4,2069.45
148,2023,5,1819.94
148,2023,6,1959.35
148,2023,7,2195.86
148,2023,8,2146.38
148,2023,9,2131.16
148,2023,10,2079.24
148,2023,11,1999.09
148,2023,12,1899.31
148,2024,1,1838.02
148,2024,2,1880.1
148,2024,3,2016.1
148,2024,4,2039.22
148,2024,5,2181.1
148,2024,6,2185.14
148,2024,7,2076.14
148,2024,8,2108.36
148,2024,9,2152.76
148,2024,10,1988.68
148,2024,11,1865.62
148,2024,12,2173.98
148,2025,1,1952.13
148,2025,2,1833.19
148,2025,3,2076.18
148,2025,4,2161.07
148,2025,5,1915.8
148,2025,6,1901.23
148,2025,7,2079.69
148,2025,8,1980.62
148,2025,9,1922.07
148,2025,10,1823.75
148,2025,11,1904.97
148,2025,12,2064.24
149,2023,1,3760.39
149,2023,2,4358.54
149,2023,3,4269.04
149,2023,4,4185.54
149,2023,5,3666.96
149,2023,6,4179.8
149,2023,7,3607.99
149,2023,8,4079.71
149,2023,9,4016.07
149,2023,10,3842.99
149,2023,11,4049.42
149,2023,12,3883.51
149,2024,1,4097.13
149,2024,2,3794.6
149,2024,3,3773.36
149,2024,4,4047.77
149,2024,5,3852.35
149,2024,6,4341.44
149,2024,7,3664.06
149,2024,8,3973.47
149,2024,9,4078.1
149,2024,10,3843.74
149,2024,11,3929.3
149,2024,12,3861.38
149,2025,1,3709.57
149,2025,2,3719.5
149,2025,3,4357.15
149,2025,4,3755.87
149,2025,5,4079.76
149,2025,6,4024.6
149,2025,7,4379.64
149,2025,8,3874.17
149,2025,9,3635.67
149,2025,10,4291.34
149,2025,11,4185.15
149,2025,12,4369.25
150,2023,1,788.46
150,2023,2,778.36
150,2023,3,806.38
150,2023,4,855.19
150,2023,5,747.19
150,2023,6,784.4
150,2023,7,858.21
150,2023,8,736.43
150,2023,9,825.39
150,2023,10,744.71
150,2023,11,743.65
150,2023,12,754.84
150,2024,1,840.43
150,2024,2,820.88
150,2024,3,812.46
150,2024,4,822.42
150,2024,5,801.08
150,2024,6,789.17
150,2024,7,828.35
150,2024,8,820.68
150,2024,9,827.24
150,2024,10,733.6
150,2024,11,750.05
150,2024,12,850.64
150,2025,1,836.17
150,2025,2,729.13
150,2025,3,852.27
150,2025,4,797.22
150,2025,5,726.27
150,2025,6,842.78
150,2025,7,743.65
150,2025,8,780.79
150,2025,9,809.6
150,2025,10,869.92
150,2025,11,876.04
150,2025,12,765.16
151,2023,1,2001.13
151,2023,2,2007.72
151,2023,3,1846.29
151,2023,4,2189.02
151,2023,5,2042.43
151,2023,6,2131.94
151,2023,7,2087.7
151,2023,8,2031.49
151,2023,9,2033.47
151,2023,10,1862.02
151,2023,11,1869.09
151,2023,12,2188.89
151,2024,1,1865.91
151,2024,2,1922.88
151,2024,3,1910.41
151,2024,4,1984.51
151,2024,5,2105.42
151,2024,6,1904.55
151,2024,7,1986.24
151,2024,8,1894.18
151,2024,9,2178.06
151,2024,10,1839.06
151,2024,11,1823.93
151,2024,12,2050.04
151,2025,1,2185.36
151,2025,2,1993.94
151,2025,3,1889.0
151,2025,4,1922.65
151,2025,5,2163.08
151,2025,6,2021.42
151,2025,7,1924.27
151,2025,8,1873.21
151,2025,9,1897.22
151,2025,10,2073.23
151,2025,11,1926.14
151,2025,12,1857.58
152,2023,1,2183.75
152,2023,2,2195.19
152,2023,3,1960.35
152,2023,4,1801.97
152,2023,5,1995.33
152,2023,6,2190.27
152,2023,7,2020.67
152,2023,8,2015.89
152,2023,9,2154.22
152,2023,10,2031.8
152,2023,11,2101.24
152,2023,12,1815.31
152,2024,1,1909.14
152,2024,2,1803.57
152,2024,3,2190.0
152,2024,4,1878.05
152,2024,5,1845.73
152,2024,6,1990.45
152,2024,7,1985.03
152,2024,8,1827.87
152,2024,9,2128.33
152,2024,10,2074.11
152,2024,11,2046.09
152,2024,12,1910.72
152,2025,1,1805.45
152,2025,2,1961.43
152,2025,3,2098.24
152,2025,4,1857.42
152,2025,5,1842.07
152,2025,6,2154.12
152,2025,7,2109.55
152,2025,8,1978.36
152,2025,9,1847.22
152,2025,10,1844.94
152,2025,11,1860.61
152,2025,12,2194.8
153,2023,1,1941.97
153,2023,2,1917.97
153,2023,3,1961.77
153,2023,4,2016.57
153,2023,5,2143.7
153,2023,6,1834.76
153,2023,7,2138.31
153,2023,8,2197.16
153,2023,9,1970.16
153,2023,10,1981.02
153,2023,11,1825.04
153,2023,12,2132.34
153,2024,1,2067.17
153,2024,2,2144.84
153,2024,3,1893.94
153,2024,4,2167.08
153,2024,5,2107.19
153,2024,6,2005.45
153,2024,7,1909.34
153,2024,8,1871.95
153,2024,9,2145.12
153,2024,10,2059.46
153,2024,11,2131.14
153,2024,12,1978.92
153,2025,1,1814.5
153,2025,2,1951.78
153,2025,3,1896.55
153,2025,4,2154.38
153,2025,5,1887.94
153,2025,6,1957.09
153,2025,7,2163.06
153,2025,8,1840.81
153,2025,9,2165.61
153,2025,10,2065.87
153,2025,11,1988.65
153,2025,12,1979.37
154,2023,1,1827.55
154,2023,2,2011.13
154,2023,3,1915.11
154,2023,4,1959.9
154,2023,5,1841.36
154,2023,6,1853.22
154,2023,7,1999.17
154,2023,8,2193.77
154,2023,9,1897.78
154,2023,10,2086.81
154,2023,11,2016.51
154,2023,12,2016.59
154,2024,1,1944.8
154,2024,2,1961.25
154,2024,3,1933.66
154,2024,4,1923.85
154,2024,5,1979.73
154,2024,6,1839.49
154,2024,7,1999.23
154,2024,8,1867.91
154,2024,9,1837.28
154,2024,10,1908.8
154,2024,11,1862.86
154,2024,12,1872.85
154,2025,1,1975.9
154,2025,2,2000.81
154,2025,3,1869.1
154,2025,4,2173.81
154,2025,5,2129.18
154,2025,6,1813.28
154,2025,7,2146.45
154,2025,8,1858.7
154,2025,9,1814.86
154,2025,10,1807.71
154,2025,11,1880.02
154,2025,12,2117.37
155,2023,1,720.91
155,2023,2,831.09
155,2023,3,875.48
155,2023,4,847.46
155,2023,5,765.16
155,2023,6,818.59
155,2023,7,780.59
155,2023,8,726.71
155,2023,9,723.6
155,2023,10,829.67
155,2023,11,847.12
155,2023,12,772.65
155,2024,1,814.17
155,2024,2,767.62
155,2024,3,732.85
155,2024,4,733.9
155,2024,5,726.15
155,2024,6,853.7
155,2024,7,848.63
155,2024,8,739.56
155,2024,9,771.47
155,2024,10,808.5
155,2024,11,737.66
155,2024,12,738.87
155,2025,1,758.56
155,2025,2,878.89
155,2025,3,853.0
155,2025,4,803.01
155,2025,5,727.54
155,2025,6,746.0
155,2025,7,745.74
155,2025,8,790.45
155,2025,9,844.1
155,2025,10,796.63
155,2025,11,785.54
155,2025,12,762.57
156,2023,1,2162.0
156,2023,2,2049.1
156,2023,3,2052.17
156,2023,4,1836.97
156,2023,5,1802.39
156,2023,6,2034.69
156,2023,7,2058.13
156,2023,8,2140.68
156,2023,9,1890.77
156,2023,10,1979.88
156,2023,11,2113.42
156,2023,12,1844.89
156,2024,1,2133.4
156,2024,2,1887.56
156,2024,3,1912.84
156,2024,4,1802.68
156,2024,5,1828.48
156,2024,6,2032.22
156,2024,7,2037.22
156,2024,8,1848.67
156,2024,9,1958.89
156,2024,10,1902.71
156,2024,11,1991.61
156,2024,12,1811.58
156,2025,1,1927.68
156,2025,2,1815.99
156,2025,3,2179.86
156,2025,4,2103.2
156,2025,5,2061.84
156,2025,6,1887.67
156,2025,7,1945.27
156,2025,8,1872.53
156,2025,9,1967.82
156,2025,10,1834.93
156,2025,11,1844.5
156,2025,12,1883.25
157,2023,1,3707.94
157,2023,2,4144.0
157,2023,3,3987.46
157,2023,4,3843.25
157,2023,5,4208.73
157,2023,6,4078.8
157,2023,7,3950.62
157,2023,8,4043.21
157,2023,9,3750.04
157,2023,10,4315.91
157,2023,11,3703.79
157,2023,12,4204.49
157,2024,1,3682.74
157,2024,2,3638.41
157,2024,3,3764.4
157,2024,4,4269.78
157,2024,5,4026.75
157,2024,6,4329.94
157,2024,7,4335.55
157,2024,8,3744.71
157,2024,9,4057.72
157,2024,10,3890.33
157,2024,11,4339.12
157,2024,12,4150.3
157,2025,1,3762.31
157,2025,2,4065.86
157,2025,3,3721.46
157,2025,4,3770.14
157,2025,5,3656.88
157,2025,6,3746.54
157,2025,7,4126.05
157,2025,8,4319.67
157,2025,9,4308.69
157,2025,10,4072.94
157,2025,11,3746.28
157,2025,12,3986.4
158,2023,1,2191.97
158,2023,2,2193.01
158,2023,3,2033.63
158,2023,4,2100.01
158,2023,5,2018.48
158,2023,6,1913.75
158,2023,7,2099.78
158,2023,8,2054.6
158,2023,9,2058.55
158,2023,10,1901.87
158,2023,11,1975.01
158,2023,12,2102.22
158,2024,1,2150.09
158,2024,2,2097.59
158,2024,3,2178.21
158,2024,4,2130.1
158,2024,5,2109.18
158,2024,6,1958.88
158,2024,7,2108.42
158,2024,8,2186.66
158,2024,9,1836.56
158,2024,10,2045.64
158,2024,11,1922.32
158,2024,12,1905.23
158,2025,1,2126.39
158,2025,2,2108.79
158,2025,3,1997.77
158,2025,4,2156.96
158,2025,5,1806.01
158,2025,6,2014.01
158,2025,7,1800.63
158,2025,8,2074.37
158,2025,9,1857.44
158,2025,10,2107.18
158,2025,11,2088.87
158,2025,12,1843.1
160,2023,1,1858.87
160,2023,2,1861.16
160,2023,3,2105.9
160,2023,4,2023.1
160,2023,5,1925.85
160,2023,6,2117.99
160,2023,7,2125.52
160,2023,8,2057.95
160,2023,9,2149.54
160,2023,10,2187.83
160,2023,11,2071.25
160,2023,12,1947.77
160,2024,1,1897.39
160,2024,2,1920.76
160,2024,3,2112.03
160,2024,4,1873.59
160,2024,5,2081.5
160,2024,6,1969.26
160,2024,7,2081.67
160,2024,8,1810.55
160,2024,9,1824.06
160,2024,10,2033.77
160,2024,11,2032.42
160,2024,12,2116.6
160,2025,1,2192.18
160,2025,2,2188.56
160,2025,3,2150.83
160,2025,4,1811.81
160,2025,5,1958.06
160,2025,6,2053.48
160,2025,7,2065.18
160,2025,8,1861.39
160,2025,9,1983.9
160,2025,10,1808.2
160,2025,11,2148.13
160,2025,12,1992.42
161,2023,1,3738.55
161,2023,2,4061.67
161,2023,3,4336.94
161,2023,4,3926.01
161,2023,5,4321.07
161,2023,6,3823.85
161,2023,7,3744.37
161,2023,8,4338.41
161,2023,9,4288.47
161,2023,10,3826.89
161,2023,11,3885.62
161,2023,12,4082.55
161,2024,1,4120.21
161,2024,2,3929.57
161,2024,3,3994.69
161,2024,4,4304.25
161,2024,5,3906.0
161,2024,6,4177.51
161,2024,7,4031.81
161,2024,8,3917.8
161,2024,9,4287.15
161,2024,10,3762.44
161,2024,11,4392.11
161,2024,12,4076.5
161,2025,1,4147.64
161,2025,2,3761.05
161,2025,3,4235.77
161,2025,4,3739.71
161,2025,5,4332.94
161,2025,6,4365.32
161,2025,7,3904.02
161,2025,8,3622.59
161,2025,9,4086.78
161,2025,10,4176.84
161,2025,11,3988.92
161,2025,12,3794.72
162,2023,1,2185.3
162,2023,2,2144.19
162,2023,3,2020.99
162,2023,4,1865.17
162,2023,5,2143.68
162,2023,6,2064.16
162,2023,7,2156.13
162,2023,8,1927.12
162,2023,9,1940.16
162,2023,10,1819.59
162,2023,11,1999.53
162,2023,12,2060.01
162,2024,1,1866.84
162,2024,2,2137.43
162,2024,3,2087.32
162,2024,4,2010.89
162,2024,5,1815.56
162,2024,6,2062.34
162,2024,7,1845.48
162,2024,8,1923.09
162,2024,9,2094.65
162,2024,10,1927.57
162,2024,11,1912.98
162,2024,12,2040.27
162,2025,1,2012.22
162,2025,2,2146.19
162,2025,3,2037.4
162,2025,4,2075.85
162,2025,5,1936.54
162,2025,6,1867.08
162,2025,7,1864.45
162,2025,8,1921.43
162,2025,9,2192.31
162,2025,10,2066.05
162,2025,11,1830.56
162,2025,12,1917.17
163,2023,1,744.18
163,2023,2,764.41
163,2023,3,879.5
163,2023,4,773.47
163,2023,5,786.69
163,2023,6,764.25
163,2023,7,835.99
163,2023,8,796.1
163,2023,9,793.35
163,2023,10,727.8
163,2023,11,808.79
163,2023,12,723.46
163,2024,1,779.77
163,2024,2,873.88
163,2024,3,802.47
163,2024,4,761.67
163,2024,5,805.74
163,2024,6,777.43
163,2024,7,744.47
163,2024,8,773.7
163,2024,9,754.11
163,2024,10,772.06
163,2024,11,814.54
163,2024,12,803.31
163,2025,1,827.76
163,2025,2,743.01
163,2025,3,858.55
163,2025,4,808.1
163,2025,5,814.98
163,2025,6,753.65
163,2025,7,782.45
163,2025,8,783.57
163,2025,9,786.36
163,2025,10,724.91
163,2025,11,857.1
163,2025,12,794.93
164,2023,1,1924.24
164,2023,2,2090.18
164,2023,3,2183.08
164,2023,4,2046.14
164,2023,5,2018.01
164,2023,6,1941.33
164,2023,7,2167.29
164,2023,8,2034.57
164,2023,9,1943.82
164,2023,10,1988.67
164,2023,11,2092.98
164,2023,12,1962.18
164,2024,1,2149.8
164,2024,2,2196.08
164,2024,3,2199.07
164,2024,4,1929.36
164,2024,5,2179.9
164,2024,6,1873.91
164,2024,7,2105.31
164,2024,8,2151.97
164,2024,9,2119.07
164,2024,10,2138.54
164,2024,11,2195.63
164,2024,12,2042.52
164,2025,1,2188.13
164,2025,2,1802.14
164,2025,3,1862.28
164,2025,4,1950.23
164,2025,5,1959.93
164,2025,6,2111.22
164,2025,7,1995.81
164,2025,8,1961.74
164,2025,9,1911.27
164,2025,10,2009.58
164,2025,11,1931.01
164,2025,12,2141.53
165,2023,1,1815.36
165,2023,2,1880.37
165,2023,3,1881.03
165,2023,4,1885.27
165,2023,5,1950.37
165,2023,6,2058.99
165,2023,7,2001.95
165,2023,8,1874.74
165,2023,9,1963.35
165,2023,10,2013.63
165,2023,11,2170.97
165,2023,12,2127.03
165,2024,1,1805.12
165,2024,2,2053.07
165,2024,3,2000.46
165,2024,4,1942.13
165,2024,5,2142.05
165,2024,6,1866.62
165,2024,7,2039.96
165,2024,8,2194.94
165,2024,9,1821.13
165,2024,10,1994.08
165,2024,11,1966.47
165,2024,12,2167.83
165,2025,1,1855.64
165,2025,2,2013.46
165,2025,3,2056.26
165,2025,4,2099.45
165,2025,5,1999.92
165,2025,6,1948.89
165,2025,7,1972.64
165,2025,8,1919.36
165,2025,9,2006.67
165,2025,10,1814.11
165,2025,11,2163.48
165,2025,12,2136.1
166,2023,1,2010.6
166,2023,2,2026.76
166,2023,3,1932.93
166,2023,4,2138.1
166,2023,5,1877.0
166,2023,6,2027.28
166,2023,7,1835.01
166,2023,8,1894.28
166,2023,9,1833.07
166,2023,10,2139.89
166,2023,11,2013.49
166,2023,12,1997.15
166,2024,1,1815.26
166,2024,2,1808.0
166,2024,3,1995.83
166,2024,4,1875.41
166,2024,5,2153.56
166,2024,6,2131.92
166,2024,7,2113.93
166,2024,8,2054.11
166,2024,9,2172.71
166,2024,10,1936.86
166,2024,11,2018.58
166,2024,12,2198.75
166,2025,1,2031.73
166,2025,2,2159.72
166,2025,3,2071.59
166,2025,4,1903.84
166,2025,5,1985.12
166,2025,6,1934.54
166,2025,7,2002.35
166,2025,8,2032.63
166,2025,9,2110.17
166,2025,10,1843.75
166,2025,11,2037.17
166,2025,12,1853.63
167,2023,1,2003.89
167,2023,2,1856.97
167,2023,3,2018.23
167,2023,4,2160.59
167,2023,5,1933.53
167,2023,6,2141.26
167,2023,7,2178.64
167,2023,8,1869.96
167,2023,9,1992.01
167,2023,10,1910.14
167,2023,11,2075.83
167,2023,12,2124.83
167,2024,1,1820.62
167,2024,2,2081.47
167,2024,3,1812.79
167,2024,4,1979.43
167,2024,5,2110.73
167,2024,6,1894.72
167,2024,7,2125.74
167,2024,8,1817.65
167,2024,9,2047.38
167,2024,10,2115.67
167,2024,11,1954.23
167,2024,12,2022.36
167,2025,1,2089.69
167,2025,2,2174.95
167,2025,3,2187.41
167,2025,4,1983.28
167,2025,5,1839.17
167,2025,6,1858.56
167,2025,7,1982.87
167,2025,8,2029.29
167,2025,9,2166.04
167,2025,10,1814.53
167,2025,11,2054.97
167,2025,12,1986.69
168,2023,1,2189.68
168,2023,2,1809.32
168,2023,3,2056.79
168,2023,4,2120.34
168,2023,5,1990.56
168,2023,6,1853.7
168,2023,7,1969.2
168,2023,8,1970.52
168,2023,9,1988.81
168,2023,10,2139.91
168,2023,11,1814.83
168,2023,12,1868.86
168,2024,1,2009.15
168,2024,2,1984.35
168,2024,3,2155.89
168,2024,4,1864.35
168,2024,5,2094.14
168,2024,6,2066.51
168,2024,7,1959.71
168,2024,8,2186.45
168,2024,9,1922.96
168,2024,10,2085.89
168,2024,11,1815.5
168,2024,12,2117.09
168,2025,1,2059.39
168,2025,2,2034.39
168,2025,3,1865.56
168,2025,4,2106.33
168,2025,5,2137.9
168,2025,6,1820.99
168,2025,7,1892.19
168,2025,8,2049.87
168,2025,9,2138.63
168,2025,10,1944.89
168,2025,11,2018.6
168,2025,12,1879.38
169,2023,1,1923.61
169,2023,2,1911.53
169,2023,3,1980.21
169,2023,4,2124.19
169,2023,5,1847.33
169,2023,6,1926.09
169,2023,7,1843.37
169,2023,8,2035.94
169,2023,9,2146.66
169,2023,10,2198.27
169,2023,11,2042.75
169,2023,12,2131.57
169,2024,1,2199.94
169,2024,2,2115.18
169,2024,3,1953.27
169,2024,4,1838.97
169,2024,5,1860.76
169,2024,6,1861.91
169,2024,7,2007.55
169,2024,8,2152.3
169,2024,9,2168.78
169,2024,10,2082.46
169,2024,11,1977.68
169,2024,12,1837.14
169,2025,1,1992.65
169,2025,2,1836.84
169,2025,3,2177.85
169,2025,4,1808.55
169,2025,5,2042.03
169,2025,6,2198.88
169,2025,7,1919.17
169,2025,8,1998.2
169,2025,9,1844.27
169,2025,10,1898.99
169,2025,11,1838.75
169,2025,12,1891.53
170,2023,1,2029.39
170,2023,2,1996.65
170,2023,3,1861.81
170,2023,4,2103.39
170,2023,5,2174.7
170,2023,6,1915.22
170,2023,7,2041.21
170,2023,8,1877.02
170,2023,9,2118.66
170,2023,10,1955.33
170,2023,11,2156.74
170,2023,12,2171.59
170,2024,1,2088.76
170,2024,2,1831.22
170,2024,3,2016.86
170,2024,4,2055.37
170,2024,5,1972.49
170,2024,6,1924.55
170,2024,7,2032.91
170,2024,8,1834.05
170,2024,9,1958.28
170,2024,10,1918.6
170,2024,11,2059.25
170,2024,12,1920.79
170,2025,1,1979.78
170,2025,2,1975.85
170,2025,3,2015.14
170,2025,4,1892.68
170,2025,5,1970.83
170,2025,6,2179.21
170,2025,7,2176.97
170,2025,8,1907.9
170,2025,9,2172.57
170,2025,10,2127.23
170,2025,11,1971.45
170,2025,12,1833.79
171,2023,1,788.98
171,2023,2,727.1
171,2023,3,760.29
171,2023,4,847.75
171,2023,5,751.84
171,2023,6,813.23
171,2023,7,864.28
171,2023,8,855.7
171,2023,9,781.1
171,2023,10,809.65
171,2023,11,777.93
171,2023,12,840.26
171,2024,1,827.77
171,2024,2,756.71
171,2024,3,832.87
171,2024,4,763.79
171,2024,5,733.68
171,2024,6,759.18
171,2024,7,770.06
171,2024,8,825.06
171,2024,9,788.86
171,2024,10,873.11
171,2024,11,794.32
171,2024,12,779.93
171,2025,1,878.47
171,2025,2,815.08
171,2025,3,854.89
171,2025,4,834.43
171,2025,5,874.74
171,2025,6,730.42
171,2025,7,768.74
171,2025,8,856.18
171,2025,9,788.08
171,2025,10,775.58
171,2025,11,742.51
171,2025,12,784.42
173,2023,1,1994.4
173,2023,2,2035.55
173,2023,3,2092.17
173,2023,4,2139.33
173,2023,5,1972.21
173,2023,6,2138.71
173,2023,7,2160.72
173,2023,8,1902.64
173,2023,9,1891.93
173,2023,10,2011.22
173,2023,11,1877.18
173,2023,12,1900.67
173,2024,1,2085.4
173,2024,2,1945.72
173,2024,3,1931.1
173,2024,4,2127.77
173,2024,5,2114.96
173,2024,6,2138.73
173,2024,7,2082.01
173,2024,8,2065.27
173,2024,9,1823.37
173,2024,10,2185.93
173,2024,11,1888.56
173,2024,12,2052.7
173,2025,1,1887.01
173,2025,2,1856.66
173,2025,3,2144.83
173,2025,4,1928.04
173,2025,5,1963.83
173,2025,6,2013.22
173,2025,7,2097.9
173,2025,8,2137.52
173,2025,9,1883.89
173,2025,10,1837.37
173,2025,11,1958.74
173,2025,12,1999.65
174,2023,1,1875.17
174,2023,2,1971.18
174,2023,3,2159.98
174,2023,4,1981.79
174,2023,5,2118.43
174,2023,6,2004.94
174,2023,7,2166.46
174,2023,8,1963.97
174,2023,9,2081.89
174,2023,10,2081.99
174,2023,11,1954.43
174,2023,12,1842.27
174,2024,1,2165.77
174,2024,2,2086.61
174,2024,3,2180.7
174,2024,4,2088.89
174,2024,5,1874.08
174,2024,6,2042.75
174,2024,7,1858.12
174,2024,8,2108.94
174,2024,9,2114.24
174,2024,10,2178.36
174,2024,11,2087.27
174,2024,12,1995.42
174,2025,1,1989.45
174,2025,2,2197.89
174,2025,3,1864.66
174,2025,4,2071.36
174,2025,5,2147.04
174,2025,6,1859.33
174,2025,7,1863.87
174,2025,8,2139.62
174,2025,9,2139.3
174,2025,10,2139.55
174,2025,11,2154.04
174,2025,12,1984.43
176,2023,1,2069.53
176,2023,2,1972.94
176,2023,3,1846.79
176,2023,4,2125.27
176,2023,5,2105.88
176,2023,6,2027.67
176,2023,7,1928.91
176,2023,8,1988.55
176,2023,9,1912.85
176,2023,10,1906.2
176,2023,11,1954.05
176,2023,12,2041.6
176,2024,1,1840.31
176,2024,2,2049.38
176,2024,3,1841.29
176,2024,4,2043.28
176,2024,5,2145.78
176,2024,6,1809.79
176,2024,7,2058.38
176,2024,8,1896.14
176,2024,9,2176.2
176,2024,10,1823.95
176,2024,11,2155.73
176,2024,12,1915.86
176,2025,1,2175.59
176,2025,2,1818.69
176,2025,3,1801.68
176,2025,4,2048.88
176,2025,5,2012.83
176,2025,6,2143.84
176,2025,7,2057.14
176,2025,8,1820.6
176,2025,9,2029.49
176,2025,10,1974.0
176,2025,11,1839.7
176,2025,12,2122.02
177,2023,1,2104.91
177,2023,2,1865.09
177,2023,3,1979.55
177,2023,4,2055.88
177,2023,5,1818.14
177,2023,6,1871.05
177,2023,7,1836.95
177,2023,8,1974.83
177,2023,9,1940.39
177,2023,10,2104.87
177,2023,11,1888.31
177,2023,12,2048.92
177,2024,1,1824.46
177,2024,2,1955.75
177,2024,3,1903.74
177,2024,4,1809.49
177,2024,5,2124.83
177,2024,6,2148.77
177,2024,7,2121.78
177,2024,8,1847.08
177,2024,9,1974.38
177,2024,10,1989.68
177,2024,11,2015.45
177,2024,12,2027.21
177,2025,1,2014.64
177,2025,2,2058.48
177,2025,3,1930.15
177,2025,4,2128.22
177,2025,5,1818.91
177,2025,6,2035.75
177,2025,7,2153.34
177,2025,8,2171.1
177,2025,9,1968.13
177,2025,10,1921.6
177,2025,11,2147.3
177,2025,12,1837.18
179,2023,1,1966.04
179,2023,2,1806.51
179,2023,3,1989.22
179,2023,4,2174.9
179,2023,5,1946.24
179,2023,6,1992.31
179,2023,7,1895.54
179,2023,8,2184.56
179,2023,9,1940.41
179,2023,10,1947.26
179,2023,11,2166.26
179,2023,12,1835.74
179,2024,1,1913.76
179,2024,2,1868.27
179,2024,3,1923.97
179,2024,4,2126.32
179,2024,5,2099.0
179,2024,6,2035.85
179,2024,7,2057.94
179,2024,8,1822.3
179,2024,9,2028.34
179,2024,10,1808.61
179,2024,11,1929.39
179,2024,12,1884.98
179,2025,1,2131.32
179,2025,2,1913.42
179,2025,3,1822.59
179,2025,4,1907.36
179,2025,5,1916.08
179,2025,6,1842.18
179,2025,7,2021.72
179,2025,8,2113.59
179,2025,9,1984.74
179,2025,10,2178.72
179,2025,11,1892.08
179,2025,12,1823.04
180,2023,1,843.05
180,2023,2,832.73
180,2023,3,868.55
180,2023,4,725.06
180,2023,5,845.63
180,2023,6,770.18
180,2023,7,787.76
180,2023,8,801.31
180,2023,9,823.13
180,2023,10,813.82
180,2023,11,753.74
180,2023,12,837.43
180,2024,1,856.35
180,2024,2,845.74
180,2024,3,876.99
180,2024,4,856.26
180,2024,5,816.56
180,2024,6,722.73
180,2024,7,752.06
180,2024,8,724.16
180,2024,9,849.61
180,2024,10,813.6
180,2024,11,819.91
180,2024,12,799.59
180,2025,1,815.62
180,2025,2,861.29
180,2025,3,780.01
180,2025,4,758.31
180,2025,5,822.22
180,2025,6,809.57
180,2025,7,826.53
180,2025,8,872.1
180,2025,9,744.82
180,2025,10,743.94
180,2025,11,814.91
180,2025,12,788.18
181,2023,1,2034.45
181,2023,2,1961.55
181,2023,3,2087.24
181,2023,4,1895.29
181,2023,5,2106.79
181,2023,6,2199.05
181,2023,7,2140.8
181,2023,8,2001.77
181,2023,9,2005.66
181,2023,10,1807.62
181,2023,11,1852.95
181,2023,12,1959.28
181,2024,1,1879.66
181,2024,2,2189.14
181,2024,3,1898.15
181,2024,4,1932.41
181,2024,5,2130.47
181,2024,6,2188.05
181,2024,7,2059.23
181,2024,8,1955.74
181,2024,9,2197.0
181,2024,10,2028.52
181,2024,11,1913.4
181,2024,12,1853.31
181,2025,1,2117.93
181,2025,2,1931.63
181,2025,3,1857.02
181,2025,4,2062.29
181,2025,5,1928.35
181,2025,6,2070.76
181,2025,7,2034.25
181,2025,8,2116.79
181,2025,9,2132.06
181,2025,10,2008.22
181,2025,11,2173.33
181,2025,12,1936.86
182,2023,1,4139.95
182,2023,2,3759.79
182,2023,3,4140.11
182,2023,4,4314.84
182,2023,5,3920.91
182,2023,6,4107.95
182,2023,7,3983.27
182,2023,8,4044.57
182,2023,9,3806.25
182,2023,10,4043.22
182,2023,11,3810.96
182,2023,12,3884.29
182,2024,1,4154.14
182,2024,2,4049.88
182,2024,3,4068.38
182,2024,4,3912.46
182,2024,5,3639.55
182,2024,6,4359.93
182,2024,7,4131.24
182,2024,8,3753.6
182,2024,9,4181.66
182,2024,10,3727.99
182,2024,11,4247.62
182,2024,12,4058.98
182,2025,1,4321.67
182,2025,2,4055.85
182,2025,3,3613.2
182,2025,4,3972.26
182,2025,5,3680.56
182,2025,6,3700.31
182,2025,7,4002.98
182,2025,8,4270.91
182,2025,9,3831.52
182,2025,10,3815.94
182,2025,11,4057.22
182,2025,12,3897.48
183,2023,1,4396.56
183,2023,2,4329.71
183,2023,3,4019.69
183,2023,4,3885.75
183,2023,5,4013.03
183,2023,6,4119.65
183,2023,7,4184.65
183,2023,8,3811.38
183,2023,9,4371.22
183,2023,10,4093.8
183,2023,11,3863.77
183,2023,12,3742.83
183,2024,1,4091.6
183,2024,2,4247.0
183,2024,3,3729.15
183,2024,4,4068.72
183,2024,5,3671.33
183,2024,6,4104.52
183,2024,7,4262.63
183,2024,8,3754.9
183,2024,9,4214.35
183,2024,10,3610.78
183,2024,11,3636.57
183,2024,12,4221.71
183,2025,1,4336.39
183,2025,2,4163.6
183,2025,3,3778.35
183,2025,4,3613.58
183,2025,5,3733.07
183,2025,6,4018.92
183,2025,7,4147.01
183,2025,8,3885.6
183,2025,9,4203.21
183,2025,10,4103.18
183,2025,11,4128.98
183,2025,12,4183.33
184,2023,1,4003.42
184,2023,2,4386.44
184,2023,3,3696.98
184,2023,4,4094.86
184,2023,5,4184.23
184,2023,6,4276.9
184,2023,7,3883.07
184,2023,8,4287.4
184,2023,9,4050.94
184,2023,10,3956.99
184,2023,11,4262.08
184,2023,12,4379.18
184,2024,1,3921.17
184,2024,2,4010.43
184,2024,3,3877.96
184,2024,4,3911.36
184,2024,5,4376.5
184,2024,6,3792.25
184,2024,7,3670.2
184,2024,8,4192.81
184,2024,9,4151.96
184,2024,10,3789.7
184,2024,11,3877.6
184,2024,12,3883.76
184,2025,1,3940.64
184,2025,2,3841.45
184,2025,3,4249.25
184,2025,4,4095.92
184,2025,5,3978.22
184,2025,6,4226.95
184,2025,7,4126.13
184,2025,8,4027.16
184,2025,9,3758.81
184,2025,10,4333.53
184,2025,11,4043.73
184,2025,12,4318.22
185,2023,1,758.25
185,2023,2,732.63
185,2023,3,758.86
185,2023,4,740.99
185,2023,5,760.02
185,2023,6,847.69
185,2023,7,818.66
185,2023,8,864.47
185,2023,9,756.01
185,2023,10,837.06
185,2023,11,792.69
185,2023,12,846.34
185,2024,1,788.75
185,2024,2,761.68
185,2024,3,827.24
185,2024,4,825.63
185,2024,5,802.57
185,2024,6,817.67
185,2024,7,726.77
185,2024,8,873.8
185,2024,9,722.22
185,2024,10,827.65
185,2024,11,726.73
185,2024,12,855.48
185,2025,1,743.66
185,2025,2,749.61
185,2025,3,871.15
185,2025,4,859.44
185,2025,5,812.91
185,2025,6,818.36
185,2025,7,843.77
185,2025,8,846.76
185,2025,9,738.37
185,2025,10,852.54
185,2025,11,843.03
185,2025,12,838.21
186,2023,1,3846.75
186,2023,2,3904.49
186,2023,3,3942.96
186,2023,4,3857.53
186,2023,5,4266.06
186,2023,6,3738.64
186,2023,7,4309.5
186,2023,8,3887.19
186,2023,9,4105.89
186,2023,10,3842.17
186,2023,11,3905.27
186,2023,12,4282.79
186,2024,1,4258.61
186,2024,2,4313.24
186,2024,3,3865.33
186,2024,4,4118.52
186,2024,5,3668.88
186,2024,6,4332.57
186,2024,7,4031.1
186,2024,8,3838.48
186,2024,9,3805.38
186,2024,10,4323.65
186,2024,11,3844.43
186,2024,12,4167.06
186,2025,1,4179.06
186,2025,2,4167.66
186,2025,3,4384.37
186,2025,4,3671.43
186,2025,5,3735.29
186,2025,6,3850.1
186,2025,7,3930.12
186,2025,8,3744.5
186,2025,9,4013.3
186,2025,10,4296.48
186,2025,11,3887.28
186,2025,12,3775.65
187,2023,1,1818.5
187,2023,2,2151.94
187,2023,3,1963.11
187,2023,4,1877.89
187,2023,5,2013.02
187,2023,6,1801.2
187,2023,7,2154.87
187,2023,8,1964.07
187,2023,9,2136.33
187,2023,10,1989.32
187,2023,11,2016.49
187,2023,12,1898.37
187,2024,1,1821.89
187,2024,2,2001.28
187,2024,3,2080.38
187,2024,4,2011.12
187,2024,5,2097.52
187,2024,6,1823.07
187,2024,7,2075.93
187,2024,8,2049.39
187,2024,9,1838.47
187,2024,10,1879.81
187,2024,11,1918.71
187,2024,12,1820.73
187,2025,1,1871.78
187,2025,2,2183.66
187,2025,3,1933.49
187,2025,4,1822.07
187,2025,5,1962.43
187,2025,6,2138.65
187,2025,7,2022.63
187,2025,8,2171.78
187,2025,9,1989.17
187,2025,10,1855.8
187,2025,11,1885.71
187,2025,12,2053.06
189,2023,1,2061.56
189,2023,2,2096.46
189,2023,3,1889.61
189,2023,4,1964.36
189,2023,5,2031.84
189,2023,6,1897.69
189,2023,7,2003.81
189,2023,8,2027.13
189,2023,9,1839.75
189,2023,10,1967.17
189,2023,11,1832.64
189,2023,12,1953.73
189,2024,1,2059.23
189,2024,2,2123.89
189,2024,3,1843.8
189,2024,4,2098.93
189,2024,5,1873.33
189,2024,6,1922.82
189,2024,7,2078.6
189,2024,8,1876.99
189,2024,9,1860.82
189,2024,10,2098.04
189,2024,11,2071.14
189,2024,12,1863.88
189,2025,1,1928.62
189,2025,2,1982.18
189,2025,3,2163.86
189,2025,4,1917.76
189,2025,5,1934.14
189,2025,6,1967.43
189,2025,7,1895.0
189,2025,8,2014.1
189,2025,9,1949.48
189,2025,10,1831.1
189,2025,11,2084.08
189,2025,12,1866.22
190,2023,1,1974.45
190,2023,2,2021.27
190,2023,3,2136.29
190,2023,4,2140.65
190,2023,5,2039.89
190,2023,6,2140.75
190,2023,7,2081.43
190,2023,8,1846.99
190,2023,9,1894.79
190,2023,10,1839.37
190,2023,11,1900.69
190,2023,12,1919.81
190,2024,1,1845.95
190,2024,2,1819.35
190,2024,3,2173.81
190,2024,4,2151.61
190,2024,5,1966.77
190,2024,6,2047.96
190,2024,7,1808.22
190,2024,8,1888.78
190,2024,9,2138.27
190,2024,10,1958.26
190,2024,11,2091.94
190,2024,12,1905.92
190,2025,1,2177.34
190,2025,2,2079.59
190,2025,3,2012.28
190,2025,4,1821.58
190,2025,5,1926.45
190,2025,6,1891.73
190,2025,7,2165.81
190,2025,8,1890.4
190,2025,9,1800.67
190,2025,10,1885.07
190,2025,11,2161.28
190,2025,12,2073.61
191,2023,1,2071.57
191,2023,2,1824.04
191,2023,3,2087.03
191,2023,4,1983.83
191,2023,5,1972.33
191,2023,6,2184.87
191,2023,7,2091.21
191,2023,8,1921.19
191,2023,9,2025.69
191,2023,10,1834.75
191,2023,11,2010.41
191,2023,12,2092.84
191,2024,1,2154.56
191,2024,2,2101.57
191,2024,3,2024.38
191,2024,4,2103.05
191,2024,5,1919.69
191,2024,6,2018.69
191,2024,7,1912.9
191,2024,8,2196.98
191,2024,9,2152.58
191,2024,10,1932.48
191,2024,11,1956.39
191,2024,12,1858.14
191,2025,1,2100.31
191,2025,2,2009.6
191,2025,3,1932.22
191,2025,4,2074.25
191,2025,5,1808.59
191,2025,6,1971.93
191,2025,7,1926.61
191,2025,8,1802.72
191,2025,9,1860.39
191,2025,10,1861.66
191,2025,11,1934.28
191,2025,12,1938.2
192,2023,1,792.84
192,2023,2,844.5
192,2023,3,850.37
192,2023,4,722.14
192,2023,5,776.11
192,2023,6,817.85
192,2023,7,795.22
192,2023,8,737.42
192,2023,9,806.69
192,2023,10,839.63
192,2023,11,738.38
192,2023,12,826.2
192,2024,1,739.86
192,2024,2,753.49
192,2024,3,766.88
192,2024,4,868.54
192,2024,5,747.14
192,2024,6,878.0
192,2024,7,831.11
192,2024,8,777.45
192,2024,9,828.23
192,2024,10,753.23
192,2024,11,795.81
192,2024,12,822.51
192,2025,1,797.39
192,2025,2,829.49
192,2025,3,847.36
192,2025,4,862.26
192,2025,5,847.03
192,2025,6,861.35
192,2025,7,767.56
192,2025,8,866.26
192,2025,9,789.62
192,2025,10,874.63
192,2025,11,838.6
192,2025,12,817.07
193,2023,1,2089.58
193,2023,2,1803.3
193,2023,3,1877.87
193,2023,4,1850.32
193,2023,5,1950.19
193,2023,6,2157.83
193,2023,7,1830.31
193,2023,8,2123.95
193,2023,9,2135.84
193,2023,10,2080.93
193,2023,11,2120.7
193,2023,12,1986.63
193,2024,1,1845.35
193,2024,2,1853.04
193,2024,3,1860.96
193,2024,4,2149.7
193,2024,5,2021.01
193,2024,6,1918.81
193,2024,7,1913.71
193,2024,8,1911.9
193,2024,9,2154.19
193,2024,10,1952.52
193,2024,11,2141.14
193,2024,12,2116.27
193,2025,1,1817.43
193,2025,2,2174.98
193,2025,3,1994.87
193,2025,4,2038.65
193,2025,5,2087.49
193,2025,6,2133.93
193,2025,7,2112.78
193,2025,8,1941.25
193,2025,9,1877.01
193,2025,10,1914.35
193,2025,11,1995.47
193,2025,12,1959.01
194,2023,1,2130.02
194,2023,2,1890.36
194,2023,3,2129.68
194,2023,4,1872.01
194,2023,5,1857.05
194,2023,6,1990.98
194,2023,7,2010.81
194,2023,8,2039.54
194,2023,9,1903.35
194,2023,10,2009.97
194,2023,11,2055.37
194,2023,12,1879.99
194,2024,1,1886.8
194,2024,2,1961.0
194,2024,3,2177.38
194,2024,4,2175.64
194,2024,5,2003.36
194,2024,6,2028.98
194,2024,7,1820.41
194,2024,8,1801.87
194,2024,9,2129.35
194,2024,10,2180.11
194,2024,11,1811.54
194,2024,12,2174.15
194,2025,1,2023.0
194,2025,2,2123.39
194,2025,3,1962.85
194,2025,4,2064.04
194,2025,5,1833.52
194,2025,6,2064.81
194,2025,7,1923.95
194,2025,8,1876.44
194,2025,9,1883.45
194,2025,10,2198.1
194,2025,11,2080.27
194,2025,12,1824.45
195,2023,1,1959.94
195,2023,2,2068.26
195,2023,3,2054.78
195,2023,4,2169.54
195,2023,5,2044.03
195,2023,6,2063.88
195,2023,7,1912.33
195,2023,8,1802.8
195,2023,9,2117.01
195,2023,10,2111.62
195,2023,11,2098.56
195,2023,12,2087.57
195,2024,1,1942.46
195,2024,2,1939.77
195,2024,3,2077.03
195,2024,4,2169.45
195,2024,5,1822.31
195,2024,6,1905.31
195,2024,7,1934.83
195,2024,8,1822.59
195,2024,9,2119.08
195,2024,10,2065.29
195,2024,11,2060.64
195,2024,12,1887.33
195,2025,1,2101.35
195,2025,2,1811.91
195,2025,3,1853.73
195,2025,4,2121.76
195,2025,5,1801.38
195,2025,6,2068.63
195,2025,7,1976.34
195,2025,8,1991.81
195,2025,9,2063.8
195,2025,10,1973.43
195,2025,11,1949.29
195,2025,12,1814.36
196,2023,1,766.1
196,2023,2,768.95
196,2023,3,856.61
196,2023,4,869.95
196,2023,5,842.25
196,2023,6,747.65
196,2023,7,851.39
196,2023,8,841.69
196,2023,9,750.91
196,2023,10,816.36
196,2023,11,870.61
196,2023,12,773.58
196,2024,1,834.67
196,2024,2,759.26
196,2024,3,802.61
196,2024,4,868.22
196,2024,5,748.63
196,2024,6,813.5
196,2024,7,872.09
196,2024,8,736.67
196,2024,9,846.08
196,2024,10,833.36
196,2024,11,821.45
196,2024,12,740.84
196,2025,1,857.4
196,2025,2,745.75
196,2025,3,756.69
196,2025,4,829.52
196,2025,5,763.87
196,2025,6,721.11
196,2025,7,836.09
196,2025,8,782.97
196,2025,9,786.75
196,2025,10,802.21
196,2025,11,843.93
196,2025,12,790.78
197,2023,1,823.44
197,2023,2,758.69
197,2023,3,730.0
197,2023,4,874.0
197,2023,5,734.93
197,2023,6,848.29
197,2023,7,777.19
197,2023,8,772.46
197,2023,9,725.02
197,2023,10,808.77
197,2023,11,843.39
197,2023,12,735.38
197,2024,1,834.74
197,2024,2,828.66
197,2024,3,804.83
197,2024,4,802.18
197,2024,5,839.89
197,2024,6,777.74
197,2024,7,827.51
197,2024,8,738.45
197,2024,9,861.06
197,2024,10,788.15
197,2024,11,835.5
197,2024,12,747.23
197,2025,1,725.24
197,2025,2,858.74
197,2025,3,819.15
197,2025,4,839.94
197,2025,5,794.07
197,2025,6,863.77
197,2025,7,793.46
197,2025,8,863.85
197,2025,9,867.49
197,2025,10,864.43
197,2025,11,837.31
197,2025,12,850.74
198,2023,1,2003.14
198,2023,2,1944.99
198,2023,3,1856.77
198,2023,4,2147.92
198,2023,5,2025.89
198,2023,6,1964.26
198,2023,7,1814.51
198,2023,8,2011.85
198,2023,9,2029.39
198,2023,10,1971.28
198,2023,11,1974.37
198,2023,12,1950.82
198,2024,1,2141.01
198,2024,2,2139.17
198,2024,3,2105.91
198,2024,4,1844.2
198,2024,5,1905.81
198,2024,6,2184.89
198,2024,7,2042.35
198,2024,8,1858.14
198,2024,9,1934.37
198,2024,10,1916.9
198,2024,11,1941.9
198,2024,12,2028.26
198,2025,1,2146.3
198,2025,2,2024.79
198,2025,3,2046.71
198,2025,4,1862.43
198,2025,5,1971.91
198,2025,6,1995.75
198,2025,7,1852.08
198,2025,8,2081.2
198,2025,9,1898.38
198,2025,10,1812.4
198,2025,11,2118.24
198,2025,12,2019.05
199,2023,1,814.26
199,2023,2,877.26
199,2023,3,793.31
199,2023,4,787.98
199,2023,5,758.26
199,2023,6,822.31
199,2023,7,792.98
199,2023,8,816.77
199,2023,9,771.95
199,2023,10,741.38
199,2023,11,840.36
199,2023,12,781.21
199,2024,1,808.25
199,2024,2,847.48
199,2024,3,799.03
199,2024,4,831.23
199,2024,5,731.63
199,2024,6,754.61
199,2024,7,733.3
199,2024,8,756.26
199,2024,9,842.67
199,2024,10,810.61
199,2024,11,785.36
199,2024,12,760.79
199,2025,1,820.8
199,2025,2,752.1
199,2025,3,788.84
199,2025,4,862.14
199,2025,5,802.21
199,2025,6,840.11
199,2025,7,834.69
199,2025,8,818.61
199,2025,9,732.4
199,2025,10,813.06
199,2025,11,842.58
199,2025,12,722.72
200,2023,1,1879.19
200,2023,2,1832.53
200,2023,3,2076.14
200,2023,4,1813.16
200,2023,5,2191.9
200,2023,6,2195.74
200,2023,7,2108.79
200,2023,8,2116.75
200,2023,9,1942.24
200,2023,10,2169.19
200,2023,11,1814.17
200,2023,12,1989.36
200,2024,1,2111.9
200,2024,2,2145.82
200,2024,3,1855.27
200,2024,4,2130.43
200,2024,5,2142.59
200,2024,6,1971.75
200,2024,7,2060.74
200,2024,8,1908.45
200,2024,9,2010.6
200,2024,10,2191.25
200,2024,11,2115.26
200,2024,12,1906.21
200,2025,1,2041.37
200,2025,2,2085.02
200,2025,3,2116.89
200,2025,4,2180.09
200,2025,5,2115.24
200,2025,6,2019.43
200,2025,7,1812.82
200,2025,8,1912.26
200,2025,9,2105.46
200,2025,10,2070.43
200,2025,11,2109.38
200,2025,12,1957.19
